timestamp,supply_temp_c,return_temp_c,pump1_flow_m3h,pump2_flow_m3h,pump3_flow_m3h,chiller1_power_kw,chiller2_power_kw,AHU-03_FAULT,CHILLER-02_FAULT,PUMP-03_FAULT,cop_chiller1,cop_chiller2
2024-03-01 00:00:00,7.0298,11.6674,39.221,37.634,39.426,148.5,135.7,False,False,False,2.1082367379423865,2.3070976830099075
2024-03-01 00:05:00,7.081799999999999,11.619800000000001,39.916000000000004,38.041000000000004,39.704,149.1,133.5,False,False,False,2.0790415485878246,2.3219857295464017
2024-03-01 00:10:00,7.0892,11.7352,39.650999999999996,38.544,40.959,147.8,141.5,False,False,False,2.1744888391971133,2.271303536631331
2024-03-01 00:15:00,7.098000000000001,11.7088,40.025,38.771,40.315999999999995,143.2,138.8,False,False,False,2.226550597579143,2.297132893179634
2024-03-01 00:20:00,7.027299999999999,11.644200000000001,40.781,38.949,41.534000000000006,148.3,140.7,False,False,False,2.1917196031767445,2.3101067317065476
2024-03-01 00:25:00,7.012600000000001,11.804599999999999,40.141999999999996,39.198,41.589999999999996,150.7,144.0,False,False,False,2.2324482238442815,2.3363190787037027
2024-03-01 00:30:00,7.2114,11.859,40.589999999999996,39.711,41.783,151.9,147.3,False,False,False,2.1685702959841997,2.2362921110658514
2024-03-01 00:35:00,7.051,11.8356,40.551,40.065000000000005,41.9055,152.5,144.6,False,False,False,2.2316798014590162,2.3536042166147992
2024-03-01 00:40:00,7.237,11.9398,41.826,40.403,41.97,155.4,147.6,False,False,False,2.1820634733805235,2.2973757707542912
2024-03-01 00:45:00,7.0946,11.9292,41.94,40.601,43.179500000000004,157.2,145.1,False,False,False,2.244697851705188,2.431884922729535
2024-03-01 00:50:00,7.152299999999999,11.8462,41.396,40.076499999999996,43.0535,162.1,146.8,False,False,False,2.0934116732229757,2.311594224996215
2024-03-01 00:55:00,7.2154,12.1079,41.925,40.715999999999994,42.29,159.5,155.6,False,False,False,2.2247650253831415,2.280527130775136
2024-03-01 01:00:00,6.968500000000001,12.1842,42.722,41.015,43.511,162.2,151.0,False,False,False,2.375508036415947,2.551704658984547
2024-03-01 01:05:00,7.0926,12.0964,41.789,41.413,43.760000000000005,164.4,150.4,False,False,False,2.243446256089483,2.452277689502068
2024-03-01 01:10:00,7.299200000000001,11.7999,42.54600000000001,41.711,42.7735,159.5,152.4,False,False,False,2.0809956428448264,2.1779449149196184
2024-03-01 01:15:00,7.1472999999999995,11.988000000000001,43.1305,41.667,43.369,169.4,154.7,False,False,False,2.1262438590277783,2.328285130700101
2024-03-01 01:20:00,6.9632000000000005,12.0368,43.333,41.754000000000005,45.187,165.8,154.3,False,False,False,2.3143723491757133,2.4868628353424063
2024-03-01 01:25:00,7.243399999999999,12.154599999999999,43.654,41.931,44.568,170.5,154.1,False,False,False,2.1765126986379926,2.408146756117961
2024-03-01 01:30:00,7.054399999999999,12.0928,44.174,42.829,44.868,174.8,152.3,False,False,False,2.2067051057971017,2.532712097789451
2024-03-01 01:35:00,7.057900000000001,12.0722,44.283,42.858999999999995,45.12,158.5,162.6,False,False,False,2.429181237984577,2.367928820544622
2024-03-01 01:40:00,7.2642,12.1824,44.605000000000004,43.009,45.739999999999995,172.2,156.3,False,False,False,2.211173753794038,2.436110815120494
2024-03-01 01:45:00,7.219800000000001,12.279599999999999,44.888999999999996,43.063,45.3425,179.5,160.0,False,False,False,2.1813477842757645,2.447199545484373
2024-03-01 01:50:00,7.1914,12.148399999999999,45.11,43.524,45.354,179.6,162.6,False,False,False,2.146951711271962,2.3714177573459065
2024-03-01 01:55:00,7.253,12.2966,45.230000000000004,44.074,45.832,177.2,161.8,False,False,False,2.2330156334085776,2.445552350061804
2024-03-01 02:00:00,7.204000000000001,12.342400000000001,45.911,43.948,46.531,173.7,165.2,False,False,False,2.3423641109192106,2.462885266747378
2024-03-01 02:05:00,7.319599999999999,12.293700000000001,45.259,44.083,46.972500000000004,176.4,166.7,False,False,False,2.231525076846341,2.361373866560855
2024-03-01 02:10:00,7.1408000000000005,12.2958,44.886,44.774,46.870999999999995,174.6,162.9,False,False,False,2.340235088853888,2.508318272031239
2024-03-01 02:15:00,7.1531,12.2324,45.951,45.054500000000004,46.763999999999996,180.5,166.8,False,False,False,2.2507306534649123,2.4355928234437445
2024-03-01 02:20:00,7.106400000000001,12.401399999999999,46.738,45.062,47.5945,178.8,165.8,False,False,False,2.39655761243941,2.5844662310263358
2024-03-01 02:25:00,7.2188,12.414,46.839,45.233999999999995,47.394999999999996,190.4,169.9,False,False,False,2.2092948777777774,2.4758666552612643
2024-03-01 02:30:00,7.2022,12.3412,47.085,45.564,47.501999999999995,185.8,174.4,False,False,False,2.2504682708557584,2.3975745683772933
2024-03-01 02:35:00,7.345999999999999,12.4246,47.208000000000006,45.682,47.972500000000004,185.6,173.8,False,False,False,2.2377172703020234,2.389645140207454
2024-03-01 02:40:00,7.405799999999999,12.333400000000001,47.495999999999995,45.937,48.484,185.7,183.1,False,False,False,2.186259703865255,2.2173043528551495
2024-03-01 02:45:00,7.3604,12.421000000000001,47.955,46.327999999999996,48.153,185.7,166.1,False,False,False,2.2534797599832466,2.519393085062546
2024-03-01 02:50:00,7.3048,12.4426,47.116,46.428,49.313,187.1,174.8,False,False,False,2.277449301790486,2.4377046016304345
2024-03-01 02:55:00,7.456799999999999,12.554,48.431,47.12,49.658,192.8,175.1,False,False,False,2.2287531234612725,2.4540468429659246
2024-03-01 03:00:00,7.3894,12.473600000000001,48.077,47.077999999999996,49.15,185.5,177.9,False,False,False,2.2961691453878412,2.3942629368715265
2024-03-01 03:05:00,7.2794,12.4132,49.831,47.205,50.081,192.8,184.8,False,False,False,2.2742518760287003,2.3727043381944446
2024-03-01 03:10:00,7.339,12.807400000000001,49.204499999999996,47.466,49.495999999999995,192.4,184.4,False,False,False,2.4118308171257796,2.5164655597342733
2024-03-01 03:15:00,7.4452,12.860800000000001,49.063,47.91,50.494,192.4,180.5,False,False,False,2.4097952414934163,2.56866816877193
2024-03-01 03:20:00,7.377599999999999,12.6196,49.472,47.963,50.92100000000001,197.2,180.7,False,False,False,2.2894913478701833,2.4985483884892092
2024-03-01 03:25:00,7.4878,12.868,50.007,48.119,51.013999999999996,200.1,186.2,False,False,False,2.3280336616691657,2.5018235
2024-03-01 03:30:00,7.259399999999999,12.6834,49.577,48.516,50.349000000000004,194.0,188.2,False,False,False,2.4094534116838497,2.483708617782502
2024-03-01 03:35:00,7.353999999999999,12.8756,50.119,48.707,50.839999999999996,193.3,188.6,False,False,False,2.481989986641375,2.5438423351950044
2024-03-01 03:40:00,7.344800000000001,12.667,50.355000000000004,48.286,50.924,203.7,186.7,False,False,False,2.2686835513418417,2.4752589148812705
2024-03-01 03:45:00,7.3904,12.7148,50.885000000000005,48.873000000000005,52.076,197.3,188.0,False,False,False,2.3787916661936137,2.496465934787234
2024-03-01 03:50:00,7.3668000000000005,12.867,51.467999999999996,49.3725,51.956500000000005,203.6,188.9,False,False,False,2.3964000547724296,2.582885395191459
2024-03-01 03:55:00,7.442,12.657599999999999,51.21,49.816,51.513999999999996,200.4,196.8,False,False,False,2.3048044662896423,2.3469655235998186
2024-03-01 04:00:00,7.5074,12.7988,51.1,49.483,52.309000000000005,203.4,187.2,False,False,False,2.3091289784660765,2.5089574477564103
2024-03-01 04:05:00,7.359399999999999,12.894200000000001,51.674,49.435,52.547000000000004,210.4,195.5,False,False,False,2.3466564060414035,2.5255064339187276
2024-03-01 04:10:00,7.4348,12.872399999999999,51.831,49.75,53.2675,208.7,191.2,False,False,False,2.3422626650748013,2.5566434006334258
2024-03-01 04:15:00,7.480199999999999,12.7926,51.428999999999995,50.315,52.973,208.8,203.2,False,False,False,2.285294080954661,2.348274626492782
2024-03-01 04:20:00,7.399800000000001,12.840800000000002,52.635000000000005,50.419,53.503,213.6,199.9,False,False,False,2.315227932961403,2.473900382594075
2024-03-01 04:25:00,7.3292,12.875,52.727999999999994,50.392,53.07000000000001,211.8,194.9,False,False,False,2.3742981706798862,2.5801762573114417
2024-03-01 04:30:00,7.4592,12.934000000000001,53.013,51.575,53.6635,209.8,202.5,False,False,False,2.3974767006911346,2.4839042558271607
2024-03-01 04:35:00,7.4794,13.118,52.477,51.146,53.172000000000004,222.6,198.9,False,False,False,2.305802585392333,2.5805513097452653
2024-03-01 04:40:00,7.4556,13.0018,52.496,51.1875,53.964999999999996,215.2,202.2,False,False,False,2.358777017971654,2.510429348503956
2024-03-01 04:45:00,7.2916,12.937199999999999,52.962,51.675,54.112,219.1,205.3,False,False,False,2.374775230356508,2.5344045444282073
2024-03-01 04:50:00,7.5242,12.899600000000001,53.894000000000005,51.774,53.54,221.5,200.7,False,False,False,2.2430849860647104,2.475552189403754
2024-03-01 04:55:00,7.4358,12.9922,52.839999999999996,51.913,54.19199999999999,219.4,198.0,False,False,False,2.336939855945508,2.5895182040123457
2024-03-01 05:00:00,7.486,13.145600000000002,53.177,52.251,54.979,220.2,206.3,False,False,False,2.393511536920981,2.5547806128453705
2024-03-01 05:05:00,7.545399999999999,13.037,53.912,51.825,54.766,214.3,206.7,False,False,False,2.387831433519988,2.475627848105145
2024-03-01 05:10:00,7.518000000000001,13.026599999999998,54.512,52.821000000000005,55.419000000000004,222.1,209.8,False,False,False,2.3434883491520324,2.4808806594216697
2024-03-01 05:15:00,7.4159999999999995,13.008,54.85,52.39,55.273,222.0,219.2,False,False,False,2.3765452135135128,2.406902542883211
2024-03-01 05:20:00,7.4286,13.086000000000002,54.504,53.0515,55.594500000000004,213.4,211.0,False,False,False,2.5110382860824747,2.53959985900474
2024-03-01 05:25:00,7.3995999999999995,13.0178,54.674,52.723,55.595000000000006,226.2,206.1,False,False,False,2.3502532882601437,2.5794628520351504
2024-03-01 05:30:00,7.481399999999999,13.3,54.702,53.596500000000006,56.65,226.9,209.7,False,False,False,2.455704819779884,2.657126483586341
2024-03-01 05:35:00,7.5280000000000005,12.974799999999998,54.235,53.21,55.788,227.2,213.4,False,False,False,2.2718771813820413,2.418793325257731
2024-03-01 05:40:00,7.4816,13.046199999999999,55.272000000000006,53.069,56.047000000000004,220.9,217.0,False,False,False,2.404097808752074,2.447305096559139
2024-03-01 05:45:00,7.501399999999999,12.9874,55.976,53.617999999999995,56.564,229.3,204.4,False,False,False,2.307898952027911,2.589047112035225
2024-03-01 05:50:00,7.565600000000001,12.9986,55.741,53.372,56.449,229.5,211.6,False,False,False,2.275419442193173,2.4679053023787016
2024-03-01 05:55:00,7.5245999999999995,13.2476,55.528999999999996,54.072500000000005,56.568,224.7,217.2,False,False,False,2.4570600570699206,2.541903291084766
2024-03-01 06:00:00,7.509399999999999,13.1564,55.697,53.504999999999995,57.117,235.4,217.5,False,False,False,2.3163115870976116,2.5069413682886337
2024-03-01 06:05:00,7.3852,13.267900000000001,55.326,53.7,56.498000000000005,223.6,208.6,False,False,False,2.52818971468396,2.7099866740332375
2024-03-01 06:10:00,7.65,13.0728,55.645,54.188,57.097500000000004,232.0,215.9,False,False,False,2.265244486573276,2.434167303774896
2024-03-01 06:15:00,7.5372,13.317400000000001,55.647000000000006,54.415,56.557,229.4,225.0,False,False,False,2.437349232953115,2.4850129512864205
2024-03-01 06:20:00,7.3942,13.2576,56.379999999999995,54.141,57.222,236.8,220.8,False,False,False,2.411326482683465,2.5860602857764694
2024-03-01 06:25:00,7.567400000000001,13.178,55.646,54.89,57.423,230.8,221.5,False,False,False,2.3703941600303287,2.469918610090293
2024-03-01 06:30:00,7.5116,13.068700000000002,56.501999999999995,54.592,57.815999999999995,231.1,216.4,False,False,False,2.3580196169166796,2.51819932287174
2024-03-01 06:35:00,7.509600000000001,13.0636,56.701,54.443000000000005,57.2965,218.9,217.2,False,False,False,2.481135148380792,2.500554714459279
2024-03-01 06:40:00,7.5084,13.2636,57.25599999999999,55.089,57.769000000000005,229.7,215.9,False,False,False,2.4744761209693804,2.6326408753435233
2024-03-01 06:45:00,7.5304,13.1816,56.541,54.708000000000006,57.836,230.4,220.8,False,False,False,2.407726041280863,2.5124097822061175
2024-03-01 06:50:00,7.531999999999999,13.241399999999999,56.44199999999999,54.713,58.141999999999996,236.2,224.0,False,False,False,2.3757657938917114,2.505160180880456
2024-03-01 06:55:00,7.498399999999999,13.2666,55.876,55.022000000000006,56.7,246.2,219.8,False,False,False,2.279632703452478,2.553437541355778
2024-03-01 07:00:00,7.438,13.0304,56.714999999999996,55.247,57.5375,235.4,221.7,False,False,False,2.337781811033229,2.482245549468751
2024-03-01 07:05:00,7.4712000000000005,13.157599999999999,56.436,54.994499999999995,58.413,232.0,220.9,False,False,False,2.416807930862068,2.53825006772295
2024-03-01 07:10:00,7.542,13.1314,55.962,55.1505,58.011,242.3,227.3,False,False,False,2.2649546957181173,2.4144237693466777
2024-03-01 07:15:00,7.497,13.341999999999999,57.419000000000004,54.367,58.737,231.1,218.5,False,False,False,2.5038673663998265,2.648255141304347
2024-03-01 07:20:00,7.5122,13.374799999999999,56.948,54.801,58.738,240.1,226.5,False,False,False,2.4167579598292375,2.5618701375496684
2024-03-01 07:25:00,7.453799999999999,13.1804,56.951,55.21,57.538,243.2,224.0,False,False,False,2.3198309955295144,2.5186736522891873
2024-03-01 07:30:00,7.4677999999999995,13.163599999999999,56.779999999999994,55.176,56.503,239.0,222.8,False,False,False,2.3307453903974893,2.5002161054982044
2024-03-01 07:35:00,7.4482,13.362799999999998,56.847,55.037,58.29299999999999,234.9,223.1,False,False,False,2.4876370180904392,2.619210827205039
2024-03-01 07:40:00,7.494,13.116800000000001,56.634,55.303999999999995,58.628,234.3,224.9,False,False,False,2.3763838799165358,2.4757080616471514
2024-03-01 07:45:00,7.510599999999999,13.0582,56.736000000000004,54.952999999999996,59.205999999999996,237.5,226.0,False,False,False,2.3174729159999994,2.43539742278761
2024-03-01 07:50:00,7.3709999999999996,13.1284,56.597,55.687,58.077999999999996,228.7,224.3,False,False,False,2.4898704679735704,2.538713223475504
2024-03-01 07:55:00,7.501,13.1758,57.342,55.126,58.528,240.6,221.6,False,False,False,2.3414488439456904,2.5422048368832724
2024-03-01 08:00:00,7.472799999999999,13.2186,57.515,54.934000000000005,57.633,241.2,226.3,False,False,False,2.3522059323797686,2.507079411798498
2024-03-01 08:05:00,7.3096000000000005,13.1166,56.598,55.539,59.041,240.8,215.0,False,False,False,2.3965532139857877,2.6841395996640824
2024-03-01 08:10:00,7.330800000000001,13.085399999999998,56.824,55.553999999999995,58.751999999999995,241.1,219.7,False,False,False,2.371307455205308,2.6022859692762847
2024-03-01 08:15:00,7.272799999999999,13.391,57.576,55.871,59.11900000000001,246.5,229.1,False,False,False,2.4865990528600412,2.675454677127892
2024-03-01 08:20:00,7.4685999999999995,13.2214,57.479,54.722,58.044000000000004,234.1,222.0,False,False,False,2.4288238184536524,2.561205657207207
2024-03-01 08:25:00,7.318600000000001,13.2316,56.532,55.016,58.674,241.5,223.5,False,False,False,2.4196370068322977,2.6145071013422814
2024-03-01 08:30:00,7.3879,13.2382,56.614,55.220000000000006,58.122,234.2,232.0,False,False,False,2.4647423811699407,2.488114938232759
2024-03-01 08:35:00,7.3416,13.1351,56.211,54.783,57.819,240.1,224.8,False,False,False,2.364822367294877,2.5257733558162805
2024-03-01 08:40:00,7.436400000000001,13.1852,56.80649999999999,54.852999999999994,58.306999999999995,248.3,223.3,False,False,False,2.2845864520606782,2.5403619169129708
2024-03-01 08:45:00,7.3542000000000005,13.157599999999999,56.839999999999996,54.975,57.9405,244.2,218.9,False,False,False,2.342094883045544,2.6127892665131194
2024-03-01 08:50:00,7.388,13.0404,57.048,55.312,57.5595,235.2,225.6,False,False,False,2.3707326293957864,2.471614868944543
2024-03-01 08:55:00,7.3264,13.102,56.936,55.157000000000004,58.26800000000001,231.2,221.5,False,False,False,2.4707183684688587,2.5789168703837477
2024-03-01 09:00:00,7.359399999999999,13.0752,56.989,54.301,58.455,240.6,221.3,False,False,False,2.341111924344233,2.5452848124592062
2024-03-01 09:05:00,7.3915999999999995,13.143199999999998,55.928,54.836,57.908,241.3,221.3,False,False,False,2.3340928755905503,2.5450366510619062
2024-03-01 09:10:00,7.368,13.1136,55.504,54.148,57.79600000000001,239.3,221.3,False,False,False,2.3340837723359797,2.5239324298237684
2024-03-01 09:15:00,7.323600000000001,13.0504,56.497,54.605,56.597,230.8,226.0,False,False,False,2.41574155520412,2.4670493404473937
2024-03-01 09:20:00,7.3452,12.980799999999999,55.989999999999995,54.29299999999999,58.084,230.3,228.8,False,False,False,2.391921824513918,2.4076031301816228
2024-03-01 09:25:00,7.3536,13.0412,55.564,53.653999999999996,56.705,235.9,223.6,False,False,False,2.322477319170081,2.450234345224607
2024-03-01 09:30:00,7.385599999999999,13.0568,55.839999999999996,54.047000000000004,56.709,237.7,225.3,False,False,False,2.307566028102651,2.434569218286729
2024-03-01 09:35:00,7.337999999999999,12.956999999999999,56.008,53.818000000000005,56.515,239.2,225.5,False,False,False,2.268511316785117,2.406332181707317
2024-03-01 09:40:00,7.3062,13.0368,56.355,53.372,56.859,240.1,218.9,False,False,False,2.3082892070942664,2.531842113400335
2024-03-01 09:45:00,7.2146,13.084299999999999,56.097,54.665,57.221000000000004,232.6,217.4,False,False,False,2.4610209629776914,2.6330886660009707
2024-03-01 09:50:00,7.3696,12.6732,54.849000000000004,53.926,56.4885,230.3,226.5,False,False,False,2.2095180586602017,2.246587235803287
2024-03-01 09:55:00,7.3298000000000005,12.8612,55.672000000000004,53.802,55.674,232.7,226.0,False,False,False,2.279060142587022,2.346625199911504
2024-03-01 10:00:00,7.3113,12.8464,55.199,53.991,56.395,234.8,213.2,False,False,False,2.2661682815339286,2.495761315685584
2024-03-01 10:05:00,7.1781999999999995,12.778,54.778,53.968,56.178999999999995,236.7,221.5,False,False,False,2.2651894819391636,2.420633636004515
2024-03-01 10:10:00,7.2306,12.9018,54.839,53.153,55.628,237.2,214.6,False,False,False,2.2711219376053964,2.510298805219012
2024-03-01 10:15:00,7.2097999999999995,12.8198,55.022000000000006,53.242999999999995,56.193,237.5,219.3,False,False,False,2.2552673733333335,2.442435025839793
2024-03-01 10:20:00,7.2616,12.7232,54.736000000000004,53.275,56.033,233.5,220.5,False,False,False,2.2275996487461334,2.358932054341144
2024-03-01 10:25:00,7.1414,12.770599999999998,54.943000000000005,52.895,55.201,230.9,221.3,False,False,False,2.307586737996246,2.4076899132550076
2024-03-01 10:30:00,7.1816,12.7138,54.70399999999999,51.964999999999996,55.928,230.0,216.3,False,False,False,2.2705253235579703,2.4143357578286326
2024-03-01 10:35:00,7.2216000000000005,12.6584,54.54600000000001,52.510000000000005,55.459,232.8,215.3,False,False,False,2.2034216825124093,2.3825200542911698
2024-03-01 10:40:00,7.215000000000001,12.6616,53.658,52.099000000000004,54.564,232.5,216.6,False,False,False,2.1804027592281954,2.340460025487329
2024-03-01 10:45:00,7.2059,12.5542,54.364,52.148,54.79600000000001,232.2,213.9,False,False,False,2.157015353952531,2.341556639494052
2024-03-01 10:50:00,7.075,12.7606,53.754,52.157,54.349000000000004,230.9,214.5,False,False,False,2.290979975747076,2.4661411487179485
2024-03-01 10:55:00,7.1096,12.8,53.925,51.77,54.291,219.5,207.7,False,False,False,2.407875549096431,2.5446734859252125
2024-03-01 11:00:00,7.1176,12.6202,53.367,51.717999999999996,54.791,223.9,207.7,False,False,False,2.281082063153193,2.4589998745305723
2024-03-01 11:05:00,7.112,12.5814,53.658,51.663,54.735,219.6,214.8,False,False,False,2.3143183295081964,2.366034940223463
2024-03-01 11:10:00,7.132599999999999,12.55,52.57899999999999,51.271,54.763999999999996,226.8,207.7,False,False,False,2.199546542136978,2.401815867870326
2024-03-01 11:15:00,7.0164,12.4685,53.084,50.795,53.385000000000005,224.4,212.6,False,False,False,2.2182682507625273,2.341389442479356
2024-03-01 11:20:00,7.1638,12.529599999999999,51.302,50.691,53.31,224.1,207.1,False,False,False,2.1588191161758137,2.3360278316513754
2024-03-01 11:25:00,7.0694,12.5191,51.9145,50.193,53.28099999999999,221.1,207.2,False,False,False,2.223548018318131,2.3727146083500905
2024-03-01 11:30:00,7.0398,12.581199999999999,52.21900000000001,50.596000000000004,51.952,222.3,207.2,False,False,False,2.2397636257834757,2.4029896429134494
2024-03-01 11:35:00,7.037000000000001,12.4736,51.027,50.04,52.471000000000004,220.3,203.0,False,False,False,2.1997460581177175,2.387212101494252
2024-03-01 11:40:00,6.976000000000001,12.5216,52.047000000000004,50.132,52.08,226.6,199.6,False,False,False,2.1917092094929873,2.4881829001558664
2024-03-01 11:45:00,7.893600000000001,12.3914,51.33200000000001,50.017,51.48199999999999,210.9,206.1,False,False,False,1.8922512486986989,1.936321146776107
2024-03-01 11:50:00,7.034999999999999,12.4134,50.708,49.388999999999996,53.124,215.6,207.7,False,False,False,2.219046584693878,2.303449415792008
2024-03-01 11:55:00,7.122400000000001,12.273,50.876999999999995,49.056,51.364,213.0,204.6,False,False,False,2.1239892878690654,2.2111911941158895
2024-03-01 12:00:00,6.9464,12.3072,50.914,49.053999999999995,51.3235,212.4,203.5,False,False,False,2.216835189092906,2.313787686306306
2024-03-01 12:05:00,6.910200000000001,12.2838,50.025999999999996,49.1005,51.754,211.4,200.2,False,False,False,2.226574609129611,2.3511382236263727
2024-03-01 12:10:00,6.919200000000001,12.2286,49.756,49.024,50.89,220.5,200.2,False,False,False,2.092258763945578,2.3044108763736264
2024-03-01 12:15:00,6.9758,12.2622,49.932,48.773,50.741,209.3,204.2,False,False,False,2.1913859543664067,2.246116945391229
2024-03-01 12:20:00,6.8988,12.3146,50.583,47.723,50.463,208.7,196.9,False,False,False,2.241281456527179,2.3755989841402854
2024-03-01 12:25:00,6.825999999999999,12.3328,49.732,47.931,50.347,208.5,197.2,False,False,False,2.2694890329336537,2.3995358182893853
2024-03-01 12:30:00,7.009399999999999,12.3686,49.493,48.138,50.237,200.0,191.8,False,False,False,2.300318399866667,2.3986636077858883
2024-03-01 12:35:00,6.8713999999999995,12.1622,49.619,47.807,49.0245,204.2,196.2,False,False,False,2.2029277373571663,2.2927514983095483
2024-03-01 12:40:00,6.9075999999999995,12.016200000000001,49.198,47.261,50.039,207.9,193.3,False,False,False,2.089887415226338,2.2477371630913376
2024-03-01 12:45:00,6.8322,12.1274,48.836,46.739999999999995,48.891,209.8,189.4,False,False,False,2.1168462901917158,2.344848741722397
2024-03-01 12:50:00,6.744400000000001,12.1136,48.39,46.691,48.58,201.3,191.7,False,False,False,2.2245822985428045,2.335985480942444
2024-03-01 12:55:00,6.808,12.11,47.689,46.2575,49.797000000000004,201.0,190.0,False,False,False,2.201281920024875,2.3287245574999997
2024-03-01 13:00:00,6.840000000000001,11.984,48.06,46.402,49.587,196.7,190.2,False,False,False,2.187009316274078,2.2617493822876504
2024-03-01 13:05:00,6.937600000000001,11.940000000000001,46.83,46.124,48.234,188.1,185.6,False,False,False,2.179872997530865,2.2092355109674338
2024-03-01 13:10:00,6.772799999999999,11.885200000000001,46.791999999999994,46.033,47.859,192.1,185.1,False,False,False,2.1736316769969353,2.2558327668887697
2024-03-01 13:15:00,6.833799999999999,11.985800000000001,46.882,45.386,48.292,194.8,190.3,False,False,False,2.158203714350902,2.209238484264612
2024-03-01 13:20:00,7.0024,11.9446,46.825,45.103,47.1105,200.9,188.7,False,False,False,1.9857256182221665,2.1141085145778127
2024-03-01 13:25:00,6.722800000000001,11.9608,46.4875,45.305,47.907,187.0,185.9,False,False,False,2.2717603985294113,2.285202767751479
2024-03-01 13:30:00,6.7432,11.8291,45.632,45.533,46.878,191.9,180.5,False,False,False,2.1239829017326732,2.258129190263158
2024-03-01 13:35:00,6.731199999999999,11.7226,46.08,44.5,46.562,190.5,176.7,False,False,False,2.0861313935433072,2.249055067741936
2024-03-01 13:40:00,6.8462000000000005,11.744399999999999,45.57,44.152,46.576,186.2,177.5,False,False,False,2.081565617800453,2.183591650898278
2024-03-01 13:45:00,6.7844,11.8294,45.513,43.775,46.29,194.3,173.4,False,False,False,2.0437199217990503,2.2900506390170445
2024-03-01 13:50:00,6.8058,11.745999999999999,45.3365,43.652,46.013,188.2,176.2,False,False,False,2.0573457868800915,2.1974601423997346
2024-03-01 13:55:00,6.7226,11.7512,45.158,43.858,45.795,185.0,176.2,False,False,False,2.127377091162162,2.233625209222474
2024-03-01 14:00:00,6.832599999999999,11.7506,44.224000000000004,43.898,46.536,183.5,175.6,False,False,False,2.0952140659400555,2.189474835421413
2024-03-01 14:05:00,6.6342,11.636199999999999,44.483,42.94,44.049,188.5,168.3,False,False,False,2.0253933877984083,2.2684887320261433
2024-03-01 14:10:00,6.7494,11.52,44.751,43.012,46.226,181.8,173.6,False,False,False,2.041230534020902,2.1376481053283407
2024-03-01 14:15:00,6.7064,11.5686,44.419,42.158,44.363,181.0,172.1,False,False,False,2.042068781645181,2.1476725710504225
2024-03-01 14:20:00,6.6866,11.7194,43.565,42.638999999999996,44.977999999999994,180.0,167.4,False,False,False,2.129389951333333,2.2896666143369178
2024-03-01 14:25:00,6.757,11.6722,43.302,42.044,43.8215,168.0,168.0,False,False,False,2.193961244444445,2.193961244444445
2024-03-01 14:30:00,6.680400000000001,11.5158,43.659,41.275999999999996,44.317,183.0,164.2,False,False,False,1.98272450284153,2.209735590864799
2024-03-01 14:35:00,6.757900000000001,11.4796,42.537,41.219,44.2795,178.4,166.3,False,False,False,1.9673323220781942,2.110475563792843
2024-03-01 14:40:00,6.6208,11.5442,42.44,41.452999999999996,43.515,173.8,167.5,False,False,False,2.0953464129395214,2.174156457127695
2024-03-01 14:45:00,6.7602,11.616800000000001,41.843,41.239,42.565,170.5,164.8,False,False,False,2.077800570573477,2.149666245647923
2024-03-01 14:50:00,6.729000000000001,11.5548,41.354,40.456,42.879000000000005,167.8,161.5,False,False,False,2.0818493051549454,2.1630607641176463
2024-03-01 14:55:00,6.527200000000001,11.3874,42.076,40.542,42.601,168.8,164.3,False,False,False,2.0931276529456286,2.1504561644383573
2024-03-01 15:00:00,6.736,11.4646,41.789,40.588,42.0195,168.2,161.2,False,False,False,2.030292138807967,2.1184561895006206
2024-03-01 15:05:00,6.625400000000001,11.406,41.226,39.757999999999996,42.3015,164.8,156.5,False,False,False,2.0762564086384168,2.1863709657738726
2024-03-01 15:10:00,6.604000000000001,11.396600000000001,41.074,39.997,41.7225,173.1,154.6,False,False,False,1.973755163567944,2.2099419069444446
2024-03-01 15:15:00,6.576599999999999,11.280199999999999,40.804,38.852,40.6265,157.6,157.0,False,False,False,2.0841088603884654,2.092073607625619
2024-03-01 15:20:00,6.695400000000001,11.2252,40.289,39.318,41.041,166.8,152.6,False,False,False,1.9021593370903267,2.079162368457841
2024-03-01 15:25:00,6.6288,11.3724,39.973,39.152,41.912,164.0,145.9,False,False,False,2.032479381077236,2.2846238416495317
2024-03-01 15:30:00,6.5927999999999995,11.328399999999998,40.099000000000004,38.56,40.505,160.7,158.5,False,False,False,2.0386749814284726,2.0669720474167543
2024-03-01 15:35:00,6.6372,11.228399999999999,39.668,38.518,40.505,154.5,147.0,False,False,False,2.047666862869471,2.1521396619954642
2024-03-01 15:40:00,6.6208,11.354800000000001,39.793,38.190999999999995,40.467,155.7,153.1,False,False,False,2.0908465372511245,2.1263540551926847
2024-03-01 15:45:00,6.6792,11.3083,39.189,37.565999999999995,40.031,157.3,151.7,False,False,False,1.995273383721833,2.068928828341756
2024-03-01 15:50:00,6.628,11.1993,39.223,38.592,40.33,148.9,149.0,False,False,False,2.1057371436180126,2.1043238972129
2024-03-01 15:55:00,6.590000000000001,11.2512,39.096000000000004,37.795,40.271,160.0,149.8,False,False,False,1.9815649741249999,2.1164912941255003
2024-03-01 16:00:00,6.625400000000001,11.208400000000001,37.84,37.844,39.171499999999995,147.1,144.9,False,False,False,2.0774604597873703,2.109002302517061
2024-03-01 16:05:00,6.627800000000001,11.1124,37.861000000000004,37.13,38.794,153.7,143.9,False,False,False,1.9274301326357257,2.05869361630376
2024-03-01 16:10:00,6.494800000000001,10.9222,38.8685,37.307,38.676,147.0,138.7,False,False,False,2.008222751320861,2.1283975807077624
2024-03-01 16:15:00,6.7278,11.190999999999999,37.92,37.019,39.074,152.5,145.7,False,False,False,1.9372009055446253,2.0276124783497282
2024-03-01 16:20:00,6.4318,11.097,37.597,36.471000000000004,38.968,150.2,142.0,False,False,False,2.038266188874094,2.15596888428795
2024-03-01 16:25:00,6.518800000000001,10.866200000000001,38.21,36.738,38.745,146.6,143.2,False,False,False,1.957370967367743,2.0038448590510556
2024-03-01 16:30:00,6.5316,11.0668,37.251999999999995,36.3945,38.104,143.8,139.7,False,False,False,2.0461186703832484,2.1061693972878395
2024-03-01 16:35:00,6.5558,11.0848,37.323,36.075,38.63,145.9,136.0,False,False,False,2.018912034650826,2.165876954820261
2024-03-01 16:40:00,6.521600000000001,11.0818,37.551,35.730000000000004,37.181,145.5,135.7,False,False,False,2.0099145053760967,2.155066768844673
2024-03-01 16:45:00,7.3146,11.1052,37.010000000000005,35.563,37.577,143.4,139.3,False,False,False,1.6903906963815276,1.7401437606684211
2024-03-01 16:50:00,6.651000000000001,11.0166,36.614999999999995,35.187,37.554,144.6,134.3,False,False,False,1.9167348951590593,2.0637369012658224
2024-03-01 16:55:00,6.4408,10.8898,36.813,35.132999999999996,37.6125,137.4,133.2,False,False,False,2.05951773407933,2.124457482451201
2024-03-01 17:00:00,6.5816,11.1618,37.381,35.077,36.9585,135.2,124.7,False,False,False,2.151960793468524,2.3331603791254563
2024-03-01 17:05:00,6.578799999999999,11.0364,36.284499999999994,34.723,37.494,140.4,131.2,False,False,False,1.9999241029123145,2.1401626832994585
2024-03-01 17:10:00,6.501399999999999,11.046800000000001,36.376999999999995,34.832,37.152,139.6,131.8,False,False,False,2.0483467582895583,2.169569100585905
2024-03-01 17:15:00,6.5232,10.7978,35.454,34.837,36.318,140.6,133.6,False,False,False,1.8816888683933937,1.980280351018796
2024-03-01 17:20:00,6.3842,10.9404,35.88,34.584,36.657,135.8,130.3,False,False,False,2.086514529982818,2.1745869007802505
2024-03-01 17:25:00,6.51,10.9286,35.908,34.589999999999996,36.282,131.3,128.5,False,False,False,2.0861890617754075,2.131646877907479
2024-03-01 17:30:00,6.433400000000001,10.8818,35.451,34.219,35.488,133.0,121.8,False,False,False,2.0419179838095234,2.229680557033388
2024-03-01 17:35:00,6.5378,10.968,35.438,33.755,35.564499999999995,138.5,127.4,False,False,False,1.9453711469815487,2.1148658073543523
2024-03-01 17:40:00,6.621599999999999,10.844800000000001,34.506,34.125,36.393,131.6,125.2,False,False,False,1.9566723144883496,2.0566939024494153
2024-03-01 17:45:00,6.559,10.7972,34.858999999999995,33.445,35.167,135.1,121.1,False,False,False,1.8844669703470682,2.1023244235663823
2024-03-01 17:50:00,6.3688,10.9348,35.051,33.741,36.222500000000004,141.2,125.5,False,False,False,1.9714885753659108,2.21812101069057
2024-03-01 17:55:00,6.562600000000001,10.8706,34.003,33.553000000000004,35.548,128.8,120.7,False,False,False,2.0020694161490677,2.136425358740679
2024-03-01 18:00:00,6.529000000000001,11.0032,34.338,33.393,34.980000000000004,131.6,122.5,False,False,False,2.027310394414893,2.177910595142856
2024-03-01 18:05:00,6.3932,10.6956,33.396,33.208,35.073,131.8,122.4,False,False,False,1.9269120106895967,2.0748938154320986
2024-03-01 18:10:00,6.5286,10.936399999999999,34.097,33.068,35.201499999999996,127.8,120.3,False,False,False,2.0497111647604758,2.1774986438602557
2024-03-01 18:15:00,6.5812,10.9732,34.019999999999996,32.983,34.908,129.1,120.8,False,False,False,2.0128014546862896,2.1510982433774832
2024-03-01 18:20:00,6.5068,10.895599999999998,33.645,33.168,34.785000000000004,121.8,114.7,False,False,False,2.1253352536398458,2.256894802906131
2024-03-01 18:25:00,6.403499999999999,10.7544,34.277,31.951999999999998,34.2,127.3,117.4,False,False,False,1.9927536886815922,2.160796802122374
2024-03-01 18:30:00,6.552,10.746,34.4155,32.594,34.9485,132.7,117.4,False,False,False,1.870779474755087,2.114586339863714
2024-03-01 18:35:00,6.5226,10.84,33.739,32.697,33.92,122.6,120.2,False,False,False,2.051724030940729,2.092690234553522
2024-03-01 18:40:00,6.513800000000001,10.8276,33.606,32.855000000000004,33.9345,123.6,118.8,False,False,False,2.034227718246584,2.116418737165638
2024-03-01 18:45:00,6.545,10.8206,33.784000000000006,32.085,34.536,116.2,117.7,False,False,False,2.1448161255020084,2.1174820202492213
2024-03-01 18:50:00,7.4596,10.7486,33.048,32.335,33.858,123.6,118.4,False,False,False,1.5331347231436534,1.6004683427411786
2024-03-01 18:55:00,6.526000000000001,10.700999999999999,33.763,32.577,34.403,123.2,118.2,False,False,False,1.982003590029761,2.065844689438803
2024-03-01 19:00:00,6.425400000000001,10.7644,33.699,32.345,33.612,134.8,115.6,False,False,False,1.8622886427629406,2.1715960990003844
2024-03-01 19:05:00,6.635599999999999,10.752799999999999,33.011,32.831,33.5935,128.8,115.7,False,False,False,1.8453185534290888,2.0542526333765485
2024-03-01 19:10:00,6.4458,10.706199999999999,33.013999999999996,31.659,34.226,128.8,114.6,False,False,False,1.8991978005607306,2.13452597480124
2024-03-01 19:15:00,6.4522,10.8146,33.174,31.578000000000003,33.888999999999996,118.9,116.7,False,False,False,2.10109109348659,2.140700351461487
2024-03-01 19:20:00,6.5006,10.8738,32.892,32.17100000000001,33.846999999999994,123.1,110.4,False,False,False,2.0399770129975625,2.274648281702898
2024-03-01 19:25:00,6.5682,10.7866,33.241,32.108999999999995,34.187,126.1,113.5,False,False,False,1.9331297490351569,2.1477326991483108
2024-03-01 19:30:00,6.5409999999999995,10.860000000000001,33.318,31.976,33.829,127.3,117.3,False,False,False,1.952418991293533,2.1188656231173635
2024-03-01 19:35:00,6.5616,10.824,33.275,31.631999999999998,33.269999999999996,119.0,115.8,False,False,False,2.041553589243697,2.097969577892918
2024-03-01 19:40:00,6.4684,10.8774,33.027,32.618,33.944,119.0,111.5,False,False,False,2.1421421874183006,2.2862324690832088
2024-03-01 19:45:00,6.5764,10.9774,33.489,32.255,32.335,120.8,116.3,False,False,False,2.074456100786424,2.1547231038263113
2024-03-01 19:50:00,6.5144,10.756,32.598,32.003499999999995,32.4425,117.4,119.2,False,False,False,2.035513972969903,2.004776345861297
2024-03-01 19:55:00,6.606399999999999,10.6858,32.358,31.769,33.215999999999994,118.9,113.0,False,False,False,1.938933654513597,2.040170013466077
2024-03-01 20:00:00,6.541200000000001,10.750399999999999,32.796,31.618000000000002,32.989,125.9,111.0,False,False,False,1.8905577594298817,2.1443353325425414
2024-03-01 20:05:00,6.5102,10.9446,32.048,32.308,32.887,120.2,106.9,False,False,False,2.082727885764466,2.3418511867997083
2024-03-01 20:10:00,6.5834,11.0168,33.206,32.364,33.755,112.3,113.2,False,False,False,2.2764573586375776,2.258358316033568
2024-03-01 20:15:00,6.5760000000000005,10.9616,33.144,32.160000000000004,32.658,120.0,115.0,False,False,False,2.078496036222222,2.168865429101449
2024-03-01 20:20:00,6.6482,10.872800000000002,32.846,32.1305,33.725,124.9,108.7,False,False,False,1.9381647671937554,2.2270172899954006
2024-03-01 20:25:00,6.643800000000001,10.8606,33.099000000000004,31.952999999999996,33.730000000000004,118.0,116.1,False,False,False,2.0493804839548018,2.0829190103933386
2024-03-01 20:30:00,6.6616,10.7942,33.052,32.231,33.794,122.0,108.3,False,False,False,1.9484092106511839,2.1948838753411306
2024-03-01 20:35:00,6.7166,10.9176,33.3715,32.150999999999996,33.958,119.7,107.0,False,False,False,2.0269371188271603,2.267517505828141
2024-03-01 20:40:00,6.623600000000001,10.9818,33.138,31.569,33.798,122.8,118.1,False,False,False,2.029601850773615,2.110373473962743
2024-03-01 20:45:00,6.633799999999999,10.9762,33.412,32.108,33.038,118.0,109.3,False,False,False,2.1056369155555563,2.273240219904443
2024-03-01 20:50:00,6.5468,10.9874,33.582,32.209,33.809000000000005,120.2,117.3,False,False,False,2.136192129783693,2.1890050639386183
2024-03-01 20:55:00,6.6274,10.8128,33.589999999999996,32.765,33.792,120.3,106.4,False,False,False,2.0228005921354018,2.287057436408729
2024-03-01 21:00:00,6.6404,10.932599999999999,33.230000000000004,32.463,34.702999999999996,124.1,116.3,False,False,False,2.0158971179335663,2.151099160236935
2024-03-01 21:05:00,6.6318,11.0626,33.427,32.588,34.38,119.5,115.6,False,False,False,2.161076352719665,2.2339846379757784
2024-03-01 21:10:00,6.6484,11.0432,33.492000000000004,32.648,34.333,121.0,116.1,False,False,False,2.1185899160606065,2.208004994343957
2024-03-01 21:15:00,6.7812,10.907399999999999,33.517,32.899,34.48350000000001,125.8,118.0,False,False,False,1.921332075430577,2.0483353821115813
2024-03-01 21:20:00,6.687,10.9118,34.034,33.018,34.338499999999996,125.2,117.9,False,False,False,1.9862910041622286,2.1092759433512382
2024-03-01 21:25:00,6.8591999999999995,11.0218,33.714,33.036,34.669,119.8,114.7,False,False,False,2.045836728913931,2.136802442230941
2024-03-01 21:30:00,6.8118,10.9886,34.102,32.385000000000005,34.435,119.3,113.6,False,False,False,2.0513174305299433,2.154244449491393
2024-03-01 21:35:00,6.7724,11.1074,34.688,32.964999999999996,34.666,120.9,117.7,False,False,False,2.129917948373311,2.187825658099688
2024-03-01 21:40:00,6.721000000000001,10.935599999999999,34.713,33.034000000000006,34.844,122.7,117.7,False,False,False,2.045807886837815,2.132715613551401
2024-03-01 21:45:00,6.7825999999999995,11.292399999999999,33.851,33.614,35.332499999999996,127.3,116.0,False,False,False,2.1142445358623543,2.320201115648946
2024-03-01 21:50:00,6.7042,11.0608,34.733,33.641,35.443,123.3,118.6,False,False,False,2.129594275925926,2.2139879782602585
2024-03-01 21:55:00,6.697799999999999,11.185599999999999,34.527,33.568,36.039,132.9,116.3,False,False,False,2.041478683362595,2.332867730171014
2024-03-01 22:00:00,6.8708,10.976,34.927,34.132,35.823,121.5,121.4,False,False,False,2.0573244526200276,2.0590191185612303
2024-03-01 22:05:00,6.8,11.266,34.89,34.107,36.472,126.7,122.7,False,False,False,2.158294566912216,2.228654617993299
2024-03-01 22:10:00,6.7384,11.2136,35.028,34.339,35.628499999999995,122.8,120.4,False,False,False,2.2214091357763293,2.265689716555924
2024-03-01 22:15:00,6.8828000000000005,11.1898,35.625,34.410000000000004,36.561,128.6,120.5,False,False,False,2.0726148079315703,2.2119358033195016
2024-03-01 22:20:00,6.8031999999999995,11.2034,35.675,33.947,35.448,130.2,123.3,False,False,False,2.061502899940263,2.1768668091826617
2024-03-01 22:25:00,6.877,11.1868,35.434000000000005,34.313,36.313,126.4,116.6,False,False,False,2.0994495888713085,2.275904185534592
2024-03-01 22:30:00,6.9054,11.225800000000001,35.6395,34.414,36.459999999999994,128.5,122.8,False,False,False,2.079070761102465,2.175574859948426
2024-03-01 22:35:00,6.666200000000001,11.1052,35.982,35.068,36.779999999999994,128.2,121.3,False,False,False,2.1676068280897893,2.2909084531006676
2024-03-01 22:40:00,6.7658000000000005,11.1228,35.754000000000005,35.469,36.646,137.3,129.2,False,False,False,1.9872726733228125,2.1118617495915033
2024-03-01 22:45:00,6.7488,11.300799999999999,35.391,35.064,37.013,133.9,128.1,False,False,False,2.1210193391419785,2.2170530016480168
2024-03-01 22:50:00,6.8604,11.230599999999999,36.793,35.267,36.739,130.6,120.7,False,False,False,2.1136195862727574,2.286981921849396
2024-03-01 22:55:00,6.961799999999999,11.388200000000001,36.472,35.339999999999996,36.19,131.4,125.6,False,False,False,2.112179752984949,2.209716716100496
2024-03-01 23:00:00,6.751,11.271799999999999,36.492000000000004,35.908,37.652,140.2,122.9,False,False,False,2.060198209985734,2.3502017008950356
2024-03-01 23:05:00,6.911199999999999,11.465399999999999,37.027,36.07899999999999,38.507,130.6,132.6,False,False,False,2.2595787868257613,2.22549765881934
2024-03-01 23:10:00,6.9826,11.506,37.507,35.975,37.455,139.6,123.6,False,False,False,2.08689105762894,2.357038767354369
2024-03-01 23:15:00,6.7804,11.3526,37.291,36.313,38.505,134.7,129.5,False,False,False,2.2092348611771024,2.297945450197341
2024-03-01 23:20:00,6.840999999999999,11.407,37.58,36.564499999999995,38.558,136.8,126.7,False,False,False,2.1838718229166667,2.3579610526835046
2024-03-01 23:25:00,6.867,11.450399999999998,37.8705,37.13,38.707,136.9,136.8,False,False,False,2.2101268910701233,2.211742480902777
2024-03-01 23:30:00,7.0244,11.4542,37.696,36.933,39.35,141.5,133.4,False,False,False,2.0715542286572437,2.1973382560344823
2024-03-01 23:35:00,6.927200000000001,11.498000000000001,38.644999999999996,37.136,39.161,139.6,135.8,False,False,False,2.184888784670487,2.2460270569955814
2024-03-01 23:40:00,6.9030000000000005,11.3886,38.528,36.86,39.0795,143.5,135.5,False,False,False,2.0772780170731706,2.1999217376383764
2024-03-01 23:45:00,6.865,11.523399999999999,39.386,37.825,38.9645,146.0,138.0,False,False,False,2.1519999502054787,2.2767535705072457
2024-03-01 23:50:00,7.059399999999999,11.539,39.531,37.2505,39.452999999999996,145.4,137.6,False,False,False,2.0789960613594682,2.1968461287911825
2024-03-01 23:55:00,6.9786,11.5896,39.471000000000004,37.492000000000004,39.774,152.5,136.8,False,False,False,2.049168126830602,2.2843431238425933
2024-03-02 00:00:00,6.9641,11.6216,39.846,38.596,40.576,147.0,133.1,False,False,False,2.1892328801020406,2.4178605061983474
2024-03-02 00:05:00,7.0578,11.652000000000001,39.737,38.2645,40.327,149.7,139.4,False,False,False,2.1082457895847253,2.264020048069106
2024-03-02 00:10:00,7.0996,11.6838,40.092,38.777,40.562,154.3,139.0,False,False,False,2.0599585646971983,2.2867022052717823
2024-03-02 00:15:00,7.078,11.6816,40.17,38.896,41.051,148.8,136.9,False,False,False,2.1574607943324366,2.344997561699537
2024-03-02 00:20:00,7.0098,11.6458,40.129,38.68,40.455,154.0,134.9,False,False,False,2.0843750349206345,2.3794941095461652
2024-03-02 00:25:00,6.9318,12.0106,40.537,39.662,41.542,145.7,143.6,False,False,False,2.4636681513993746,2.499696724644073
2024-03-02 00:30:00,7.1129999999999995,11.7394,41.106,39.07,41.202,150.1,138.7,False,False,False,2.1719321277074544,2.350447097108067
2024-03-02 00:35:00,7.044,11.793000000000001,41.892,39.842,41.352999999999994,149.2,142.4,False,False,False,2.274517688170242,2.3831322968750004
2024-03-02 00:40:00,7.1164000000000005,11.8932,41.156,39.954,41.945,145.5,147.9,False,False,False,2.3454010484154257,2.3073418021936742
2024-03-02 00:45:00,7.026599999999999,12.016200000000001,41.410000000000004,40.1625,42.363,149.3,150.4,False,False,False,2.4046143353650375,2.3870273954122347
2024-03-02 00:50:00,7.1992,11.9852,41.736000000000004,40.705,42.4085,157.3,149.2,False,False,False,2.2053349714452213,2.3250616019325294
2024-03-02 00:55:00,7.1806,11.758199999999999,42.572,41.184,41.7885,155.7,146.6,False,False,False,2.142844736473274,2.27585897318478
2024-03-02 01:00:00,7.1958,11.808,42.432,40.553,43.604,156.4,154.2,False,False,False,2.1672606072783456,2.1981813163316035
2024-03-02 01:05:00,7.1617999999999995,12.056999999999999,42.863,40.714999999999996,43.97,158.6,154.8,False,False,False,2.2855182612862546,2.3416227147286817
2024-03-02 01:10:00,7.1434,11.9452,43.0805,41.597,43.989999999999995,166.0,153.0,False,False,False,2.160770426932731,2.3443652998093683
2024-03-02 01:15:00,7.2217,11.9688,43.323,41.85,44.189,169.0,155.3,False,False,False,2.109561459431295,2.295659282961293
2024-03-02 01:20:00,7.0813999999999995,11.977599999999999,43.601,42.038,44.196999999999996,161.7,155.5,False,False,False,2.282380468783068,2.3733821337763477
2024-03-02 01:25:00,7.2158,12.1526,44.0095,42.215999999999994,44.229,173.3,152.8,False,False,False,2.157495112848624,2.4469496273342055
2024-03-02 01:30:00,7.1992,12.1624,43.154,42.432,45.240500000000004,171.4,155.2,False,False,False,2.1993303468689227,2.4288996227663233
2024-03-02 01:35:00,7.2256,12.0628,44.338,42.869,44.443,165.8,160.9,False,False,False,2.2298423874145543,2.297749333954836
2024-03-02 01:40:00,7.1232,12.1366,44.6875,43.334,45.517,167.3,161.5,False,False,False,2.323200511773593,2.406634338202614
2024-03-02 01:45:00,7.2368,12.2904,45.207,43.329,45.5905,165.2,166.0,False,False,False,2.382040812543718,2.370561097784471
2024-03-02 01:50:00,7.31,12.1274,45.424,44.171,45.17100000000001,174.8,159.6,False,False,False,2.1562315858695653,2.3615869750000007
2024-03-02 01:55:00,7.354900000000001,12.2012,45.251,43.602999999999994,45.551,172.5,167.7,False,False,False,2.1922011733252806,2.2549475396458614
2024-03-02 02:00:00,7.268800000000001,12.3088,45.183499999999995,44.464999999999996,46.631,172.3,166.9,False,False,False,2.31429957632037,2.389178052726182
2024-03-02 02:05:00,7.372199999999999,12.3896,45.3865,44.269999999999996,46.327,176.8,172.4,False,False,False,2.240404648945764,2.2975843499629414
2024-03-02 02:10:00,7.2006,12.2038,46.605000000000004,44.611000000000004,46.572500000000005,177.1,167.8,False,False,False,2.259883547412008,2.3851333506952717
2024-03-02 02:15:00,7.2379999999999995,12.2356,46.525999999999996,44.983,47.237,175.6,168.5,False,False,False,2.2924572103011895,2.3890533301417736
2024-03-02 02:20:00,7.3086,12.3674,46.815,44.385000000000005,47.293,180.2,171.7,False,False,False,2.2571703227216675,2.3689114278068986
2024-03-02 02:25:00,7.201600000000001,12.3612,47.114,45.2745,47.505,195.4,176.1,False,False,False,2.1445333083617646,2.379567339317938
2024-03-02 02:30:00,7.2501999999999995,12.4744,47.376999999999995,45.974000000000004,48.364,187.9,175.0,False,False,False,2.287455326813908,2.456073462333333
2024-03-02 02:35:00,7.2116,12.3974,47.352999999999994,45.603500000000004,48.945,176.5,176.9,False,False,False,2.4204818213456085,2.4150087137789704
2024-03-02 02:40:00,7.3432,12.5191,46.86,46.608999999999995,49.043,186.2,179.2,False,False,False,2.2998601102040817,2.3896983957589284
2024-03-02 02:45:00,7.2982,12.526,47.761,45.802,48.136,183.9,178.2,False,False,False,2.3385561707721587,2.4133584725308643
2024-03-02 02:50:00,7.327,12.639199999999999,48.102,46.172000000000004,49.17,191.5,183.3,False,False,False,2.310105487542791,2.4134489954415956
2024-03-02 02:55:00,7.289,12.418800000000001,48.113,47.113,49.08,191.8,179.2,False,False,False,2.240680860114703,2.398228733091518
2024-03-02 03:00:00,7.502599999999999,12.5452,48.58,47.3695,50.397000000000006,195.0,180.8,False,False,False,2.1970808251866094,2.3696391643329027
2024-03-02 03:05:00,7.3476,12.525,49.275,47.558,50.332,194.2,187.1,False,False,False,2.2777749576467565,2.364211099812935
2024-03-02 03:10:00,7.3588,12.659600000000001,48.902,47.087,49.845,198.9,187.6,False,False,False,2.256364242846769,2.392275308647241
2024-03-02 03:15:00,7.4428,12.575399999999998,48.852999999999994,47.972,49.632999999999996,196.4,179.5,False,False,False,2.2220448508882087,2.4312513020303297
2024-03-02 03:20:00,7.3336,12.6584,49.044,47.962,51.195,192.6,185.6,False,False,False,2.378712402261452,2.4684267708812264
2024-03-02 03:25:00,7.339799999999999,12.6348,50.275999999999996,48.838,51.033,196.1,185.4,False,False,False,2.353687578403876,2.4895260740291265
2024-03-02 03:30:00,7.481399999999999,12.897200000000002,49.69,48.269999999999996,50.343,197.4,191.2,False,False,False,2.3621593488489254,2.438756566227918
2024-03-02 03:35:00,7.340999999999999,12.6988,49.843,49.125,51.568999999999996,202.6,186.9,False,False,False,2.3111817479351764,2.505325961111111
2024-03-02 03:40:00,7.375100000000001,12.6682,50.858,49.422000000000004,51.120999999999995,199.4,191.0,False,False,False,2.333229582050317,2.4358428202137867
2024-03-02 03:45:00,7.4982,12.8442,50.824,49.215999999999994,52.121,199.5,187.8,False,False,False,2.367190414285715,2.514667133386582
2024-03-02 03:50:00,7.3706000000000005,12.8088,51.528,49.248000000000005,52.9365,202.6,190.4,False,False,False,2.395348488503619,2.5488319525779057
2024-03-02 03:55:00,7.323600000000001,12.8172,51.055,49.175,51.71900000000001,202.7,189.0,False,False,False,2.3908091941785883,2.5641112362962954
2024-03-02 04:00:00,7.498900000000001,12.9866,50.962,50.031,51.565,213.5,197.4,False,False,False,2.276518867413478,2.4621923920606767
2024-03-02 04:05:00,7.3294,12.7744,51.06,50.0075,51.9505,205.0,195.1,False,False,False,2.359556220731707,2.4792876742696053
2024-03-02 04:10:00,7.4468000000000005,12.817000000000002,52.407000000000004,50.4445,53.132000000000005,200.7,201.9,False,False,False,2.4230676197932244,2.4086660291852406
2024-03-02 04:15:00,7.412999999999999,12.775400000000001,51.9975,50.373000000000005,53.708000000000006,212.7,194.4,False,False,False,2.28443383763778,2.4994808501314596
2024-03-02 04:20:00,7.3322,12.907999999999998,52.4945,50.8775,53.806000000000004,213.3,198.1,False,False,False,2.385348704375682,2.568373945700823
2024-03-02 04:25:00,7.366,12.892599999999998,51.577999999999996,50.782,53.483000000000004,206.2,201.0,False,False,False,2.424936982355318,2.4876716704560526
2024-03-02 04:30:00,7.564400000000001,12.7196,52.354,51.44,53.154999999999994,215.5,196.9,False,False,False,2.179719364825985,2.3856247999999987
2024-03-02 04:35:00,7.461799999999999,12.8282,52.888999999999996,50.713,54.2395,209.7,210.8,False,False,False,2.345036437641075,2.332799530234029
2024-03-02 04:40:00,7.5114,12.965,52.628,51.346500000000006,54.521,215.2,204.9,False,False,False,2.331856042043577,2.4490747693888615
2024-03-02 04:45:00,7.510599999999999,13.091999999999999,52.851,51.94199999999999,54.013999999999996,217.5,200.9,False,False,False,2.3659050634508296,2.561395476856921
2024-03-02 04:50:00,7.4836,12.8496,53.104,51.903,54.584,215.6,206.2,False,False,False,2.3059723375850343,2.4110942579211123
2024-03-02 04:55:00,7.5292,13.0362,53.914,52.52,53.757000000000005,211.9,201.7,False,False,False,2.4169408255073144,2.5391658945215663
2024-03-02 05:00:00,7.4652,12.9464,53.873000000000005,51.674,55.020500000000006,212.0,207.4,False,False,False,2.4101341644261005,2.463589406260045
2024-03-02 05:05:00,7.504599999999999,13.1568,53.54,52.589,55.551,215.2,212.2,False,False,False,2.4653315838496495,2.5001854705204742
2024-03-02 05:10:00,7.5742,13.148,54.455999999999996,52.65,54.979,225.3,202.8,False,False,False,2.3279668954603725,2.5862472462880763
2024-03-02 05:15:00,7.4918000000000005,13.0832,53.944,52.471000000000004,54.911,220.7,203.8,False,False,False,2.3728286644464585,2.5695941425089956
2024-03-02 05:20:00,7.5312,13.122,53.749,53.181,54.944,223.4,212.1,False,False,False,2.3518611145031336,2.47716064582744
2024-03-02 05:25:00,7.5764,13.169,54.722,52.63099999999999,55.1315,224.4,211.6,False,False,False,2.3509675216911767,2.493181057974953
2024-03-02 05:30:00,7.493600000000001,13.291999999999998,54.69500000000001,53.373000000000005,56.105,227.7,210.3,False,False,False,2.427116712399355,2.627933787034394
2024-03-02 05:35:00,7.5142,12.986799999999999,54.797000000000004,53.124,56.3235,223.1,214.6,False,False,False,2.3389921086246828,2.431636250858186
2024-03-02 05:40:00,7.522,13.0654,54.896,53.145,56.168000000000006,226.7,204.6,False,False,False,2.33112434023673,2.582922228405018
2024-03-02 05:45:00,7.3492999999999995,13.446000000000002,55.129999999999995,53.135000000000005,55.900999999999996,228.8,212.7,False,False,False,2.5396028568108977,2.731834196701145
2024-03-02 05:50:00,7.4684,13.2202,55.315999999999995,54.015,57.0505,234.5,218.0,False,False,False,2.36924378518479,2.548567282687309
2024-03-02 05:55:00,7.574,13.0559,55.477,54.076,57.496,226.6,215.3,False,False,False,2.3461667137135924,2.4693050502902922
2024-03-02 06:00:00,7.4994,13.137,55.267999999999994,53.65599999999999,56.899,232.8,213.2,False,False,False,2.3313089760309276,2.545631940056285
2024-03-02 06:05:00,7.433400000000001,13.094999999999999,55.258,54.342,55.9695,221.5,216.9,False,False,False,2.4569118481414587,2.5090178624404476
2024-03-02 06:10:00,7.5408,13.178999999999998,55.1885,53.395500000000006,56.879999999999995,230.4,220.2,False,False,False,2.3507438402199066,2.4596338818649706
2024-03-02 06:15:00,7.4532,13.184800000000001,56.239,54.5,56.633,231.7,215.2,False,False,False,2.4036787900637804,2.587975723316812
2024-03-02 06:20:00,7.448400000000001,13.1514,55.644000000000005,54.636,57.254999999999995,231.6,222.5,False,False,False,2.3950476149611397,2.493002371348314
2024-03-02 06:25:00,7.4825,13.091800000000001,55.913,54.028,57.587,234.1,220.5,False,False,False,2.3304427758033137,2.474179835898212
2024-03-02 06:30:00,7.4916,13.0962,56.574,54.848,57.23,236.8,221.7,False,False,False,2.317385074521396,2.475222307833408
2024-03-02 06:35:00,7.603,13.1524,56.27,55.20700000000001,57.037,231.5,216.9,False,False,False,2.345172577926566,2.503031128584601
2024-03-02 06:40:00,7.456799999999999,13.105799999999999,56.338,54.763,57.152,236.5,218.9,False,False,False,2.3331734810077513,2.5207653186767165
2024-03-02 06:45:00,7.427200000000001,13.24,56.577,54.812,57.485,229.9,217.9,False,False,False,2.4788656242424234,2.6153795640813824
2024-03-02 06:50:00,7.419200000000001,13.240799999999998,56.948,55.2035,57.663,232.0,227.8,False,False,False,2.473847551230842,2.5194584367232453
2024-03-02 06:55:00,7.5316,13.16,56.355,54.815,58.08200000000001,236.5,227.4,False,False,False,2.338467852609819,2.432047700713378
2024-03-02 07:00:00,7.4488,13.163400000000001,56.747,55.125,57.40599999999999,231.3,228.6,False,False,False,2.4280325730076386,2.456710123082532
2024-03-02 07:05:00,7.4552000000000005,13.1624,57.034000000000006,54.759,57.278999999999996,242.0,224.5,False,False,False,2.314851849696969,2.4952968713882697
2024-03-02 07:10:00,7.489,13.4008,56.605999999999995,54.879,57.462,232.4,228.6,False,False,False,2.4950421064185315,2.5365169970764074
2024-03-02 07:15:00,7.491,13.4088,56.361000000000004,54.78150000000001,57.952,234.4,220.1,False,False,False,2.4784259256363765,2.639450417851734
2024-03-02 07:20:00,7.4616,13.203800000000001,57.146,55.410000000000004,58.4455,237.2,224.3,False,False,False,2.4032963975512938,2.5415154057029286
2024-03-02 07:25:00,7.3668000000000005,13.225399999999999,56.004999999999995,55.302,58.80499999999999,241.4,222.5,False,False,False,2.3968194341894486,2.6004144333183503
2024-03-02 07:30:00,7.509600000000001,12.9035,56.774,55.44,57.685,239.2,219.8,False,False,False,2.224212736493171,2.4205263265203207
2024-03-02 07:35:00,7.4408,13.240199999999998,56.612,54.891,58.355999999999995,237.8,227.3,False,False,False,2.4049362148560864,2.5160309366158264
2024-03-02 07:40:00,7.5732,13.155199999999999,57.15,55.315999999999995,57.5235,241.6,220.8,False,False,False,2.2801256703113495,2.4949201175145928
2024-03-02 07:45:00,7.4306,13.280000000000001,57.562,55.25599999999999,58.54,239.2,229.9,False,False,False,2.4327546730629876,2.5311653666666665
2024-03-02 07:50:00,7.4744,13.2422,57.163,55.58200000000001,58.366499999999995,233.9,221.3,False,False,False,2.449643890163175,2.589117514275493
2024-03-02 07:55:00,7.4378,13.1512,57.395,54.608000000000004,58.872,236.7,231.9,False,False,False,2.394521194491386,2.4440843757486457
2024-03-02 08:00:00,7.5744,13.147200000000002,56.678999999999995,55.61800000000001,57.784000000000006,246.6,222.4,False,False,False,2.2314130613138694,2.474219698381296
2024-03-02 08:05:00,7.4128,13.2192,56.932,54.676,58.63099999999999,245.0,225.2,False,False,False,2.342306434086168,2.548246342589304
2024-03-02 08:10:00,7.526000000000001,13.1584,57.159000000000006,54.931999999999995,57.6765,243.9,230.8,False,False,False,2.276040722552503,2.405226742766705
2024-03-02 08:15:00,7.3873999999999995,13.1684,56.652,55.108000000000004,58.269000000000005,237.4,225.2,False,False,False,2.4037485799985956,2.533969417813795
2024-03-02 08:20:00,7.308199999999999,13.146799999999999,57.315999999999995,55.599000000000004,57.29299999999999,238.7,225.6,False,False,False,2.417018964055299,2.557368912765957
2024-03-02 08:25:00,7.35,12.9446,57.135000000000005,55.224000000000004,58.419000000000004,238.7,229.9,False,False,False,2.3237656652841783,2.412713633333333
2024-03-02 08:30:00,7.4003,13.0554,56.333000000000006,55.21,57.751,249.5,228.9,False,False,False,2.2276917209374307,2.4281742436605023
2024-03-02 08:35:00,7.3252,13.3388,55.80800000000001,55.237,57.604,241.3,222.2,False,False,False,2.440083965529309,2.6498301569856992
2024-03-02 08:40:00,7.4656,13.0538,56.516999999999996,55.032000000000004,57.565999999999995,240.7,225.7,False,False,False,2.2794064140123718,2.4308955421035794
2024-03-02 08:45:00,7.3994,13.136099999999999,56.154999999999994,55.088,57.739,233.5,221.4,False,False,False,2.4102355369331425,2.5419602433328308
2024-03-02 08:50:00,7.353999999999999,13.1481,56.91799999999999,55.590999999999994,57.48,233.5,220.3,False,False,False,2.4488585815381865,2.5955900081215004
2024-03-02 08:55:00,7.3212,13.2002,56.440999999999995,55.215999999999994,58.029999999999994,241.4,237.9,False,False,False,2.399156350191015,2.434452891702863
2024-03-02 09:00:00,7.2752,12.9232,55.673,54.666999999999994,57.235,249.0,224.2,False,False,False,2.206725707273539,2.450823822975518
2024-03-02 09:05:00,7.2498000000000005,12.962,56.689,54.593999999999994,57.803999999999995,240.9,222.4,False,False,False,2.3276657111364782,2.5212889829711225
2024-03-02 09:10:00,7.3504000000000005,13.100999999999999,56.178,54.2355,57.236000000000004,245.4,220.7,False,False,False,2.2807865828160367,2.5360445284234503
2024-03-02 09:15:00,7.2812,12.991399999999999,56.07899999999999,54.177,57.013,239.3,224.8,False,False,False,2.3172231944351576,2.4666882136491695
2024-03-02 09:20:00,7.2844,13.078,55.96900000000001,54.545,57.236000000000004,237.2,223.1,False,False,False,2.3787025435637994,2.5290373972807405
2024-03-02 09:25:00,7.3420000000000005,12.9088,56.134,53.660000000000004,57.068,234.9,226.6,False,False,False,2.2957459764722574,2.379835524595469
2024-03-02 09:30:00,7.3232,13.2028,56.258500000000005,54.508,57.077999999999996,238.9,218.4,False,False,False,2.3981841674782567,2.6232884505977814
2024-03-02 09:35:00,7.216200000000001,13.0536,55.609,54.688,57.19199999999999,229.8,225.0,False,False,False,2.4700145092036543,2.5227081520666657
2024-03-02 09:40:00,7.2628,12.7896,55.83200000000001,53.782999999999994,57.08,238.0,219.8,False,False,False,2.2473108605742294,2.4333939254625414
2024-03-02 09:45:00,7.2632,12.975800000000001,56.062,54.351,57.108000000000004,240.0,220.3,False,False,False,2.314918022006945,2.5219261247465585
2024-03-02 09:50:00,7.2478,12.7912,54.937,53.388,57.003,228.0,221.6,False,False,False,2.3336276822222217,2.4010248716004807
2024-03-02 09:55:00,7.2341999999999995,13.002,55.95,53.81,56.263,234.8,229.0,False,False,False,2.3676861988287903,2.4276537968777294
2024-03-02 10:00:00,7.2356,12.875800000000002,55.975,53.720000000000006,55.78099999999999,235.7,219.6,False,False,False,2.2988663397067843,2.467407997581462
2024-03-02 10:05:00,7.2712,12.8256,55.288,53.39450000000001,56.374,237.7,219.6,False,False,False,2.239156185813116,2.4237132302722113
2024-03-02 10:10:00,7.2652,12.7704,54.109,53.14149999999999,56.821000000000005,226.5,216.0,False,False,False,2.3151643629654157,2.4277070750540126
2024-03-02 10:15:00,7.2354,12.7076,54.864999999999995,53.063,55.152,227.8,219.5,False,False,False,2.2743260728709385,2.3603256464692475
2024-03-02 10:20:00,7.228,12.7772,54.88099999999999,52.39399999999999,55.836,233.7,220.3,False,False,False,2.248530075248419,2.385299494260352
2024-03-02 10:25:00,7.3102,12.6684,54.569,52.895,55.551,231.7,213.7,False,False,False,2.188589140135712,2.3729345052383923
2024-03-02 10:30:00,7.171000000000001,12.828399999999998,54.408,51.919000000000004,55.196000000000005,232.6,219.1,False,False,False,2.2807901741401535,2.4213226586261967
2024-03-02 10:35:00,7.137600000000001,12.823599999999999,54.176,53.0655,54.492,230.7,216.4,False,False,False,2.3142114136805847,2.4671375838082756
2024-03-02 10:40:00,7.2219999999999995,12.729,54.41799999999999,52.315,55.227999999999994,226.4,212.8,False,False,False,2.287140734724675,2.433311383184522
2024-03-02 10:45:00,7.2724,12.7556,54.31699999999999,52.442499999999995,54.419500000000006,224.8,218.4,False,False,False,2.28239087578094,2.349274124888074
2024-03-02 10:50:00,7.228199999999999,12.7232,53.628,51.991,54.972500000000004,226.2,220.7,False,False,False,2.264860388207339,2.3213023099796106
2024-03-02 10:55:00,7.103399999999999,12.732,54.04299999999999,51.802,54.178999999999995,225.6,214.2,False,False,False,2.3178759980496455,2.4412363452847807
2024-03-02 11:00:00,7.9128,12.6604,52.9485,51.875,54.71,217.0,208.7,False,False,False,2.0263294946415766,2.106916628352766
2024-03-02 11:05:00,7.114199999999999,12.5696,52.19500000000001,51.907000000000004,55.056999999999995,212.1,206.3,False,False,False,2.3766264052255224,2.443443822338019
2024-03-02 11:10:00,7.0904,12.500800000000002,52.86,51.169,54.214,224.4,219.3,False,False,False,2.2150055306100223,2.2665172871358368
2024-03-02 11:15:00,7.0575,12.491,52.199,51.257000000000005,54.6465,226.3,209.6,False,False,False,2.2038277133813278,2.379418948178409
2024-03-02 11:20:00,7.12,12.6288,52.242,50.872,53.147000000000006,223.6,206.0,False,False,False,2.2350106183064997,2.425962981812298
2024-03-02 11:25:00,7.0847999999999995,12.5428,52.688,50.722,53.238,220.3,201.3,False,False,False,2.2531373865940383,2.4658031111111107
2024-03-02 11:30:00,7.051,12.3738,51.839,50.271499999999996,52.190999999999995,227.0,205.6,False,False,False,2.1005267872956432,2.3191613848059878
2024-03-02 11:35:00,6.9438,12.45,51.726,49.778,52.955,217.2,209.4,False,False,False,2.27326028842081,2.357937605754536
2024-03-02 11:40:00,7.0678,12.5582,51.004000000000005,50.025,52.3515,210.8,204.0,False,False,False,2.319248657426733,2.3965569460076246
2024-03-02 11:45:00,7.0498,12.3816,50.917,49.485,53.072,222.2,206.9,False,False,False,2.1380034090759077,2.2961061261317868
2024-03-02 11:50:00,7.003,12.3934,51.330999999999996,49.207,51.924,211.6,206.1,False,False,False,2.2548140286074356,2.3149861642568332
2024-03-02 11:55:00,7.053,12.5364,51.273,49.638,51.98,209.0,202.7,False,False,False,2.3287847483333333,2.4011643433728005
2024-03-02 12:00:00,6.9582,12.220600000000001,50.835,48.722,51.5,217.9,202.3,False,False,False,2.117928363816226,2.281248593551931
2024-03-02 12:05:00,7.134600000000001,12.4052,50.437,48.303,51.795,213.8,207.2,False,False,False,2.1544361570912587,2.223062019237988
2024-03-02 12:10:00,7.0954,12.238600000000002,50.089,49.03,50.754000000000005,209.2,195.0,False,False,False,2.1391385707775656,2.2949117384957267
2024-03-02 12:15:00,6.9688,12.334999999999999,48.962,47.884,51.327999999999996,202.9,202.0,False,False,False,2.2751005644433486,2.285237151116611
2024-03-02 12:20:00,6.9670000000000005,12.2186,49.551,48.516,50.816,211.8,197.1,False,False,False,2.143159928459762,2.3029998622413888
2024-03-02 12:25:00,6.949,12.2256,49.152,47.967,50.964999999999996,202.4,193.8,False,False,False,2.2412772725845413,2.340735397167756
2024-03-02 12:30:00,7.0104,12.416,49.349000000000004,47.807,50.165,202.9,195.0,False,False,False,2.2786115916214884,2.370924574051282
2024-03-02 12:35:00,6.914199999999999,12.283100000000001,49.591,46.995999999999995,50.018,199.6,193.0,False,False,False,2.2893771593255963,2.367666740939839
2024-03-02 12:40:00,6.873600000000001,12.2958,48.652,46.943,49.634,203.8,191.2,False,False,False,2.2432025258177943,2.3910286336907247
2024-03-02 12:45:00,6.795400000000001,12.172799999999999,47.599000000000004,47.22,48.817,205.8,191.1,False,False,False,2.178883750642478,2.346490192999592
2024-03-02 12:50:00,6.8984,11.956199999999999,47.968,46.864,49.35,200.3,187.4,False,False,False,2.1136619708825646,2.259159513168504
2024-03-02 12:55:00,6.928400000000001,12.186,47.632,46.725,49.5855,199.1,189.3,False,False,False,2.206729538367096,2.320971215472207
2024-03-02 13:00:00,6.7994,12.0532,48.397000000000006,46.392,49.123000000000005,192.5,190.7,False,False,False,2.280255943873016,2.30177907286605
2024-03-02 13:05:00,6.937,12.0262,48.638999999999996,46.099000000000004,48.481,198.6,189.9,False,False,False,2.1306626688653907,2.228275966491135
2024-03-02 13:10:00,6.9002,12.1736,47.735,46.119,48.265,196.7,182.9,False,False,False,2.211985538205389,2.3788822053854566
2024-03-02 13:15:00,6.8748000000000005,12.0342,46.408,45.815,48.483999999999995,194.3,184.8,False,False,False,2.1691315323125746,2.2806399173611105
2024-03-02 13:20:00,6.6705,11.831,46.190999999999995,45.173,47.555,190.9,178.8,False,False,False,2.1801746608972117,2.3277144449959604
2024-03-02 13:25:00,6.7094,11.875200000000001,46.195,44.626999999999995,47.174,188.0,184.0,False,False,False,2.2013546836761235,2.2492102202777784
2024-03-02 13:30:00,6.9128,11.9252,46.103,45.005,47.006,187.7,181.7,False,False,False,2.1412281158231226,2.2119346028618607
2024-03-02 13:35:00,6.6884,11.9284,45.911,44.417,47.538,196.5,175.0,False,False,False,2.1343699259259257,2.3965925168253968
2024-03-02 13:40:00,6.7578000000000005,11.7634,45.703,43.894,46.757,196.4,178.5,False,False,False,2.0175593844987554,2.219880465633364
2024-03-02 13:45:00,6.655200000000001,11.8842,44.931,43.132,46.373000000000005,189.8,180.1,False,False,False,2.1502145737618537,2.2660229100499714
2024-03-02 13:50:00,6.726000000000001,11.9006,45.65,44.027,46.448,190.6,171.0,False,False,False,2.1455348144018886,2.3914557638888887
2024-03-02 13:55:00,6.7572,11.671800000000001,45.329,42.812,45.632,182.2,175.0,False,False,False,2.094845777414929,2.1810337179714288
2024-03-02 14:00:00,6.7418000000000005,11.749199999999998,44.427,42.799,45.998000000000005,186.4,167.0,False,False,False,2.077746844277538,2.3191138429540907
2024-03-02 14:05:00,6.818300000000001,11.668800000000001,44.909,43.019999999999996,45.816,183.9,168.8,False,False,False,2.0479819286221375,2.231184103516653
2024-03-02 14:10:00,6.7226,11.6172,43.864999999999995,42.6135,44.975,177.8,172.5,False,False,False,2.1008806856939755,2.1654294835732686
2024-03-02 14:15:00,6.7584,11.6132,44.455,42.564,44.2,178.9,169.4,False,False,False,2.067290513800385,2.183224751587302
2024-03-02 14:20:00,6.7086,11.586,43.711,42.25,43.563,187.0,167.5,False,False,False,1.9612854239215687,2.1896141747661693
2024-03-02 14:25:00,6.793200000000001,11.534600000000001,43.517,42.218,45.292,182.8,164.1,False,False,False,1.9730358971584003,2.197873016456768
2024-03-02 14:30:00,6.7032,11.4802,43.414,41.393,44.364999999999995,171.0,164.9,False,False,False,2.0949386061728394,2.172434819014891
2024-03-02 14:35:00,6.755599999999999,11.404,42.666000000000004,41.8505,43.626999999999995,173.0,166.3,True,False,False,1.9989307849807327,2.079464977761075
2024-03-02 14:40:00,6.703799999999999,11.5452,42.476,40.9225,43.571,170.7,158.2,True,False,False,2.090646662365749,2.255836822160767
2024-03-02 14:45:00,6.647,11.4102,41.726,41.083,43.919,174.9,163.3,True,False,False,2.003666209364081,2.1459964483636114
2024-03-02 14:50:00,6.678399999999999,11.5351,41.4815,40.9665,43.05,172.0,166.4,False,False,False,2.057280079932171,2.1265154672375806
2024-03-02 14:55:00,6.5264,11.3798,41.852,40.304,42.944,172.5,156.1,False,False,False,2.04342207826087,2.2581057559256887
2024-03-02 15:00:00,6.6313,11.375,41.487,40.509,41.648,175.7,160.5,False,False,False,1.9380379900271927,2.121578036434752
2024-03-02 15:05:00,6.642799999999999,11.4552,40.807,39.719,41.787,161.6,162.4,False,False,False,2.1146415699051158,2.1042246163587848
2024-03-02 15:10:00,6.5802,11.4632,40.003,39.556,41.932,157.5,160.9,False,False,False,2.1867244369841274,2.1405164625543818
2024-03-02 15:15:00,6.8252,11.153,40.058,39.513999999999996,41.338,165.2,158.5,False,False,False,1.8389213122477808,1.9166548945320716
2024-03-02 15:20:00,6.4552,11.327200000000001,40.235,39.542,41.333,167.7,161.4,False,False,False,2.0426690399522967,2.1224014745972744
2024-03-02 15:25:00,6.6638,11.3232,40.286,38.909,41.101,161.5,156.1,False,False,False,2.0148951001307185,2.0845967884119863
2024-03-02 15:30:00,6.7044,11.136,39.873000000000005,38.626,40.980000000000004,161.4,149.4,False,False,False,1.9045500397149935,2.0575259465194105
2024-03-02 15:35:00,6.552200000000001,11.2462,39.938,39.126,40.481,150.1,156.8,False,False,False,2.1703890752461317,2.077649235933956
2024-03-02 15:40:00,6.614400000000001,11.1972,39.509,38.559,39.928,163.1,147.5,False,False,False,1.9248106543225014,2.1283838489491522
2024-03-02 15:45:00,6.7368,11.1124,38.8955,38.257999999999996,40.324,157.8,150.0,False,False,False,1.8911635815554142,1.9895040877962957
2024-03-02 15:50:00,6.703799999999999,11.488499999999998,38.958999999999996,38.202999999999996,39.904,151.5,145.7,False,False,False,2.1464295792409236,2.231874270796156
2024-03-02 15:55:00,6.5836,11.341,38.823,37.522000000000006,39.956,160.0,148.4,False,False,False,2.0075987652187495,2.164526970586253
2024-03-02 16:00:00,6.5316,11.280199999999999,39.058,37.363,39.33,153.6,154.2,False,False,False,2.0775089790834773,2.0694252865578604
2024-03-02 16:05:00,6.6666,11.142199999999999,38.135000000000005,37.021,39.064,155.1,142.0,False,False,False,1.9134865263987388,2.0900123960876367
2024-03-02 16:10:00,6.4328,11.1158,38.471,36.856,38.603,150.0,140.7,False,False,False,2.064974920555555,2.2014658001658374
2024-03-02 16:15:00,6.615,10.905,37.368,37.22,38.036500000000004,147.4,149.0,False,False,False,1.9029898414179098,1.8825550511744962
2024-03-02 16:20:00,6.435599999999999,11.0288,38.354,36.766000000000005,38.449,153.1,135.7,False,False,False,1.9780795474490172,2.231716865987064
2024-03-02 16:25:00,6.468999999999999,10.9578,38.156,37.406,37.913,148.9,136.8,False,False,False,1.986001328632192,2.161663726851852
2024-03-02 16:30:00,6.508799999999999,10.9836,37.333999999999996,36.391,38.507999999999996,147.4,140.6,False,False,False,1.978064747014925,2.073732174324324
2024-03-02 16:35:00,6.623600000000001,10.9996,37.732,35.5805,39.012,142.4,134.9,False,False,False,2.003944103230336,2.1153568591549283
2024-03-02 16:40:00,6.542199999999999,10.9796,36.054,35.682,37.5265,144.6,134.0,False,False,False,1.946593212261795,2.100577451440713
2024-03-02 16:45:00,6.492999999999999,10.939400000000001,36.605000000000004,35.899,37.316500000000005,144.0,133.6,False,False,False,1.9686714328858033,2.121921304906854
2024-03-02 16:50:00,6.406000000000001,10.9642,37.041,35.711,37.547000000000004,141.2,135.9,False,False,False,2.067159751262984,2.147777460473387
2024-03-02 16:55:00,6.513599999999999,11.1462,35.81,35.54,36.994,142.5,130.3,False,False,False,2.0448365031111115,2.2362947175236636
2024-03-02 17:00:00,6.445600000000001,10.9408,36.852999999999994,35.572,36.663,141.1,132.7,False,False,False,2.0176357768013227,2.145353489876915
2024-03-02 17:05:00,6.4338,10.977,36.497,35.175,37.188,138.8,128.3,False,False,False,2.068638031700288,2.237934207326578
2024-03-02 17:10:00,6.448,10.8812,36.320499999999996,35.033,36.568,130.9,132.2,False,False,False,2.1219221013538743,2.101055998995629
2024-03-02 17:15:00,6.485200000000001,11.038599999999999,35.537,35.591,36.588,130.7,128.8,False,False,False,2.1786337071665387,2.2107719373188397
2024-03-02 17:20:00,6.5604,10.8654,35.654,34.612,36.339999999999996,132.9,131.0,False,False,False,2.0048117939553545,2.033889216921119
2024-03-02 17:25:00,6.6128,10.888200000000001,34.944,34.08,36.126999999999995,135.6,125.1,False,False,False,1.9247496793797123,2.086299412660983
2024-03-02 17:30:00,6.3896,10.7826,34.9555,34.416,35.778000000000006,131.3,124.1,False,False,False,2.0424313802466783,2.160928607787179
2024-03-02 17:35:00,6.541200000000001,10.845,34.672000000000004,34.15,35.2025,133.2,135.4,False,False,False,1.9513145313626126,1.9196092730982273
2024-03-02 17:40:00,6.478999999999999,10.9982,35.107,34.064,35.14,136.6,121.7,False,False,False,2.0034788246461694,2.248769165543687
2024-03-02 17:45:00,6.5556,10.8796,34.418,33.833,35.161,137.4,125.4,False,False,False,1.8893554704835838,2.0701550370370367
2024-03-02 17:50:00,6.581799999999999,11.0402,33.286500000000004,33.109,35.428000000000004,141.3,128.9,False,False,False,1.8652140345914918,2.0446450200758557
2024-03-02 17:55:00,6.4702,10.8406,34.338,33.811,35.067,133.1,129.5,False,False,False,1.9675869884297523,2.0222843873359073
2024-03-02 18:00:00,6.4384,10.8326,34.034,33.782,34.423,126.8,122.9,False,False,False,2.056936783302664,2.122209797581593
2024-03-02 18:05:00,6.4094,10.908,35.1,33.168,35.1295,141.4,121.4,False,False,False,1.9097731934916706,2.224398101809903
2024-03-02 18:10:00,6.572,10.7814,34.194,33.031,35.987,124.3,120.8,False,False,False,2.029191559292035,2.0879843610927145
2024-03-02 18:15:00,6.631399999999999,10.853399999999999,33.652,32.9885,34.55,123.3,125.0,False,False,False,2.0115863480895735,1.9842287737555553
2024-03-02 18:20:00,6.42,10.7976,33.92,33.327,35.119,127.0,119.9,False,False,False,2.0484806853543303,2.169783544954128
2024-03-02 18:25:00,6.6099000000000006,10.7762,33.705,32.775999999999996,34.314,131.9,116.4,False,False,False,1.8483683256781223,2.0944998467091436
2024-03-02 18:30:00,6.6863,10.7346,33.683,31.910000000000004,34.37,120.7,123.2,False,False,False,1.9464734533761392,1.9069752095982142
2024-03-02 18:35:00,6.547,10.798399999999999,34.245,32.29,34.434,129.7,113.0,False,False,False,1.9214267493232242,2.205389817586037
2024-03-02 18:40:00,6.632,10.7878,33.289,32.506,34.643,119.5,116.8,False,False,False,2.027816137694096,2.074692024438737
2024-03-02 18:45:00,6.4074,10.7744,34.001999999999995,32.507999999999996,34.495999999999995,124.3,118.4,False,False,False,2.0601698225172074,2.1628303119838583
2024-03-02 18:50:00,6.4352,10.968399999999999,33.348,32.575,33.926,125.7,116.0,False,False,False,2.0905333850702728,2.265345228477011
2024-03-02 18:55:00,6.7084,10.8143,33.656,32.528,34.032,122.1,119.2,False,False,False,1.9564716250250247,2.004070347445935
2024-03-02 19:00:00,6.5261,10.9854,33.474000000000004,32.1305,33.507999999999996,125.7,117.5,False,False,False,2.0412849286495627,2.183740557712766
2024-03-02 19:05:00,6.5996,10.844800000000001,33.259,32.94,34.493,127.7,117.8,False,False,False,1.9433275642913082,2.1066462645161295
2024-03-02 19:10:00,6.409999999999999,10.8424,32.211,32.05,34.262,121.6,116.7,False,False,False,2.0849074640625003,2.1724485658097685
2024-03-02 19:15:00,6.6622,10.7776,32.702,32.664,33.92100000000001,118.3,111.9,False,False,False,2.0052267173429135,2.1199135001042593
2024-03-02 19:20:00,6.598000000000001,10.7494,32.726,32.138,33.112,125.6,115.5,False,False,False,1.880045810721868,2.0444480850793645
2024-03-02 19:25:00,6.525,10.670599999999999,32.929,32.421,33.793,115.9,113.8,False,False,False,2.058779339162112,2.0967708735403234
2024-03-02 19:30:00,6.609999999999999,10.901399999999999,32.761,32.115,33.953500000000005,124.5,117.9,False,False,False,1.9776982486992412,2.0884090921378755
2024-03-02 19:35:00,6.452800000000001,10.809800000000001,33.120999999999995,32.382,33.102,122.0,112.1,False,False,False,2.044421558857012,2.2249726153483986
2024-03-02 19:40:00,6.516800000000001,10.8384,32.557,31.984999999999996,32.829,126.2,118.0,False,False,False,1.9357917182250393,2.0703128376271183
2024-03-02 19:45:00,6.4596,10.7266,32.632999999999996,32.112,34.036,115.2,117.2,False,False,False,2.124160690176504,2.0879122142349256
2024-03-02 19:50:00,6.5568,10.8306,32.221,32.304,33.9625,117.7,117.1,False,False,False,2.076168658489097,2.086806585005694
2024-03-02 19:55:00,6.5329999999999995,10.8102,32.997,32.376,33.343,121.1,114.9,False,False,False,2.0241689080833103,2.1333929918963346
2024-03-02 20:00:00,6.5402000000000005,10.9926,32.231,31.968,33.2605,124.6,114.8,False,False,False,2.021827484844836,2.1944225140389073
2024-03-02 20:05:00,6.4636,10.7346,33.501,32.292,33.8,122.3,119.3,False,False,False,2.019183154515309,2.0699589253748725
2024-03-02 20:10:00,6.4766,10.866200000000001,33.384,32.211,33.5625,121.1,108.4,False,False,False,2.086652634599505,2.3311220853321033
2024-03-02 20:15:00,6.6176,10.9368,32.739999999999995,32.217,33.593,115.5,110.7,False,False,False,2.1395465714285713,2.2323182384823843
2024-03-02 20:20:00,6.6462,10.9,33.137,32.422000000000004,33.783,124.6,119.6,False,False,False,1.9689546307383625,2.051268787541806
2024-03-02 20:25:00,6.6516,10.6782,33.597,31.948500000000003,34.277,122.5,117.0,False,False,False,1.9049107303061226,1.9944578159188036
2024-03-02 20:30:00,6.7383,10.852599999999999,33.295,31.601,33.165,123.1,115.7,False,False,False,1.902733681079068,2.0244296987107457
2024-03-02 20:35:00,6.586799999999999,10.9574,33.346,32.113,33.381,114.2,108.8,False,False,False,2.1960968022961667,2.305094253880719
2024-03-02 20:40:00,6.5738,10.8376,33.532,32.174,34.29,115.5,112.8,False,False,False,2.1430941669841266,2.1943916337470446
2024-03-02 20:45:00,6.679599999999999,10.997,33.221,32.19,33.508,119.1,115.9,False,False,False,2.0817761483207393,2.139254005737705
2024-03-02 20:50:00,6.772,10.9878,33.749,32.208,33.46,118.7,116.3,False,False,False,2.04990492879809,2.09220735209229
2024-03-02 20:55:00,6.5694,10.9458,32.948,32.8305,34.819,125.2,115.2,False,False,False,2.0414730628993616,2.218684266276042
2024-03-02 21:00:00,6.6668,10.9772,33.699,32.462,33.808,121.1,108.9,False,False,False,2.065772844260941,2.2972001050505044
2024-03-02 21:05:00,6.5336,10.9048,33.588,32.507,34.288,128.2,110.8,False,False,False,1.987085748101924,2.2991371200962694
2024-03-02 21:10:00,6.6701999999999995,10.9944,33.2425,32.339,34.320499999999996,124.4,108.2,False,False,False,2.016059568944266,2.317909522889711
2024-03-02 21:15:00,6.6166,11.1188,34.176,32.13,34.397000000000006,112.1,112.3,False,False,False,2.348039318549906,2.343857592247947
2024-03-02 21:20:00,6.6554,11.0555,34.225,32.7305,33.637,123.3,116.8,False,False,False,2.0840534690287917,2.2000324720141267
2024-03-02 21:25:00,6.7318,10.9642,34.307,33.213,34.518,122.1,120.7,False,False,False,2.0534151633633635,2.0772327377520026
2024-03-02 21:30:00,6.7634,10.9588,34.046,32.968,34.634,116.9,117.7,False,False,False,2.1178806675411086,2.1034855568016617
2024-03-02 21:35:00,6.780799999999999,11.0226,33.753,32.399,35.053,121.8,115.7,False,False,False,2.0462027029967165,2.154083744382023
2024-03-02 21:40:00,6.7376000000000005,11.2454,34.435,33.155,34.332,119.8,115.1,False,False,False,2.2264838212854756,2.3174001893136404
2024-03-02 21:45:00,6.8038,11.1926,34.823,33.312,35.545,124.4,118.1,False,False,False,2.123558276527331,2.2368386926333614
2024-03-02 21:50:00,6.7744,11.0796,34.216,33.179,35.991499999999995,132.6,111.5,False,False,False,1.9487558236592923,2.3175338315445932
2024-03-02 21:55:00,6.784000000000001,10.9018,35.087,33.592,35.399,118.2,112.8,False,False,False,2.1049922254089104,2.205763129816784
2024-03-02 22:00:00,6.6579999999999995,11.2754,35.519999999999996,33.927,34.911,119.2,118.7,False,False,False,2.346879416079418,2.356765176046054
2024-03-02 22:05:00,6.7938,11.236,34.991,33.9155,35.611000000000004,128.5,116.9,False,False,False,2.0976246529723306,2.3057721805555556
2024-03-02 22:10:00,6.7982,11.3148,34.686,34.157,35.827999999999996,128.8,119.9,False,False,False,2.130914015428744,2.289088617074414
2024-03-02 22:15:00,6.814,11.2268,34.821,33.653,36.511,123.6,119.4,False,False,False,2.176039686084142,2.252583795644891
2024-03-02 22:20:00,6.882599999999999,11.138,35.099000000000004,34.364999999999995,37.023,132.4,112.3,False,False,False,1.986976732506714,2.3426154887256363
2024-03-02 22:25:00,6.768800000000001,11.050999999999998,35.473,34.405,35.5,134.0,118.0,False,False,False,1.9550410730597003,2.220131388050846
2024-03-02 22:30:00,6.885800000000001,11.4182,35.594,34.537,36.132999999999996,130.5,120.9,False,False,False,2.1426323819157087,2.312766963110008
2024-03-02 22:35:00,6.9024,11.3938,35.767,34.915,36.78,128.8,127.3,False,False,False,2.1755274931245685,2.2011621454394694
2024-03-02 22:40:00,6.931400000000001,11.314400000000001,35.92100000000001,35.227999999999994,36.801,130.1,119.6,False,False,False,2.1113518159108375,2.2967129703177256
2024-03-02 22:45:00,6.885800000000001,11.3442,37.308,35.155,37.602999999999994,131.5,116.7,False,False,False,2.166457861630756,2.4412100154622487
2024-03-02 22:50:00,6.8346,11.362,35.785000000000004,35.152,37.773,131.4,123.0,False,False,False,2.174536903559953,2.323041862827462
2024-03-02 22:55:00,6.9186000000000005,11.1838,36.748000000000005,35.373000000000005,36.870999999999995,137.6,127.0,False,False,False,1.9613693028423769,2.125074142292213
2024-03-02 23:00:00,6.9566,11.144400000000001,37.158,35.653,37.791,135.7,128.4,False,False,False,1.9815856591418988,2.09424590300277
2024-03-02 23:05:00,6.8804,11.352,37.268,35.663,37.329,130.8,131.6,False,False,False,2.1883509757050623,2.175047930260047
2024-03-02 23:10:00,7.0212,11.502799999999999,36.415,36.096,38.049,142.6,130.2,False,False,False,2.0172298282686603,2.2093469547704374
2024-03-02 23:15:00,6.862399999999999,11.459399999999999,37.754000000000005,36.538,38.278,139.7,131.9,False,False,False,2.1505252646544184,2.277698100623368
2024-03-02 23:20:00,7.752799999999999,11.653200000000002,37.804,36.652,38.005,141.1,129.9,False,False,False,1.8047949216395005,1.9604046454452155
2024-03-02 23:25:00,6.9968,11.4062,37.558,36.302,38.757,134.8,136.1,False,False,False,2.138638323405044,2.1182104775532693
2024-03-02 23:30:00,6.8666,11.386600000000001,38.160000000000004,37.253,38.663,137.4,129.4,False,False,False,2.1786615655830515,2.3133547071956047
2024-03-02 23:35:00,6.9096,11.790600000000001,38.083,37.108,39.521,140.6,133.6,False,False,False,2.3119376846846853,2.4330721442115775
2024-03-02 23:40:00,6.9836,11.656600000000001,39.416,37.519999999999996,39.099000000000004,135.8,129.0,False,False,False,2.3180820445712653,2.4402755166882004
2024-03-02 23:45:00,7.0280000000000005,11.550999999999998,38.997,37.545,38.698,135.8,136.4,False,False,False,2.228300987563409,2.218499077060931
2024-03-02 23:50:00,6.88,11.4958,38.862,38.104,39.753,142.8,134.0,False,False,False,2.1903026004084962,2.334143368196517
2024-03-02 23:55:00,6.924600000000001,11.5886,39.439,38.269,39.935,142.9,133.1,False,False,False,2.2291340674908633,2.393262646464646
2024-03-03 00:00:00,7.0386,11.628,39.876999999999995,37.669,40.489999999999995,142.9,141.5,False,False,False,2.200806963797527,2.222581732343934
2024-03-03 00:05:00,6.986199999999999,11.7546,39.4985,37.61,40.582,145.6,137.3,False,False,False,2.237672360763889,2.37294315897467
2024-03-03 00:10:00,7.088800000000001,11.698,40.494,38.495999999999995,40.608,149.9,143.1,False,False,False,2.134969243095396,2.236421310552061
2024-03-03 00:15:00,7.2602,11.818299999999999,39.945,38.166000000000004,41.6065,147.2,134.9,False,False,False,2.1521744108686214,2.3484067700508597
2024-03-03 00:20:00,6.8950000000000005,11.845400000000001,41.04,39.57,41.178999999999995,147.7,141.5,False,False,False,2.369799735018431,2.473635483125246
2024-03-03 00:25:00,7.12,11.652600000000001,40.735,39.475,41.778,151.6,142.5,False,False,False,2.117430134843155,2.2526484802962967
2024-03-03 00:30:00,7.190600000000001,11.7333,40.5515,39.215,41.588499999999996,155.3,134.7,False,False,False,2.060838984161479,2.376008123535841
2024-03-03 00:35:00,7.1584,11.727,40.649,39.245,41.579,155.1,144.4,False,False,False,2.077279237234043,2.231205053289474
2024-03-03 00:40:00,7.069799999999999,11.8964,41.881,39.724000000000004,42.031,150.4,142.9,False,False,False,2.303468106870567,2.4243639137392115
2024-03-03 00:45:00,7.116200000000001,11.8098,41.425,40.532,42.803,159.4,147.4,False,False,False,2.132735065941725,2.3063634295190703
2024-03-03 00:50:00,7.063,11.876,42.272,40.456,42.566,160.6,148.3,False,False,False,2.1799391967275494,2.360743324305087
2024-03-03 00:55:00,7.191599999999999,11.9072,41.4995,40.693,43.153,157.5,147.9,False,False,False,2.178757691679012,2.320178069232213
2024-03-03 01:00:00,7.0834,11.9094,42.065,40.952,43.635,161.4,150.4,False,False,False,2.198566593831749,2.3593660122635924
2024-03-03 01:05:00,7.148999999999999,11.9528,42.492000000000004,41.352999999999994,43.176,161.9,149.5,False,False,False,2.1880507047937687,2.3695345090709776
2024-03-03 01:10:00,7.215999999999999,12.072399999999998,42.3195,41.861000000000004,43.013999999999996,161.2,150.7,False,False,False,2.2246491640508683,2.3796512624087587
2024-03-03 01:15:00,7.295400000000001,12.0662,42.675,41.678999999999995,43.202999999999996,163.7,158.0,False,False,False,2.1581946572388513,2.236053578417721
2024-03-03 01:20:00,7.24,12.159,42.976,41.782,43.868,162.2,156.7,False,False,False,2.264636601692013,2.3441228895625046
2024-03-03 01:25:00,7.131399999999999,12.081199999999999,43.587,42.384,44.292,170.8,153.6,False,False,False,2.1916169278005464,2.437032365028212
2024-03-03 01:30:00,7.249599999999999,12.0878,43.088,42.698,44.344,164.7,161.5,False,False,False,2.219276595392296,2.263249877777778
2024-03-03 01:35:00,7.1617999999999995,12.0662,44.052499999999995,43.338,44.876999999999995,179.2,156.1,False,False,False,2.1015745898902525,2.41256993278881
2024-03-03 01:40:00,7.263,12.2744,43.403999999999996,43.259,45.035000000000004,168.3,160.6,False,False,False,2.2766586395787938,2.385813505859969
2024-03-03 01:45:00,7.2354,12.2104,44.589,42.958000000000006,45.9125,171.9,162.5,False,False,False,2.24238658801144,2.372100027564102
2024-03-03 01:50:00,7.2368,12.132200000000001,44.811,43.293,45.591,169.5,157.3,False,False,False,2.241699690707965,2.41556323951049
2024-03-03 01:55:00,7.3396,12.328199999999999,44.906,43.774,45.307,179.2,163.5,False,False,False,2.165444840863715,2.3733805228304448
2024-03-03 02:00:00,7.1808,12.4324,45.0355,43.569,46.093,170.9,163.6,False,False,False,2.4029951680482413,2.5102192800699537
2024-03-03 02:05:00,7.165000000000001,12.2628,45.767,44.271,46.961,179.0,161.2,False,False,False,2.2651185903134703,2.5152371443307144
2024-03-03 02:10:00,7.0944,12.4304,45.974000000000004,44.891,46.501,180.4,168.2,False,False,False,2.358860864498645,2.529955409961686
2024-03-03 02:15:00,7.3334,12.401,46.441,44.931,46.992000000000004,174.9,168.8,False,False,False,2.327444919916142,2.4115528228278036
2024-03-03 02:20:00,7.367,12.3324,46.07,45.202,47.169,175.9,178.5,False,False,False,2.2688036566325556,2.235756656591969
2024-03-03 02:25:00,7.345000000000001,12.388,46.608,45.515,47.932,180.9,169.9,False,False,False,2.2666935275013818,2.413448258534432
2024-03-03 02:30:00,7.2283,12.223600000000001,46.862,46.427499999999995,47.869,175.9,166.6,False,False,False,2.327268847600436,2.45718241472339
2024-03-03 02:35:00,7.388800000000001,12.4906,47.125,45.376,48.967,188.6,174.0,False,False,False,2.2216914319194063,2.4081092187356323
2024-03-03 02:40:00,7.3233999999999995,12.513200000000001,46.896,45.996500000000005,48.208,184.4,176.4,False,False,False,2.3054836309065445,2.410040711673281
2024-03-03 02:45:00,7.3974,12.5886,48.847,46.189499999999995,48.973,187.5,175.5,False,False,False,2.3147357381866662,2.473008267293447
2024-03-03 02:50:00,7.2214,12.503,47.676,46.757,48.355000000000004,193.0,176.1,False,False,False,2.2685256486355785,2.486231971531327
2024-03-03 02:55:00,7.262600000000001,12.6222,48.253,46.898,49.318,190.1,177.0,False,False,False,2.3646600466362724,2.5396716094099174
2024-03-03 03:00:00,7.2836,12.4662,48.307,47.257,49.498000000000005,188.0,182.5,False,False,False,2.3215994256914896,2.3915654357808225
2024-03-03 03:05:00,7.3932,12.744299999999999,49.0325,47.687,49.804,196.9,178.4,False,False,False,2.311790210451582,2.5515218185981867
2024-03-03 03:10:00,7.3831999999999995,12.6488,49.448,47.0105,50.012,195.2,181.1,False,False,False,2.293834081045082,2.4724263535063504
2024-03-03 03:15:00,7.4092,12.6214,50.334,47.824,50.372,192.0,176.8,False,False,False,2.340872769010416,2.5421242740384606
2024-03-03 03:20:00,7.4482,12.6712,49.519,47.461,50.318,190.5,180.6,False,False,False,2.3445833754155734,2.4731070488187528
2024-03-03 03:25:00,7.356,12.6652,49.804,48.541000000000004,51.044,193.5,187.3,False,False,False,2.379635952759116,2.458406603624607
2024-03-03 03:30:00,7.345999999999999,12.5788,50.096000000000004,48.494,50.348,199.0,189.1,False,False,False,2.273685345862647,2.392720168306011
2024-03-03 03:35:00,7.3992,12.726,50.562,48.778,51.539,203.6,185.6,False,False,False,2.291718125884087,2.5139752717133628
2024-03-03 03:40:00,7.3708,12.7322,50.554,49.483999999999995,50.959,196.2,189.5,False,False,False,2.395473170831918,2.480168000618587
2024-03-03 03:45:00,7.492,12.765,50.775999999999996,48.8275,50.964,199.3,196.2,False,False,False,2.312733000885042,2.349274653804225
2024-03-03 03:50:00,7.359999999999999,12.754999999999999,51.04600000000001,49.297,51.7975,206.0,185.8,False,False,False,2.3131982399878637,2.5646869614504837
2024-03-03 03:55:00,7.4988,12.637,50.876,49.173,51.876999999999995,203.8,189.2,False,False,False,2.2237333742067387,2.3953322498062017
2024-03-03 04:00:00,7.4896,12.7216,51.154,49.545,52.5775,203.0,196.2,False,False,False,2.293459406568144,2.372947296296296
2024-03-03 04:05:00,7.341200000000001,12.796199999999999,51.7515,49.5185,52.372,209.5,192.7,False,False,False,2.3225467513922027,2.525031366978031
2024-03-03 04:10:00,7.513599999999999,12.9692,51.338,50.745,52.848,205.6,189.4,False,False,False,2.386720260381539,2.5908642319664437
2024-03-03 04:15:00,7.4826,12.9158,51.815999999999995,50.654,53.329499999999996,207.7,194.1,False,False,False,2.3660779071122886,2.5318618305369514
2024-03-03 04:20:00,7.374599999999999,12.840799999999998,52.687,50.825,53.321000000000005,211.9,199.4,False,False,False,2.3487446098972256,2.495982862774434
2024-03-03 04:25:00,7.4056,12.841,52.025,50.591,53.573,205.4,195.0,False,False,False,2.399525118135345,2.5274997911025636
2024-03-03 04:30:00,7.4126,12.9292,51.485,50.778,53.815,214.4,196.3,False,False,False,2.3314826649720146,2.546458906622516
2024-03-03 04:35:00,7.353199999999999,12.9226,53.17999999999999,51.165,54.470000000000006,212.7,197.6,False,False,False,2.4142165615237947,2.5987037582799144
2024-03-03 04:40:00,7.4348,13.0044,53.497,50.783,54.964,219.4,190.7,False,False,False,2.346898168256862,2.700102035215289
2024-03-03 04:45:00,7.3774,12.968799999999998,53.54600000000001,51.372,53.735,212.5,204.7,False,False,False,2.4235595855921566,2.5159082166015305
2024-03-03 04:50:00,7.4241,12.969800000000001,53.400999999999996,51.891,54.579499999999996,223.7,200.7,False,False,False,2.3009396253408587,2.5646247841990535
2024-03-03 04:55:00,7.5146,12.9846,53.226,51.867,55.492999999999995,223.7,197.3,False,False,False,2.279674325485521,2.58470930872332
2024-03-03 05:00:00,7.453399999999999,12.9746,54.366,51.701,54.8005,214.8,208.1,False,False,False,2.4005530075651778,2.4778413552378673
2024-03-03 05:05:00,7.5018,13.1744,54.452999999999996,51.827,53.74400000000001,227.1,205.2,False,False,False,2.3205660472821568,2.568228797942387
2024-03-03 05:10:00,7.476000000000001,13.118799999999998,54.134,52.548,54.858000000000004,222.2,210.5,False,False,False,2.381630958195819,2.5140066456584846
2024-03-03 05:15:00,7.4216,12.987200000000001,54.641,52.455999999999996,56.187,219.7,206.6,False,False,False,2.4014267808830234,2.5536953715392072
2024-03-03 05:20:00,7.461799999999999,13.075799999999997,54.382000000000005,52.845000000000006,55.038,227.4,213.8,False,False,False,2.3256833698573236,2.47362206878183
2024-03-03 05:25:00,7.542999999999999,13.164600000000002,54.324,52.571000000000005,55.528,222.4,207.0,False,False,False,2.3835072141187057,2.560830939227054
2024-03-03 05:30:00,7.3586,13.1608,54.807,52.89300000000001,55.784000000000006,225.7,214.9,False,False,False,2.439945782789347,2.5625675345535393
2024-03-03 05:35:00,7.4475999999999996,12.9418,55.121,53.279999999999994,55.626999999999995,221.7,215.1,False,False,False,2.359937744429409,2.4323486654579267
2024-03-03 05:40:00,7.469799999999999,13.0398,55.430499999999995,53.564,56.408,228.8,213.6,False,False,False,2.337679831063034,2.504031579340928
2024-03-03 05:45:00,7.4014,13.1786,55.367,53.361000000000004,56.9865,226.2,213.1,False,False,False,2.4571354524584934,2.608184135833464
2024-03-03 05:50:00,7.3774,13.1434,55.422000000000004,53.50599999999999,56.508,225.0,219.3,False,False,False,2.461307789925926,2.525281590211278
2024-03-03 05:55:00,7.536199999999999,13.0578,55.229,53.741,57.342,229.0,214.4,False,False,False,2.328074270897623,2.4866091792703156
2024-03-03 06:00:00,7.4684,13.1112,54.866499999999995,54.021,56.620000000000005,235.5,219.8,False,False,False,2.3023174768695442,2.466768725217369
2024-03-03 06:05:00,7.498,13.1016,55.69,53.765,55.834,235.5,213.5,False,False,False,2.2833051314413773,2.51858715903721
2024-03-03 06:10:00,7.494200000000001,13.215,55.85,54.041999999999994,57.519999999999996,227.3,216.1,False,False,False,2.446175991670332,2.572956052321455
2024-03-03 06:15:00,7.533799999999999,13.2458,56.044,54.117999999999995,57.165,230.0,209.4,False,False,False,2.4125158359420285,2.649850249602037
2024-03-03 06:20:00,7.316,13.281799999999999,56.278,54.334,57.38099999999999,232.3,218.1,False,False,False,2.504692706206055,2.6677676095904017
2024-03-03 06:25:00,7.563599999999999,13.220400000000001,56.387,54.288,56.795,236.1,219.6,False,False,False,2.3294620672031634,2.5044899547662425
2024-03-03 06:30:00,7.4184,13.143600000000001,56.160000000000004,54.361000000000004,57.935,227.4,218.3,False,False,False,2.46224050694811,2.564880857901971
2024-03-03 06:35:00,7.546200000000001,13.046199999999999,56.015,54.384,56.872,237.1,217.8,False,False,False,2.252659619710389,2.4522754629629624
2024-03-03 06:40:00,7.4068,13.280000000000001,56.413,54.574,57.573,235.6,213.9,False,False,False,2.439483089605736,2.686966881304868
2024-03-03 06:45:00,7.484,13.148,56.04600000000001,54.673,56.504,232.9,215.3,False,False,False,2.3609867617003006,2.5539889307942403
2024-03-03 06:50:00,7.4921999999999995,13.0882,56.374,54.80499999999999,57.938,237.9,221.5,False,False,False,2.3094805822707962,2.4804759842989728
2024-03-03 06:55:00,7.5081999999999995,13.2838,56.275,55.6265,56.706500000000005,241.5,220.9,False,False,False,2.341002809330573,2.559312713686434
2024-03-03 07:00:00,7.5174,13.294599999999999,56.614999999999995,54.465999999999994,57.900999999999996,236.4,223.4,False,False,False,2.3974754109513055,2.5369883041579615
2024-03-03 07:05:00,7.449,13.2316,57.092999999999996,55.084,57.785000000000004,235.8,225.9,False,False,False,2.4197749103618884,2.5258208227681864
2024-03-03 07:10:00,7.432599999999999,13.149799999999999,57.343999999999994,55.2715,58.717999999999996,233.8,223.0,False,False,False,2.4323437436531696,2.550143350969108
2024-03-03 07:15:00,7.4004,13.0952,57.06,54.64399999999999,58.483000000000004,231.2,220.0,False,False,False,2.433665103186274,2.557560781166666
2024-03-03 07:20:00,7.475800000000001,13.176400000000001,56.907000000000004,54.846000000000004,57.714999999999996,233.9,220.3,False,False,False,2.397849029585293,2.5458778394008172
2024-03-03 07:25:00,7.405500000000001,13.331,56.937,55.6785,58.668000000000006,241.5,227.6,False,False,False,2.4398727773550717,2.588880824829744
2024-03-03 07:30:00,7.3762,13.218799999999998,56.52,55.398,57.541,238.6,226.5,False,False,False,2.4090407127293467,2.537735602901643
2024-03-03 07:35:00,7.514799999999999,13.379,57.30800000000001,54.973,58.330999999999996,238.8,225.5,False,False,False,2.4323597628605995,2.575820449539296
2024-03-03 07:40:00,7.4086,13.344,57.612,55.238,58.29600000000001,243.0,235.1,False,False,False,2.4269132761271153,2.5084641688595872
2024-03-03 07:45:00,7.507099999999999,13.0762,56.92,55.173,57.8085,237.0,226.2,False,False,False,2.3178091270845056,2.428473753841856
2024-03-03 07:50:00,7.5428,13.0044,57.306,55.434000000000005,58.549,237.9,228.9,False,False,False,2.282962128130401,2.372724728187953
2024-03-03 07:55:00,7.484,13.1565,57.303,55.43300000000001,58.345000000000006,242.3,223.9,False,False,False,2.3252339530024764,2.5163206199754353
2024-03-03 08:00:00,7.4036,13.035,56.465999999999994,55.81699999999999,56.902,237.1,0.0,False,True,False,2.3328695988682693,
2024-03-03 08:05:00,7.3521,13.3464,57.303,55.633,58.254999999999995,239.3,0.0,False,True,False,2.489547919414263,
2024-03-03 08:10:00,7.406999999999999,13.036600000000002,56.845000000000006,55.19500000000001,57.823,249.3,0.0,False,True,False,2.2268852304586186,
2024-03-03 08:15:00,7.598000000000001,13.1792,57.102,54.428,58.701499999999996,240.9,0.0,False,True,False,2.2896784510654484,
2024-03-03 08:20:00,7.419,13.0584,57.402,55.394000000000005,57.781000000000006,233.0,0.0,False,True,False,2.396852100193133,
2024-03-03 08:25:00,7.373399999999999,13.378800000000002,56.984,55.568999999999996,58.234500000000004,238.6,0.0,False,True,False,2.4955792559898025,
2024-03-03 08:30:00,7.417199999999999,13.209800000000001,56.340999999999994,55.069,58.51899999999999,238.8,0.0,False,True,False,2.393043011453099,
2024-03-03 08:35:00,7.3,13.0412,56.932,55.15,58.313,236.4,0.0,False,True,False,2.4024581778294785,
2024-03-03 08:40:00,7.2096,13.1744,56.840999999999994,54.973,57.6375,233.1,0.0,False,True,False,2.5173454431193094,
2024-03-03 08:45:00,7.3848,13.015200000000002,56.254,54.999,57.13099999999999,240.5,0.0,False,True,False,2.288594111600832,
2024-03-03 08:50:00,7.4382,13.127600000000001,56.78099999999999,54.71900000000001,57.384,245.6,0.0,False,True,False,2.271278542191459,
2024-03-03 08:55:00,7.461799999999999,13.102500000000001,56.400999999999996,55.452999999999996,58.237,238.0,0.0,False,True,False,2.340351907951681,
2024-03-03 09:00:00,7.328999999999999,13.190000000000001,55.9585,54.92999999999999,57.298,238.2,0.0,False,True,False,2.4025082212484854,
2024-03-03 09:05:00,7.4021,13.125399999999999,56.246,54.739999999999995,57.773,233.5,0.0,False,True,False,2.4014323388329757,
2024-03-03 09:10:00,7.3456,13.1082,56.04,54.339999999999996,58.010000000000005,235.3,0.0,False,True,False,2.394179070760731,
2024-03-03 09:15:00,7.3386,13.0292,56.705,54.010000000000005,57.713,234.7,0.0,False,True,False,2.370844372854234,
2024-03-03 09:20:00,7.364400000000001,13.225,56.544000000000004,54.778999999999996,57.293000000000006,228.4,0.0,False,True,False,2.5118202019653624,
2024-03-03 09:25:00,7.4916,13.031799999999999,55.763,54.736000000000004,56.986000000000004,244.7,0.0,False,True,False,2.20146191450983,
2024-03-03 09:30:00,7.3744,12.9316,56.357000000000006,54.0625,56.886,233.4,0.0,False,True,False,2.3126461016066835,
2024-03-03 09:35:00,7.388800000000001,12.864799999999999,56.298,54.087,56.99249999999999,239.1,0.0,False,True,False,2.2254852770807183,
2024-03-03 09:40:00,7.2989999999999995,13.1428,55.160000000000004,53.662,57.366,239.5,0.0,False,True,False,2.3541453466666664,
2024-03-03 09:45:00,7.1866,12.884,56.39,53.577,55.754999999999995,232.2,0.0,False,True,False,2.360687210082304,
2024-03-03 09:50:00,7.2540000000000004,13.0362,54.902,53.836,57.323,231.1,0.0,False,True,False,2.4121515946415686,
2024-03-03 09:55:00,7.333,13.0428,55.168000000000006,54.001,55.952999999999996,235.3,0.0,False,True,False,2.326203445724134,
2024-03-03 10:00:00,7.2744,13.022,55.17999999999999,53.94199999999999,56.374,226.3,0.0,False,True,False,2.440244086100063,
2024-03-03 10:05:00,7.243600000000001,12.9488,54.767999999999994,53.281000000000006,55.95,233.7,0.0,False,True,False,2.3243265679313465,
2024-03-03 10:10:00,7.215999999999999,12.9425,55.31,52.92999999999999,56.403,229.9,0.0,False,True,False,2.3808791401515155,
2024-03-03 10:15:00,7.141799999999999,12.8192,54.334,52.984,55.656000000000006,234.3,0.0,False,True,False,2.292658211319771,
2024-03-03 10:20:00,7.1614,12.9676,54.955999999999996,53.161500000000004,55.697,217.5,0.0,False,True,False,2.5388021421340987,
2024-03-03 10:25:00,7.1932,12.8582,54.701,53.01899999999999,55.915,229.8,0.0,False,True,False,2.3419082472077166,
2024-03-03 10:30:00,7.2056,12.7512,54.635000000000005,52.174,55.266999999999996,225.3,0.0,False,True,False,2.316060205040193,
2024-03-03 10:35:00,7.3128,12.6828,54.022000000000006,52.92100000000001,54.715999999999994,229.3,0.0,False,True,False,2.197930240223869,
2024-03-03 10:40:00,7.2174000000000005,12.779,54.28099999999999,51.562,54.79600000000001,227.8,0.0,False,True,False,2.276883489922934,
2024-03-03 10:45:00,7.0203999999999995,12.7304,53.705,52.239999999999995,54.876999999999995,226.8,0.0,False,True,False,2.3506193241720554,
2024-03-03 10:50:00,7.151000000000001,12.729600000000001,53.976,51.846000000000004,54.836,224.6,0.0,False,True,False,2.316656330132582,
2024-03-03 10:55:00,7.1148,12.7292,53.313,51.333000000000006,54.278,229.5,0.0,False,True,False,2.257116282624062,
2024-03-03 11:00:00,7.0794,12.636199999999999,53.534000000000006,51.399,54.092,224.9,0.0,False,True,False,2.281100922385257,
2024-03-03 11:05:00,7.0914,12.6182,52.487,51.311,53.952999999999996,219.5,0.0,False,True,False,2.3059778461300935,
2024-03-03 11:10:00,7.051599999999999,12.6672,52.223,51.379999999999995,54.251,226.4,0.0,False,True,False,2.2731030229387508,
2024-03-03 11:15:00,6.973000000000001,12.6632,52.315999999999995,51.253,53.940999999999995,221.5,0.0,False,True,False,2.3491227867820412,
2024-03-03 11:20:00,7.1048,12.4956,51.987,50.882999999999996,53.258,226.6,0.0,False,True,False,2.1563432612729234,
2024-03-03 11:25:00,7.0402000000000005,12.7202,52.714999999999996,50.88,53.884,226.6,0.0,False,True,False,2.2916846925566334,
2024-03-03 11:30:00,7.0464,12.467600000000001,52.053,50.201,53.038,224.1,0.0,False,True,False,2.1809536788338537,
2024-03-03 11:35:00,7.0202,12.4838,51.201,50.281,52.992,218.8,0.0,False,True,False,2.2393952696221815,
2024-03-03 11:40:00,6.9684,12.488800000000001,51.791,49.903,53.06699999999999,221.6,0.0,False,True,False,2.2382371703219013,
2024-03-03 11:45:00,6.9579,12.4354,51.635000000000005,50.517,52.8245,221.5,0.0,False,True,False,2.2249399267463,
2024-03-03 11:50:00,7.103399999999999,12.4464,51.424,49.477999999999994,52.229,213.0,0.0,False,True,False,2.2300390844679185,
2024-03-03 11:55:00,7.0608,12.2598,50.227,49.567,51.416,220.4,0.0,False,True,False,2.0707731537356318,
2024-03-03 12:00:00,7.0386,12.277,51.009,48.793,51.775999999999996,214.8,0.0,False,True,False,2.1460722480446917,
2024-03-03 12:05:00,6.9563999999999995,12.349,50.314,48.916000000000004,51.372,209.0,0.0,False,True,False,2.2559342922222223,
2024-03-03 12:10:00,6.9766,12.3776,50.056,49.096,51.202,215.1,0.0,False,True,False,2.191757688749418,
2024-03-03 12:15:00,6.9228000000000005,12.389,49.164,48.666,51.412,213.6,0.0,False,True,False,2.2172727276269244,
2024-03-03 12:20:00,6.973000000000001,12.185599999999999,49.989999999999995,48.588,50.669,213.6,0.0,False,True,False,2.1144749616338947,
2024-03-03 12:25:00,7.1242,12.288599999999999,49.270500000000006,47.923,51.054,212.4,0.0,False,True,False,2.092649642982318,
2024-03-03 12:30:00,6.9552,12.3652,48.8065,47.188,49.86,198.2,0.0,False,True,False,2.31130486328344,
2024-03-03 12:35:00,6.9462,11.9916,47.7725,47.753,49.892,205.7,0.0,False,True,False,2.0707218709893045,
2024-03-03 12:40:00,6.8214,12.1298,49.587,47.154,49.705,210.2,0.0,False,True,False,2.147099783243472,
2024-03-03 12:45:00,6.865600000000001,12.0532,48.964,46.702,49.036,200.4,0.0,False,True,False,2.174638554790419,
2024-03-03 12:50:00,6.8804,12.145,48.132,47.174,48.409,199.8,0.0,False,True,False,2.198445886177844,
2024-03-03 12:55:00,6.7956,12.222800000000001,46.7805,46.35,48.871500000000005,196.5,0.0,False,True,False,2.2769396405089064,
2024-03-03 13:00:00,6.7639,12.107,47.852999999999994,45.687,47.636,199.2,0.0,False,True,False,2.1984096732820166,
2024-03-03 13:05:00,6.82,11.9728,47.977,46.282,48.878,194.8,0.0,False,True,False,2.198113074982888,
2024-03-03 13:10:00,6.837000000000001,12.0036,48.205,46.004,48.471,196.3,0.0,False,True,False,2.180175355068772,
2024-03-03 13:15:00,6.8088,11.9632,46.995,45.665,47.727999999999994,191.0,0.0,False,True,False,2.1994724346247816,
2024-03-03 13:20:00,6.846000000000001,11.884,47.227,45.051,48.018,191.0,0.0,False,True,False,2.148393700290866,
2024-03-03 13:25:00,6.906499999999999,11.9312,45.75,45.402,47.609,193.0,0.0,False,True,False,2.0973167949093265,
2024-03-03 13:30:00,6.690600000000001,11.8232,46.559000000000005,44.929,47.126,190.6,0.0,False,True,False,2.1670324010085107,
2024-03-03 13:35:00,7.661,11.905,46.077,44.424,46.202000000000005,190.2,0.0,False,True,False,1.770870051816801,
2024-03-03 13:40:00,6.744,11.753200000000001,45.767,44.900999999999996,46.364,192.3,0.0,False,True,False,2.0723106998555507,
2024-03-03 13:45:00,6.805199999999999,11.7508,44.78,44.141999999999996,46.065999999999995,187.5,0.0,False,True,False,2.0670770434844448,
2024-03-03 13:50:00,6.678399999999999,11.7178,45.579,44.269999999999996,45.806,191.3,0.0,False,True,False,2.0746433708398673,
2024-03-03 13:55:00,6.8616,11.8768,45.336,43.702999999999996,45.434,176.9,0.0,False,False,False,2.2132950007285963,
2024-03-03 14:00:00,6.6562,11.7016,44.471,43.503,45.007999999999996,181.2,174.7,False,False,False,2.1496811841611465,2.229663597996564
2024-03-03 14:05:00,6.7264,11.6076,44.082,43.141,45.388,188.6,172.6,False,False,False,1.9925455101743843,2.1772542480816273
2024-03-03 14:10:00,6.6354,11.5822,44.695,42.858,45.751999999999995,180.7,172.6,False,False,False,2.1186363734550824,2.2180625300309003
2024-03-03 14:15:00,6.7004,11.7318,43.6535,42.43,44.8565,183.3,169.5,False,False,False,2.086615852033703,2.2564996205178627
2024-03-03 14:20:00,6.622200000000001,11.5042,42.963,42.45,43.722,178.5,168.7,False,False,False,2.0504411395891693,2.1695539028848057
2024-03-03 14:25:00,6.7196,11.4556,42.786,42.559,44.486000000000004,172.3,170.7,False,False,False,2.0718036974269687,2.091223064245265
2024-03-03 14:30:00,6.6884,11.6054,43.0385,41.853,43.805,178.8,168.7,False,False,False,2.054675371527778,2.177687945638214
2024-03-03 14:35:00,6.6622,11.5334,42.585,41.218,44.095,173.9,172.7,False,False,False,2.0799070052776174,2.094359167445152
2024-03-03 14:40:00,6.6766000000000005,11.4936,41.879000000000005,41.32,43.400999999999996,177.1,163.3,False,False,False,1.9991048654244308,2.1680433047560723
2024-03-03 14:45:00,6.640599999999999,11.614799999999999,42.081,40.042,43.010000000000005,170.5,164.3,False,False,False,2.1194076708602148,2.199385318817204
2024-03-03 14:50:00,6.6494,11.5488,41.93,40.4585,42.199,167.7,165.4,False,False,False,2.113139128693765,2.142523771958551
2024-03-03 14:55:00,6.7146,11.467600000000001,41.4255,40.399,42.522,161.6,164.6,False,False,False,2.123263083238793,2.0845644851238694
2024-03-03 15:00:00,6.681,11.5524,41.975,40.214999999999996,42.8,173.0,159.6,False,False,False,2.0432746270712907,2.2148277599206345
2024-03-03 15:05:00,6.5775999999999994,11.41,41.709,40.638,41.6,167.6,158.9,False,False,False,2.0747638210222754,2.1883600780574786
2024-03-03 15:10:00,6.5611999999999995,11.3284,41.46,40.159,41.985,163.3,155.6,False,False,False,2.0948527362591007,2.1985183279634395
2024-03-03 15:15:00,6.6272,11.158,41.337,39.034000000000006,41.730000000000004,160.3,155.7,False,False,False,2.003569332799611,2.0627627748733315
2024-03-03 15:20:00,6.610200000000001,11.3276,41.933,39.326,40.994,164.1,153.2,False,False,False,2.0403159855068047,2.185482070637511
2024-03-03 15:25:00,6.5084,11.3098,40.625,38.989,40.239,158.0,151.6,False,False,False,2.1144795813607593,2.2037452101253296
2024-03-03 15:30:00,6.6732,11.249600000000001,40.486000000000004,39.480000000000004,40.795,153.4,156.1,False,False,False,2.091554104077938,2.055377319446225
2024-03-03 15:35:00,6.489,11.272200000000002,39.87,38.793,40.8375,158.2,142.9,False,False,False,2.0976139809734518,2.3222010622113367
2024-03-03 15:40:00,6.5572,11.317400000000001,40.334,38.293,40.809,152.1,147.9,False,False,False,2.170076387332896,2.2317012745999554
2024-03-03 15:45:00,6.576600000000001,11.1416,39.065999999999995,38.033,40.394999999999996,152.4,143.2,False,False,False,2.043220745662,2.174489117590006
2024-03-03 15:50:00,6.5085999999999995,11.275,38.468,38.05,39.513,150.4,145.6,False,False,False,2.1348161034574473,2.205194656318682
2024-03-03 15:55:00,6.6378,11.1176,38.461,37.834999999999994,39.777,152.4,147.6,False,False,False,1.980836605216535,2.045254055792683
2024-03-03 16:00:00,6.4898,11.1536,38.323,37.099000000000004,39.492000000000004,155.5,147.4,False,False,False,2.000903998906753,2.110858696268657
2024-03-03 16:05:00,6.629599999999999,11.127799999999999,38.786500000000004,37.604,38.205,146.3,147.7,False,False,False,2.0455296749999996,2.026140768127962
2024-03-03 16:10:00,6.5876,11.0773,37.327,37.548,38.499,148.9,141.1,False,False,False,1.9846314974666064,2.094341814123159
2024-03-03 16:15:00,6.530799999999999,10.9958,38.243,36.978500000000004,39.077,150.8,143.6,False,False,False,1.9647370638538901,2.0632475573061746
2024-03-03 16:20:00,6.518000000000001,11.0442,37.528,36.572,39.333999999999996,149.0,149.3,False,False,False,2.000481336636838,1.9964616152638235
2024-03-03 16:25:00,6.5526,11.158199999999999,37.598,36.626,38.2965,154.3,139.3,False,False,False,1.9498254247353632,2.159785089997606
2024-03-03 16:30:00,6.6021,11.057599999999999,36.982,35.956,38.069,152.0,138.8,False,False,False,1.8890654769097215,2.068717236961654
2024-03-03 16:35:00,6.5872,11.0334,36.590999999999994,36.532,38.581,146.2,136.3,False,False,False,1.97221443006536,2.1154640475095787
2024-03-03 16:40:00,6.6006,11.047,37.052,35.998000000000005,38.062,141.6,137.8,False,False,False,2.02558292002511,2.0814407944525075
2024-03-03 16:45:00,6.4536,11.0886,36.779,35.634,37.575,143.6,137.8,False,False,False,2.0610303586350978,2.147779096516691
2024-03-03 16:50:00,6.4848,11.0256,37.143,35.827999999999996,37.495,140.7,129.3,False,False,False,2.0697156810234545,2.252196413921114
2024-03-03 16:55:00,6.5438,11.001999999999999,36.589999999999996,35.283,37.156,145.5,131.7,False,False,False,1.9394668833562423,2.1426912037079218
2024-03-03 17:00:00,6.5762,11.0274,36.769,34.827999999999996,37.195499999999996,142.4,131.1,False,False,False,1.9742850691323341,2.1444560933977455
2024-03-03 17:05:00,6.521599999999999,11.1268,36.537,35.004000000000005,37.278000000000006,145.0,128.6,False,False,False,2.006453086,2.2623304624416796
2024-03-03 17:10:00,6.5602,11.0755,35.832,34.858999999999995,35.997,137.4,128.1,False,False,False,2.03544436797671,2.183216675722092
2024-03-03 17:15:00,6.4988,10.874,35.779,34.573,36.641,136.1,124.7,False,False,False,1.996820080871908,2.1793681877038225
2024-03-03 17:20:00,6.5934,11.006,35.681,34.057,36.62,136.4,138.2,False,False,False,1.9975338049283156,1.9715167220855445
2024-03-03 17:25:00,6.5952,10.868,35.575,34.178,36.81,137.4,130.7,False,False,False,1.9238714773896168,2.0224938102014796
2024-03-03 17:30:00,6.4754000000000005,10.8064,35.019999999999996,34.284,36.0105,141.2,124.2,False,False,False,1.8753634284604186,2.1320556851740022
2024-03-03 17:35:00,6.547199999999999,10.8944,34.819,33.707,35.748000000000005,134.0,132.8,False,False,False,1.963923838208955,1.981670137951807
2024-03-03 17:40:00,6.4277999999999995,10.958,35.214,33.989999999999995,34.577,134.9,115.6,False,False,False,2.0233315916275427,2.3611369525134562
2024-03-03 17:45:00,6.5032,10.952000000000002,34.669,33.6,35.474000000000004,128.5,123.5,False,False,False,2.0851741981322967,2.1695942061538473
2024-03-03 17:50:00,6.553999999999999,10.8438,34.274,33.323,35.001999999999995,132.1,115.6,False,False,False,1.9342880131171671,2.2103758350586316
2024-03-03 17:55:00,6.2896,10.8116,34.196999999999996,33.852,35.766,126.2,125.4,False,False,False,2.159608841125198,2.1733862499999996
2024-03-03 18:00:00,6.3994,10.856399999999999,34.921,33.137,34.805,130.3,122.4,False,False,False,2.0426840137929556,2.174523913375998
2024-03-03 18:05:00,6.506600000000001,10.7018,34.620999999999995,33.472,34.297,138.9,120.6,False,False,False,1.7953608581713456,2.0677912371475946
2024-03-03 18:10:00,6.4806,10.6622,34.032,33.1605,34.306,129.3,125.6,False,False,False,1.9056685715476496,1.96180689730184
2024-03-03 18:15:00,6.5966000000000005,10.93,34.261,32.765,34.601,123.9,117.3,False,False,False,2.0635279870908434,2.1796344211471057
2024-03-03 18:20:00,6.518600000000001,10.8368,32.835,32.805,34.596,124.0,124.7,False,False,False,2.026509204677419,2.015133451323175
2024-03-03 18:25:00,6.3167,10.9948,33.681,32.464,34.792,131.5,116.7,False,False,False,2.084672926854668,2.3490530409716266
2024-03-03 18:30:00,6.4672,10.911,33.744,32.608999999999995,34.3555,129.6,123.3,False,False,False,2.004746278092849,2.1071785696742356
2024-03-03 18:35:00,6.4596,10.6898,33.081,32.414,34.160000000000004,123.1,111.9,False,False,False,1.988134340396245,2.1871254450650377
2024-03-03 18:40:00,6.570399999999999,10.7722,33.225,32.033,33.845,122.8,119.8,False,False,False,1.9686458547909884,2.01794416501113
2024-03-03 18:45:00,6.558400000000001,10.7422,33.083,32.114999999999995,34.1985,122.7,119.8,False,False,False,1.9676200088359137,2.015250209383695
2024-03-03 18:50:00,6.476000000000001,10.884200000000002,33.463499999999996,32.413,34.007,119.3,116.5,False,False,False,2.142685269216262,2.1941832842703866
2024-03-03 18:55:00,6.4428,10.6694,32.849000000000004,32.055,34.6275,120.2,118.3,False,False,False,2.0318470632533736,2.064480278977646
2024-03-03 19:00:00,6.5038,10.6417,32.938,32.314499999999995,33.483000000000004,118.4,115.2,False,False,False,2.00329729070594,2.058944437669994
2024-03-03 19:05:00,6.605199999999999,10.8292,33.162,32.648,33.777,119.0,116.0,False,False,False,2.05221748347339,2.105292073563219
2024-03-03 19:10:00,6.4988,10.68,33.933,31.894,33.204,118.2,122.3,False,False,False,2.033753976189133,1.9655741617788678
2024-03-03 19:15:00,6.6202,10.8,32.786,31.986,33.6825,120.1,117.6,False,False,False,1.9892613769058198,2.031550096652967
2024-03-03 19:20:00,6.5092,10.9172,33.162,32.064,33.038,127.0,111.4,False,False,False,1.9800496895888011,2.2573277430680228
2024-03-03 19:25:00,6.5172,10.6762,32.623000000000005,32.138,33.649,122.3,116.2,False,False,False,1.942877775733624,2.044870498900363
2024-03-03 19:30:00,6.5646,10.9886,33.251,32.033,33.382999999999996,120.1,120.7,False,False,False,2.110026063280599,2.0995371184755585
2024-03-03 19:35:00,6.4898,11.0252,33.431,31.723000000000003,33.82899999999999,121.0,112.6,False,False,False,2.1539450671212115,2.3146301342954407
2024-03-03 19:40:00,6.5733999999999995,10.9476,32.737,32.005,33.442,117.8,117.4,False,False,False,2.1165954215053766,2.1238069902328225
2024-03-03 19:45:00,6.554,10.8134,32.992000000000004,32.144999999999996,33.68,122.1,117.8,False,False,False,2.001281648198198,2.0743335249999997
2024-03-03 19:50:00,6.5404,10.871,32.857,32.085,32.986000000000004,116.4,109.9,False,False,False,2.115172354219168,2.240273539864524
2024-03-03 19:55:00,6.5548,10.980599999999999,33.092,32.340999999999994,33.143,116.9,116.2,False,False,False,2.1666674058359465,2.179719619124115
2024-03-03 20:00:00,6.508799999999999,10.8766,33.114,32.241,34.0395,118.6,113.6,False,False,False,2.1251235969154023,2.2186589664979466
2024-03-03 20:05:00,6.513,10.791,33.025,32.558,32.769999999999996,121.9,111.9,False,False,False,2.0038650534591196,2.182941465743223
2024-03-03 20:10:00,6.4866,10.6835,32.455,31.997000000000003,33.483,119.1,118.7,False,False,False,2.0035425625874614,2.0102941803215386
2024-03-03 20:15:00,6.5994,10.9556,33.028000000000006,32.9015,34.6665,119.4,112.2,False,False,False,2.130727845170296,2.2674590437908497
2024-03-03 20:20:00,6.6012,10.8818,32.589,32.07,33.041,117.2,115.6,False,False,False,2.0716452308494495,2.1003185212418294
2024-03-03 20:25:00,6.686400000000001,10.979,33.815,31.907,33.464999999999996,122.1,113.5,False,False,False,2.0244324844344335,2.1778256066030335
2024-03-03 20:30:00,6.7736,10.9396,32.624,32.5385,33.562,124.2,113.1,False,False,False,1.9225002192476293,2.1111806121180865
2024-03-03 20:35:00,6.594499999999999,10.8644,33.836,32.687,34.418,116.6,104.4,False,False,False,2.146004072877359,2.396782326604406
2024-03-03 20:40:00,6.625400000000001,10.9138,33.354,31.865,33.667,108.6,105.6,False,False,False,2.2669610441375077,2.3313633465277777
2024-03-03 20:45:00,7.6698,10.885,33.644999999999996,32.227999999999994,34.95,120.1,111.7,False,False,False,1.5669978005920988,1.6848382797771804
2024-03-03 20:50:00,6.4654,10.927,33.248000000000005,32.232,33.462,120.1,106.8,False,False,False,2.13389032484041,2.399627603121098
2024-03-03 20:55:00,6.5556,10.9376,33.454,32.608999999999995,34.131,119.6,106.8,False,False,False,2.13121220206243,2.386638383583021
2024-03-03 21:00:00,6.708799999999999,10.7965,33.6385,32.214999999999996,34.721,125.2,110.2,False,False,False,1.9063663068612446,2.165853553711686
2024-03-03 21:05:00,6.6348,10.8854,33.313,32.0875,34.068,120.8,116.0,False,False,False,2.031948318499356,2.1160289385751914
2024-03-03 21:10:00,6.6506,11.0218,33.5415,32.6645,34.565,117.9,115.1,False,False,False,2.1690333332579397,2.221798696708176
2024-03-03 21:15:00,6.5038,10.985,33.536,32.665,34.3245,121.2,110.5,False,False,False,2.1578027125825074,2.366748314615384
2024-03-03 21:20:00,6.6502,10.8898,33.831,32.768,34.487,120.2,118.0,False,False,False,2.0699278741541876,2.108519749774011
2024-03-03 21:25:00,6.708,11.093399999999999,33.694,33.565999999999995,35.053000000000004,127.7,111.9,False,False,False,2.039825043761419,2.327843235820672
2024-03-03 21:30:00,6.647,11.0612,34.229,33.160000000000004,33.719,120.5,117.9,False,False,False,2.150276282213001,2.1976954368674013
2024-03-03 21:35:00,6.574,11.2092,34.61,33.332,34.6845,123.3,111.5,False,False,False,2.2397972365323957,2.4768340741205774
2024-03-03 21:40:00,6.6688,11.0748,34.072,33.119,34.826,119.7,114.8,False,False,False,2.1800511119929453,2.2731020740902053
2024-03-03 21:45:00,6.7074,11.055,34.3645,32.565,34.991,122.7,114.3,False,False,False,2.0965747363080682,2.2506537195538057
2024-03-03 21:50:00,6.736199999999999,11.064,34.489,33.351,34.898,121.5,117.7,False,False,False,2.1245443284773664,2.1931362439252338
2024-03-03 21:55:00,6.7552,11.0836,34.564,34.067,35.198,128.8,124.2,False,False,False,2.0256946539078675,2.100720381830381
2024-03-03 22:00:00,6.7598,11.215399999999999,34.4975,34.38,35.724000000000004,125.4,117.0,False,False,False,2.1576964972222212,2.3126080406125347
2024-03-03 22:05:00,6.806,11.1668,35.238,34.038,35.146,126.2,118.4,False,False,False,2.094800198943476,2.2328022390765767
2024-03-03 22:10:00,6.8111999999999995,11.172,35.064,34.128,36.1965,118.8,118.4,False,False,False,2.2458809787037044,2.253468414442568
2024-03-03 22:15:00,6.8992,11.2574,35.102,34.141,36.1145,129.0,122.1,False,False,False,2.066458501475021,2.1832362546296293
2024-03-03 22:20:00,6.715000000000001,11.3164,35.331,34.11,36.077999999999996,133.5,119.5,False,False,False,2.111461536816479,2.358829415606694
2024-03-03 22:25:00,6.7086,11.183,35.273,34.481,36.721000000000004,125.6,116.7,False,False,False,2.2020977897204532,2.370038409502047
2024-03-03 22:30:00,6.7856,11.116800000000001,36.4,34.275999999999996,35.864,133.1,126.2,False,False,False,2.0127352874196514,2.1227818284909317
2024-03-03 22:35:00,6.868399999999999,11.1396,36.036,34.929500000000004,36.868,127.0,123.1,False,False,False,2.1054438986614175,2.172147645247766
2024-03-03 22:40:00,6.981399999999999,11.1508,35.629999999999995,34.479,37.588,126.3,125.6,False,False,False,2.064037591409343,2.0755409856289813
2024-03-03 22:45:00,6.8511,11.278,36.303,35.105000000000004,37.178,127.4,122.4,False,False,False,2.190523437785627,2.280005604361837
2024-03-03 22:50:00,6.8706000000000005,11.276599999999998,36.766000000000005,35.97,36.736000000000004,133.2,123.0,False,False,False,2.1022632859526187,2.276597314543811
2024-03-03 22:55:00,6.876,11.1408,36.435,36.016,37.4905,131.0,124.8,False,False,False,2.0779391098982183,2.1811700592681618
2024-03-03 23:00:00,6.9468000000000005,11.4284,37.222,35.707499999999996,37.804,142.0,125.4,False,False,False,2.028932316165884,2.297515062962962
2024-03-03 23:05:00,6.922,11.3918,37.004000000000005,35.824,37.681,135.8,123.8,False,False,False,2.1116880173825887,2.316375062686232
2024-03-03 23:10:00,6.9631,11.429,36.72,36.013,37.929,133.2,125.0,False,False,False,2.1540067983024693,2.295309644271111
2024-03-03 23:15:00,6.7896,11.3724,37.559000000000005,36.256,38.730000000000004,142.7,126.1,False,False,False,2.0983451341976176,2.3745745491673276
2024-03-03 23:20:00,7.012600000000001,11.635,37.53,36.864999999999995,38.827999999999996,141.8,132.5,False,False,False,2.142741282651621,2.293137463245282
2024-03-03 23:25:00,6.832800000000001,11.484,38.567,36.855000000000004,38.368,141.6,123.3,False,False,False,2.1699495847457624,2.4920102287104617
2024-03-03 23:30:00,6.922199999999999,11.5806,37.602,37.18,38.457,143.3,134.7,False,False,False,2.1371273268667137,2.2735734665181897
2024-03-03 23:35:00,7.0592,11.638,38.260000000000005,37.109,38.789,142.8,132.3,False,False,False,2.1250717774198566,2.293728267691274
2024-03-03 23:40:00,7.029999999999999,11.6136,38.593,37.473,39.6315,150.9,136.6,False,False,False,2.0402586655805908,2.2538435771311214
2024-03-03 23:45:00,6.956,11.5652,38.878,37.399,39.405,140.7,130.7,False,False,False,2.2000929509121065,2.368424469727111
2024-03-03 23:50:00,7.034000000000001,11.6508,38.786,37.986000000000004,39.521,143.9,131.6,False,False,False,2.166095633186626,2.368549860300574
2024-03-03 23:55:00,6.922,11.8478,39.212,37.388,39.174,143.9,134.6,False,False,False,2.3007572767122224,2.4597249043008085
2024-03-04 00:00:00,7.0902,11.6104,39.86,38.546,40.359,144.7,141.6,False,False,False,2.153879378349843,2.201033517282643
2024-03-04 00:05:00,7.0394000000000005,11.530100000000001,39.161,38.296,40.205,145.8,145.4,False,False,False,2.103955406390032,2.1097434542755615
2024-03-04 00:10:00,7.1024,11.8036,39.843,38.567,40.382999999999996,151.3,146.4,False,False,False,2.1429124841080998,2.214635647852155
2024-03-04 00:15:00,7.048,11.7622,40.066,38.804,41.128,146.0,140.6,False,False,False,2.249432371849315,2.335825933783784
2024-03-04 00:20:00,7.0608,11.764,40.238,38.749,40.28,149.0,139.9,False,False,False,2.1856029058463826,2.3277686416805645
2024-03-04 00:25:00,7.0904,11.897200000000002,40.5,39.243,41.13,160.9,151.6,False,False,False,2.09639490207168,2.2249996025285843
2024-03-04 00:30:00,6.910200000000001,11.7297,41.238,39.858,41.167,150.1,146.4,False,False,False,2.27908291613924,2.3366826892930317
2024-03-04 00:35:00,7.0876,11.852599999999999,40.8335,39.683,41.509,153.9,147.6,False,False,False,2.193404177812071,2.287025087840635
2024-03-04 00:40:00,7.027299999999999,11.9092,41.1115,39.548,41.989,159.5,142.7,False,False,False,2.1793863085919543,2.4359643743547075
2024-03-04 00:45:00,7.055,11.8462,41.912,39.78,42.06,156.4,146.7,False,False,False,2.2009164841148054,2.346444022600924
2024-03-04 00:50:00,7.078399999999999,11.8208,42.3835,40.486000000000004,43.410000000000004,160.7,150.4,False,False,False,2.1635101857705874,2.3116761093971636
2024-03-04 00:55:00,7.1914,11.987,42.168,40.9265,42.523,158.6,142.3,False,False,False,2.2051274720996217,2.4577176182361207
2024-03-04 01:00:00,7.058400000000001,12.068999999999999,42.4795,40.888,43.089999999999996,157.4,149.2,False,False,False,2.3370789468710282,2.465524304540884
2024-03-04 01:05:00,7.198,11.929599999999999,41.907,41.875,43.349000000000004,162.9,153.4,False,False,False,2.1437897359729887,2.2765537678617984
2024-03-04 01:10:00,7.190299999999999,12.0048,43.057,42.179,43.886,162.0,157.7,False,False,False,2.227820552486283,2.288566452141901
2024-03-04 01:15:00,7.179399999999999,12.061,42.4145,41.605000000000004,43.359,163.2,153.4,False,False,False,2.211983848897059,2.353297028292047
2024-03-04 01:20:00,7.1256,12.027199999999999,42.949,42.415,43.730000000000004,167.5,152.0,False,False,False,2.193173042016583,2.4168189772222215
2024-03-04 01:25:00,7.109999999999999,11.8918,43.42,42.239,43.932,167.7,155.6,False,False,False,2.145245361329756,2.312067140713368
2024-03-04 01:30:00,7.1293999999999995,12.2436,43.714999999999996,42.716,44.738,163.1,158.8,False,False,False,2.387804354148784,2.452461524947523
2024-03-04 01:35:00,7.215999999999999,12.0666,43.87,42.708,44.124,163.8,163.8,False,False,False,2.247023340299824,2.247023340299824
2024-03-04 01:40:00,7.1370000000000005,12.3072,43.925,43.509,45.744,170.3,158.6,False,False,False,2.3473020026815417,2.5204636258301805
2024-03-04 01:45:00,7.2018,12.0658,44.0755,43.275999999999996,46.154,171.1,153.6,False,False,False,2.2033652699525934,2.454399724537036
2024-03-04 01:50:00,7.186400000000001,12.2436,43.963,43.35,46.85,176.2,165.4,False,False,False,2.2355313853007943,2.3815032048972182
2024-03-04 01:55:00,7.3316,12.265,45.063,43.843,45.439,171.3,165.7,False,False,False,2.246230187568917,2.322143820944813
2024-03-04 02:00:00,7.131,12.223400000000002,44.745,43.669,46.003,177.7,162.3,False,False,False,2.2363154557806544,2.4485105144314367
2024-03-04 02:05:00,7.326600000000001,12.332,45.62,44.354,46.322,180.9,166.2,False,False,False,2.1894101048092867,2.383058290974729
2024-03-04 02:10:00,7.2438,12.2666,46.357,44.971,47.357,184.1,166.8,False,False,False,2.196672804061802,2.424505175226485
2024-03-04 02:15:00,7.3378,12.2956,46.189,44.778,46.65,179.2,171.7,False,False,False,2.210379628338914,2.306930864288488
2024-03-04 02:20:00,7.4037999999999995,12.4118,46.472,45.422000000000004,47.5245,183.7,168.5,False,False,False,2.206578361942781,2.405628754236729
2024-03-04 02:25:00,7.384399999999999,12.2204,46.812,44.945,47.577999999999996,180.0,172.0,False,False,False,2.1732905638888886,2.2743738459302323
2024-03-04 02:30:00,7.3294,12.482800000000001,47.188,45.423,47.765,182.7,164.7,False,False,False,2.2987511218390813,2.5499807526411664
2024-03-04 02:35:00,7.3332,12.366200000000001,47.402,45.91,47.226,178.4,175.7,False,False,False,2.301810858650972,2.3371830232403723
2024-03-04 02:40:00,7.3646,12.5228,48.159000000000006,46.61,48.957,189.2,177.9,False,False,False,2.2748678312015502,2.4193647760726997
2024-03-04 02:45:00,7.3870000000000005,12.401900000000001,47.388,46.385000000000005,48.755,182.7,178.5,False,False,False,2.271264465803078,2.324705982645503
2024-03-04 02:50:00,7.3862,12.671,47.68,46.608,48.9865,184.6,177.4,False,False,False,2.3812749671722644,2.4779219782412625
2024-03-04 02:55:00,7.354000000000001,12.6224,49.301,47.05,49.019999999999996,186.5,182.7,False,False,False,2.3840835339231448,2.433670383561393
2024-03-04 03:00:00,7.4592,12.5769,48.491,46.292,49.186,195.8,187.2,False,False,False,2.1846149929307113,2.2849765791444088
2024-03-04 03:05:00,7.388800000000001,12.614,48.804,47.596,48.86,184.9,181.2,False,False,False,2.3831744391563006,2.4318374933774836
2024-03-04 03:10:00,7.2872,12.5342,49.1195,47.499,49.037,187.9,181.6,False,False,False,2.361320610497605,2.4432386713243393
2024-03-04 03:15:00,7.3484,12.549000000000001,49.892,47.152,50.489,194.8,178.6,False,False,False,2.2866382192305506,2.4940488527777784
2024-03-04 03:20:00,7.2612,12.736799999999999,49.167,47.661,50.559000000000005,201.1,186.7,False,False,False,2.329821285082048,2.5095182668987674
2024-03-04 03:25:00,7.3354,12.734,49.567,47.775999999999996,50.869,197.4,183.4,False,False,False,2.3532125459979736,2.532847091494002
2024-03-04 03:30:00,7.384,12.6782,49.83,48.637,51.909000000000006,188.4,185.7,False,False,False,2.4532497259495165,2.488918946520673
2024-03-04 03:35:00,7.3873999999999995,12.5728,49.512,49.131,50.424,200.0,183.3,False,False,False,2.2437660077250006,2.4481898611292965
2024-03-04 03:40:00,7.391800000000001,12.5502,50.5865,48.644999999999996,51.303,200.5,191.5,False,False,False,2.248435680842338,2.354106287252683
2024-03-04 03:45:00,7.523000000000001,12.703,50.685,48.961,50.82333333333334,202.2,186.7,False,False,False,2.2378985280433743,2.4236908536174093
2024-03-04 03:50:00,7.2906,12.7743,51.111000000000004,49.463,51.76466666666666,197.8,194.8,False,False,False,2.451891995247725,2.4896521389117043
2024-03-04 03:55:00,7.6328000000000005,12.822999999999999,50.826,48.959,52.44500000000001,207.7,195.7,False,False,False,2.208470637591611,2.3438904007551233
2024-03-04 04:00:00,7.4756,12.8988,51.29600000000001,49.785000000000004,52.847,200.0,200.7,False,False,False,2.4231875956444444,2.414736019575929
2024-03-04 04:05:00,7.425400000000001,12.754999999999999,52.144000000000005,50.405,52.492,211.8,198.4,False,False,False,2.2649520163466574,2.417927606160393
2024-03-04 04:10:00,7.5196,12.984199999999998,51.33,50.567,54.0665,206.7,196.4,False,False,False,2.3937823428868987,2.5193218445759773
2024-03-04 04:15:00,7.431400000000001,12.923599999999999,52.07899999999999,50.964999999999996,52.562,213.8,199.7,False,False,False,2.320645308424279,2.4844965795749165
2024-03-04 04:20:00,7.4506,12.9732,52.2625,50.509,52.982000000000006,214.8,203.7,False,False,False,2.324828449357283,2.4515127683944256
2024-03-04 04:25:00,7.362399999999999,12.814100000000002,52.727999999999994,50.56,53.178999999999995,207.6,196.0,False,False,False,2.3854545209149545,2.52663448235686
2024-03-04 04:30:00,7.4726,12.861799999999999,52.754,50.903499999999994,54.038,213.4,192.5,False,False,False,2.312027374484535,2.56304748942857
2024-03-04 04:35:00,7.453799999999999,12.9255,53.138,51.64,53.785000000000004,215.1,200.6,False,False,False,2.3416797861963428,2.5109437787180124
2024-03-04 04:40:00,7.4323999999999995,12.870600000000001,53.339999999999996,52.254,54.580999999999996,215.8,205.1,False,False,False,2.3433774864200396,2.465630724375644
2024-03-04 04:45:00,7.4096,12.9964,53.321000000000005,51.539,54.469500000000004,212.8,201.6,False,False,False,2.4284629356646827,2.56337754320161
2024-03-04 04:50:00,7.3902,12.923599999999999,53.080499999999994,51.943000000000005,53.782000000000004,215.6,206.7,False,False,False,2.3662064512896817,2.4680895544172974
2024-03-04 04:55:00,7.4375,13.0952,53.908,52.379999999999995,54.340999999999994,227.3,201.3,False,False,False,2.3211767964474257,2.6209810523224037
2024-03-04 05:00:00,7.494200000000001,12.936699999999998,53.822,51.802,54.690999999999995,221.8,207.1,False,False,False,2.2837830250914224,2.4458864073649322
2024-03-04 05:05:00,7.5798000000000005,13.1024,53.715999999999994,52.266,54.25699999999999,220.2,212.9,False,False,False,2.333126493498334,2.413125664012837
2024-03-04 05:10:00,7.5342,13.0594,54.1755,51.908,55.06700000000001,223.1,200.8,False,False,False,2.316988485524678,2.5743034418354362
2024-03-04 05:15:00,7.499899999999999,13.0994,54.595000000000006,52.42999999999999,55.789,227.8,203.9,False,False,False,2.323437854075212,2.5957780439349354
2024-03-04 05:20:00,7.5144,13.215,54.087,52.694,55.431,220.9,210.7,False,False,False,2.4302537219556353,2.547902454579971
2024-03-04 05:25:00,7.5212,13.097399999999999,54.873000000000005,52.568,55.713,223.4,217.1,False,False,False,2.3642678923356204,2.4328763111367
2024-03-04 05:30:00,7.49,13.1132,54.24300000000001,53.117999999999995,55.775999999999996,231.3,217.7,False,False,False,2.3025239405966276,2.4463655831878732
2024-03-04 05:35:00,7.404999999999999,13.064400000000001,55.113,53.32000000000001,55.141999999999996,225.5,215.7,False,False,False,2.383332079268293,2.491615131548447
2024-03-04 05:40:00,7.5316,13.101400000000002,54.806,53.702999999999996,56.638999999999996,229.2,203.0,False,False,False,2.3299258053810354,2.6306354413464694
2024-03-04 05:45:00,7.393000000000001,13.3138,56.112,53.092,56.107000000000006,230.1,218.2,False,False,False,2.469501594466174,2.604181103971891
2024-03-04 05:50:00,7.5822,13.1464,55.340999999999994,54.065,56.515,224.1,213.9,False,False,False,2.3916962206083587,2.505746250763596
2024-03-04 05:55:00,7.5676000000000005,13.253,55.412,53.74400000000001,56.919,224.1,214.4,False,False,False,2.4460606158584954,2.5567266045423915
2024-03-04 06:00:00,7.5024,12.998099999999999,55.39,54.101,56.270500000000006,230.4,219.2,False,False,False,2.2954508389992037,2.412736648291134
2024-03-04 06:05:00,7.5354,13.2036,55.965999999999994,54.3015,56.608000000000004,225.5,214.6,False,False,False,2.4352019610975604,2.5588911566985084
2024-03-04 06:10:00,7.598000000000001,13.203399999999998,55.897000000000006,54.178,57.20700000000001,222.6,220.4,False,False,False,2.4455381759159414,2.469949174042144
2024-03-04 06:15:00,7.404599999999999,13.140199999999998,55.499,54.38099999999999,57.142999999999994,231.2,216.5,False,False,False,2.4055317405469046,2.56886345687965
2024-03-04 06:20:00,8.305800000000001,13.1326,56.455499999999994,54.568,57.3925,233.4,218.5,False,False,False,2.022020647662572,2.159906723864734
2024-03-04 06:25:00,7.5658,13.111799999999999,56.108000000000004,54.416,57.20399999999999,235.1,220.9,False,False,False,2.297082482536981,2.444744643026004
2024-03-04 06:30:00,7.556,13.2778,55.6005,54.900999999999996,57.617,232.8,215.6,False,False,False,2.39888257158863,2.5902591032738087
2024-03-04 06:35:00,7.3332,13.176599999999999,55.587,54.940999999999995,57.295,228.1,218.5,False,False,False,2.495948364555019,2.605610169130434
2024-03-04 06:40:00,7.4046,13.3298,56.484,54.963,58.205,232.1,227.0,False,False,False,2.514378433070037,2.5708688736368086
2024-03-04 06:45:00,7.5264,13.1748,57.068,54.686,56.967999999999996,230.0,223.2,False,False,False,2.405542911391304,2.478830061021505
2024-03-04 06:50:00,7.6318,13.0836,56.102999999999994,54.847,57.70700000000001,237.1,226.1,False,False,False,2.2514199893786024,2.360953911904762
2024-03-04 06:55:00,7.4994,13.0238,56.725,55.1235,57.04600000000001,237.1,228.0,False,False,False,2.2846141119804115,2.375798271712963
2024-03-04 07:00:00,7.4896,13.125200000000001,56.878,55.2515,57.4855,230.9,224.7,False,False,False,2.4033901093065784,2.469705279211789
2024-03-04 07:05:00,7.373900000000001,13.0388,56.827999999999996,54.867,57.617,241.3,222.4,False,False,False,2.3076314603674533,2.5037386303357305
2024-03-04 07:10:00,7.3435999999999995,13.1882,56.86900000000001,55.348,58.197,242.5,222.4,False,False,False,2.3844713385979386,2.5999743687500003
2024-03-04 07:15:00,7.4438,13.366200000000001,57.415,55.263,58.116,237.3,218.8,False,False,False,2.474664870890106,2.6839029884013805
2024-03-04 07:20:00,7.422199999999999,13.314400000000001,57.121,54.69,57.592999999999996,240.9,227.6,False,False,False,2.4055153129375957,2.546083650644406
2024-03-04 07:25:00,7.3501,13.3128,56.863,55.051,58.287,238.0,223.1,False,False,False,2.4755510978559747,2.6408837350503003
2024-03-04 07:30:00,7.4266000000000005,13.1176,57.029999999999994,55.354,57.797000000000004,231.2,221.7,False,False,False,2.431955435878027,2.5361664265899857
2024-03-04 07:35:00,7.4214,13.321800000000001,56.169000000000004,55.391999999999996,57.4535,238.7,221.7,False,False,False,2.4254749052995392,2.611460802413171
2024-03-04 07:40:00,7.479000000000001,13.051999999999998,56.635000000000005,55.056000000000004,58.06,247.8,215.5,False,False,False,2.2163781892543253,2.548577797202886
2024-03-04 07:45:00,7.391800000000001,13.091800000000001,57.113,55.351,58.431999999999995,234.9,220.5,False,False,False,2.4075067972186743,2.5647317309145876
2024-03-04 07:50:00,7.4428,13.279,57.414,55.278999999999996,57.973,239.2,229.0,False,False,False,2.4174627232302117,2.5251401021688498
2024-03-04 07:55:00,7.5664,13.195599999999999,56.614,55.0615,57.888999999999996,243.5,222.1,False,False,False,2.2757598566119093,2.495036132755515
2024-03-04 08:00:00,7.412000000000001,13.239600000000001,56.812,55.302,57.815999999999995,243.7,228.0,False,False,False,2.3591092214015412,2.5215566546296295
2024-03-04 08:05:00,7.4464,13.1508,57.165,55.81699999999999,58.141999999999996,240.2,222.9,False,False,False,2.3593462257193085,2.5424628237675093
2024-03-04 08:10:00,7.315600000000001,13.265199999999998,56.658,55.495000000000005,58.645,239.9,223.5,False,False,False,2.4591447152424606,2.639592023206561
2024-03-04 08:15:00,7.3696,13.1688,56.69500000000001,55.826,57.813,234.4,231.5,False,False,False,2.4465585295221834,2.4772065629373645
2024-03-04 08:20:00,7.3427999999999995,13.2512,56.70399999999999,55.638999999999996,57.964,239.7,226.3,False,False,False,2.437126879307468,2.581437529695095
2024-03-04 08:25:00,7.404599999999999,13.081800000000001,57.13099999999999,55.372,57.947,241.6,233.4,False,False,False,2.3252949855132456,2.4069891538131967
2024-03-04 08:30:00,7.461,13.2072,57.169000000000004,55.4225,57.88099999999999,237.3,231.5,False,False,False,2.396520316705295,2.45656272636789
2024-03-04 08:35:00,7.3018,13.272,56.321000000000005,55.529999999999994,58.657,235.6,224.4,False,False,False,2.508430886559139,2.6336288630718947
2024-03-04 08:40:00,7.3554,13.2242,57.32000000000001,55.326,57.838,242.2,220.4,False,False,False,2.3982948932562618,2.635512809195402
2024-03-04 08:45:00,7.4708,13.028,56.189499999999995,55.513999999999996,57.385000000000005,235.5,228.9,False,False,False,2.316450223517339,2.383241710958206
2024-03-04 08:50:00,7.4551,13.225200000000001,56.30800000000001,54.851,58.349000000000004,239.1,222.4,False,False,False,2.3748585570565552,2.553186515252798
2024-03-04 08:55:00,7.198,12.9174,56.83299999999999,54.622,57.247,236.2,225.7,False,False,False,2.371562608537962,2.4818922823955103
2024-03-04 09:00:00,7.3352,12.915600000000001,56.013,55.166999999999994,57.858000000000004,247.3,225.3,False,False,False,2.2144676723817227,2.4307050837993787
2024-03-04 09:05:00,7.4856,13.0298,56.92999999999999,54.81699999999999,57.263999999999996,229.0,228.1,False,False,False,2.375538989759825,2.384912006378781
2024-03-04 09:10:00,7.316599999999999,13.1026,56.334500000000006,54.833000000000006,57.686,235.3,225.4,False,False,False,2.410517865597111,2.5163924302351384
2024-03-04 09:15:00,7.2568,13.0962,55.827,54.4145,57.178,238.6,223.8,False,False,False,2.3787434864801615,2.536050919902442
2024-03-04 09:20:00,7.3957999999999995,13.0178,56.676,54.044000000000004,57.864,227.8,215.7,False,False,False,2.415445600819432,2.550943476433318
2024-03-04 09:25:00,7.2506,12.924199999999999,56.36800000000001,54.282000000000004,57.416,239.4,221.2,False,False,False,2.312374742857142,2.502633424231464
2024-03-04 09:30:00,7.352199999999999,12.8954,55.965999999999994,54.346000000000004,56.616499999999995,235.1,222.6,False,False,False,2.2849789072120616,2.413290840456225
2024-03-04 09:35:00,7.2112,12.842400000000001,55.495000000000005,54.311,56.291,243.3,219.8,False,False,False,2.2318469895145454,2.470465753179658
2024-03-04 09:40:00,7.32,12.8868,55.424,54.090999999999994,56.657000000000004,235.1,223.7,False,False,False,2.2843077948674315,2.400718652540604
2024-03-04 09:45:00,7.37,12.8042,55.193000000000005,54.342999999999996,56.449,232.7,223.4,False,False,False,2.250359291684572,2.344040318598925
2024-03-04 09:50:00,7.189,12.7758,55.970000000000006,53.7405,57.164,238.8,219.2,False,False,False,2.266535704324865,2.4692003932152273
2024-03-04 09:55:00,7.179,12.929599999999999,55.016999999999996,54.376,56.992,234.1,230.2,False,False,False,2.3728468179434232,2.413047089837339
2024-03-04 10:00:00,7.233200000000001,12.892000000000001,54.791,53.633,56.373000000000005,236.4,222.5,False,False,False,2.2901818021761615,2.4332538338626724
2024-03-04 10:05:00,7.2506,12.9144,55.007000000000005,53.06,56.589,232.1,217.3,False,False,False,2.3326743553449183,2.491549553039832
2024-03-04 10:10:00,7.214,12.7584,54.52,53.230999999999995,55.392999999999994,234.1,221.6,False,False,False,2.243200188219659,2.3697344948656234
2024-03-04 10:15:00,7.2736,12.8084,54.346000000000004,53.283,55.81699999999999,239.8,217.7,False,False,False,2.190134747094801,2.412468132077783
2024-03-04 10:20:00,7.2585999999999995,12.9388,54.36,52.635000000000005,55.038,232.4,217.5,False,False,False,2.2991894714500862,2.456697163977012
2024-03-04 10:25:00,7.2025999999999994,12.758199999999999,54.154999999999994,52.713,55.71900000000001,230.3,211.0,False,False,False,2.2770188941332554,2.485295977814639
2024-03-04 10:30:00,7.1196,12.5692,54.85,52.037,55.352,225.7,209.9,False,False,False,2.2742181087185545,2.44540746611614
2024-03-04 10:35:00,7.1362,12.6732,54.985,53.053999999999995,55.452999999999996,228.7,222.8,False,False,False,2.2979927323033573,2.358846220277279
2024-03-04 10:40:00,7.138599999999999,12.624,53.899,52.039,55.8615,233.4,217.0,False,False,False,2.20764079614991,2.374485538347415
2024-03-04 10:45:00,7.141800000000001,12.888200000000001,53.599000000000004,51.725,53.916999999999994,232.1,212.4,False,False,False,2.2888608696155868,2.5011516376543206
2024-03-04 10:50:00,7.022799999999999,12.593399999999999,53.561,52.016,54.134,224.3,218.3,False,False,False,2.302773990555803,2.366065992128569
2024-03-04 10:55:00,7.2104,12.593599999999999,54.003,51.849000000000004,54.293000000000006,231.5,211.1,False,False,False,2.1619551940964716,2.370879334122848
2024-03-04 11:00:00,7.178,12.667399999999999,52.867,51.306999999999995,54.001999999999995,221.6,211.1,False,False,False,2.274780496510228,2.3879268499605235
2024-03-04 11:05:00,7.2904,12.5246,52.885000000000005,51.650999999999996,54.528999999999996,228.3,207.5,False,False,False,2.1172045408940474,2.3294351647523426
2024-03-04 11:10:00,7.0840000000000005,12.556000000000001,53.652,51.503,53.588,225.7,212.7,False,False,False,2.2343587168808154,2.3709203685942644
2024-03-04 11:15:00,7.2004,12.5314,52.826,50.5045,53.2735,220.8,216.1,False,False,False,2.195109804196859,2.242851664815671
2024-03-04 11:20:00,7.1228,12.4636,51.9,50.78,53.802499999999995,218.1,213.8,False,False,False,2.2246424018543993,2.2693849758860822
2024-03-04 11:25:00,7.0123999999999995,12.556000000000001,51.787,50.796,52.922000000000004,219.3,209.8,False,False,False,2.282135345569236,2.38547321870035
2024-03-04 11:30:00,6.9896,12.506,51.659000000000006,50.327,53.689,218.8,208.8,False,False,False,2.278615733927483,2.3877448399584926
2024-03-04 11:35:00,7.0468,12.5604,51.834,50.498000000000005,52.143499999999996,215.6,202.5,False,False,False,2.2934532623582764,2.441819868466392
2024-03-04 11:40:00,7.0416,12.5046,51.86,50.038,52.384,218.4,204.5,False,False,False,2.2404621527014643,2.392747844254278
2024-03-04 11:45:00,7.0569999999999995,12.4514,50.702999999999996,49.994,52.708000000000006,214.8,197.8,False,False,False,2.2366198244878954,2.4288470085945395
2024-03-04 11:50:00,7.159000000000001,12.427200000000001,51.039,49.79,52.501,219.8,202.5,False,False,False,2.1335630769639065,2.3158378484773663
2024-03-04 11:55:00,7.075,12.339400000000001,50.388999999999996,49.160000000000004,51.513,210.0,198.9,False,False,False,2.198510789619048,2.3212029452991456
2024-03-04 12:00:00,6.9274000000000004,12.3488,51.275,49.137,51.452999999999996,210.4,196.1,False,False,False,2.271784833108893,2.4374478780525806
2024-03-04 12:05:00,6.8436,12.206399999999999,50.817,48.894999999999996,51.583000000000006,215.9,195.3,False,False,False,2.181761729118418,2.411891230500084
2024-03-04 12:10:00,6.8396,12.5313,49.4,49.03,51.4405,207.3,204.1,False,False,False,2.388925688664442,2.426380672514154
2024-03-04 12:15:00,7.0802,12.265,49.704,48.75,51.583000000000006,209.3,198.6,False,False,False,2.1577689395657482,2.2740233587669243
2024-03-04 12:20:00,6.9007000000000005,12.318999999999999,50.102,48.452999999999996,50.786,207.4,191.6,False,False,False,2.2650465702708122,2.451830160094815
2024-03-04 12:25:00,7.1096,12.1816,49.622,48.076,50.079,203.1,193.6,False,False,False,2.142495668472017,2.247628462121212
2024-03-04 12:30:00,6.9724,12.2682,49.476,47.824,49.9935,210.4,196.2,False,False,False,2.152351548844792,2.308128266447219
2024-03-04 12:35:00,6.892,12.2066,49.135000000000005,47.196999999999996,49.7495,203.4,191.9,False,False,False,2.2159432786941435,2.3487382120187013
2024-03-04 12:40:00,6.896600000000001,11.992,48.878,47.467,49.675,203.2,192.6,False,False,False,2.1257427598972,2.2427358712934113
2024-03-04 12:45:00,6.989199999999999,12.141,48.783,46.706,48.327,202.0,185.0,False,False,False,2.1294066993839387,2.3250819095975976
2024-03-04 12:50:00,6.8908000000000005,12.0458,48.862,46.224000000000004,49.214999999999996,195.8,195.5,False,False,False,2.205611960830212,2.208996531614095
2024-03-04 12:55:00,6.8424000000000005,11.9932,47.281,46.463,48.3295,198.7,184.9,False,False,False,2.138127920569815,2.297706964939006
2024-03-04 13:00:00,6.9271,12.0158,47.055,45.803000000000004,47.842,197.6,187.5,False,False,False,2.103573982371795,2.216886500888889
2024-03-04 13:05:00,6.861199999999999,11.9456,47.165,45.862,49.316,201.8,190.7,False,False,False,2.082084965626033,2.2032760674532432
2024-03-04 13:10:00,6.828,12.013,46.917,45.788,47.682,204.3,185.6,False,False,False,2.0684787941888287,2.2768869485602248
2024-03-04 13:15:00,6.692,11.9864,46.717,45.306,47.921,195.3,185.7,False,False,False,2.202483050896057,2.316343240926225
2024-03-04 13:20:00,6.7754,11.8226,46.337,45.361000000000004,47.644,195.3,187.5,False,False,False,2.0906151641577058,2.1775847549866665
2024-03-04 13:25:00,6.831999999999999,11.855799999999999,47.513,44.422000000000004,47.989999999999995,196.7,176.7,False,False,False,2.0747562550838845,2.3095900134408605
2024-03-04 13:30:00,6.8988,11.829,46.726,44.93,46.687,196.2,179.9,False,False,False,2.0182107210244657,2.201072503974431
2024-03-04 13:35:00,6.8546,11.952000000000002,45.751999999999995,43.879000000000005,46.451,190.8,182.9,False,False,False,2.110643152242022,2.2018081653787744
2024-03-04 13:40:00,6.8138000000000005,11.8054,46.164,44.108999999999995,46.807,193.7,177.0,False,False,False,2.050822324786324,2.244317990458254
2024-03-04 13:45:00,6.8473,11.7466,45.309,43.381,46.966,193.0,183.7,False,False,False,1.9992150709153715,2.1004273744510984
2024-03-04 13:50:00,6.859,11.8036,45.251,43.714999999999996,45.396,187.8,177.8,False,False,False,2.0537889916400425,2.16930018352081
2024-03-04 13:55:00,6.8414,11.697199999999999,45.68,43.286,46.332,192.2,171.5,False,False,False,1.9844610061220944,2.223984871000971
2024-03-04 14:00:00,6.7754,11.696200000000001,45.373000000000005,43.679,45.275,183.4,173.0,False,False,False,2.0923940844904885,2.218179624829801
2024-03-04 14:05:00,6.6335999999999995,11.818999999999999,44.964999999999996,43.225,45.082,190.4,174.8,False,False,False,2.107162456512605,2.295215856521739
2024-03-04 14:10:00,6.7798,11.6176,44.432,43.622,44.87,182.8,166.8,False,False,False,2.0422970305251638,2.238200822422062
2024-03-04 14:15:00,6.640000000000001,11.5578,43.42,42.367000000000004,45.279,178.2,174.5,False,False,False,2.099892167558299,2.1444171017701366
2024-03-04 14:20:00,6.697799999999999,11.5846,43.222,42.158,44.06,177.8,176.8,False,False,False,2.0654044014498187,2.0770865530417293
2024-03-04 14:25:00,6.630199999999999,11.642999999999999,42.882999999999996,41.956,44.65,173.4,170.9,False,False,False,2.1732412849673195,2.205032409674273
2024-03-04 14:30:00,6.601000000000001,11.590399999999999,43.785000000000004,41.824,44.662,176.9,161.3,False,False,False,2.1331039605960673,2.3394053975787
2024-03-04 14:35:00,6.6258,11.6002,42.537,41.985,44.0615,172.5,166.3,False,False,False,2.1526857381900153,2.23294221189283
2024-03-04 14:40:00,6.6676,11.5348,42.218,40.843,43.072,172.0,164.7,False,False,False,2.0721598572093027,2.1640042224650884
2024-03-04 14:45:00,6.5354,11.4186,42.757,40.384499999999996,42.215,175.5,165.6,False,False,False,2.0249673932763526,2.146025226570048
2024-03-04 14:50:00,6.6462,11.4384,42.334,40.682,42.344,168.9,157.6,False,False,False,2.0649429334912175,2.21300039001692
2024-03-04 14:55:00,6.6331999999999995,11.5384,41.688,40.305,42.641000000000005,168.3,159.5,False,False,False,2.1088851196804645,2.2252374021455936
2024-03-04 15:00:00,6.6598,11.5136,41.943,40.226,41.908,165.1,155.9,False,False,False,2.1177265126085203,2.242698186219799
2024-03-04 15:05:00,6.624,11.5054,41.147000000000006,39.827999999999996,42.211,163.0,151.1,False,False,False,2.141716246482618,2.310388803287007
2024-03-04 15:10:00,6.601000000000001,11.3796,40.977999999999994,39.897000000000006,41.928,171.8,158.8,False,False,False,1.983034550869874,2.1453736513818913
2024-03-04 15:15:00,6.6244,11.1736,40.749,39.004000000000005,42.259,164.7,160.2,False,False,False,1.956535637077515,2.0114945032875577
2024-03-04 15:20:00,6.6318,11.2726,40.813,39.335,40.870999999999995,168.0,152.1,False,False,False,1.9408005922089948,2.1436850722624006
2024-03-04 15:25:00,6.647,11.4094,41.482,38.476,41.722,161.6,153.6,False,False,False,2.081840722772277,2.190269927083333
2024-03-04 15:30:00,6.5714,11.2755,40.263,38.813,40.864999999999995,163.2,148.7,False,False,False,2.0070945966588365,2.2028099406504515
2024-03-04 15:35:00,6.6324,11.256,39.483,38.587,40.951,158.7,156.1,False,False,False,2.013124843877337,2.0466554306427502
2024-03-04 15:40:00,6.6364,11.3022,40.269,38.45,40.347,158.2,149.5,False,False,False,2.038689981830313,2.157329465722779
2024-03-04 15:45:00,6.6312,11.2182,39.387,38.581,40.303,157.3,142.4,False,False,False,2.002267378205128,2.211774287862827
2024-03-04 15:50:00,6.4574,11.2268,38.958,37.933,39.076,159.3,147.9,False,False,False,2.015701315620422,2.1710697740252423
2024-03-04 15:55:00,6.474200000000001,11.159600000000001,39.013,36.869,38.802499999999995,158.8,141.6,False,False,False,1.9644667657903023,2.203088435081215
2024-03-04 16:00:00,6.609,11.2312,38.93,37.562,39.912,154.1,140.9,False,False,False,2.027018834797029,2.2169169797176873
2024-03-04 16:05:00,6.6208,11.088,38.618,37.263,39.706,160.1,142.8,False,False,False,1.8723922808244844,2.0992297210084025
2024-03-04 16:10:00,6.685,11.1836,38.451,37.507999999999996,38.132,143.6,146.9,False,False,False,2.0750000478450947,2.0283867043604875
2024-03-04 16:15:00,6.6188,11.0708,38.559000000000005,36.656,38.325,152.7,142.5,False,False,False,1.9218026762715563,2.0593632888888886
2024-03-04 16:20:00,6.6328000000000005,11.020399999999999,37.845,37.143,38.318,149.4,140.6,False,False,False,1.93184876116317,2.0527610591591583
2024-03-04 16:25:00,6.5902,11.0824,38.069,36.69,39.178999999999995,148.6,134.9,False,False,False,1.9996438476222518,2.2027210953051637
2024-03-04 16:30:00,6.5968,10.9714,37.638999999999996,36.266,38.302,142.8,138.5,False,False,False,1.995601756921101,2.0575590677857996
2024-03-04 16:35:00,6.5366,11.020199999999999,37.664,36.212,38.074,144.3,133.8,False,False,False,2.019428181643181,2.1779034873775114
2024-03-04 16:40:00,6.636799999999999,11.1378,36.602,36.685,37.817,143.0,132.8,False,False,False,2.0302356786324793,2.1861724551539496
2024-03-04 16:45:00,6.5298,11.1578,37.29,35.650999999999996,36.44,143.0,137.9,False,False,False,2.055147455555556,2.131153634114898
2024-03-04 16:50:00,6.677200000000001,10.9618,36.132,35.505,36.974000000000004,146.2,133.6,False,False,False,1.847908693103055,2.0221875069735527
2024-03-04 16:55:00,6.5572,10.9386,36.095,35.245999999999995,36.864,142.7,135.7,False,False,False,1.9287682372303974,2.0282625457094894
2024-03-04 17:00:00,6.5842,10.9892,36.223,34.811,37.0655,137.3,130.5,False,False,False,2.013459257455288,2.1183751421349504
2024-03-04 17:05:00,6.4884,10.879999999999999,36.346000000000004,34.837,37.54,133.5,134.7,False,False,False,2.0763794569538074,2.057881644419698
2024-03-04 17:10:00,6.438599999999999,11.0534,36.024,34.771,37.162,136.9,129.3,False,False,False,2.1127301435029624,2.236912271040646
2024-03-04 17:15:00,6.3423,10.9086,36.056,34.474000000000004,36.239999999999995,139.8,127.9,False,False,False,2.0246515827968525,2.2130280787724783
2024-03-04 17:20:00,6.6286000000000005,10.9108,35.694,34.3725,36.7945,135.9,131.2,False,False,False,1.9548368164459158,2.0248652694740854
2024-03-04 17:25:00,6.5569999999999995,10.9886,35.061,34.257999999999996,35.543,137.1,127.5,False,False,False,1.967818417067834,2.1159835684705883
2024-03-04 17:30:00,6.444599999999999,11.1188,35.03,34.162,35.3745,137.7,124.2,False,False,False,2.060675975726217,2.2846624948268923
2024-03-04 17:35:00,6.4858,10.8378,34.986000000000004,33.649,35.415,139.7,122.5,False,False,False,1.881821172353456,2.1460442267573696
2024-03-04 17:40:00,6.599000000000001,10.978,34.958,33.619,35.262,129.9,122.2,False,False,False,2.0322169837695654,2.1602699361020177
2024-03-04 17:45:00,6.612,10.7971,34.427,33.547,35.5315,140.3,121.9,False,False,False,1.7924843870763043,2.063048068144426
2024-03-04 17:50:00,6.3852,10.8908,34.89,33.448,36.331,128.1,121.4,False,False,False,2.13729939928875,2.255255791177009
2024-03-04 17:55:00,6.4670000000000005,10.871,34.489,33.149,35.635000000000005,136.4,125.1,False,False,False,1.9358135188172043,2.1106711747934987
2024-03-04 18:00:00,6.4796,10.864799999999999,34.488,32.989999999999995,35.672000000000004,127.1,118.7,False,False,False,2.066126331410088,2.21233914677525
2024-03-04 18:05:00,6.505799999999999,10.761199999999999,35.024,33.614999999999995,35.135000000000005,128.2,121.8,False,False,False,1.9997914464465245,2.1048707999543876
2024-03-04 18:10:00,6.446600000000001,10.8198,34.160000000000004,32.835,35.548,134.8,124.5,False,False,False,1.9313422961671605,2.0911240282998658
2024-03-04 18:15:00,6.5694,10.9158,34.146,34.062,34.379000000000005,130.9,119.1,False,False,False,1.9775440240896358,2.173471979457039
2024-03-04 18:20:00,6.6494,10.855799999999999,34.515,33.238,34.837,127.7,119.0,False,False,False,1.9618621418254583,2.1052923992530337
2024-03-04 18:25:00,6.5408,10.897,33.542,33.227,34.947,124.7,117.4,False,False,False,2.0628821391962933,2.191153345466591
2024-03-04 18:30:00,6.4706,10.9306,34.335,32.593,34.010000000000005,126.4,122.8,False,False,False,2.0676939899789026,2.1283104261672094
2024-03-04 18:35:00,6.5409999999999995,10.776,33.469,33.1555,34.159,120.6,115.3,False,False,False,2.0546569836580986,2.1491034885443767
2024-03-04 18:40:00,6.3888,10.881,33.373000000000005,32.945,34.617000000000004,126.7,123.0,False,False,False,2.0776292042225735,2.1401269932926836
2024-03-04 18:45:00,6.5184,10.8022,33.028,33.065000000000005,34.025,123.3,118.0,False,False,False,2.01939864548076,2.110100449048964
2024-03-04 18:50:00,6.595999999999999,10.7874,33.274,31.915,34.214,133.9,109.2,False,False,False,1.8064327949506263,2.215030689046601
2024-03-04 18:55:00,6.452,10.885,33.711,32.28,33.963,120.6,116.9,False,False,False,2.1330173470149254,2.20052944439692
2024-03-04 19:00:00,6.5294,10.7762,33.106,32.177,34.129000000000005,126.0,108.7,False,False,False,1.9452429950264547,2.2548354864152094
2024-03-04 19:05:00,6.6714,10.762,32.588,32.153,33.952,114.8,115.6,False,False,False,2.0416216471205964,2.02749277759035
2024-03-04 19:10:00,6.516800000000001,10.7776,34.583999999999996,32.3,33.755,113.3,115.1,False,False,False,2.197208838403451,2.1628476228593483
2024-03-04 19:15:00,6.6038,10.725,32.438,32.066500000000005,34.034,122.8,109.7,False,False,False,1.9198842977696347,2.149150335151423
2024-03-04 19:20:00,6.4658,10.7668,32.772,31.75,33.224000000000004,117.6,118.0,False,False,False,2.0754147560941045,2.068379451836158
2024-03-04 19:25:00,6.552,10.8954,33.589,32.766,34.173,120.8,115.3,False,False,False,2.0984262986754967,2.1985246910667824
2024-03-04 19:30:00,6.5834,10.7467,32.788,31.432,33.918,117.0,116.3,False,False,False,2.027369147640076,2.039571713447024
2024-03-04 19:35:00,6.580799999999999,10.869,33.163,31.82,33.730000000000004,123.9,116.9,False,False,False,1.983452764312618,2.102222390918164
2024-03-04 19:40:00,6.478999999999999,10.9024,32.921,32.650999999999996,32.937,126.1,118.1,False,False,False,2.0061380851925286,2.142032282326654
2024-03-04 19:45:00,6.5122,10.7178,32.801,31.655,34.108,116.6,106.5,False,False,False,2.063913629350105,2.2596462834011475
2024-03-04 19:50:00,6.631,10.84,32.384,32.184000000000005,34.626999999999995,113.2,113.1,False,False,False,2.1412435412985866,2.143136771662246
2024-03-04 19:55:00,6.551,10.7798,33.135000000000005,32.715999999999994,33.690000000000005,122.1,115.8,False,False,False,2.0014616204204203,2.1103494287852618
2024-03-04 20:00:00,6.5792,10.9372,33.1925,32.730000000000004,32.974000000000004,118.4,108.4,False,False,False,2.113295512457771,2.308248973016606
2024-03-04 20:05:00,6.5618,10.900200000000002,33.201499999999996,32.2195,33.346,129.3,116.8,False,False,False,1.9239186932886487,2.129817526046424
2024-03-04 20:10:00,6.584999999999999,10.9688,33.410000000000004,32.392,33.809,124.9,107.8,False,False,False,2.029735180949204,2.3517061604875287
2024-03-04 20:15:00,6.5568,10.9294,33.08,32.194,33.416,121.1,112.7,False,False,False,2.0687715810166067,2.222965736123434
2024-03-04 20:20:00,6.6404,10.8316,33.8,33.162,34.049,121.7,116.1,False,False,False,2.019576288888889,2.1169890986888698
2024-03-04 20:25:00,6.6628,10.9244,33.318,32.549,33.53,119.5,116.7,False,False,False,2.057888501552766,2.107263718385223
2024-03-04 20:30:00,6.639,10.8379,33.284000000000006,32.113,33.987,121.3,115.3,False,False,False,1.9972617664743058,2.101195596472969
2024-03-04 20:35:00,6.5934,10.8868,33.019999999999996,32.536,33.352999999999994,123.0,108.3,False,False,False,2.004360506445347,2.2764205197855745
2024-03-04 20:40:00,6.610200000000001,11.0062,33.312,31.2765,33.934,123.0,112.4,False,False,False,2.0442395255194215,2.237023680061289
2024-03-04 20:45:00,6.6786,10.836400000000001,33.188,32.162,34.606,122.0,110.2,False,False,False,1.977681804899818,2.1894480961685825
2024-03-04 20:50:00,6.5840000000000005,10.8737,33.719,32.8245,33.855000000000004,124.3,115.3,False,False,False,2.011531333222713,2.1685459212453013
2024-03-04 20:55:00,6.618599999999999,11.010200000000001,33.887,32.65,34.666000000000004,122.4,114.5,False,False,False,2.1080384625363116,2.2534839110431837
2024-03-04 21:00:00,6.5256,10.940999999999999,33.357,32.642,33.439,113.4,113.6,False,False,False,2.2477766986772476,2.243819345334506
2024-03-04 21:05:00,6.7694,10.7996,33.497,32.483999999999995,33.716,120.4,116.0,False,False,False,1.9374298524501659,2.0109185709913793
2024-03-04 21:10:00,6.6415999999999995,10.9322,33.924,32.761,34.259,118.1,112.1,False,False,False,2.129082185944115,2.243038413559322
2024-03-04 21:15:00,6.6974,10.8666,33.607,32.917,34.695,127.5,112.6,False,False,False,1.9215353214204791,2.175805981182159
2024-03-04 21:20:00,6.5476,10.8874,33.160000000000004,33.532,35.44199999999999,111.4,115.9,False,False,False,2.309929105296229,2.2202424704918022
2024-03-04 21:25:00,6.5846,10.987,34.13,32.838,35.733,121.8,114.3,False,False,False,2.1550664664659736,2.296475027257704
2024-03-04 21:30:00,6.7384,10.9773,34.781,33.107,34.158,122.7,112.8,False,False,False,2.046672620316037,2.2263008024182422
2024-03-04 21:35:00,6.802200000000001,10.9678,33.85,32.719,34.552,118.0,112.0,False,False,False,2.0724339514689265,2.1834571988690477
2024-03-04 21:40:00,6.7634,11.133,34.175,33.757,35.362,126.5,121.5,False,False,False,2.0714289337198064,2.1566729227617736
2024-03-04 21:45:00,6.7256,11.0402,34.191500000000005,32.893,35.243,118.3,115.5,False,False,False,2.166665877324599,2.219191110714286
2024-03-04 21:50:00,6.720400000000001,10.9231,34.428,32.78,35.098,120.9,117.0,False,False,False,2.0646525612489657,2.1334743132905976
2024-03-04 21:55:00,6.8042,11.1706,33.968,33.884,35.086,124.3,115.1,False,False,False,2.0992874092428715,2.2670844914760115
2024-03-04 22:00:00,6.652799999999999,11.0274,34.692,33.82899999999999,35.691,122.1,115.4,False,False,False,2.1676252474474476,2.293475240150202
2024-03-04 22:05:00,6.6228,10.997,35.001999999999995,33.813,36.756,125.7,119.5,False,False,False,2.132808089229205,2.2434642411390047
2024-03-04 22:10:00,6.7782,11.071200000000001,34.945,34.249,36.265,129.7,118.7,False,False,False,2.026508112374711,2.2143058312973887
2024-03-04 22:15:00,6.7794,11.162700000000001,34.168,34.232,36.751999999999995,124.7,116.5,False,False,True,2.145833715904839,2.2968709388268964
2024-03-04 22:20:00,6.7463999999999995,11.1292,35.391000000000005,33.952999999999996,36.239,130.4,118.8,False,False,True,2.0602116784168376,2.261377128497943
2024-03-04 22:25:00,6.716799999999999,11.251999999999999,36.47,34.39,35.937,129.7,121.4,False,False,True,2.1680001428424567,2.316224205326743
2024-03-04 22:30:00,6.764799999999999,11.229,35.81,34.6785,36.12,134.4,119.1,False,False,True,2.0557958856502143,2.319890571212333
2024-03-04 22:35:00,6.7768,11.238900000000001,35.487,34.760000000000005,36.214999999999996,131.2,125.0,False,False,True,2.1020540068555227,2.206315885595556
2024-03-04 22:40:00,7.0105,11.2864,35.989,34.408,36.608999999999995,135.2,121.5,False,False,True,1.9647294887943785,2.1862668879423865
2024-03-04 22:45:00,6.9166,11.3356,36.504000000000005,34.943,36.714999999999996,127.5,118.8,False,False,True,2.176367897647059,2.335748375
2024-03-04 22:50:00,6.828100000000001,11.2822,36.653,36.006,37.088,136.3,119.2,False,False,True,2.082095042681584,2.380784851656878
2024-03-04 22:55:00,6.7958,11.4002,36.952,35.392,37.7695,133.7,125.7,False,False,True,2.2015370081151833,2.3416507397374695
2024-03-04 23:00:00,6.810599999999999,11.4922,36.914,35.809000000000005,37.763999999999996,129.6,126.1,False,False,True,2.317097292798355,2.381410064604812
2024-03-04 23:05:00,6.8688,11.3894,36.730000000000004,36.155,38.156,135.6,125.5,False,False,True,2.1491342269215012,2.32209243960602
2024-03-04 23:10:00,7.8426,11.4146,38.119,35.935,38.335,138.8,133.1,False,False,True,1.6791503196445723,1.7510598374655648
2024-03-04 23:15:00,6.8538,11.413599999999999,37.798,35.982,37.497,134.8,128.8,False,False,True,2.1852699617004614,2.287068251841787
2024-03-04 23:20:00,6.816,11.540000000000001,38.513999999999996,36.4925,37.601,140.6,133.5,False,False,True,2.1965225713213217,2.3133413747399088
2024-03-04 23:25:00,6.9614,11.491800000000001,37.789,36.809,39.1065,144.8,129.3,False,False,True,2.0653298642034996,2.312913877313741
2024-03-04 23:30:00,6.933199999999999,11.386,38.452999999999996,37.052,38.934,146.7,139.5,False,False,True,2.0166053482693327,2.120688204954201
2024-03-04 23:35:00,6.997400000000001,11.6056,38.7595,36.629000000000005,38.497,144.5,131.0,False,False,True,2.108510124373318,2.325799335663698
2024-03-04 23:40:00,6.9176,11.701600000000001,38.370999999999995,37.097,38.760000000000005,143.5,136.5,False,False,True,2.2108314202090593,2.3242073904761904
2024-03-04 23:45:00,6.9918000000000005,11.7606,38.209,37.525,39.237,133.3,134.8,False,False,True,2.3878720576644157,2.3613007810583575
2024-03-04 23:50:00,7.0556,11.557,38.415,38.506,39.772000000000006,141.4,138.0,False,False,True,2.156685346373566,2.2098210722987117
2024-03-04 23:55:00,6.9144000000000005,11.7524,39.347,38.112,40.061,143.7,136.0,False,False,True,2.2970194046238306,2.427071238562091
2024-03-05 00:00:00,6.9826,11.8096,39.164,38.021,40.2595,138.6,135.3,False,False,True,2.3746004031084653,2.4325174861111107
2024-03-05 00:05:00,6.9277999999999995,11.711200000000002,39.268,38.712,40.513999999999996,150.9,139.8,False,False,True,2.180658230550034,2.3538006222460663
2024-03-05 00:10:00,7.0894,11.737,40.491,39.017,40.5895,146.2,143.2,False,False,True,2.2164560432626543,2.2628901782472073
2024-03-05 00:15:00,7.0628,11.658199999999999,40.088,39.035000000000004,41.092,148.9,137.5,False,False,True,2.1539274363666885,2.3325076019999993
2024-03-05 00:20:00,7.034999999999999,11.680000000000001,40.477,38.489999999999995,41.164,151.7,144.4,False,False,True,2.1354972433714208,2.243455206505848
2024-03-05 00:25:00,6.977799999999999,11.7814,40.952,39.855000000000004,41.658,152.6,144.8,False,False,True,2.2380411873088684,2.358598654581031
2024-03-05 00:30:00,7.030200000000001,11.828199999999999,40.701,39.2105,41.135000000000005,142.8,143.1,False,False,True,2.361174357356831,2.35622430629319
2024-03-05 00:35:00,7.1744,11.9292,41.007,39.93,42.581,160.3,146.5,False,False,True,2.1270258501005053,2.327387329495638
2024-03-05 00:40:00,7.134600000000001,11.850200000000001,41.907,39.712,42.427499999999995,160.3,145.7,False,False,True,2.118515945078672,2.3308037473995276
2024-03-05 00:45:00,7.142799999999999,11.9846,41.620999999999995,40.378,43.208,156.2,149.2,False,False,True,2.253192057785603,2.3589048218908255
2024-03-05 00:50:00,7.0386,11.9926,41.825,40.312,42.548,154.4,148.9,False,False,False,2.322558711319804,2.4083483212073724
2024-03-05 00:55:00,7.1302,12.014,41.9625,41.013999999999996,42.644,156.0,149.5,False,False,False,2.2831664558600426,2.382434562636566
2024-03-05 01:00:00,7.1456,12.0646,41.9005,40.922000000000004,43.143,166.0,148.3,False,False,False,2.167026063428715,2.4256663960159583
2024-03-05 01:05:00,7.1442,12.016200000000001,42.6935,41.486000000000004,44.134,158.5,148.2,False,False,False,2.2897820670872773,2.448923465811967
2024-03-05 01:10:00,7.1084000000000005,11.9434,43.059,41.471,42.934,162.6,155.9,False,False,False,2.200428521935219,2.2949947252512293
2024-03-05 01:15:00,7.080800000000001,11.9716,43.711,41.662,44.298,166.4,153.5,False,False,False,2.212652572469284,2.398601876605139
2024-03-05 01:20:00,7.0786,12.041900000000002,43.685,41.363,44.124,161.4,157.3,False,False,False,2.3061054662054254,2.3662137459984467
2024-03-05 01:25:00,7.1664,12.1208,43.528,42.268,43.965999999999994,163.9,154.6,False,False,False,2.277211820134228,2.4141980421733504
2024-03-05 01:30:00,7.123600000000001,12.3542,44.114999999999995,42.598,44.819,169.7,162.4,False,False,False,2.3536662304851697,2.459465266707717
2024-03-05 01:35:00,7.1354,12.1214,44.319,42.43,44.59,171.2,163.8,False,False,False,2.220680118866822,2.3210038849206343
2024-03-05 01:40:00,7.2951999999999995,12.2044,44.364,43.097,45.628,165.1,154.5,False,False,False,2.2974686794064207,2.4550943622653723
2024-03-05 01:45:00,7.174200000000001,12.1918,44.656,43.0,44.906,167.5,164.5,False,False,False,2.305388160212272,2.347431713286052
2024-03-05 01:50:00,7.1362,12.2376,44.929,43.576,45.958,171.2,159.0,False,False,False,2.326120449990265,2.5046026480398322
2024-03-05 01:55:00,7.2804,12.194199999999999,45.38,43.812,46.015,167.4,155.2,False,False,False,2.3041194200418147,2.485242209503865
2024-03-05 02:00:00,7.1898,12.3272,45.403,43.921,46.796,180.1,164.6,False,False,False,2.2542153061879198,2.466489530039152
2024-03-05 02:05:00,7.4196,12.3808,45.757999999999996,44.259,46.999,177.6,166.6,False,False,False,2.2220756671171173,2.368791347418968
2024-03-05 02:10:00,7.333,12.416,45.739,45.024,47.4365,174.5,169.0,False,False,False,2.3370873006446993,2.413146354807693
2024-03-05 02:15:00,7.2056,12.3258,46.422000000000004,44.823,46.644999999999996,182.5,176.1,False,False,False,2.2459527397564685,2.3275773708435863
2024-03-05 02:20:00,7.1732,12.3558,46.54,44.7,47.769,176.6,169.5,False,False,False,2.3683380689348184,2.4675427904064247
2024-03-05 02:25:00,7.2018,12.4322,45.599000000000004,44.619,47.402,178.6,169.4,False,False,False,2.339800274231678,2.466873252525252
2024-03-05 02:30:00,7.227200000000001,12.409,47.019999999999996,45.269,48.816,195.3,174.6,False,False,False,2.1735247596432834,2.431210684755632
2024-03-05 02:35:00,7.4176,12.593399999999999,47.504,45.702999999999996,48.599000000000004,187.7,175.7,False,False,False,2.2701345884863544,2.4251807755201407
2024-03-05 02:40:00,7.431,12.477500000000001,47.524,45.782,48.134,189.6,173.8,False,False,False,2.1855863900609473,2.3842760618846697
2024-03-05 02:45:00,7.392799999999999,12.596,47.900999999999996,46.676,48.253,186.3,171.7,False,False,False,2.315905777777777,2.512831953407105
2024-03-05 02:50:00,7.3312,12.3684,48.094,46.507999999999996,48.334,195.7,171.5,False,False,False,2.135914080690399,2.4373083707936507
2024-03-05 02:55:00,7.411199999999999,12.6116,47.9105,46.620999999999995,49.312,193.6,180.0,False,False,False,2.243186712531566,2.4126719308117286
2024-03-05 03:00:00,7.2742,12.5506,47.571999999999996,47.569,49.841,189.8,179.7,False,False,False,2.3399111957499117,2.4714254031905023
2024-03-05 03:05:00,7.3438,12.4546,48.254000000000005,46.643,50.32899999999999,186.4,176.8,False,False,False,2.311698222567953,2.4372202980015074
2024-03-05 03:10:00,7.3864,12.535,49.2065,47.477,50.1355,191.3,181.6,False,False,False,2.294036002361038,2.4165698637206314
2024-03-05 03:15:00,7.3526,12.5312,49.219,47.75449999999999,50.134,188.2,180.2,False,False,False,2.3500188628453778,2.4543482241259715
2024-03-05 03:20:00,7.4277999999999995,12.7316,49.161,47.938,50.158,193.9,182.9,False,False,False,2.338455251982694,2.4790949882965796
2024-03-05 03:25:00,7.4164,12.659600000000001,49.214999999999996,47.988,50.209,198.0,187.8,False,False,False,2.266250211358025,2.3893372835404096
2024-03-05 03:30:00,7.4116,12.620000000000001,50.074,48.261,50.58,194.9,197.2,False,False,False,2.3103337491306086,2.2833876658496735
2024-03-05 03:35:00,7.417199999999999,12.7914,50.084,48.42,51.1345,198.3,188.5,False,False,False,2.3543891183434194,2.47679237224138
2024-03-05 03:40:00,7.437,12.7074,50.917,48.437,51.533,199.1,191.5,False,False,False,2.318824746961326,2.410851212114882
2024-03-05 03:45:00,7.4018,12.655,50.164,49.425,51.215999999999994,201.2,184.1,False,False,False,2.285890830489286,2.4982142047498335
2024-03-05 03:50:00,7.3486,12.7456,50.754000000000005,49.362,52.294000000000004,201.5,188.1,False,False,False,2.369925074855252,2.5387554629629627
2024-03-05 03:55:00,7.5006,12.802600000000002,51.272000000000006,49.193,52.6025,197.2,190.3,False,False,False,2.389238956009128,2.4758692702312137
2024-03-05 04:00:00,7.4319999999999995,12.8124,52.128,49.21,52.739999999999995,205.7,187.4,False,False,False,2.3397243245395125,2.56820327405431
2024-03-05 04:05:00,7.3944,12.588,51.812,50.073,52.795,209.5,191.8,False,False,False,2.2261909842482095,2.4316319666319077
2024-03-05 04:10:00,7.5328,12.925999999999998,52.988,50.529,52.83200000000001,205.3,199.5,False,False,False,2.3844952941657183,2.453818966878306
2024-03-05 04:15:00,7.3347999999999995,12.8786,51.771,50.527,53.0425,222.3,206.7,False,False,False,2.2490368715337135,2.418775503347579
2024-03-05 04:20:00,7.3896,12.8088,51.998000000000005,50.406,52.452999999999996,216.0,199.8,False,False,False,2.2555686775925925,2.438452624424424
2024-03-05 04:25:00,7.494,12.930599999999998,51.92999999999999,51.38199999999999,53.669500000000006,209.4,199.2,False,False,False,2.3661537618871367,2.487312237646418
2024-03-05 04:30:00,7.5378,12.8466,52.725,50.671,53.330999999999996,210.6,198.1,False,False,False,2.293641846027224,2.4383693729093054
2024-03-05 04:35:00,7.4239999999999995,12.860400000000002,53.477999999999994,51.295,53.923,204.1,199.1,False,False,False,2.4540203779410974,2.515648212645796
2024-03-05 04:40:00,7.4708,13.0816,52.088,51.249,54.626,214.3,204.9,False,False,False,2.401053161243324,2.5112039651266196
2024-03-05 04:45:00,7.5152,13.0636,53.302,51.459,53.640499999999996,212.7,195.0,False,False,False,2.398851413877135,2.616593311444444
2024-03-05 04:50:00,7.565,13.046000000000001,53.07000000000001,51.422000000000004,54.379999999999995,220.2,196.4,False,False,False,2.2957978010899183,2.5740054775967414
2024-03-05 04:55:00,7.5006,13.1534,53.876999999999995,52.111000000000004,55.426,221.5,202.8,False,False,False,2.3915247225081506,2.6120450001753226
2024-03-05 05:00:00,7.4572,13.1474,53.687,52.141999999999996,54.0545,222.5,198.6,False,False,False,2.3738044964456924,2.659473819029036
2024-03-05 05:05:00,7.4388000000000005,13.044,53.263999999999996,52.129999999999995,55.116,218.4,211.7,False,False,False,2.3915769519230765,2.467266916863486
2024-03-05 05:10:00,7.5036000000000005,13.174000000000001,54.205999999999996,52.779999999999994,54.617,219.3,209.6,False,False,False,2.4258741589501946,2.5381402817642065
2024-03-05 05:15:00,7.490600000000001,13.0792,54.25599999999999,52.197,55.102999999999994,220.8,209.7,False,False,False,2.3739459927838156,2.499605508853918
2024-03-05 05:20:00,7.501400000000001,13.085400000000002,54.400999999999996,52.74400000000001,55.827,221.9,206.9,False,False,False,2.380920465074358,2.553534321894635
2024-03-05 05:25:00,7.3831999999999995,13.0154,53.747,52.595000000000006,54.80800000000001,221.8,216.0,False,False,False,2.375694660730388,2.4394864618055556
2024-03-05 05:30:00,7.5616,13.0716,54.628,52.708000000000006,55.971500000000006,227.9,212.4,False,False,False,2.2922247077787525,2.459500992950931
2024-03-05 05:35:00,7.4807999999999995,13.2352,55.126999999999995,53.57000000000001,55.587,223.7,216.6,False,False,False,2.4534268684051064,2.5338485247563356
2024-03-05 05:40:00,7.4292,13.2192,54.798,53.086,56.015,226.2,213.4,False,False,False,2.435600487400531,2.581690863402062
2024-03-05 05:45:00,7.4292,13.0434,55.735,53.625,56.795,229.2,207.9,False,False,False,2.362819066426702,2.6048972103174606
2024-03-05 05:50:00,7.4921999999999995,13.0882,54.632000000000005,53.876999999999995,55.79299999999999,225.7,212.2,False,False,False,2.365008914586718,2.515468953921877
2024-03-05 05:55:00,7.476000000000001,12.996799999999999,55.642999999999994,54.432,56.92100000000001,233.6,217.9,False,False,False,2.291284567770166,2.456374828045483
2024-03-05 06:00:00,7.4786,13.149799999999999,56.242999999999995,53.58200000000001,56.694,229.0,219.8,False,False,False,2.3941263165356617,2.494335425326053
2024-03-05 06:05:00,7.5040000000000004,13.190800000000001,55.212,54.00599999999999,55.628,234.8,213.3,False,False,False,2.317885939040318,2.551521886951086
2024-03-05 06:10:00,7.531000000000001,13.175999999999998,55.434000000000005,54.141999999999996,57.24400000000001,221.5,216.9,False,False,False,2.4682100589415588,2.5205556849034356
2024-03-05 06:15:00,7.5456,13.2878,55.802,54.797000000000004,57.753,224.3,218.3,False,False,False,2.5021371250012385,2.570908644698936
2024-03-05 06:20:00,7.4726,13.115199999999998,55.886,54.76800000000001,57.54299999999999,232.4,210.6,False,False,False,2.370855971144099,2.616272211272026
2024-03-05 06:25:00,7.422200000000001,13.142,56.323,54.974000000000004,56.864999999999995,223.1,215.6,False,False,False,2.5029543128193623,2.590023688265305
2024-03-05 06:30:00,7.5894,13.139199999999999,56.04299999999999,54.562,57.05499999999999,234.1,220.6,False,False,False,2.307539617589823,2.4487535107786833
2024-03-05 06:35:00,7.505599999999999,13.2918,56.077,55.181,56.510000000000005,233.4,222.5,False,False,False,2.4146016987336956,2.532890051615481
2024-03-05 06:40:00,7.4134,13.169400000000001,56.580999999999996,55.166999999999994,57.611000000000004,231.8,221.3,False,False,False,2.4415151284153005,2.55735746392529
2024-03-05 06:45:00,7.439,13.1744,55.866,54.887,56.968999999999994,239.4,219.8,False,False,False,2.3327778542328037,2.5407962616166206
2024-03-05 06:50:00,7.410200000000001,13.3154,56.989999999999995,54.864999999999995,57.306,231.9,225.3,False,False,False,2.500793844027598,2.574052784864625
2024-03-05 06:55:00,7.5280000000000005,13.2422,56.419000000000004,55.633,57.830999999999996,228.9,224.4,False,False,False,2.462086751461094,2.5114601488834425
2024-03-05 07:00:00,7.4525999999999994,13.070400000000001,56.448,54.708000000000006,56.909000000000006,237.1,220.3,False,False,False,2.311829413433151,2.4881287059691335
2024-03-05 07:05:00,7.498600000000001,13.203,57.038,54.576,57.747,237.4,220.3,False,False,False,2.3625796086726565,2.5459664053512876
2024-03-05 07:10:00,7.378400000000001,13.348400000000002,56.996,55.387,57.485,237.9,220.9,False,False,False,2.474772309093457,2.665225587747095
2024-03-05 07:15:00,7.537999999999999,13.4118,55.732000000000006,55.162,57.82000000000001,230.6,218.0,False,False,False,2.4949092859063318,2.6391104648165142
2024-03-05 07:20:00,7.5244,13.141200000000001,56.465999999999994,55.455,57.579499999999996,240.9,225.8,False,False,False,2.294388351040081,2.447821761583506
2024-03-05 07:25:00,7.5344,13.2392,56.653,55.2625,56.827,232.9,232.4,False,False,False,2.3996019121940746,2.404764566910499
2024-03-05 07:30:00,7.440600000000001,13.3416,56.205,55.516999999999996,58.359500000000004,241.0,224.1,False,False,False,2.4177391042358227,2.6000674882678863
2024-03-05 07:35:00,7.3915999999999995,13.1054,57.545,54.903999999999996,58.153,238.5,231.7,False,False,False,2.372818691921733,2.4424568753704503
2024-03-05 07:40:00,7.424200000000001,13.1992,57.498000000000005,55.621,58.266999999999996,241.4,222.2,False,False,False,2.3803118078569447,2.5859913160066
2024-03-05 07:45:00,7.3392,13.2862,56.538,55.411,57.3895,241.4,221.3,False,False,False,2.4219220799445362,2.641897831444243
2024-03-05 07:50:00,7.4232,13.2102,57.614999999999995,54.938,58.305499999999995,236.2,229.7,False,False,False,2.4302668543077903,2.4990380103939924
2024-03-05 07:55:00,7.2616,13.319399999999998,57.163,55.625,58.04299999999999,233.8,220.9,False,False,False,2.5696909353459745,2.7197543715884507
2024-03-05 08:00:00,7.3628,13.1904,56.854499999999994,54.76800000000001,57.952999999999996,243.0,225.5,False,False,False,2.360969369160951,2.544193156124661
2024-03-05 08:05:00,7.481,13.3356,57.161,55.605,57.357000000000006,236.5,227.5,False,False,False,2.444966434134366,2.5416903809792424
2024-03-05 08:10:00,7.4422,13.11,57.352,55.298500000000004,58.1755,237.5,228.5,False,False,False,2.366729695733333,2.459948808475565
2024-03-05 08:15:00,7.3282,13.2396,56.67,55.346000000000004,58.823,236.8,228.2,False,False,False,2.475936231951483,2.5692449593606974
2024-03-05 08:20:00,7.295399999999999,13.0256,57.803999999999995,55.291,57.01950000000001,245.3,225.2,False,False,False,2.307051824875437,2.512965420257303
2024-03-05 08:25:00,7.3852,13.1296,57.452,55.464,58.017999999999994,238.2,223.0,False,False,False,2.393178857010915,2.5563013620627797
2024-03-05 08:30:00,7.409000000000001,13.106800000000002,57.3,55.253,58.358000000000004,235.0,226.2,False,False,False,2.405764650380615,2.499357616443168
2024-03-05 08:35:00,7.267,13.024600000000001,56.674,55.1,57.955,245.6,222.7,False,False,False,2.310005239929424,2.5475405789253105
2024-03-05 08:40:00,7.4044,13.3162,56.470000000000006,55.513,57.617,242.3,230.6,False,False,False,2.4023481854450406,2.5242366233015323
2024-03-05 08:45:00,7.4458,13.225,55.892999999999994,54.867,57.758,233.6,222.9,False,False,False,2.420387868036529,2.536575172603558
2024-03-05 08:50:00,7.398999999999999,13.1482,57.507000000000005,55.237,58.2525,237.1,220.7,False,False,False,2.407170594453817,2.5860450745129135
2024-03-05 08:55:00,7.408199999999999,13.1968,56.66949999999999,55.047000000000004,56.874,248.0,222.2,False,False,False,2.28453987874888,2.5498014848322335
2024-03-05 09:00:00,7.3386,12.985399999999998,55.751,55.126999999999995,57.69500000000001,234.7,222.3,False,False,False,2.354621566865501,2.4859634806267796
2024-03-05 09:05:00,7.4211,13.1714,55.837,54.690999999999995,57.708000000000006,236.8,221.5,False,False,False,2.3717642806540913,2.5355926937195887
2024-03-05 09:10:00,7.4239999999999995,12.9256,56.924,54.544000000000004,58.008,244.5,231.3,False,False,False,2.213921094914792,2.340266786453379
2024-03-05 09:15:00,7.218999999999999,13.0014,56.025,54.567499999999995,57.07000000000001,234.6,219.1,False,False,False,2.3991635024154596,2.5688898113494605
2024-03-05 09:20:00,7.2334000000000005,13.108099999999999,56.467999999999996,54.031000000000006,56.545,243.7,219.6,False,False,False,2.3377864159166544,2.5943467648401124
2024-03-05 09:25:00,7.347799999999999,13.0104,56.199,54.3405,57.109,237.9,224.7,False,False,False,2.316673868395918,2.452766859329724
2024-03-05 09:30:00,7.2768,12.9738,56.178999999999995,53.961,57.27,243.5,215.3,False,False,False,2.2739056232032855,2.571741845099861
2024-03-05 09:35:00,7.195400000000001,13.019200000000001,56.092999999999996,54.334,57.2895,236.9,224.3,False,False,False,2.393651760169551,2.5281145875352946
2024-03-05 09:40:00,7.1846000000000005,12.7382,55.772000000000006,54.15,56.701,232.5,221.9,False,False,False,2.3106298207311826,2.421006909959441
2024-03-05 09:45:00,7.196599999999999,12.8268,55.480999999999995,53.815,56.720000000000006,235.8,222.1,False,False,False,2.301302730524927,2.443256118225024
2024-03-05 09:50:00,7.206799999999999,12.9274,56.034000000000006,53.485,57.166999999999994,235.9,221.0,False,False,False,2.346694476289388,2.5049105292156866
2024-03-05 09:55:00,7.0662,12.9162,55.072,53.485,56.708000000000006,241.2,218.1,False,False,False,2.327036717454395,2.573504155204035
2024-03-05 10:00:00,7.2616,12.7878,55.248000000000005,53.70700000000001,55.644000000000005,239.1,218.0,False,False,False,2.208604741207771,2.422373365242101
2024-03-05 10:05:00,7.2676,12.8512,55.278499999999994,52.741,56.197,229.3,220.8,False,False,False,2.3215114009376365,2.4108811786005435
2024-03-05 10:10:00,7.1476,12.7496,54.56699999999999,53.416999999999994,55.934000000000005,231.9,212.2,False,False,False,2.2988613976809917,2.5122806697559943
2024-03-05 10:15:00,7.1676,12.9822,55.075,53.08,56.315,231.7,217.4,False,False,False,2.3962067539202994,2.5538229295461514
2024-03-05 10:20:00,7.308,12.720400000000001,54.337,53.135000000000005,55.271,226.2,221.4,False,False,False,2.2607023597455553,2.3097148770300118
2024-03-05 10:25:00,7.1586,12.74,55.388,52.348,56.027,224.1,221.4,False,False,False,2.3678863963731467,2.3967630597435505
2024-03-05 10:30:00,7.1882,12.6852,53.891999999999996,52.911,54.407000000000004,227.9,218.6,False,False,False,2.257444984764273,2.353484501499441
2024-03-05 10:35:00,7.2010000000000005,12.8048,54.373000000000005,53.415,55.274,229.9,209.2,False,False,False,2.307492009090909,2.535814593164436
2024-03-05 10:40:00,7.174200000000001,12.8226,53.5055,51.95399999999999,54.753499999999995,226.4,210.6,False,False,False,2.3205480200088333,2.494644215242165
2024-03-05 10:45:00,7.2794,12.739,54.126999999999995,52.104,54.689,224.1,207.3,False,False,False,2.276002725568943,2.460454465991317
2024-03-05 10:50:00,7.0394000000000005,12.6252,53.473,51.708000000000006,54.810500000000005,225.8,217.9,False,False,False,2.2977466394338646,2.3810518181925957
2024-03-05 10:55:00,7.1474,12.616800000000001,53.117999999999995,51.715999999999994,53.807,222.5,215.6,False,False,False,2.263960759657928,2.3364159045634922
2024-03-05 11:00:00,7.1868,12.502,53.062,51.936,54.39,226.4,212.8,False,False,False,2.172414009108755,2.311252498412698
2024-03-05 11:05:00,7.187600000000001,12.563500000000001,53.85,51.126999999999995,53.972,226.2,212.7,False,False,False,2.193108743269231,2.3323046437588153
2024-03-05 11:10:00,7.0618,12.6086,52.338,50.942,54.815,225.6,205.3,False,False,False,2.2566558475423557,2.47979327425989
2024-03-05 11:15:00,7.100199999999999,12.3818,53.075,51.007999999999996,53.38199999999999,223.8,210.3,False,False,False,2.157412782941118,2.2959057575949697
2024-03-05 11:20:00,7.103,12.601600000000001,52.61,51.051,52.739,219.6,213.6,False,False,False,2.2735280985630446,2.337391247399085
2024-03-05 11:25:00,7.1146,12.426,52.36900000000001,50.35,53.047000000000004,226.2,201.6,False,False,False,2.1234051266283527,2.382511109341931
2024-03-05 11:30:00,7.116899999999999,12.564499999999999,52.287,50.408,52.999,218.5,207.6,False,False,False,2.253561588985507,2.3718844277135513
2024-03-05 11:35:00,7.0494,12.535,52.047000000000004,49.716,51.512,218.2,197.2,False,False,False,2.2370953770750583,2.475325614998873
2024-03-05 11:40:00,7.0418,12.526,51.614999999999995,50.505,53.172000000000004,218.7,209.4,False,False,False,2.260775145526596,2.361182064597261
2024-03-05 11:45:00,6.998399999999999,12.252600000000001,51.629,49.863,53.67100000000001,216.2,207.1,False,False,False,2.189187016026828,2.285380168348625
2024-03-05 11:50:00,7.139,12.411,50.876,48.867000000000004,52.11900000000001,212.9,205.2,False,False,False,2.183195566202181,2.2651185967078185
2024-03-05 11:55:00,7.001600000000001,12.4588,50.866,49.561,51.669000000000004,213.1,202.9,False,False,False,2.2612469740445276,2.3749222778161103
2024-03-05 12:00:00,6.858199999999999,12.2868,50.443,49.07,51.397000000000006,214.8,199.0,False,False,False,2.2141924714721704,2.3899926777498606
2024-03-05 12:05:00,7.0038,12.237,50.955,49.156,51.754999999999995,213.0,206.4,False,False,False,2.166167665633803,2.2354346549418604
2024-03-05 12:10:00,6.978,12.2138,49.96,48.436,51.182,207.1,194.9,False,False,False,2.195404030682977,2.332827987452255
2024-03-05 12:15:00,6.9152000000000005,12.297,49.6035,48.574,51.472,213.2,193.6,False,False,False,2.1931049214600273,2.415134138715278
2024-03-05 12:20:00,6.891800000000001,12.1884,50.227,48.25,51.022,218.6,199.2,False,False,False,2.102950700297346,2.307756139984939
2024-03-05 12:25:00,6.9388000000000005,12.249600000000001,49.065,48.346,50.14,211.2,203.0,False,False,False,2.154031129224537,2.241041253656267
2024-03-05 12:30:00,6.7826,12.2444,48.474000000000004,47.43,50.154,208.6,192.7,False,False,False,2.2201924621764144,2.403384263674105
2024-03-05 12:35:00,6.9636,12.1414,49.293,47.458,49.372,202.2,192.1,False,False,False,2.172333428187164,2.286547731282897
2024-03-05 12:40:00,6.9564,12.1402,48.843,47.194,49.535000000000004,209.1,196.1,False,False,False,2.0951534608959026,2.2340468570797207
2024-03-05 12:45:00,7.0409999999999995,12.008199999999999,48.015,46.818,49.625,198.8,193.9,False,False,False,2.0954661513302026,2.148420169594865
2024-03-05 12:50:00,7.002199999999999,12.2492,47.844,46.9205,48.999,207.0,195.5,False,False,False,2.115597969142512,2.2400449085038363
2024-03-05 12:55:00,6.8486,12.1388,48.607,46.562,48.128,199.6,191.1,False,False,False,2.2049179746242484,2.302991249267399
2024-03-05 13:00:00,6.852199999999999,12.023,48.4705,45.694,48.6765,197.8,186.0,False,False,False,2.167844466144253,2.3053743838888887
2024-03-05 13:05:00,6.8164,12.0272,47.509,46.405,48.135000000000005,202.8,189.6,False,False,False,2.1189388313992987,2.2664598892815286
2024-03-05 13:10:00,6.723999999999999,12.101600000000001,47.437,46.0755,48.382999999999996,199.4,188.9,False,False,False,2.2216505534269477,2.3451409229927656
2024-03-05 13:15:00,6.8512,11.9636,47.268,45.896,47.650999999999996,199.4,181.8,False,False,False,2.0960053027694188,2.2989189074379657
2024-03-05 13:20:00,6.8466,12.0074,47.339999999999996,44.881,47.32,185.2,178.0,False,False,False,2.257468311963043,2.3487816369413235
2024-03-05 13:25:00,6.7378,11.7608,46.28,45.015,47.733999999999995,197.3,184.3,False,False,False,2.054874379160331,2.1998193977663227
2024-03-05 13:30:00,6.7379999999999995,11.834,46.440999999999995,44.797000000000004,47.499,193.1,186.6,False,False,False,2.1256082652626733,2.1996514256282005
2024-03-05 13:35:00,6.7036,11.9354,46.294,45.058,46.415000000000006,196.9,180.6,False,False,False,2.1251735601179393,2.3169804761197246
2024-03-05 13:40:00,6.799200000000001,11.8436,45.841,44.227999999999994,45.6315,186.7,182.3,False,False,False,2.1285822302535253,2.1799577750319976
2024-03-05 13:45:00,6.7581999999999995,11.7867,45.028,44.099000000000004,45.617000000000004,183.0,183.1,False,False,False,2.1495155227079548,2.1483415655683
2024-03-05 13:50:00,6.8942000000000005,11.601600000000001,44.968,43.768,46.688,182.3,179.7,False,False,False,2.0301767836655085,2.0595505156495397
2024-03-05 13:55:00,7.4544,11.639199999999999,45.557,43.626,46.255,186.7,179.7,False,False,False,1.7624414830923048,1.8310952971248373
2024-03-05 14:00:00,6.7498000000000005,11.7086,44.754,42.833,45.62,185.3,179.7,False,False,False,2.0695313330395155,2.1340242404686824
2024-03-05 14:05:00,6.7128,11.6578,44.632,43.410000000000004,46.296,174.6,166.5,False,False,False,2.2088423490199824,2.3162995443777112
2024-03-05 14:10:00,6.6268,11.8828,43.509,42.307,45.239,177.9,169.6,False,False,False,2.247898971332209,2.357908178066038
2024-03-05 14:15:00,6.7386,11.6046,44.046,42.164,45.005,171.9,174.7,False,False,False,2.1563710766918747,2.1218098917191375
2024-03-05 14:20:00,6.7308,11.6226,44.409000000000006,42.25,45.07,183.0,166.0,False,False,False,2.0442913135974496,2.2536464481224896
2024-03-05 14:25:00,6.865,11.4452,43.844,42.481,44.263999999999996,175.9,170.0,False,False,False,1.974099254630156,2.042612111114379
2024-03-05 14:30:00,6.4968,11.9226,42.936,41.495,43.463,170.1,177.4,False,False,False,2.368391116774446,2.2709319558248775
2024-03-05 14:35:00,6.641800000000001,11.6254,42.205,41.323,43.969,176.6,157.2,False,False,False,2.0887969718573043,2.346574715203562
2024-03-05 14:40:00,6.7378,11.5788,42.716,42.106,44.138,171.9,165.4,False,False,False,2.1084243138775767,2.191282584979174
2024-03-05 14:45:00,6.660200000000001,11.555000000000001,42.301,41.257999999999996,43.417500000000004,172.5,163.8,False,False,False,2.0917654684347826,2.20286656474359
2024-03-05 14:50:00,6.7102,11.471599999999999,42.28,40.382999999999996,42.391,171.4,163.3,False,False,False,2.0168111007454934,2.116848883452404
2024-03-05 14:55:00,6.663200000000001,11.4078,42.059,40.47,42.852,168.9,160.6,False,False,False,2.044774731159134,2.150451133828006
2024-03-05 15:00:00,6.728199999999999,11.4256,41.655,40.339,43.213,169.4,162.7,False,False,False,2.0156565429653677,2.098661452847777
2024-03-05 15:05:00,6.539,11.427,41.231,40.15,41.2635,169.9,151.5,False,False,False,2.048470342750637,2.297261460286028
2024-03-05 15:10:00,6.6888000000000005,11.287600000000001,41.926,40.297000000000004,42.195499999999996,166.0,155.1,False,False,False,2.0010833624531466,2.141713979156817
2024-03-05 15:15:00,6.5329999999999995,11.2932,40.649,39.369,41.672000000000004,168.2,153.5,False,False,False,1.9993917003897481,2.1908643909156718
2024-03-05 15:20:00,6.5836,11.1892,40.584,39.362,40.866,164.2,154.6,False,False,False,1.967283380105562,2.089443279517033
2024-03-05 15:25:00,6.7232,11.3848,39.913,39.69,41.535000000000004,163.4,159.2,False,False,False,2.0063520377260975,2.059283435706309
2024-03-05 15:30:00,6.5325999999999995,11.3562,39.864,38.916,40.8215,162.2,157.4,False,False,False,2.064908673081929,2.1278792044084422
2024-03-05 15:35:00,6.5768,11.2502,40.121,38.608,41.134,160.1,152.0,False,False,False,2.031283547397459,2.1395295785416657
2024-03-05 15:40:00,6.650799999999999,11.2098,38.697,38.519999999999996,40.589,155.6,149.9,False,False,False,2.003877620429877,2.0800757687717732
2024-03-05 15:45:00,6.6454,11.105,38.93,38.074,39.678,163.1,149.7,False,False,False,1.8522073176783154,2.0180027622801155
2024-03-05 15:50:00,6.506,11.1342,38.525,37.939499999999995,39.876999999999995,147.7,149.7,False,False,False,2.1164600096422927,2.088183990809396
2024-03-05 15:55:00,6.601000000000001,11.3,39.153,38.189,40.021,153.4,151.6,False,False,False,2.087156780258583,2.1119383251429196
2024-03-05 16:00:00,6.586,11.1876,39.294,37.909,39.366,157.4,146.3,False,False,False,1.978476939037131,2.1285869460317457
2024-03-05 16:05:00,6.6014,11.0286,38.303,37.541,39.653999999999996,154.1,145.3,False,False,False,1.926392382839426,2.043063084621855
2024-03-05 16:10:00,6.585300000000001,11.1662,38.58,37.317,39.33,158.8,144.7,False,False,False,1.9297380201983616,2.1177774540946777
2024-03-05 16:15:00,6.5122,11.1018,37.457,36.404,38.544,143.8,150.1,False,False,False,2.082789435404111,1.9953705583684955
2024-03-05 16:20:00,6.5346,11.1488,37.940999999999995,36.688,38.974000000000004,149.5,140.6,False,False,False,2.035582965131921,2.1644356563813814
2024-03-05 16:25:00,6.540000000000001,11.174800000000001,37.392,36.189,38.385000000000005,152.0,134.2,False,False,False,1.9820625641666665,2.2449590890710382
2024-03-05 16:30:00,6.563899999999999,11.290600000000001,37.224000000000004,35.811,37.643,146.2,137.0,False,False,False,2.077379081991945,2.2168819108556375
2024-03-05 16:35:00,6.3596,10.9502,36.683,35.824,37.4945,148.9,143.0,False,False,False,1.9688704789400044,2.0501035966025642
2024-03-05 16:40:00,6.4923,10.9656,36.599000000000004,35.8585,36.951,140.8,134.2,False,False,False,2.0179956202148435,2.117241306454918
2024-03-05 16:45:00,6.474200000000001,10.9286,36.463,35.493,37.727999999999994,137.6,139.6,False,False,False,2.061378989147286,2.0318463388729695
2024-03-05 16:50:00,6.443600000000001,10.9542,36.863,35.537,36.870999999999995,144.9,137.1,False,False,False,1.9747614154090942,2.0871110801807276
2024-03-05 16:55:00,6.386,10.824000000000002,36.075,35.116,36.922000000000004,147.0,133.9,False,False,False,1.8949234362433869,2.0803117634636137
2024-03-05 17:00:00,6.430899999999999,11.1646,36.055,35.25,37.302,140.6,132.3,False,False,False,2.1228387818693695,2.2560176321302596
2024-03-05 17:05:00,6.5908999999999995,10.9298,35.665,35.1025,36.815,136.0,134.8,False,False,False,1.9926276395680147,2.0103661645493323
2024-03-05 17:10:00,6.534700000000001,10.9308,35.479,35.049,36.85,137.9,129.5,False,False,False,1.9872952419668026,2.1162008792835683
2024-03-05 17:15:00,6.4552,10.8992,35.8615,34.626999999999995,36.3605,131.2,124.7,False,False,False,2.101137445037263,2.210659444979061
2024-03-05 17:20:00,6.5001999999999995,11.0624,35.224000000000004,34.473,35.773,142.2,129.4,False,False,False,1.964479291803407,2.158801818349648
2024-03-05 17:25:00,6.591500000000001,10.8264,35.749,35.1015,36.715999999999994,139.0,130.2,False,False,False,1.9026074042296155,2.0312014530561946
2024-03-05 17:30:00,6.603399999999999,10.8362,35.272,34.39,36.306,137.4,125.5,False,False,False,1.8952195987708236,2.074925680247898
2024-03-05 17:35:00,6.5496,10.9446,35.378,33.837,35.945,131.4,131.4,False,False,False,2.042010058346017,2.042010058346017
2024-03-05 17:40:00,6.509,10.9174,34.602999999999994,33.658,36.111000000000004,133.7,126.2,False,False,False,1.9979167016371646,2.116651846346188
2024-03-05 17:45:00,6.611199999999999,10.877199999999998,34.626999999999995,33.875,35.69,134.5,115.7,False,False,False,1.9185659241635686,2.2303121590319788
2024-03-05 17:50:00,6.4854,10.742799999999999,35.015,34.121500000000005,35.366,126.2,115.7,False,False,False,2.0467064886313606,2.2324490826731003
2024-03-05 17:55:00,6.611199999999999,10.660499999999999,34.116,33.432,35.303,137.4,126.1,False,False,False,1.7597279202793947,1.917419637164067
2024-03-05 18:00:00,6.4,10.761199999999999,34.775999999999996,33.595,34.631,127.5,116.0,False,False,False,2.045433014849672,2.2482130120114934
2024-03-05 18:05:00,6.504,10.7844,34.114,32.719,35.206,127.4,122.6,False,False,False,1.990329163186813,2.0682539591353994
2024-03-05 18:10:00,6.474200000000001,10.918000000000001,34.138999999999996,33.551,34.419,133.3,125.8,False,False,False,1.976205772438943,2.094024081606607
2024-03-05 18:15:00,6.5482,10.91,34.119,33.424,34.961,132.0,123.3,False,False,False,1.9664206011111114,2.1051704732089758
2024-03-05 18:20:00,6.5628,10.830200000000001,34.21,32.875,34.427,124.7,119.2,False,False,False,2.016777878891562,2.1098339051826995
2024-03-05 18:25:00,6.5465,10.8354,34.224000000000004,32.756,34.039,120.7,110.9,False,False,False,2.083941391003866,2.268094913382927
2024-03-05 18:30:00,6.476000000000001,10.8524,34.068,32.05,34.425,123.5,113.6,False,False,False,2.0684530928205116,2.2487144098884966
2024-03-05 18:35:00,6.5744,10.8642,34.189,32.592,33.807,124.9,116.2,False,False,False,2.0056934903834183,2.1558615916427617
2024-03-05 18:40:00,6.5872,10.681799999999999,33.594,32.685,34.116,124.0,122.1,False,False,False,1.9246229772177412,1.9545720653153147
2024-03-05 18:45:00,6.5206,10.8014,33.474000000000004,32.279,34.732,126.4,113.5,False,False,False,1.9757085814873416,2.200260481938326
2024-03-05 18:50:00,7.4586,10.8292,34.11,32.747,33.609,121.0,117.3,False,False,False,1.624743255656566,1.675992616661931
2024-03-05 18:55:00,6.5043999999999995,10.576699999999999,34.4605,32.281,33.326499999999996,121.0,119.3,False,False,False,1.9552099524242421,1.9830712845208156
2024-03-05 19:00:00,6.5052,10.7456,33.2425,32.218,34.340999999999994,125.9,118.4,False,False,False,1.9514703169490768,2.0750854130396013
2024-03-05 19:05:00,6.634399999999999,10.6232,33.167,32.019,33.497,121.8,120.3,False,False,False,1.8762085119868641,1.8996026330839573
2024-03-05 19:10:00,6.5226,10.8288,33.576,32.455,34.558,121.8,104.9,False,False,False,2.064625012000547,2.3972481073562117
2024-03-05 19:15:00,6.5914,10.7864,33.274,32.394,33.347,117.9,113.5,False,False,False,2.0453278749646597,2.1246181185756243
2024-03-05 19:20:00,6.5836,10.8756,33.815,32.803,34.12,119.3,121.2,False,False,False,2.104051566173047,2.071067259442611
2024-03-05 19:25:00,6.575799999999999,10.879999999999999,32.663,31.653000000000002,33.473,118.5,114.0,False,False,False,2.062091267796531,2.1434896073148146
2024-03-05 19:30:00,6.58,10.6774,33.136,31.871,33.179,113.3,119.4,False,False,False,2.061445256634304,1.9561285391680623
2024-03-05 19:35:00,6.4854,10.717600000000001,33.345,31.843,33.585,119.9,112.2,False,False,False,2.0240863204383284,2.162994205174292
2024-03-05 19:40:00,6.4502,11.056700000000001,32.921,32.497,33.712,116.2,114.6,False,False,False,2.2814651488095246,2.3133180653723104
2024-03-05 19:45:00,6.4878,10.849,33.5335,31.451,33.999,117.5,113.5,False,False,False,2.1329207943687942,2.208089809148311
2024-03-05 19:50:00,6.525799999999999,10.8346,32.905,31.731,34.727999999999994,121.6,109.6,False,False,False,2.044069286111111,2.267872492619627
2024-03-05 19:55:00,6.4914000000000005,10.8354,32.503,32.146,34.134,123.1,113.2,False,False,False,2.0237541873815323,2.200743290341578
2024-03-05 20:00:00,6.5646,10.8172,33.494,32.025999999999996,33.564499999999995,116.2,113.6,False,False,False,2.105222070240485,2.153404969735426
2024-03-05 20:05:00,6.576599999999999,10.6926,32.677499999999995,31.99,33.493,118.7,115.9,False,False,False,1.976083056304409,2.023822767759563
2024-03-05 20:10:00,6.5482,10.8744,32.842,32.272000000000006,34.051,121.3,107.5,False,False,False,2.0532791336218743,2.3168628735658916
2024-03-05 20:15:00,6.5804,10.7782,33.172000000000004,32.025999999999996,33.7515,119.6,110.6,False,False,False,2.016266585839372,2.180338911992666
2024-03-05 20:20:00,6.5798000000000005,10.896799999999999,32.44,32.2535,34.022999999999996,124.1,113.4,False,False,False,1.9936265170225618,2.1817376610449726
2024-03-05 20:25:00,6.5622,11.022400000000001,33.43,32.343,34.117,124.1,113.7,False,False,False,2.0842429940460203,2.2748861526922703
2024-03-05 20:30:00,6.5299000000000005,11.0706,33.352999999999994,32.346,34.225,117.0,112.7,False,False,False,2.251389019971509,2.3372893996154973
2024-03-05 20:35:00,6.6382,10.845,33.449,32.767,33.022000000000006,122.7,113.8,False,False,False,1.975281930761569,2.1297635580355405
2024-03-05 20:40:00,6.611,10.772400000000001,32.851,31.901,33.666000000000004,114.2,111.7,False,False,False,2.0820525157326335,2.128651721545808
2024-03-05 20:45:00,6.5944,10.9446,32.8465,32.113,34.294,119.4,112.8,False,False,False,2.0993967132258504,2.2222337549571503
2024-03-05 20:50:00,6.5244,10.854800000000001,33.304,32.429,33.519999999999996,129.3,108.5,False,False,False,1.9298205070207102,2.2997768807168466
2024-03-05 20:55:00,6.519800000000001,10.902199999999999,33.817,32.575,34.366,122.0,116.3,False,False,False,2.101239266229507,2.2042234779019765
2024-03-05 21:00:00,6.6502,10.8248,33.804,32.175,34.411,122.5,111.9,False,False,False,1.9861544590929705,2.17429777693377
2024-03-05 21:05:00,7.5916,10.8372,34.063,32.783,33.9,119.5,115.5,False,False,False,1.5885419451046023,1.6435563847619046
2024-03-05 21:10:00,6.8072,10.9422,33.783,32.638,34.168,123.9,115.8,False,False,False,1.9489400644561024,2.08526488761754
2024-03-05 21:15:00,6.5774,11.0602,33.817,32.3885,34.299,122.0,115.6,False,False,False,2.143970598210382,2.2626679323673584
2024-03-05 21:20:00,6.6792,10.895599999999998,34.379000000000005,32.655,34.302,120.0,110.3,False,False,False,2.0671314831851846,2.2489191113528753
2024-03-05 21:25:00,6.63,11.0898,33.807,32.79600000000001,34.537,123.3,111.0,False,False,False,2.123826528521222,2.3591694681681683
2024-03-05 21:30:00,6.6974,10.9748,33.903000000000006,32.876,35.15,119.7,121.1,False,False,False,2.1145953044973544,2.0901491160060557
2024-03-05 21:35:00,6.633,11.0212,34.132999999999996,33.019,35.242,124.0,117.2,False,False,False,2.1036961988620066,2.2257536574990513
2024-03-05 21:40:00,6.647,11.0494,34.18,33.055,35.208,124.0,113.9,False,False,False,2.111513624749104,2.2987505660130716
2024-03-05 21:45:00,6.797199999999999,11.062000000000001,34.802,32.834,34.86,122.2,117.0,False,False,False,2.0767210544462635,2.1690197679772085
2024-03-05 21:50:00,6.7664,11.113,34.385000000000005,33.805,34.516,124.8,115.5,False,False,False,2.0767044385772784,2.2439196011640203
2024-03-05 21:55:00,6.7072,10.9366,34.259,33.7875,34.685,122.2,114.1,False,False,False,2.064215190827878,2.2107545689672805
2024-03-05 22:00:00,6.7122,11.1834,34.732,33.826,35.796,125.6,115.3,False,False,False,2.156688106050955,2.3493497495229834
2024-03-05 22:05:00,6.6842,11.2402,34.86,34.4,36.116,125.8,118.9,False,False,False,2.215585777777777,2.344160562190449
2024-03-05 22:10:00,6.7652,11.268600000000001,34.733,33.501,35.6465,123.8,112.0,False,False,False,2.193803350684348,2.4249362037028774
2024-03-05 22:15:00,6.757599999999999,11.161,35.803999999999995,34.44,35.67,127.8,123.6,False,False,False,2.1186266929316644,2.190618862108954
2024-03-05 22:20:00,6.796200000000001,11.276399999999999,36.078,34.038,36.443,125.4,123.3,False,False,False,2.210211258333332,2.247854759083535
2024-03-05 22:25:00,6.7578000000000005,11.2026,36.08,34.63,36.323,133.0,125.7,False,False,False,2.0766440723809527,2.1972447225669587
2024-03-05 22:30:00,6.784000000000001,11.1876,35.937,34.592,36.588,127.8,122.1,False,False,False,2.1427879505912006,2.2428198205205194
2024-03-05 22:35:00,6.791200000000001,11.3606,36.292,34.302499999999995,36.381,124.4,126.7,False,False,False,2.281218617972936,2.2398073881281237
2024-03-05 22:40:00,6.8363,11.117,36.15,35.585,36.814,137.4,121.0,False,False,False,1.9633497533296946,2.229456662045455
2024-03-05 22:45:00,6.8949,11.3136,36.0265,34.95,36.644999999999996,135.0,118.2,False,False,False,2.0450483232191354,2.3357150899710937
2024-03-05 22:50:00,6.9033,11.327000000000002,35.995999999999995,35.094,37.104,135.7,126.0,False,False,False,2.047636120122002,2.205271599210759
2024-03-05 22:55:00,6.9768,11.375800000000002,36.691,35.3565,37.146,133.2,128.3,False,False,False,2.093583607743161,2.1735412046094233
2024-03-05 23:00:00,6.8036,11.3772,36.43,36.091,36.8635,143.8,124.1,False,False,False,2.019755802480296,2.340377795299489
2024-03-05 23:05:00,6.830799999999999,11.368,36.946,35.604,38.317,134.1,130.8,False,False,False,2.1777359816803386,2.2326788619520896
2024-03-05 23:10:00,6.8912,11.5236,36.787,35.965999999999994,37.769,139.8,122.0,False,False,False,2.126137767747575,2.436344753533697
2024-03-05 23:15:00,6.9628,11.517199999999999,37.394999999999996,36.288,37.356,136.4,124.8,False,False,False,2.152465145698924,2.3525340214209396
2024-03-05 23:20:00,6.974200000000001,11.3198,37.741,36.587,38.507999999999996,144.1,132.9,False,False,False,1.975500913994911,2.141984060998244
2024-03-05 23:25:00,6.8872,11.42,37.829,36.309000000000005,38.608000000000004,138.4,132.6,False,False,False,2.1437562094412335,2.2375253347410764
2024-03-05 23:30:00,6.9176,11.498000000000001,37.845,36.245,39.056,140.4,125.3,False,False,False,2.142985777255461,2.4012386522479385
2024-03-05 23:35:00,6.8908000000000005,11.6296,38.322500000000005,36.913,38.249,140.6,130.4,False,False,False,2.220564502477477,2.39425896509458
2024-03-05 23:40:00,6.873399999999999,11.4212,39.0165,37.861000000000004,38.594,146.8,130.7,False,False,False,2.0767962672059492,2.332621974183882
2024-03-05 23:45:00,6.8218000000000005,11.5776,38.932,37.39,38.656,138.4,140.7,False,False,False,2.2937497156310207,2.256254162354892
2024-03-05 23:50:00,7.0226,11.6698,38.962,37.629000000000005,40.159,140.8,135.7,False,False,False,2.2371205295138887,2.3211980144108737
2024-03-05 23:55:00,6.9563999999999995,11.6018,39.129000000000005,37.65,39.741,146.2,135.3,False,False,False,2.149413658458733,2.322574108401084
2024-03-06 00:00:00,7.019,11.7942,38.692,38.2065,40.077,152.0,138.7,False,False,False,2.1334706540277772,2.338050031811263
2024-03-06 00:05:00,7.028999999999999,11.812999999999999,39.825,38.247,40.7855,148.3,136.8,False,False,False,2.225975584775605,2.4131007253086416
2024-03-06 00:10:00,7.112,11.5046,39.503,38.454,40.681,147.6,137.4,False,False,False,2.049759471341463,2.20192502161572
2024-03-06 00:15:00,6.9198,11.7622,40.370999999999995,38.472,41.017,145.2,142.6,False,False,False,2.320663134680134,2.362975365747233
2024-03-06 00:20:00,6.9746,11.6624,39.979,39.786,40.765,145.3,136.9,False,False,False,2.257576118490479,2.3960979548332113
2024-03-06 00:25:00,7.0184,11.896799999999999,40.087,39.392,42.016000000000005,143.5,139.9,False,False,False,2.397881387379017,2.4595852686839805
2024-03-06 00:30:00,7.0982,11.5806,40.313,39.814499999999995,41.68,150.4,144.1,False,False,False,2.1075631102615247,2.1997050089058523
2024-03-06 00:35:00,7.1504,11.9572,40.567,39.444,41.811,154.3,143.2,False,False,False,2.2032289880175697,2.3740100059435134
2024-03-06 00:40:00,7.1738,11.9686,41.3365,39.474000000000004,41.887,162.3,143.2,False,False,False,2.104415423375779,2.385102117415425
2024-03-06 00:45:00,7.021000000000001,11.7256,41.714999999999996,40.11,41.760000000000005,154.1,144.5,False,False,False,2.190431179591174,2.3359546351211065
2024-03-06 00:50:00,7.2014,11.912,41.186,40.715999999999994,42.712,154.8,153.9,False,False,False,2.201485825,2.2143600111111112
2024-03-06 00:55:00,8.1538,11.8422,41.969,40.689,42.602,161.0,150.4,False,False,False,1.6659744247066934,1.78339017538416
2024-03-06 01:00:00,7.1604,11.828399999999998,42.006,40.701,42.87,158.6,154.0,False,False,False,2.1457620170239586,2.209856207142856
2024-03-06 01:05:00,7.2224,11.9666,42.376999999999995,41.159,43.53,159.3,151.3,False,False,False,2.1969509328102106,2.313114894888741
2024-03-06 01:10:00,7.117,11.9598,43.032,41.237,43.766,163.1,158.0,False,False,False,2.2070646958580284,2.27830539173699
2024-03-06 01:15:00,7.186,12.0952,43.598,41.505,43.803,153.3,148.0,False,False,False,2.3965444490976298,2.482366648963964
2024-03-06 01:20:00,7.144,12.0988,43.699,42.353500000000004,44.275,166.1,151.7,False,False,False,2.257024879139073,2.471271143210284
2024-03-06 01:25:00,7.187600000000001,12.0366,42.807,42.503499999999995,43.868,166.4,153.2,False,False,False,2.1854097926432283,2.3737088087195377
2024-03-06 01:30:00,7.267,11.9914,43.414,42.83,45.094,166.5,156.5,False,False,False,2.163548359439439,2.301794261001065
2024-03-06 01:35:00,7.1182,12.203500000000002,44.288,42.268,44.9,164.4,161.9,False,False,False,2.360690019789133,2.3971429231212693
2024-03-06 01:40:00,7.206,12.059999999999999,45.021,42.681,44.266,168.6,158.2,False,False,False,2.2057415389482,2.3507460396123045
2024-03-06 01:45:00,7.2438,12.1374,45.114,42.725,46.086,168.5,169.1,False,False,False,2.2580523313550933,2.2500403183520596
2024-03-06 01:50:00,7.2032,12.2618,44.893,43.495,46.3375,173.3,160.8,False,False,False,2.283102272691863,2.460582237919775
2024-03-06 01:55:00,7.2094,12.407,45.613,43.61,45.471,176.8,162.0,False,False,False,2.298860556334841,2.508879915802469
2024-03-06 02:00:00,7.2274,12.216800000000001,44.870999999999995,44.272,46.9,174.6,161.2,False,False,False,2.2569610751209113,2.4445744647401435
2024-03-06 02:05:00,7.361,12.446200000000001,45.773,44.4145,46.118,174.6,165.3,False,False,False,2.3047348268645798,2.434402303512133
2024-03-06 02:10:00,7.2745999999999995,12.1394,46.007999999999996,44.834,47.137,175.5,166.5,False,False,False,2.2204686608547006,2.3404939938738734
2024-03-06 02:15:00,7.3253,12.329600000000001,46.3175,44.859,47.546499999999995,172.1,175.1,False,False,False,2.341826544000581,2.3017038733438038
2024-03-06 02:20:00,7.2208,12.345400000000001,46.254,44.954,47.839999999999996,184.5,171.3,False,False,False,2.2421885665040655,2.414966669702277
2024-03-06 02:25:00,7.2261,12.184000000000001,46.760000000000005,45.194500000000005,47.798,185.8,173.0,False,False,False,2.1649876544036304,2.3251717120704885
2024-03-06 02:30:00,7.365399999999999,12.3568,47.405,45.041000000000004,49.147000000000006,186.1,170.0,False,False,False,2.2047612654755513,2.4135651265000004
2024-03-06 02:35:00,7.234399999999999,12.4206,47.257,45.405,48.12,182.6,176.9,False,False,False,2.321343467135208,2.396140854148609
2024-03-06 02:40:00,7.2700000000000005,12.4272,48.0005,45.834,48.108,185.8,181.5,False,False,False,2.2873072142835777,2.341496861784511
2024-03-06 02:45:00,7.433400000000001,12.5354,47.314,46.3005,48.652,189.2,174.8,False,False,False,2.2272335234173117,2.4107127152777763
2024-03-06 02:50:00,7.3604,12.3768,48.196000000000005,46.536,48.854,184.1,177.2,False,False,False,2.2714033039652355,2.359849595146726
2024-03-06 02:55:00,7.3146,12.7942,47.928,46.68,49.011,195.9,174.8,False,False,False,2.332223165611706,2.6137443829710136
2024-03-06 03:00:00,7.2934,12.5932,47.943,46.941,49.577,191.6,175.5,False,False,False,2.3198418468771744,2.5326592470750233
2024-03-06 03:05:00,7.4612,12.599599999999999,48.88,47.245,49.6395,192.2,173.6,False,False,False,2.2624035744190074,2.5048039573924723
2024-03-06 03:10:00,7.323,12.608799999999999,49.225,47.288,50.085,191.1,181.4,False,False,False,2.3540835376417224,2.479963418099962
2024-03-06 03:15:00,7.3033,12.579699999999999,49.3205,47.688,50.573,188.4,176.9,False,False,False,2.3995649999911532,2.555557071782551
2024-03-06 03:20:00,7.311,12.7092,49.763,48.164,49.981,197.6,186.5,False,False,False,2.3458351019230768,2.4854531696514743
2024-03-06 03:25:00,7.505799999999999,12.5432,49.275,48.124,50.991499999999995,199.7,183.9,False,False,False,2.1730927179978305,2.359796714432663
2024-03-06 03:30:00,7.3636,12.4558,49.732,48.6625,51.0215,198.3,184.9,False,False,False,2.2275303473524963,2.3889630496484586
2024-03-06 03:35:00,7.4,12.680800000000001,50.581,49.043,51.327999999999996,202.0,184.9,False,False,False,2.2910312185698576,2.502911336674479
2024-03-06 03:40:00,7.3422,12.887200000000002,50.456,48.398,51.399,194.8,192.4,False,False,False,2.483016098633927,2.5139892724214605
2024-03-06 03:45:00,7.2844,12.7674,50.827,49.669,51.934000000000005,207.7,191.5,False,False,False,2.3361245012839036,2.5337496549173197
2024-03-06 03:50:00,7.3748000000000005,12.7304,50.7805,49.593,51.857000000000006,203.7,193.0,False,False,False,2.3236063949189982,2.4524280966062175
2024-03-06 03:55:00,7.6129999999999995,12.743599999999999,51.089999999999996,49.807,51.736000000000004,206.8,196.4,False,False,False,2.1984158578900694,2.314828917574676
2024-03-06 04:00:00,7.391,12.693999999999999,51.529999999999994,50.147000000000006,53.0245,203.9,189.8,False,False,False,2.3358379569301393,2.50936438049555
2024-03-06 04:05:00,7.272799999999999,12.847399999999999,50.6825,50.086,53.166,206.5,188.0,False,False,False,2.412533792215496,2.649937383470744
2024-03-06 04:10:00,7.3682,12.8218,52.339999999999996,49.788,53.392999999999994,202.5,194.1,False,False,False,2.431594088482853,2.5368253627912303
2024-03-06 04:15:00,7.4872,12.824000000000002,51.745000000000005,50.07,52.498000000000005,212.5,196.5,False,False,False,2.249926303864053,2.4331264100311003
2024-03-06 04:20:00,7.5043999999999995,12.9388,51.669000000000004,50.871,53.548,210.9,201.1,False,False,False,2.335007732532533,2.448797268976187
2024-03-06 04:25:00,7.5508,12.889600000000002,52.624,50.9,53.19,215.3,202.5,False,False,False,2.2560628963307017,2.3986683534814817
2024-03-06 04:30:00,7.518600000000001,12.891399999999999,52.35699999999999,50.935,53.05,206.4,198.3,False,False,False,2.362710058656329,2.459220151823834
2024-03-06 04:35:00,7.4738,12.915600000000001,52.215999999999994,51.179,53.715999999999994,212.3,199.7,False,False,False,2.337991674755326,2.4855064223863583
2024-03-06 04:40:00,7.4684,13.003800000000002,53.165,51.467,54.028,218.2,203.1,False,False,False,2.336713665800999,2.510442746813284
2024-03-06 04:45:00,7.51,13.1661,52.85,51.838,53.791,219.3,201.8,False,False,False,2.3729793285086385,2.578762967006662
2024-03-06 04:50:00,7.6078,12.7732,54.056,51.32899999999999,54.852999999999994,209.8,208.2,False,False,False,2.2903812271846196,2.307982619900736
2024-03-06 04:55:00,7.573600000000001,12.855799999999999,54.291999999999994,51.762,54.835,219.3,205.8,False,False,False,2.2498126113669743,2.397395071296295
2024-03-06 05:00:00,7.5782,13.0144,53.446000000000005,52.31699999999999,55.2875,221.9,208.9,False,False,False,2.2905722068611984,2.4331161929272374
2024-03-06 05:05:00,7.609,13.14,54.069500000000005,51.867,54.1715,223.9,194.6,False,False,False,2.296182394570989,2.64190769858399
2024-03-06 05:10:00,7.4916,13.095099999999999,53.428,52.885000000000005,54.851,216.9,206.3,False,False,False,2.4171947782644327,2.54139383134055
2024-03-06 05:15:00,7.487399999999999,13.088999999999999,54.44500000000001,53.124,55.5,220.3,206.9,False,False,False,2.40720340789832,2.563107350217496
2024-03-06 05:20:00,7.5114,12.991,54.3235,53.423,54.698,228.7,216.7,False,False,False,2.2595996013676327,2.3847274057811614
2024-03-06 05:25:00,7.4666,13.0768,54.57000000000001,52.517999999999994,54.612,223.3,209.5,False,False,False,2.3585409770114945,2.5139007167859986
2024-03-06 05:30:00,7.522200000000001,13.0886,54.775,53.327999999999996,55.827,221.6,210.5,False,False,False,2.3905998040513428,2.516659936236473
2024-03-06 05:35:00,7.592999999999999,13.0508,54.88099999999999,53.842999999999996,55.779999999999994,222.6,214.0,False,False,False,2.341599975301987,2.4357016565524408
2024-03-06 05:40:00,7.5394000000000005,13.189400000000001,54.66799999999999,52.93300000000001,56.199,224.1,209.0,False,False,False,2.3975312360553325,2.57075
2024-03-06 05:45:00,7.309,13.063400000000001,55.57899999999999,53.281000000000006,55.55499999999999,226.2,216.7,False,False,False,2.4282459264662544,2.5346987935702203
2024-03-06 05:50:00,7.5512,13.227799999999998,55.456500000000005,53.197,56.577999999999996,225.4,211.3,False,False,False,2.4158558214544508,2.5770653201885145
2024-03-06 05:55:00,7.3576,13.179399999999998,55.866,53.50599999999999,56.768499999999996,232.9,217.4,False,False,False,2.411054857188348,2.5829561924524667
2024-03-06 06:00:00,7.4548000000000005,13.109,55.48,54.248000000000005,56.861000000000004,230.8,207.0,False,False,False,2.369329535843924,2.64174520228395
2024-03-06 06:05:00,7.505,13.1534,55.798500000000004,53.54,57.098,232.9,214.7,False,False,False,2.3434101982181192,2.5420597818584074
2024-03-06 06:10:00,7.4586,13.380799999999999,55.690999999999995,54.144000000000005,56.80499999999999,231.3,215.1,False,False,False,2.477025511264831,2.663579733870551
2024-03-06 06:15:00,7.4388000000000005,13.2458,56.069,54.145,56.655499999999996,230.7,219.4,False,False,False,2.43851247385373,2.564105869270991
2024-03-06 06:20:00,7.437,13.155000000000001,56.702,54.20399999999999,56.910000000000004,230.1,217.3,False,False,False,2.4210551522526442,2.563666776499463
2024-03-06 06:25:00,7.4644,13.0124,56.032999999999994,54.434000000000005,57.059000000000005,230.1,217.0,False,False,False,2.345016150369404,2.4865816414746535
2024-03-06 06:30:00,7.5331,13.15,56.864,53.995000000000005,57.194,230.0,221.1,False,False,False,2.382642647358696,2.478551826741294
2024-03-06 06:35:00,7.4525999999999994,13.1948,56.384,54.364999999999995,58.487,232.3,218.9,False,False,False,2.428653973224279,2.577324431155779
2024-03-06 06:40:00,7.5226,13.132200000000001,56.799,54.42,57.342999999999996,239.0,221.3,False,False,False,2.2968754950813572,2.480584018637345
2024-03-06 06:45:00,7.5214,13.277600000000001,57.146,55.076,57.105,246.5,214.4,False,False,False,2.295561597662836,2.6392534226860493
2024-03-06 06:50:00,7.505799999999999,13.1174,56.39399999999999,55.414,58.3845,241.6,223.9,False,False,False,2.2949539723256995,2.4763773100218356
2024-03-06 06:55:00,7.5359,13.131,56.98,55.198,58.534000000000006,237.8,228.4,False,False,False,2.3318673329688817,2.4278373545534153
2024-03-06 07:00:00,7.4644,13.190100000000001,57.188,54.267999999999994,57.172000000000004,233.5,214.6,False,False,False,2.400574446542946,2.6119950292067933
2024-03-06 07:05:00,7.3631,13.218,57.013,54.867,58.045,238.3,218.9,False,False,False,2.423798450162027,2.6386074493997764
2024-03-06 07:10:00,7.4524,13.4164,56.338,55.21900000000001,57.614,238.1,228.7,False,False,False,2.4600726981660364,2.561186311470631
2024-03-06 07:15:00,7.382599999999999,13.178,56.681000000000004,54.857000000000006,57.733000000000004,233.3,228.7,False,False,False,2.441153129739964,2.490253717395425
2024-03-06 07:20:00,7.4318,13.0161,56.904999999999994,55.081,57.715999999999994,242.8,224.2,False,False,False,2.265952517245561,2.453939657391714
2024-03-06 07:25:00,7.453999999999999,13.1688,57.318000000000005,55.928999999999995,58.15,247.5,221.2,False,False,False,2.297591597086419,2.5707681748593525
2024-03-06 07:30:00,7.3912,13.0986,56.69,54.924,57.884,235.2,228.4,False,False,False,2.3878627291997354,2.458954964569955
2024-03-06 07:35:00,7.457599999999999,13.1102,56.503,55.529999999999994,58.511,236.2,227.0,False,False,False,2.3694556873835735,2.4654864905726877
2024-03-06 07:40:00,7.401000000000001,13.059199999999999,56.67,55.40599999999999,58.370000000000005,239.7,225.4,False,False,False,2.3358279962777537,2.4840193908951975
2024-03-06 07:45:00,7.4483999999999995,13.0722,57.251999999999995,54.867,58.479499999999994,244.5,229.2,False,False,False,2.278085383534424,2.4301565282468007
2024-03-06 07:50:00,7.5012,13.235,56.727,54.772000000000006,57.714,235.0,227.2,False,False,False,2.396912545799054,2.4792009166495497
2024-03-06 07:55:00,7.3835999999999995,13.159799999999999,56.948,54.9365,58.391999999999996,238.7,229.8,False,False,False,2.3921494197004605,2.484795763631418
2024-03-06 08:00:00,7.468999999999999,13.066399999999998,56.378,54.864,57.4,236.2,227.2,False,False,False,2.3201495523708715,2.4120568849911965
2024-03-06 08:05:00,7.3182,13.1,57.032000000000004,54.641999999999996,58.215999999999994,246.1,221.0,False,False,False,2.3171975079913314,2.5803724285822023
2024-03-06 08:10:00,7.505199999999999,13.105799999999999,57.439,54.949,58.400999999999996,236.3,223.6,False,False,False,2.35003600108854,2.483513001150367
2024-03-06 08:15:00,7.3515999999999995,13.002600000000001,57.092,55.705999999999996,58.299,242.5,224.6,False,False,False,2.3147268238602527,2.499204162004057
2024-03-06 08:20:00,7.3456,13.187999999999999,56.783,55.011,57.53099999999999,232.1,223.1,False,False,False,2.4744632991047912,2.574284767916728
2024-03-06 08:25:00,7.409000000000001,13.1544,56.533500000000004,55.524,57.928999999999995,237.9,225.3,False,False,False,2.383329262457382,2.5166179828611233
2024-03-06 08:30:00,7.4338,13.031200000000002,57.221000000000004,54.41799999999999,57.922000000000004,237.0,230.9,False,False,False,2.324918600007033,2.386339143359319
2024-03-06 08:35:00,7.4738,13.209399999999999,56.9,54.588499999999996,58.335,245.3,224.0,False,False,False,2.30527574307424,2.5244827668576386
2024-03-06 08:40:00,7.357200000000001,13.143200000000002,56.471000000000004,54.749,58.251999999999995,244.6,227.4,False,False,False,2.3273608082129553,2.5033968939704874
2024-03-06 08:45:00,7.3336,13.0288,56.78099999999999,54.644000000000005,57.361000000000004,241.8,233.9,False,False,False,2.307984510669975,2.385936958871312
2024-03-06 08:50:00,7.3606,13.0614,57.04,54.912,58.125,238.7,225.7,False,False,False,2.3581572286738357,2.4939837416235915
2024-03-06 08:55:00,7.3282,13.002199999999998,56.15599999999999,54.71,57.551,239.2,228.1,False,False,False,2.3193050227842797,2.432169055019727
2024-03-06 09:00:00,7.3809,13.061000000000002,56.145,54.92100000000001,56.775999999999996,239.2,229.4,False,False,False,2.3138715038298967,2.4127204172454717
2024-03-06 09:05:00,7.4064,12.983600000000001,56.891,54.116,58.258,244.9,222.5,False,False,False,2.237888190440543,2.4631856981523104
2024-03-06 09:10:00,7.391800000000001,13.007200000000001,56.412,55.053999999999995,57.104,240.0,227.4,False,False,False,2.289778789375,2.41665307585752
2024-03-06 09:15:00,7.1698,13.156299999999998,56.821000000000005,54.88099999999999,56.895,241.4,220.8,False,False,False,2.427332937085749,2.6537960643682053
2024-03-06 09:20:00,7.171600000000001,13.113999999999999,56.32000000000001,54.625,57.3755,232.5,224.4,False,False,False,2.49758180994982,2.5877351640522868
2024-03-06 09:25:00,7.333799999999999,13.031600000000001,55.373000000000005,53.938,57.7,233.8,225.4,False,False,False,2.362933806698509,2.45099345166864
2024-03-06 09:30:00,7.3988,13.0846,55.681,54.9125,57.765,229.6,219.1,False,False,False,2.4204634472234323,2.5364600980488365
2024-03-06 09:35:00,7.419200000000001,13.0472,55.352,54.285000000000004,57.367,241.1,230.5,False,False,False,2.2632239850684357,2.367302832104121
2024-03-06 09:40:00,7.242,12.971,55.001,53.705,56.89,236.3,220.2,False,False,False,2.3308199576338926,2.5012386738823293
2024-03-06 09:45:00,7.255,12.919,55.371,54.340999999999994,56.19500000000001,231.1,221.0,False,False,False,2.360651050915909,2.4685360084464554
2024-03-06 09:50:00,7.1762,12.793000000000001,55.522000000000006,53.527,57.339999999999996,228.2,219.3,False,False,False,2.3776160124744385,2.47410840878553
2024-03-06 09:55:00,7.176900000000001,12.8706,55.398,53.709,55.413,237.4,222.1,False,False,False,2.2907429153327703,2.448547357496622
2024-03-06 10:00:00,7.1678,13.0174,55.9865,53.278999999999996,56.541999999999994,234.4,216.2,False,False,False,2.402240689799014,2.6044644666461094
2024-03-06 10:05:00,7.259399999999999,12.8642,54.830999999999996,53.5515,55.961,231.4,219.0,False,False,False,2.3109634807356194,2.4418125545306957
2024-03-06 10:10:00,7.321,12.8118,54.352,54.099000000000004,56.088,224.3,218.9,False,False,False,2.338401011923515,2.396086555388051
2024-03-06 10:15:00,7.288200000000001,12.6504,54.552,52.943,56.084,224.3,218.4,False,False,False,2.2703095133526516,2.3316411348214277
2024-03-06 10:20:00,7.219200000000001,12.7272,54.25599999999999,52.649,55.33,232.0,217.9,False,False,False,2.236115773706896,2.3808116544286366
2024-03-06 10:25:00,7.290000000000001,12.7548,55.06699999999999,53.013999999999996,54.838,227.3,217.4,False,False,False,2.273999462296523,2.3775532556577725
2024-03-06 10:30:00,7.2216000000000005,12.7158,53.787,52.69500000000001,55.437,231.9,219.2,False,False,False,2.227128698771021,2.3561639837819333
2024-03-06 10:35:00,7.197,12.7544,54.279999999999994,52.571000000000005,55.489,230.1,218.5,False,False,False,2.276273094355111,2.3971187140096615
2024-03-06 10:40:00,7.202800000000001,12.7926,53.788,52.21,54.867999999999995,235.8,211.0,False,False,False,2.2139128293893124,2.4741262804265403
2024-03-06 10:45:00,7.1066,12.7882,54.271,52.513999999999996,54.771,220.2,219.5,False,False,False,2.4200270340902206,2.4277446601670456
2024-03-06 10:50:00,7.074599999999999,12.5868,53.694,51.9365,54.349000000000004,221.1,212.3,False,False,False,2.315497650373135,2.411476827590674
2024-03-06 10:55:00,7.1852,12.7512,53.489,52.074,54.463,224.5,210.2,False,False,False,2.3033566647364516,2.4600550486837935
2024-03-06 11:00:00,7.0756,12.626000000000001,52.923,52.128,54.093999999999994,220.0,216.5,False,False,False,2.3309791322222226,2.36866239763921
2024-03-06 11:05:00,7.2002,12.649199999999999,52.95399999999999,51.42,53.69199999999999,227.5,209.9,False,False,False,2.1979492247374837,2.382246063019426
2024-03-06 11:10:00,7.070600000000001,12.494800000000001,52.724000000000004,51.274,54.172000000000004,217.1,210.2,False,False,False,2.2942660093402942,2.36957731031293
2024-03-06 11:15:00,7.1096,12.6029,52.01649999999999,50.735,54.362,221.2,211.9,False,False,False,2.2651944220407625,2.3646106944568976
2024-03-06 11:20:00,7.0653999999999995,12.5114,52.686,50.797,53.883,222.0,200.5,False,False,False,2.2411934975475476,2.481520979828207
2024-03-06 11:25:00,7.082800000000001,12.5398,52.95700000000001,50.437,54.190999999999995,225.6,209.4,False,False,False,2.2129597752290184,2.3841629670089137
2024-03-06 11:30:00,7.119200000000001,12.4692,52.198,50.186,53.25,218.4,214.4,False,False,False,2.213346523962149,2.2546403023942787
2024-03-06 11:35:00,7.159000000000001,12.4236,51.935,50.065999999999995,52.334,225.4,207.6,False,False,False,2.0927612216430047,2.272198359144187
2024-03-06 11:40:00,7.2002,12.3604,51.74400000000001,49.896,52.340999999999994,215.7,207.2,False,False,False,2.1385889100834494,2.2263205979971046
2024-03-06 11:45:00,7.0376,12.342400000000001,51.729,49.661,52.173500000000004,219.3,205.1,False,False,False,2.156563102969043,2.3058717137060514
2024-03-06 11:50:00,7.0174,12.4602,51.095,49.643,52.239999999999995,215.1,205.1,False,False,False,2.2472672866057133,2.3568366326128176
2024-03-06 11:55:00,6.9014,12.3346,50.348,50.032,51.85,213.7,199.9,False,False,False,2.246959282535226,2.4020770319048412
2024-03-06 12:00:00,7.0280000000000005,12.3122,50.358,49.512,51.689,216.5,203.7,False,False,False,2.1475676952809852,2.2825154935117
2024-03-06 12:05:00,6.913500000000001,12.3354,50.722,48.32,50.885000000000005,207.1,199.8,False,False,False,2.2787413899847095,2.361998708037204
2024-03-06 12:10:00,6.9798,12.296600000000002,49.905,48.72,51.044,210.9,202.0,False,False,False,2.1905309137137134,2.2870444044664464
2024-03-06 12:15:00,7.002,12.298599999999999,49.994,49.047,51.220000000000006,209.8,194.7,False,False,False,2.202326742842389,2.373128662806026
2024-03-06 12:20:00,7.05,12.222399999999999,49.496500000000005,48.271,50.757,198.4,195.8,False,False,False,2.2479793609178986,2.2778299550873906
2024-03-06 12:25:00,6.8225,12.198599999999999,49.333,47.832,50.429,211.1,194.3,False,False,False,2.1821851361992732,2.3708660949648306
2024-03-06 12:30:00,6.8894,12.3232,49.1605,47.647499999999994,49.89,213.4,200.9,False,False,False,2.168588810939289,2.30351842834467
2024-03-06 12:35:00,6.8474,12.0472,48.702999999999996,47.989,49.900999999999996,204.2,191.5,False,False,False,2.167144749328001,2.31086662043226
2024-03-06 12:40:00,6.864400000000001,12.0044,49.238,47.123000000000005,49.321000000000005,203.0,193.6,False,False,False,2.141493504652436,2.2454709785353537
2024-03-06 12:45:00,6.8952,12.0852,48.672000000000004,46.628,49.43,206.9,192.9,False,False,False,2.1077020339938777,2.2606715958182133
2024-03-06 12:50:00,6.8946,12.1386,48.251999999999995,46.745,49.708,199.7,193.6,False,False,False,2.2060326765147718,2.2755409374999997
2024-03-06 12:55:00,6.8964,11.9346,48.224000000000004,46.775,48.757,204.8,194.0,False,False,False,2.0531241747070306,2.1674218091752575
2024-03-06 13:00:00,6.870400000000001,12.0092,47.573,46.427,48.306,201.5,185.2,False,False,False,2.106947245867107,2.2923859073554107
2024-03-06 13:05:00,6.892799999999999,12.2718,46.672000000000004,46.094,49.202999999999996,202.3,185.2,False,False,False,2.1915075446119627,2.393855163471923
2024-03-06 13:10:00,6.8786000000000005,11.949,46.986000000000004,46.003,48.722,195.7,183.3,False,False,False,2.1315658032362457,2.2757633807601376
2024-03-06 13:15:00,6.845000000000001,12.021,46.739,45.208999999999996,47.523,195.7,182.4,False,False,False,2.1415644163969794,2.2977201550925925
2024-03-06 13:20:00,6.7602,11.991,46.337,45.733,47.017,187.7,179.4,False,False,False,2.2502676025039956,2.354376973188405
2024-03-06 13:25:00,6.9,11.926,46.169,44.766000000000005,47.14,191.9,177.8,False,False,False,2.0994539191419137,2.265946046587926
2024-03-06 13:30:00,6.720400000000001,11.781600000000001,46.1845,45.4435,48.217,194.9,182.8,False,False,False,2.108299903454763,2.2478536716812543
2024-03-06 13:35:00,6.832599999999999,11.778400000000001,45.396,44.314,46.618,183.1,179.0,False,False,False,2.1378491365010017,2.1868166306890138
2024-03-06 13:40:00,6.7142,11.7092,45.811,44.5985,47.356,187.8,180.9,False,False,False,2.127277578873801,2.2084175196932003
2024-03-06 13:45:00,6.7646,11.6132,46.090999999999994,44.120999999999995,46.269,180.4,180.8,False,False,False,2.1295890507113824,2.1248775705106935
2024-03-06 13:50:00,6.783499999999999,11.783,44.531,43.144,46.083,187.4,174.5,False,False,False,2.0716698133671287,2.2248190431232087
2024-03-06 13:55:00,6.7264,11.6098,44.531,43.273,46.084,185.1,173.4,False,False,False,2.0506961668287413,2.1890649393310264
2024-03-06 14:00:00,6.6256,11.7521,45.088,43.251,45.661,177.6,171.4,False,False,False,2.2455699293043043,2.3267982464670034
2024-03-06 14:05:00,6.7082,11.7226,43.715999999999994,43.118,45.854,186.9,173.5,False,False,False,2.066736487200523,2.226357633762408
2024-03-06 14:10:00,6.5932,11.7403,45.017,42.882999999999996,45.15,190.0,167.3,False,False,False,2.0925106125,2.3764316579497904
2024-03-06 14:15:00,6.7787999999999995,11.5736,43.665,42.833,44.841,182.8,171.7,False,False,False,2.000008290402383,2.1293041088267652
2024-03-06 14:20:00,6.6861999999999995,11.6316,43.257,42.523,44.225,167.2,169.9,False,False,False,2.2323844687500003,2.1969080822542675
2024-03-06 14:25:00,6.7642,11.523,43.173,42.4945,44.382999999999996,180.9,169.9,False,False,False,1.9861621330784347,2.114754148757439
2024-03-06 14:30:00,6.6866,11.498000000000001,42.543,41.812,44.631,175.3,169.9,False,False,False,2.055303245921278,2.120627775220718
2024-03-06 14:35:00,6.5428,11.6586,43.472,40.931,43.028,177.9,164.4,False,False,False,2.1274359120011237,2.3021341164537708
2024-03-06 14:40:00,6.667199999999999,11.580200000000001,42.612,41.556,43.011,173.2,161.2,False,False,False,2.0943924692551974,2.2503025786290336
2024-03-06 14:45:00,6.6758,11.5056,42.43,40.783,42.7055,165.4,168.9,False,False,False,2.134651430903197,2.090416498942503
2024-03-06 14:50:00,6.6748,11.425,41.8,40.76,43.06,173.2,162.8,False,False,False,2.0001684936489608,2.127943385135135
2024-03-06 14:55:00,6.7506,11.3398,41.368,40.256,42.501999999999995,169.3,159.7,False,False,False,1.953379260891251,2.0708021845265425
2024-03-06 15:00:00,6.7672,11.3812,41.323,40.2465,42.488,165.1,161.2,False,False,False,2.012784722138098,2.061481126705955
2024-03-06 15:05:00,6.6016,11.451600000000001,40.146,39.9665,42.562,163.7,158.1,False,False,False,2.1100421999083694,2.18478120256167
2024-03-06 15:10:00,6.646299999999999,11.4768,40.632,39.993,42.148,173.1,150.1,False,False,False,1.9890315503000842,2.293813200246133
2024-03-06 15:15:00,6.7428,11.341899999999999,40.475,39.409000000000006,41.557,173.1,150.2,False,False,False,1.873203259963733,2.158798164445554
2024-03-06 15:20:00,6.6646,11.3188,40.113,38.905,40.813,166.8,161.0,False,False,False,1.9411628197741801,2.011092908933747
2024-03-06 15:25:00,6.6084000000000005,11.4448,40.488,38.821999999999996,41.016000000000005,162.1,156.1,False,False,False,2.084214738460484,2.1643254907395546
2024-03-06 15:30:00,6.579600000000001,11.217699999999999,39.612,38.796,39.926,167.4,153.2,False,False,False,1.9034347107493683,2.0798627322418035
2024-03-06 15:35:00,6.572799999999999,11.2336,40.315999999999995,38.802,40.2115,161.1,157.8,False,False,False,2.0042714173805094,2.0461858386565273
2024-03-06 15:40:00,6.560599999999999,11.2474,39.019,38.737,40.8685,162.8,147.5,False,False,False,1.9826232780405408,2.18827843840678
2024-03-06 15:45:00,6.5840000000000005,11.300799999999999,39.827,37.8795,39.928,155.7,149.1,False,False,False,2.0688897382145144,2.1604703704896036
2024-03-06 15:50:00,6.484399999999999,11.3448,39.122,38.118,39.757999999999996,156.9,149.3,False,False,False,2.1041238147581613,2.21123259568356
2024-03-06 15:55:00,6.5489999999999995,11.2628,38.7645,38.201,39.725,151.8,147.5,False,False,False,2.103675100462963,2.1650025779679853
2024-03-06 16:00:00,6.515600000000001,11.2498,38.603,37.52,40.346999999999994,156.1,136.5,False,False,False,2.050697296355612,2.3451563953194947
2024-03-06 16:05:00,6.5722000000000005,11.2074,38.022000000000006,37.362,39.33,150.6,143.2,False,False,False,2.0497633088977425,2.1556868318435756
2024-03-06 16:10:00,6.6238,11.166599999999999,37.8,36.792,38.95,152.4,148.3,False,False,False,1.9648933161708946,2.019216057885666
2024-03-06 16:15:00,6.5266,10.9934,37.798,36.756,38.781,144.1,143.3,False,False,False,2.039578198049194,2.050964538303481
2024-03-06 16:20:00,6.6335999999999995,11.328999999999999,37.919,36.406,37.775999999999996,145.0,140.4,False,False,False,2.1074528428850567,2.1765004431505215
2024-03-06 16:25:00,6.5548,11.2678,36.944,36.554,38.099000000000004,145.9,147.8,False,False,False,2.092851689684715,2.065947642253044
2024-03-06 16:30:00,6.497400000000001,11.0796,37.891000000000005,36.199,37.68,151.8,133.3,False,False,False,1.9587152548309175,2.2305549563640907
2024-03-06 16:35:00,6.5912999999999995,11.0248,37.21,36.5,37.458999999999996,146.0,136.5,False,False,False,1.959843267760655,2.0962426160663417
2024-03-06 16:40:00,6.498399999999999,10.878,37.951,35.803,37.7325,142.0,140.9,False,False,False,1.9962373153090769,2.01182185077281
2024-03-06 16:45:00,6.581999999999999,10.984399999999999,37.284000000000006,35.623000000000005,36.682,137.9,132.3,False,False,False,2.031121872580775,2.1170952851767866
2024-03-06 16:50:00,6.6251999999999995,11.1624,36.815,35.092,38.024,145.5,134.6,False,False,False,1.9901641282703322,2.1513289796681527
2024-03-06 16:55:00,6.4666,11.029,36.811,35.511,36.818,152.2,125.3,False,False,False,1.8993562969776612,2.3071191412609737
2024-03-06 17:00:00,6.5408,11.0412,36.511,34.765499999999996,36.385000000000005,145.7,129.7,False,False,False,1.9306154436704033,2.168779260931209
2024-03-06 17:05:00,6.5054,11.1084,36.1,35.288,36.565,137.6,133.9,False,False,False,2.096529811268572,2.154462300452244
2024-03-06 17:10:00,6.489,11.0608,35.626999999999995,34.433,37.052,140.3,133.9,False,False,False,2.026336027845094,2.123188534030371
2024-03-06 17:15:00,6.5813999999999995,10.8362,35.5025,34.477,36.589,141.2,131.3,False,False,False,1.8643055485560278,2.0048739029406786
2024-03-06 17:20:00,6.552200000000001,10.85,34.33,34.315,35.945,141.6,127.2,False,False,False,1.8429641893832382,2.0516016447851144
2024-03-06 17:25:00,6.501399999999999,10.784,35.505,34.589,36.397000000000006,135.5,129.0,False,False,False,1.9540015688683892,2.0524590122609823
2024-03-06 17:30:00,6.474200000000001,10.9622,35.128,33.992000000000004,35.696,142.0,126.7,False,False,False,1.9232505765258208,2.155497883714811
2024-03-06 17:35:00,6.531999999999999,10.889,34.69,33.866499999999995,35.39,130.2,129.8,False,False,False,2.0194366403076462,2.025659865701506
2024-03-06 17:40:00,6.5268,10.918600000000001,34.914,34.4195,35.384,129.4,122.9,False,False,False,2.0633425242250563,2.172469671559986
2024-03-06 17:45:00,6.5132,10.9686,34.843,32.852,35.638999999999996,129.9,128.4,False,False,False,2.0576171724488916,2.0816547562391827
2024-03-06 17:50:00,6.4582,10.9602,35.722500000000004,33.25,35.458,128.8,122.8,False,False,False,2.119145470992926,2.2226867806505615
2024-03-06 17:55:00,6.4766,10.8779,34.648,33.564,35.9045,137.3,120.9,False,False,False,1.9376430738255643,2.2004829945099256
2024-03-06 18:00:00,6.4308,10.947,34.446,32.688,35.244,124.9,123.3,False,False,False,2.1491224186549234,2.1770104630170315
2024-03-06 18:05:00,6.5556,10.9084,35.0265,33.056,34.836,128.3,121.5,False,False,False,2.0271192123755086,2.1405711518335617
2024-03-06 18:10:00,6.466200000000001,10.9278,34.577999999999996,33.32,34.913,132.0,120.2,False,False,False,2.01743740611111,2.2154886656128667
2024-03-06 18:15:00,6.5165999999999995,10.797,33.269999999999996,32.519999999999996,34.778000000000006,124.2,118.3,False,False,False,2.0121778235104673,2.1125315780219784
2024-03-06 18:20:00,6.381,10.8108,33.934,33.397000000000006,34.5745,127.2,119.2,False,False,False,2.060337736615566,2.1986154370595634
2024-03-06 18:25:00,6.4152000000000005,10.818,33.977,32.878,33.637,126.4,118.2,False,False,False,2.0321565382911384,2.1731352490693734
2024-03-06 18:30:00,6.4963999999999995,10.8411,34.094,32.495999999999995,34.361000000000004,128.9,114.1,False,False,False,1.9754283731424023,2.231662728291461
2024-03-06 18:35:00,6.489,10.7652,34.332,32.447,34.507999999999996,129.2,116.5,False,False,False,1.9462247399509802,2.1583882952932756
2024-03-06 18:40:00,6.555400000000001,10.8628,33.672000000000004,32.690999999999995,34.333,124.3,117.4,False,False,False,2.0258163858407077,2.144880551618398
2024-03-06 18:45:00,6.667,10.8488,33.768,32.790499999999994,34.517,123.8,114.9,False,False,False,1.9821307420817629,2.1356639327216906
2024-03-06 18:50:00,6.4432,10.8136,33.512,32.429,33.870999999999995,121.4,116.7,False,False,False,2.0860707999999994,2.170085647986289
2024-03-06 18:55:00,6.577800000000001,10.9078,33.767,32.39,34.003,123.0,118.6,False,False,False,2.047014345076784,2.122957541690088
2024-03-06 19:00:00,6.486199999999999,10.7714,33.1,32.556,34.202,120.0,112.8,False,False,False,2.0702199961666667,2.2023616980496454
2024-03-06 19:05:00,6.5286,10.667599999999998,33.604,32.794,33.876999999999995,125.3,120.7,False,False,False,1.923006762104282,1.996294509458712
2024-03-06 19:10:00,6.5508,10.757200000000001,32.818,32.477,32.837,117.2,112.4,False,False,False,2.044736702768297,2.132056419612495
2024-03-06 19:15:00,6.4426000000000005,10.793000000000001,32.835,32.311,33.897000000000006,118.3,118.8,False,False,False,2.114521072715319,2.105621573251029
2024-03-06 19:20:00,6.509399999999999,10.6942,32.57,32.212,34.054500000000004,120.2,111.8,False,False,False,1.9977051189406554,2.147801031276089
2024-03-06 19:25:00,6.5414,10.8286,32.777,31.7945,33.7575,117.7,109.2,False,False,False,2.0793265023883696,2.24117884002849
2024-03-06 19:30:00,6.5756,10.7546,33.128,32.07,33.564499999999995,122.9,116.1,False,False,False,1.949648627780038,2.063839934144416
2024-03-06 19:35:00,6.6324,10.839,32.857,32.464999999999996,33.664,118.3,109.8,False,False,False,2.0434500819103976,2.2016406620218585
2024-03-06 19:40:00,6.661199999999999,10.9168,32.448,32.434000000000005,34.045,118.4,113.1,False,False,False,2.0642758049643395,2.161010214922881
2024-03-06 19:45:00,6.471000000000001,10.8338,32.687,32.149,33.908,118.8,110.1,False,False,False,2.1052484930041144,2.2716032785548483
2024-03-06 19:50:00,6.5996,10.9794,32.42,31.689,33.549,124.2,114.4,False,False,False,1.9993291343621402,2.170600336431624
2024-03-06 19:55:00,6.4278,10.8076,33.042,31.913999999999998,33.913,124.4,105.0,False,False,False,2.020867436044123,2.394246752798942
2024-03-06 20:00:00,6.545399999999999,10.6904,32.682,31.7185,33.7045,126.7,109.5,False,False,False,1.8633002724063847,2.1559830549213603
2024-03-06 20:05:00,6.4807999999999995,10.7402,32.973,32.933,34.463499999999996,116.3,109.1,False,False,False,2.1340975039337917,2.274936202635197
2024-03-06 20:10:00,6.6746,10.8764,33.656,32.004,35.124,120.9,114.3,False,False,False,2.0335012898814444,2.1509213118693498
2024-03-06 20:15:00,6.6116,10.775200000000002,33.434,31.927999999999997,33.357,119.4,107.3,False,False,False,1.9985232536664812,2.2238926047323195
2024-03-06 20:20:00,6.716800000000001,10.8586,33.149,32.057,33.714,115.4,110.9,False,False,False,2.061157637781628,2.1447934301172213
2024-03-06 20:25:00,6.542,10.9568,33.167,32.20399999999999,34.201499999999996,120.7,107.7,False,False,False,2.1143990761529956,2.369619020349736
2024-03-06 20:30:00,6.5628,10.9158,33.102,31.93,34.055,122.2,109.6,False,False,False,2.049169703559738,2.2847494322536495
2024-03-06 20:35:00,6.552200000000001,10.926,33.077999999999996,31.915,33.403499999999994,121.6,113.4,False,False,False,2.05470170516493,2.2032780189422883
2024-03-06 20:40:00,6.6382,10.9308,33.354,32.266,33.906,119.0,118.6,False,False,False,2.0842691243790847,2.0912986998407344
2024-03-06 20:45:00,6.731,10.8222,32.777,32.692,33.843,126.8,111.2,False,False,False,1.8602742325972663,2.1212479558752997
2024-03-06 20:50:00,6.5759,10.983799999999999,33.495999999999995,32.404,34.436,118.1,115.3,False,False,False,2.174114459723398,2.2269116885805142
2024-03-06 20:55:00,6.568600000000001,10.9334,33.702,32.503,35.011,119.3,108.1,False,False,False,2.149893073744994,2.372638702107103
2024-03-06 21:00:00,6.7306,10.8502,33.964999999999996,32.873000000000005,33.711,115.1,112.8,False,False,False,2.089302225687807,2.131903246247044
2024-03-06 21:05:00,6.6384,11.0078,33.638,32.504000000000005,34.7305,117.4,113.9,False,False,False,2.179567267970376,2.24654255715296
2024-03-06 21:10:00,6.627599999999999,11.0244,32.5115,32.418,35.106,127.7,116.4,False,False,False,1.9996028464630644,2.193722366781214
2024-03-06 21:15:00,6.646000000000001,10.953999999999999,34.182,32.588,34.482,115.4,112.6,False,False,False,2.1944075135759666,2.248975373593842
2024-03-06 21:20:00,6.6384,11.0311,33.985,32.242,34.699,127.4,115.8,False,False,False,2.0202678964285714,2.222643609715026
2024-03-06 21:25:00,6.8436,10.9856,33.536,32.45,34.3895,123.3,115.1,False,False,False,1.9575755179102456,2.097037891905589
2024-03-06 21:30:00,6.6446,10.9994,33.831,33.117,34.989,129.5,118.2,False,False,False,1.9900962408494207,2.1803507884094753
2024-03-06 21:35:00,6.719200000000001,10.8908,33.650999999999996,32.796,34.806,125.6,125.9,False,False,False,1.9523815926486199,1.9477293728091074
2024-03-06 21:40:00,6.631,11.0006,34.368,33.217,34.705,124.5,119.0,False,False,False,2.084247529138777,2.18057829729225
2024-03-06 21:45:00,6.8648,11.1216,34.048,33.316,35.509,123.0,118.5,False,False,False,2.0669183685094854,2.1454089394655416
2024-03-06 21:50:00,6.7136,11.232400000000002,34.3295,33.004000000000005,34.885000000000005,132.1,121.6,False,False,False,2.02998856464379,2.205275406163196
2024-03-06 21:55:00,6.7842,11.1676,35.126999999999995,33.731,35.69199999999999,122.4,117.5,False,False,False,2.1736895023148146,2.264336979432624
2024-03-06 22:00:00,6.728399999999999,11.1686,35.385,33.726,35.492000000000004,122.8,118.4,False,False,False,2.195796513875317,2.277397059999062
2024-03-06 22:05:00,6.691599999999999,11.2488,34.871,34.271,35.701,126.1,120.6,False,False,False,2.199714040805357,2.300032674507094
2024-03-06 22:10:00,6.8238,11.2336,35.659000000000006,34.818,35.745999999999995,129.7,124.3,False,False,False,2.096723994444444,2.1878125670108157
2024-03-06 22:15:00,6.7174000000000005,11.2578,34.974000000000004,33.894999999999996,36.153,129.9,118.4,False,False,False,2.1311255401419884,2.3381183079767256
2024-03-06 22:20:00,6.880799999999999,11.102,35.150999999999996,34.062,35.719,128.0,119.9,False,False,False,2.0089896333680555,2.1447095335372066
2024-03-06 22:25:00,6.7355,11.248999999999999,34.842,34.351,37.148,127.3,126.0,False,False,False,2.188918382462686,2.2115024610119045
2024-03-06 22:30:00,6.7894000000000005,11.3087,35.536,34.769,35.822,133.1,116.5,False,False,False,2.0920053422635445,2.3900936571268474
2024-03-06 22:35:00,6.7196,11.3332,36.08,34.541000000000004,36.815999999999995,138.5,121.2,False,False,False,2.077723841331729,2.3742966338650535
2024-03-06 22:40:00,6.838800000000001,11.334999999999999,36.098,34.868,36.523,124.8,126.6,False,False,False,2.2482201908876416,2.2162549749034572
2024-03-06 22:45:00,6.7,11.2652,35.9225,34.856,36.944,131.5,121.5,False,False,False,2.171122184474018,2.349815368381344
2024-03-06 22:50:00,6.8420000000000005,11.3188,36.201,35.579,37.4325,131.0,118.5,False,False,False,2.166768589482612,2.3953306769807776
2024-03-06 22:55:00,6.714799999999999,11.344800000000001,36.814,35.376,37.7575,127.4,128.6,False,False,False,2.3197474560657603,2.298101290068257
2024-03-06 23:00:00,7.7620000000000005,11.340799999999998,36.351,35.47,37.225,129.5,129.1,False,False,False,1.7495291587987973,1.7549498533264467
2024-03-06 23:05:00,6.7562,11.312000000000001,36.911,35.597,36.5385,131.7,133.1,False,False,False,2.1899509690015195,2.166916172933885
2024-03-06 23:10:00,6.791799999999999,11.4206,37.549,36.175,38.152,136.0,126.1,False,False,False,2.210600294509804,2.3841525777425323
2024-03-06 23:15:00,6.8260000000000005,11.5214,37.001999999999995,36.059,38.62,139.5,127.3,False,False,False,2.182335248637992,2.391482852985074
2024-03-06 23:20:00,6.9114,11.4886,36.762,36.42,38.239999999999995,146.7,124.6,False,False,False,2.018294377898962,2.376274359853754
2024-03-06 23:25:00,6.8382000000000005,11.535,37.393,36.64,38.735,137.7,134.4,False,False,False,2.233046622319051,2.2878758920634916
2024-03-06 23:30:00,6.893000000000001,11.4904,38.655,36.791000000000004,39.388,147.7,134.0,False,False,False,2.0751336568946055,2.287292844203979
2024-03-06 23:35:00,6.9268,11.5394,38.163,37.138,39.396,138.9,128.5,False,False,False,2.2112578769658424,2.3902234950237786
2024-03-06 23:40:00,6.9318,11.5798,38.6395,37.785000000000004,38.634,147.1,132.6,False,False,False,2.1106486285217922,2.3414510803586395
2024-03-06 23:45:00,6.8384,11.6536,38.489,37.608999999999995,39.604,142.1,131.3,False,False,False,2.2761710945656426,2.463396135093509
2024-03-06 23:50:00,7.031000000000001,11.738800000000001,38.676,37.659,40.095,141.1,143.6,False,False,False,2.2552758718403028,2.2160127125116067
2024-03-06 23:55:00,7.005599999999999,11.7432,38.503,38.057,40.744,152.9,143.1,False,False,False,2.110121738129496,2.254630424598183
2024-03-07 00:00:00,7.010599999999999,11.4162,40.043,38.345,39.8375,144.6,132.5,False,False,False,2.0911814377823887,2.282149704930818
2024-03-07 00:05:00,7.0357,11.607800000000001,39.452999999999996,38.185,40.799,148.4,137.8,False,False,False,2.1184245621686886,2.2813802977201263
2024-03-07 00:10:00,6.9732,11.7212,40.096,38.038,40.277,152.0,140.1,False,False,False,2.1473505930555548,2.3297451116662695
2024-03-07 00:15:00,6.979900000000001,11.7674,39.532,38.768,41.3505,152.2,137.6,False,False,False,2.185005012935282,2.416844207621729
2024-03-07 00:20:00,7.1208,11.681000000000001,40.263999999999996,39.023,41.188,141.9,139.4,False,False,False,2.2477200269164515,2.28803064432887
2024-03-07 00:25:00,7.130799999999999,12.009,41.063,39.81,41.287,150.2,138.0,False,False,False,2.3033634895694632,2.5069941748792273
2024-03-07 00:30:00,7.005599999999999,11.679599999999999,40.762,39.089999999999996,42.713,143.9,134.6,False,False,False,2.311203406879777,2.4708927953194646
2024-03-07 00:35:00,7.0435,11.9536,40.8785,39.611000000000004,41.5985,153.1,147.1,False,False,False,2.2731699753102546,2.365889348878314
2024-03-07 00:40:00,7.0602,11.912,41.010000000000005,39.949,42.677,150.1,146.1,False,False,False,2.320122571308017,2.383644065389003
2024-03-07 00:45:00,7.108200000000001,11.908199999999999,41.873000000000005,40.938,42.57899999999999,152.3,143.9,False,False,False,2.294288465747427,2.4282149640954356
2024-03-07 00:50:00,7.1138,11.953999999999999,41.2435,40.440999999999995,42.855000000000004,156.7,142.8,False,False,False,2.233290476691128,2.4506765945203064
2024-03-07 00:55:00,7.0515,11.7748,41.623000000000005,40.772000000000006,42.751,157.5,152.9,False,False,False,2.1788419625432103,2.244392472861711
2024-03-07 01:00:00,7.1578,11.863,42.012,41.338,42.763,160.1,152.9,False,False,False,2.1517429993129293,2.2530677187050356
2024-03-07 01:05:00,7.1244,11.9146,42.007,41.267,43.829,158.4,149.2,False,False,False,2.2315059840663576,2.3691055487675006
2024-03-07 01:10:00,7.1926000000000005,12.2146,42.265,41.39,43.650999999999996,173.0,154.0,False,False,False,2.1454740364161853,2.4101753785714286
2024-03-07 01:15:00,7.1450000000000005,11.8462,43.025999999999996,41.884,43.499,154.0,157.7,False,False,False,2.2757641716666654,2.2223695779116457
2024-03-07 01:20:00,7.2522,12.1425,43.147,41.934000000000005,44.4,169.2,161.1,False,False,False,2.1726260058559888,2.2818641849213734
2024-03-07 01:25:00,7.2024,12.0134,43.343,42.197,44.042,169.2,159.0,False,False,False,2.1390624411938535,2.2762853147798743
2024-03-07 01:30:00,7.1684,12.1812,43.925,42.158,44.215999999999994,169.8,157.3,False,False,False,2.2331996938358847,2.4106631151515145
2024-03-07 01:35:00,7.227200000000001,12.2604,43.728,43.058,45.001999999999995,172.5,152.6,False,False,False,2.232414018911433,2.523534850997524
2024-03-07 01:40:00,7.2356,12.1426,44.039,43.028,46.003,173.3,163.0,False,False,False,2.1874666347695064,2.3256930540218126
2024-03-07 01:45:00,7.1636,12.1918,45.061,43.5395,44.787,171.9,158.8,False,False,False,2.2651427953509797,2.452002811844039
2024-03-07 01:50:00,7.271600000000001,12.0916,45.214999999999996,43.943,46.044,163.1,158.4,False,False,False,2.31963673887867,2.3884643441358016
2024-03-07 01:55:00,7.1622,12.2902,44.916,43.314,46.565999999999995,176.0,159.3,False,False,False,2.2801117833333335,2.5191442176187486
2024-03-07 02:00:00,7.331799999999999,12.4426,46.0465,43.557,46.47,174.6,163.4,False,False,False,2.3123948191771677,2.4708943416666673
2024-03-07 02:05:00,7.109999999999999,12.329699999999999,45.269,44.607,46.318,175.1,170.7,False,False,False,2.357008546801828,2.4177633072349156
2024-03-07 02:10:00,7.2814,12.3672,45.8,44.519999999999996,47.125,179.8,167.5,False,False,False,2.2570559298757877,2.4227979474129353
2024-03-07 02:15:00,7.3208,12.2622,46.632,44.531,47.144,175.3,166.2,False,False,False,2.2633725335646826,2.3872996698789946
2024-03-07 02:20:00,7.322799999999999,12.4122,45.876,45.644999999999996,46.716,190.0,163.8,False,False,False,2.149715907166667,2.493565460083435
2024-03-07 02:25:00,7.3772,12.4228,47.029,45.416,48.2165,176.2,169.7,False,False,False,2.3384384515638796,2.4280073963792317
2024-03-07 02:30:00,7.281999999999999,12.4692,47.037,45.748000000000005,47.673,180.6,171.7,False,False,False,2.3421004238710474,2.4635022513168967
2024-03-07 02:35:00,7.2604,12.465,47.717499999999994,45.512,47.886,182.2,173.4,False,False,False,2.3402243237239295,2.4589900333477503
2024-03-07 02:40:00,7.3584000000000005,12.5622,47.22,46.519,49.104,189.7,176.8,False,False,False,2.2748670167896683,2.440849960888009
2024-03-07 02:45:00,7.314400000000001,12.613800000000001,47.940999999999995,46.576,48.27,190.0,183.5,False,False,False,2.312094362722222,2.3939941630366333
2024-03-07 02:50:00,7.4318,12.589400000000001,47.963,45.827999999999996,49.60850000000001,191.5,175.0,False,False,False,2.2421791063359446,2.4535845649333337
2024-03-07 02:55:00,7.3108,12.5002,48.596,46.839999999999996,49.553000000000004,193.6,181.6,False,False,False,2.256267742329545,2.405360324421806
2024-03-07 03:00:00,7.2956,12.618,48.495999999999995,47.236000000000004,49.341,198.3,177.3,False,False,False,2.2605554975177897,2.5283031875791186
2024-03-07 03:05:00,7.3962,12.5532,48.587,47.42100000000001,49.506,191.7,177.3,False,False,False,2.272603038341158,2.4571799348561756
2024-03-07 03:10:00,7.3566,12.641200000000001,48.201,47.767,49.654,195.8,181.3,False,False,False,2.2817612988139824,2.464251860495189
2024-03-07 03:15:00,7.3427999999999995,12.599,48.8875,47.338,50.171,193.2,180.0,False,False,False,2.312273697516966,2.4818404353348766
2024-03-07 03:20:00,7.3544,12.6496,49.753,47.979,50.118,196.2,184.0,False,False,False,2.3165862764752516,2.470186018719806
2024-03-07 03:25:00,7.390600000000001,12.7182,49.529,48.306,51.035000000000004,190.8,190.1,False,False,False,2.413260550722105,2.422146833654801
2024-03-07 03:30:00,7.422199999999999,12.7036,50.501999999999995,48.569,50.455,194.9,191.2,False,False,False,2.3523271596203177,2.3978481349895397
2024-03-07 03:35:00,7.3526,12.7003,50.218,49.108999999999995,50.789,200.7,194.9,False,False,False,2.3221508697171016,2.39125541073485
2024-03-07 03:40:00,7.440600000000001,12.578800000000001,50.6345,48.614999999999995,51.105000000000004,196.7,191.7,False,False,False,2.2801680761325764,2.3396403785877817
2024-03-07 03:45:00,7.3208,12.7768,50.058,49.831,52.5105,195.8,193.0,False,False,False,2.4654091398252183,2.5011767335636153
2024-03-07 03:50:00,7.3742,12.7708,50.864999999999995,49.385000000000005,51.515,209.3,193.1,False,False,False,2.2717807346047665,2.4623703146182168
2024-03-07 03:55:00,7.5042,12.8552,51.346000000000004,50.0125,52.089999999999996,204.6,190.2,False,False,False,2.3298918080197133,2.5062874023177355
2024-03-07 04:00:00,7.3078,12.736799999999999,51.156,49.747,51.825,206.4,192.5,False,False,False,2.3322365580318682,2.5006422107936497
2024-03-07 04:05:00,7.5356,13.059999999999999,50.866,49.992000000000004,52.124,204.0,194.0,False,False,False,2.405132843235293,2.5291087629896896
2024-03-07 04:10:00,7.508799999999999,12.735,52.150999999999996,50.7875,53.101,213.0,196.0,False,False,False,2.222720001227178,2.4155069401091276
2024-03-07 04:15:00,7.5292,12.76,52.548,50.565999999999995,53.277,204.6,198.2,False,False,False,2.3212292134408603,2.396183133551968
2024-03-07 04:20:00,7.400999999999999,13.0656,52.220000000000006,50.436,52.604,207.6,194.8,False,False,False,2.4594911604046246,2.621100435831622
2024-03-07 04:25:00,7.514,13.000200000000001,52.284000000000006,50.893,53.878,216.0,199.5,False,False,False,2.315866055414095,2.5074038494709
2024-03-07 04:30:00,7.3272,13.015799999999999,53.111000000000004,50.647000000000006,53.746500000000005,215.9,200.8,False,False,False,2.4092923759495126,2.590469242866035
2024-03-07 04:35:00,7.3542000000000005,12.992799999999999,52.306,51.488,53.313,213.7,204.9,False,False,False,2.4066120445562307,2.5099706877582553
2024-03-07 04:40:00,7.4274000000000004,12.982,53.351,50.864,53.819,215.4,201.9,False,False,False,2.365927372686474,2.5241245967145445
2024-03-07 04:45:00,7.558400000000001,12.935599999999999,53.5465,51.69200000000001,54.263,218.0,200.8,False,False,False,2.2840639188608556,2.4797108282453513
2024-03-07 04:50:00,7.6586,13.087799999999998,53.495000000000005,51.733000000000004,55.298500000000004,220.7,203.3,False,False,False,2.2925775188063224,2.488794187902387
2024-03-07 04:55:00,7.5866,12.931999999999999,53.107000000000006,51.272000000000006,55.065999999999995,220.6,200.8,False,False,False,2.2430006085297673,2.4641729792911686
2024-03-07 05:00:00,7.5104,13.002,53.230999999999995,52.314,55.212,217.2,207.6,False,False,False,2.3596780554378967,2.4687961158049667
2024-03-07 05:05:00,7.5854,13.038400000000001,54.74400000000001,52.029999999999994,54.173,216.4,209.4,False,False,False,2.3545337096811463,2.4332430505014333
2024-03-07 05:10:00,7.5236,13.0987,53.32000000000001,52.705,56.004999999999995,217.7,200.9,False,False,False,2.4089814178150353,2.6104293412560136
2024-03-07 05:15:00,7.3912,13.124599999999997,53.498000000000005,52.549,55.45,220.7,204.3,False,False,False,2.43566835395207,2.631189455297219
2024-03-07 05:20:00,7.4938,13.0318,54.872,53.08,55.225,218.6,210.6,False,False,False,2.3999684003507165,2.4911352911522635
2024-03-07 05:25:00,8.271,13.117799999999999,54.347,52.99399999999999,55.622,224.0,212.1,False,False,False,2.047103860312499,2.1619578722772266
2024-03-07 05:30:00,7.5451999999999995,12.9648,54.86,53.23100000000001,54.852,227.5,210.4,False,False,False,2.253540286998779,2.4366939890314745
2024-03-07 05:35:00,7.4898,13.130599999999998,55.428,53.307,55.916999999999994,225.5,208.1,False,False,False,2.391139706016259,2.5910716180041637
2024-03-07 05:40:00,7.5162,12.9572,54.80499999999999,53.272000000000006,56.428999999999995,225.5,217.7,False,False,False,2.304399156368563,2.3869637563670696
2024-03-07 05:45:00,7.5842,13.261000000000001,55.235,53.849000000000004,56.504999999999995,226.6,217.7,False,False,False,2.4083464224379725,2.506804314765478
2024-03-07 05:50:00,7.501399999999999,13.052600000000002,54.961,53.358000000000004,56.706999999999994,233.4,211.6,False,False,False,2.278673917223651,2.5134333283553887
2024-03-07 05:55:00,7.4854,13.0796,55.371,53.787,56.605999999999995,222.4,211.8,False,False,False,2.4206790377597915,2.541827280442765
2024-03-07 06:00:00,7.493399999999999,13.018600000000001,55.565999999999995,54.289,56.729,226.1,212.1,False,False,False,2.363330785434174,2.519326216815968
2024-03-07 06:05:00,7.5902,13.108799999999999,55.081,54.088,56.705,226.0,217.3,False,False,False,2.3514869909980334,2.445633041719077
2024-03-07 06:10:00,7.398000000000001,13.188399999999998,55.266999999999996,53.8325,57.087,224.1,216.6,False,False,False,2.4929079119738202,2.579227438011695
2024-03-07 06:15:00,7.444599999999999,13.088,55.916999999999994,53.893499999999996,56.95399999999999,241.5,219.0,False,False,False,2.262408843727858,2.494848108494419
2024-03-07 06:20:00,7.4738,13.2162,56.010000000000005,54.57899999999999,58.104,237.9,215.4,False,False,False,2.363958488496567,2.6108900854843697
2024-03-07 06:25:00,7.4688,13.0798,56.184000000000005,53.992,57.352999999999994,231.9,224.2,False,False,False,2.353278361973552,2.434100143361582
2024-03-07 06:30:00,7.5804,13.262,56.053999999999995,54.535000000000004,56.595000000000006,238.1,222.0,False,False,False,2.3160597369172615,2.4840262313513515
2024-03-07 06:35:00,7.5524000000000004,13.268799999999999,55.910000000000004,54.78099999999999,57.479,235.5,219.6,False,False,False,2.3698671914602496,2.5414559361971256
2024-03-07 06:40:00,7.4338,13.321000000000002,56.629999999999995,54.749,58.256499999999996,236.1,222.6,False,False,False,2.455688810772272,2.6046187251722075
2024-03-07 06:45:00,7.4807999999999995,13.1504,56.527,54.864999999999995,57.974000000000004,228.5,221.0,False,False,False,2.4396989056941405,2.522494117425842
2024-03-07 06:50:00,7.575799999999999,13.2052,56.88099999999999,54.702999999999996,57.922000000000004,237.5,221.9,False,False,False,2.3325306312,2.4965120545741324
2024-03-07 06:55:00,7.5764,13.212800000000001,56.883,55.159000000000006,57.79,241.1,222.4,False,False,False,2.3049839476842253,2.49879329940048
2024-03-07 07:00:00,7.4464,13.185999999999998,56.024,54.34400000000001,57.182,235.9,227.0,False,False,False,2.3666928762187363,2.459483918502202
2024-03-07 07:05:00,7.4366,13.2774,56.562,55.287,57.645,235.0,218.5,False,False,False,2.4456966434609924,2.6303831176811587
2024-03-07 07:10:00,7.413200000000001,13.1266,56.366,54.354,58.016999999999996,234.1,222.9,False,False,False,2.3908224517324026,2.5109535035915456
2024-03-07 07:15:00,7.4834000000000005,13.2406,56.811,55.396,58.150999999999996,234.7,218.6,False,False,False,2.426076802755291,2.604758580085392
2024-03-07 07:20:00,7.489,13.108799999999999,56.462,55.197,57.552,237.7,228.4,False,False,False,2.322544563177207,2.4171140221857357
2024-03-07 07:25:00,7.4686,13.2988,56.650999999999996,54.971000000000004,58.513,239.1,224.5,False,False,False,2.408470480656629,2.565101523051225
2024-03-07 07:30:00,7.389,13.125,57.105999999999995,55.198,58.001999999999995,245.2,223.0,False,False,False,2.312929582925503,2.5431853530642745
2024-03-07 07:35:00,7.5524000000000004,13.164600000000002,56.523,54.830999999999996,58.138999999999996,240.2,228.0,False,False,False,2.299088496292442,2.4221098982870375
2024-03-07 07:40:00,7.4117999999999995,13.2374,56.904999999999994,55.116,58.2325,228.2,223.8,False,False,False,2.523276573015872,2.5728852277132352
2024-03-07 07:45:00,7.3738,13.144,56.922000000000004,55.44,58.77,237.2,228.5,False,False,False,2.416858324873524,2.5088787512472646
2024-03-07 07:50:00,7.4012,13.0936,56.915,55.009,58.033,237.7,224.4,False,False,False,2.362920282349367,2.5029685878540304
2024-03-07 07:55:00,7.362,13.038599999999999,57.588,55.177,58.1345,248.3,230.2,False,False,False,2.268277321959322,2.4466257994895733
2024-03-07 08:00:00,7.3264,13.168199999999999,57.418000000000006,55.5,58.374,237.5,224.1,False,False,False,2.4460421470222222,2.592302587763399
2024-03-07 08:05:00,7.392999999999999,13.261000000000001,56.751999999999995,54.952,58.08200000000001,240.4,231.5,False,False,False,2.406031473377704,2.4985311714902814
2024-03-07 08:10:00,7.386799999999999,13.0862,56.878,55.428,57.83,238.0,224.9,False,False,False,2.3653324200000005,2.5031085636282797
2024-03-07 08:15:00,7.505,13.2212,56.375,55.220000000000006,58.160000000000004,243.9,223.7,False,False,False,2.309734043767937,2.518301892154671
2024-03-07 08:20:00,7.457800000000001,13.3122,57.15,55.013999999999996,58.32000000000001,242.2,223.9,False,False,False,2.39241030927608,2.5879489812714
2024-03-07 08:25:00,7.2789,13.2072,56.629,55.330999999999996,57.682,241.9,221.4,False,False,False,2.4136343270566347,2.6371189869692864
2024-03-07 08:30:00,7.3824,13.172999999999998,57.137,54.862,57.827999999999996,249.4,228.3,False,False,False,2.2891678614875692,2.500737909132719
2024-03-07 08:35:00,7.276000000000001,13.0118,56.698,54.715999999999994,58.398,238.8,224.0,False,False,False,2.367946246817419,2.5243998381249986
2024-03-07 08:40:00,7.454600000000001,13.043200000000002,57.301,55.536,59.080999999999996,231.6,219.7,False,False,False,2.408405480872194,2.5388562101502057
2024-03-07 08:45:00,7.545,13.1126,56.938,54.911,57.9655,237.1,222.5,False,False,False,2.3150214973967853,2.4669285259900127
2024-03-07 08:50:00,7.2926,12.970400000000001,56.742999999999995,54.674,58.348,228.7,226.7,False,False,False,2.446841675812564,2.468428280804294
2024-03-07 08:55:00,7.360200000000001,13.018600000000001,56.932,54.937,57.259,238.4,225.3,False,False,False,2.3304870422818786,2.4659925027962712
2024-03-07 09:00:00,7.353400000000001,13.1892,56.758,54.448,57.7885,239.6,221.9,False,False,False,2.3896260381643017,2.580236136747033
2024-03-07 09:05:00,7.1828,13.168600000000001,56.071000000000005,54.872,58.38250000000001,235.3,220.6,False,False,False,2.500727827136753,2.6673674420910154
2024-03-07 09:10:00,7.4716,13.024799999999999,56.661,54.470000000000006,56.455999999999996,238.3,217.0,False,False,False,2.267270746906327,2.4898185206810033
2024-03-07 09:15:00,7.327,13.018799999999999,55.975,54.528,57.253,240.3,223.4,False,False,False,2.306841246673139,2.4813516185118862
2024-03-07 09:20:00,7.3384,13.076400000000001,57.178,54.70399999999999,57.001999999999995,238.1,227.4,False,False,False,2.362835245788418,2.4740152683475034
2024-03-07 09:25:00,7.438599999999999,12.9446,56.16799999999999,54.523,56.96,233.7,221.6,False,False,False,2.293123411472448,2.418334572477938
2024-03-07 09:30:00,7.313599999999999,13.075999999999999,56.556,54.088,56.919500000000006,242.6,229.6,False,False,False,2.3106587626133552,2.4414887448170735
2024-03-07 09:35:00,7.268600000000001,12.9556,56.129,53.834,56.5345,238.2,222.2,False,False,False,2.30777239064395,2.473948620393289
2024-03-07 09:40:00,7.33,12.883,55.807,54.347,57.548,236.3,226.8,False,False,False,2.2879471017774007,2.383782628527336
2024-03-07 09:45:00,7.398000000000001,12.937999999999999,55.562,53.605999999999995,56.647000000000006,227.9,221.9,False,False,False,2.3400925832480124,2.403366830654448
2024-03-07 09:50:00,7.2116,12.801400000000001,55.357000000000006,53.798,57.016,238.1,219.7,False,False,False,2.264831479096085,2.454512404063623
2024-03-07 09:55:00,7.297,12.9498,55.972,53.400999999999996,56.05649999999999,231.0,221.0,False,False,False,2.350219269100529,2.456564032408245
2024-03-07 10:00:00,7.063599999999999,12.818200000000001,55.406000000000006,54.010000000000005,56.269000000000005,237.5,220.9,False,False,False,2.3306577580000005,2.5057999887958355
2024-03-07 10:05:00,7.2614,12.830000000000002,55.148,53.085,55.970000000000006,230.1,216.3,False,False,False,2.3070354989642192,2.4542250037525046
2024-03-07 10:10:00,7.2346,12.8679,55.083000000000006,52.852,56.3205,233.8,218.9,False,False,False,2.297640507120877,2.454035406874651
2024-03-07 10:15:00,7.1457999999999995,12.8208,54.51800000000001,53.572,55.348,236.2,213.9,False,False,False,2.279726759925675,2.517398133213859
2024-03-07 10:20:00,7.1268,12.871199999999998,54.79600000000001,52.932,55.4995,228.0,218.9,False,False,False,2.387519574305555,2.4867723295644883
2024-03-07 10:25:00,7.2126,12.7798,54.59400000000001,52.510000000000005,55.425,229.9,218.0,False,False,False,2.2849279010101005,2.409655616707441
2024-03-07 10:30:00,7.2006,12.874199999999998,54.327,52.56,54.914,228.1,216.6,False,False,False,2.3364603500219197,2.4605106456140344
2024-03-07 10:35:00,7.2388,12.767999999999999,53.648,52.824,54.876999999999995,236.2,211.1,False,False,False,2.19276691336438,2.4534890807042466
2024-03-07 10:40:00,7.2105999999999995,12.7404,54.379999999999995,51.73,55.42100000000001,226.6,210.1,False,False,False,2.2884908781283713,2.4682152926410703
2024-03-07 10:45:00,7.1450000000000005,12.698400000000001,53.249,52.523,54.797000000000004,226.6,219.3,False,False,False,2.2845703623786413,2.360618532216143
2024-03-07 10:50:00,7.1788,12.676400000000001,53.044000000000004,52.552,54.68150000000001,233.4,208.5,False,False,False,2.191737968389984,2.453485092672529
2024-03-07 10:55:00,7.1129999999999995,12.572199999999999,54.327999999999996,51.922000000000004,54.012,226.1,205.4,False,False,False,2.2464811891690006,2.472879244747376
2024-03-07 11:00:00,7.170999999999999,12.5542,53.663,51.557,53.992,230.6,207.3,False,False,False,2.1577483620699627,2.4002738653802864
2024-03-07 11:05:00,7.206799999999999,12.6714,52.926,51.3,53.760000000000005,224.8,211.0,False,False,False,2.2295871858985765,2.3754085279146917
2024-03-07 11:10:00,7.2664,12.5816,53.101,51.2,54.419000000000004,226.0,213.5,False,False,False,2.1671382214355948,2.2940198503252662
2024-03-07 11:15:00,7.1539,12.5288,52.587,51.491,53.387,220.5,210.6,False,False,False,2.2283818764991183,2.333134870693521
2024-03-07 11:20:00,7.0724,12.599599999999999,52.697,50.916000000000004,53.012,225.1,205.5,False,False,False,2.2327214978528054,2.4456720640713696
2024-03-07 11:25:00,7.119400000000001,12.4416,51.236000000000004,50.333999999999996,54.275,226.0,205.5,False,False,False,2.130685793153883,2.343235957434441
2024-03-07 11:30:00,6.966800000000001,12.3568,52.262,50.632,52.942499999999995,220.9,205.1,False,False,False,2.2075269807228,2.377585129408418
2024-03-07 11:35:00,7.0536,12.4304,51.446000000000005,50.12,52.294000000000004,217.2,203.5,False,False,False,2.2112282539390216,2.3600922690690687
2024-03-07 11:40:00,7.081799999999999,12.4346,51.25599999999999,50.614,52.660000000000004,214.5,202.2,False,False,False,2.238774287179487,2.3749608536102866
2024-03-07 11:45:00,7.050199999999999,12.4308,50.784000000000006,50.069,52.247,221.6,205.9,False,False,False,2.1581415556056966,2.322701159408559
2024-03-07 11:50:00,7.0104,12.419,50.876,49.932,51.996,214.1,206.9,False,False,False,2.241025018288443,2.319011389152033
2024-03-07 11:55:00,7.0122,12.319199999999999,51.1545,49.629000000000005,51.675,213.7,208.1,False,False,False,2.1980622788371544,2.2572124410740027
2024-03-07 12:00:00,6.942,12.2728,50.55,48.852999999999994,52.193000000000005,214.7,197.1,False,False,False,2.1852034230088493,2.380330669304921
2024-03-07 12:05:00,6.986199999999999,12.3186,50.32,48.7055,50.852,219.3,202.4,False,False,False,2.115749825568729,2.292410754679952
2024-03-07 12:10:00,6.9963999999999995,12.2438,49.573,48.58,50.741,214.7,203.8,False,False,False,2.112677023500492,2.225671035061607
2024-03-07 12:15:00,6.8950000000000005,12.2774,49.819,48.236000000000004,50.362,204.0,196.1,False,False,False,2.2733862895860564,2.364970948880956
2024-03-07 12:20:00,6.9748,12.3228,49.887,48.749,50.562,213.0,196.2,False,False,False,2.174796282420448,2.361017370823422
2024-03-07 12:25:00,6.9524,12.219,48.872,47.95399999999999,50.437,206.3,192.6,False,False,False,2.1825717806080673,2.337822213600438
2024-03-07 12:30:00,6.893800000000001,12.189400000000001,48.64,47.3715,51.213,205.5,193.6,False,False,False,2.202557326301703,2.3379417900568185
2024-03-07 12:35:00,6.979000000000001,12.2138,47.893,48.035000000000004,50.173,202.6,198.2,False,False,False,2.191581504239333,2.2402341713364726
2024-03-07 12:40:00,6.8352,12.0542,48.301,47.157,49.456,206.1,195.3,False,False,False,2.1304111905493555,2.2482219476304257
2024-03-07 12:45:00,6.8586,12.0852,49.0,46.702,49.650999999999996,198.3,193.6,False,False,False,2.2241513401159856,2.278146749715909
2024-03-07 12:50:00,6.945600000000001,12.115,48.226,47.117000000000004,49.306,205.4,191.6,False,False,False,2.1134837848290595,2.2657075647384595
2024-03-07 12:55:00,6.9178,12.097199999999999,47.611000000000004,46.187,48.881,207.4,190.4,False,False,False,2.0685905795751633,2.2532861670372313
2024-03-07 13:00:00,6.946,12.02,46.961,46.184,48.875,202.7,189.1,False,False,False,2.063906447952639,2.2123418138551028
2024-03-07 13:05:00,6.845999999999999,11.9804,46.89,45.976,48.678,203.2,190.6,False,False,False,2.07635326911636,2.213614817861723
2024-03-07 13:10:00,6.920999999999999,11.991,46.9705,45.778,47.690999999999995,197.4,192.6,False,False,False,2.094082902524485,2.146271884518865
2024-03-07 13:15:00,6.875,11.9776,46.295,45.226,47.909,194.2,178.9,False,False,False,2.1268766915837056,2.308772797683374
2024-03-07 13:20:00,6.8828000000000005,11.8874,46.375,45.11,47.57899999999999,197.0,182.7,False,False,False,2.0509810508967843,2.2115121347929203
2024-03-07 13:25:00,6.7762,11.801,46.415000000000006,44.9035,48.222500000000004,194.2,181.7,False,False,False,2.0961153151275886,2.2403169741209563
2024-03-07 13:30:00,6.8892,11.9982,46.6,44.87,47.298500000000004,191.5,178.8,False,False,False,2.1493235813533516,2.3019880639215144
2024-03-07 13:35:00,6.764799999999999,11.9182,45.782,45.1265,46.482,190.8,184.6,False,False,False,2.1543485669156186,2.226704802640845
2024-03-07 13:40:00,6.8664000000000005,11.6794,45.963,44.671,46.905,190.3,177.4,False,False,False,2.0195133161528576,2.1663663137761486
2024-03-07 13:45:00,6.8362,11.916,45.426,43.801,46.863,197.5,178.2,False,False,False,2.032120762841069,2.252210160836763
2024-03-07 13:50:00,6.9796000000000005,11.708400000000001,44.693,44.118,46.944,185.4,174.1,False,False,False,2.0102072545247514,2.1406802124577196
2024-03-07 13:55:00,6.7813,11.8874,44.727999999999994,43.714,45.138,187.9,171.6,False,False,False,2.107403807314765,2.3075826071937318
2024-03-07 14:00:00,6.6952,11.7976,44.458,43.432,46.047,193.5,180.6,False,False,False,2.0503966566063734,2.1968535606496857
2024-03-07 14:05:00,6.8178,11.682,45.058,43.120999999999995,45.4495,186.6,164.7,False,False,False,2.022286407158807,2.2911878784203608
2024-03-07 14:10:00,6.729000000000001,11.697199999999999,43.547000000000004,42.799,45.322,176.0,174.8,False,False,False,2.1577962143055545,2.172609460628018
2024-03-07 14:15:00,6.7623999999999995,11.8386,43.275,42.96,44.8,187.2,165.5,False,False,False,2.062832564740622,2.3333066835011746
2024-03-07 14:20:00,6.691,11.690000000000001,43.692,41.753,44.092,179.4,166.8,False,False,False,2.0955514023132666,2.2538484506894485
2024-03-07 14:25:00,6.634399999999999,11.5896,43.382,41.683,44.557,174.4,167.3,False,False,False,2.1381452804791037,2.228885456757655
2024-03-07 14:30:00,6.724199999999999,11.555,42.799,42.007999999999996,44.296,176.5,163.4,False,False,False,2.051419443367957,2.2158845272609815
2024-03-07 14:35:00,6.7908,11.7002,41.68,41.440999999999995,43.249,177.6,160.4,False,False,False,2.0280246418606107,2.24549361841923
2024-03-07 14:40:00,6.7658000000000005,11.543800000000001,42.400999999999996,41.343,43.931,178.0,168.0,False,False,False,1.9896459168227216,2.1080772213955026
2024-03-07 14:45:00,6.6524,11.459399999999999,42.269999999999996,41.176,43.333999999999996,171.8,155.5,False,False,False,2.05942269984478,2.2752978767416927
2024-03-07 14:50:00,6.7186,11.3916,41.255,40.7,43.3355,176.1,160.8,False,False,False,1.930182406752792,2.113837822320688
2024-03-07 14:55:00,6.626599999999999,11.539,42.163,40.410000000000004,43.027499999999996,169.2,164.8,False,False,False,2.117037337565669,2.1735601791026165
2024-03-07 15:00:00,6.5812,11.4086,41.609,40.346,42.706,165.1,163.5,False,False,False,2.1161215236994413,2.136829746561332
2024-03-07 15:05:00,6.5611999999999995,11.4214,41.003,40.212,42.04,163.6,162.3,False,False,False,2.125784191778729,2.1428114219038816
2024-03-07 15:10:00,6.6006,11.475100000000001,41.108,39.0265,42.031,164.2,157.6,False,False,False,2.1054710975394175,2.1936443795429716
2024-03-07 15:15:00,6.565,11.4302,40.096,39.773,42.05,168.2,157.5,False,False,False,2.047339586292773,2.1864286883456785
2024-03-07 15:20:00,6.7376000000000005,11.301599999999999,40.54,38.844,40.979,166.3,156.1,False,False,False,1.9177419821607526,2.0430524768310905
2024-03-07 15:25:00,6.6738,11.349,40.312,39.316,41.626,160.7,157.7,False,False,False,2.047972766148102,2.0869322987951806
2024-03-07 15:30:00,6.618600000000001,11.2292,39.766,38.775,40.656,169.3,149.6,False,False,False,1.8845583913139066,2.1327255056781045
2024-03-07 15:35:00,6.579600000000001,11.223,39.410000000000004,38.921,40.027499999999996,166.5,155.9,False,False,False,1.9163070488838834,2.0466011779292277
2024-03-07 15:40:00,6.511,11.236,39.492000000000004,38.342,40.249,155.9,149.4,False,False,False,2.0777192390955745,2.168115323795181
2024-03-07 15:45:00,6.4992,11.2446,39.1405,38.452999999999996,40.72,154.4,148.5,False,False,False,2.111074779182858,2.1949491306790123
2024-03-07 15:50:00,6.513800000000001,11.3482,38.932,38.292500000000004,39.475,162.6,146.5,False,False,False,2.0143494793836267,2.235721674728858
2024-03-07 15:55:00,6.5129,11.2088,38.829,37.9325,39.812,157.6,145.8,False,False,False,2.016537246507508,2.1797412211905574
2024-03-07 16:00:00,6.742400000000001,11.202200000000001,38.642,37.834,39.4315,156.1,140.3,False,False,False,1.9225064438127266,2.1390110896590633
2024-03-07 16:05:00,6.4563999999999995,11.270399999999999,38.137,37.052,38.951,156.1,144.4,False,False,False,2.043547968538685,2.2091263011695896
2024-03-07 16:10:00,6.530800000000001,11.0652,38.183,36.903,39.122,153.3,143.1,False,False,False,1.9611823917663256,2.1009731702150787
2024-03-07 16:15:00,6.456799999999999,11.2414,38.029,36.347,37.926,150.6,136.1,False,False,False,2.071342614409031,2.2920220259368116
2024-03-07 16:20:00,6.6888000000000005,11.1604,37.917,36.282,39.359,150.1,143.8,False,False,False,1.9640103659634311,2.050055326363776
2024-03-07 16:25:00,6.5866,11.055200000000001,38.053,36.7045,38.2805,147.2,140.5,False,False,False,1.9921953468674525,2.0871968331593522
2024-03-07 16:30:00,6.545999999999999,11.1542,37.404,36.581,37.654,151.2,142.4,False,False,False,1.9753281437059085,2.0973989840472846
2024-03-07 16:35:00,6.430899999999999,11.0942,37.410000000000004,36.3735,37.4205,142.2,143.4,False,False,False,2.117180832137835,2.0994638377266397
2024-03-07 16:40:00,6.5367999999999995,11.022,36.726,35.88,37.635000000000005,150.7,134.1,False,False,False,1.904826790510949,2.1406219040268457
2024-03-07 16:45:00,6.454000000000001,10.9598,36.663,36.254,37.294,140.7,139.9,False,False,False,2.049021623513385,2.0607386878365492
2024-03-07 16:50:00,6.6293999999999995,11.019400000000001,36.939,35.943,37.111000000000004,142.0,128.9,False,False,False,1.9741720937010965,2.174805564821999
2024-03-07 16:55:00,6.4696,10.9718,36.355000000000004,35.403,37.009,137.4,129.9,False,False,False,2.0690881159348216,2.1885504782867162
2024-03-07 17:00:00,6.3534,10.8606,36.150999999999996,35.406,36.357,145.5,127.3,False,False,False,1.9407313094158072,2.218196429850746
2024-03-07 17:05:00,6.4548000000000005,10.9476,36.35,35.036500000000004,36.063,137.7,131.1,False,False,False,2.0353135790849675,2.1377778782608696
2024-03-07 17:10:00,6.5486,11.0024,36.255,35.06,36.503,135.6,135.0,False,False,False,2.055919369788594,2.0650567892098763
2024-03-07 17:15:00,6.4432,10.9254,35.671,34.3405,37.187,140.1,128.7,False,False,False,1.99106569494607,2.1674304884377964
2024-03-07 17:20:00,6.517799999999999,11.0066,35.666000000000004,35.126999999999995,36.042,138.7,127.9,False,False,False,2.007294683409438,2.1767925925636353
2024-03-07 17:25:00,6.5237,10.955000000000002,34.672000000000004,34.04,35.991,141.9,129.9,False,False,False,1.898242393217055,2.0735996581793694
2024-03-07 17:30:00,6.4994,10.8362,34.92100000000001,34.202,35.467,137.6,126.4,False,False,False,1.9137487000968993,2.0833213697257382
2024-03-07 17:35:00,6.533199999999999,10.739799999999999,34.844,34.515,36.051,138.7,127.4,False,False,False,1.856010184931507,2.020632752354788
2024-03-07 17:40:00,6.3834,10.822,35.456,33.511,35.426,130.6,119.9,False,False,False,2.059766523911009,2.243582218705402
2024-03-07 17:45:00,6.4908,10.8768,34.295,33.7045,35.298,129.7,123.7,False,False,False,2.0279733683500387,2.126339093573161
2024-03-07 17:50:00,6.442400000000001,10.9426,35.142,33.408,35.751,140.4,124.6,False,False,False,1.9408723148504272,2.1869861396869985
2024-03-07 17:55:00,6.509600000000001,10.754,34.698,33.268,35.559,127.5,122.5,False,False,False,2.0007606882352933,2.0824243897959174
2024-03-07 18:00:00,6.4808,10.9062,34.558,33.63,35.596000000000004,129.8,122.1,False,False,False,2.054244010922787,2.1837909305305305
2024-03-07 18:05:00,6.5622,10.8884,34.455,33.2245,35.132,132.9,114.7,False,False,False,1.9429744641271636,2.2512755560810813
2024-03-07 18:10:00,6.4164,10.6996,34.385000000000005,32.9445,34.695,133.3,115.9,False,False,False,1.903208921513711,2.1889365766848807
2024-03-07 18:15:00,6.4872,10.818200000000001,33.75,33.165,34.503,129.2,121.2,False,False,False,1.973715252450981,2.103993486936194
2024-03-07 18:20:00,6.5566,10.8624,33.62,32.995999999999995,34.1335,127.2,117.1,False,False,False,1.9799463704118612,2.1507188583807753
2024-03-07 18:25:00,6.5489999999999995,10.9322,34.177,32.819,34.431,127.4,110.6,False,False,False,2.025905693301936,2.333638203676914
2024-03-07 18:30:00,6.469799999999999,10.7638,34.123000000000005,32.705,34.3885,121.8,115.7,False,False,False,2.0716188437100893,2.180839889056948
2024-03-07 18:35:00,6.486,10.7556,33.423,32.632,34.414,128.9,118.4,False,False,False,1.9320134139643135,2.103349063006757
2024-03-07 18:40:00,6.4676,10.8856,33.601,32.414,34.5855,125.6,114.0,False,False,False,2.05437630221603,2.263418101388889
2024-03-07 18:45:00,6.619,10.842,34.482,32.489,34.135000000000005,125.0,124.3,False,False,False,1.9830414076000005,1.9942089778761067
2024-03-07 18:50:00,6.389799999999999,10.6918,33.069,32.564,33.775,121.6,118.0,False,False,False,2.041747125000001,2.104037715254238
2024-03-07 18:55:00,6.4126,10.8388,33.317,32.021,34.921,126.7,115.5,False,False,False,2.0333941645224938,2.23057178047619
2024-03-07 19:00:00,6.5244,10.820400000000001,34.083000000000006,31.6295,33.888,117.0,117.2,False,False,False,2.123164846438747,2.1195416982366333
2024-03-07 19:05:00,6.5946,10.831199999999999,33.426,32.766000000000005,33.88,126.6,116.1,False,False,False,1.9441963392311739,2.120028049497559
2024-03-07 19:10:00,6.573,10.6798,33.315,31.96,34.692,125.6,107.5,False,False,False,1.8976423257342536,2.217152335927649
2024-03-07 19:15:00,6.461799999999999,10.764,32.965999999999994,32.94,33.959,117.6,116.5,False,False,False,2.1209985219907406,2.1410251174773482
2024-03-07 19:20:00,6.614400000000001,10.866200000000001,33.163,32.172000000000004,33.53,120.4,115.0,False,False,False,2.026901745639535,2.1220780015217393
2024-03-07 19:25:00,6.5428,10.9138,32.525999999999996,31.794,33.858,117.8,119.7,False,False,False,2.1149177500000005,2.0813476269841273
2024-03-07 19:30:00,6.4632000000000005,10.5364,33.074,31.99,34.029,120.9,112.1,False,False,False,1.938189320567962,2.090339775706214
2024-03-07 19:35:00,6.499599999999999,10.9232,32.464,32.064,33.569,111.3,121.1,False,False,False,2.263498423749626,2.0803251409028354
2024-03-07 19:40:00,6.518000000000001,10.931000000000001,32.711,32.263999999999996,33.688,116.9,110.8,False,False,False,2.1623078170088395,2.281351839425391
2024-03-07 19:45:00,6.4908,10.9664,33.344,32.066,33.8535,123.1,111.8,False,False,False,2.0952052894078887,2.306974697013516
2024-03-07 19:50:00,6.6432,11.0,33.105000000000004,32.318,34.219,125.5,105.9,False,False,False,2.008214597397078,2.3798954860560273
2024-03-07 19:55:00,6.5494,10.8333,32.702,31.877999999999997,33.775,120.3,112.4,False,False,False,2.0333583578207253,2.176272334927342
2024-03-07 20:00:00,6.6128,10.9364,33.194,31.788999999999998,33.557,121.8,106.0,False,False,False,2.030741121510674,2.3334364962264154
2024-03-07 20:05:00,6.5672,10.8432,32.618,31.8425,33.833,121.6,113.9,False,False,False,2.0066549765625,2.142311195346795
2024-03-07 20:10:00,6.623400000000001,11.040600000000001,33.482,32.011,34.05,121.3,116.2,False,False,False,2.104460473948887,2.196824918158347
2024-03-07 20:15:00,6.544200000000001,10.8554,32.956,31.841,32.983999999999995,118.4,111.5,False,False,False,2.0670202342530017,2.1949344909018427
2024-03-07 20:20:00,6.617400000000001,10.6554,32.588,31.9575,33.143,129.0,112.1,False,False,False,1.775267615568475,2.0429038573446325
2024-03-07 20:25:00,6.564,10.6572,33.116,31.583,33.4975,121.2,117.8,False,False,False,1.9253076637376234,1.9808768153225802
2024-03-07 20:30:00,6.5314,10.782599999999999,33.346,32.363,33.907,123.3,115.1,False,False,False,1.9939825108768128,2.1360386063519634
2024-03-07 20:35:00,6.6134,10.889399999999998,33.743,32.614,34.104,127.4,112.6,False,False,False,1.9575350672422804,2.2148309730609816
2024-03-07 20:40:00,6.6408000000000005,10.875,33.390499999999996,32.414,33.448,115.6,113.2,False,False,False,2.1105652037557667,2.1553121692064185
2024-03-07 20:45:00,6.531999999999999,10.945400000000001,33.013999999999996,32.442,34.486000000000004,124.4,110.8,False,False,False,2.058470899544481,2.311135197683515
2024-03-07 20:50:00,7.6756,10.8834,32.745,32.434,34.334500000000006,122.1,112.7,False,False,False,1.5178099851601603,1.6444063814379375
2024-03-07 20:55:00,6.6290000000000004,11.0616,32.952,32.809,33.46,121.9,116.2,False,False,False,2.094605413394403,2.1973528390084143
2024-03-07 21:00:00,6.5406,10.8114,33.455,31.961000000000002,34.421,115.5,106.0,False,False,False,2.1431992942857137,2.335278476320754
2024-03-07 21:05:00,6.575,10.975,33.45,32.818,33.3995,111.0,119.3,False,False,False,2.2936494744744738,2.134074531992176
2024-03-07 21:10:00,6.641133333333333,10.9959,33.747,32.714,34.659000000000006,124.6,113.9,False,False,False,2.0517653628202845,2.244512416219556
2024-03-07 21:15:00,6.737866666666666,11.055200000000001,34.025,32.519999999999996,34.345,120.9,117.4,False,False,False,2.091612302178109,2.153968716638274
2024-03-07 21:20:00,6.7216,11.0184,34.153000000000006,33.294,34.5505,122.2,113.0,False,False,False,2.0821271440716496,2.2516454602261553
2024-03-07 21:25:00,6.8337,11.0016,34.160000000000004,32.882999999999996,34.668,122.6,119.1,False,False,False,2.0074213085032624,2.0664135383921076
2024-03-07 21:30:00,6.7166,11.055,34.575,33.118,34.265,121.4,117.9,False,False,False,2.115319621197145,2.1781153690698334
2024-03-07 21:35:00,6.7734000000000005,11.1054,34.271,33.471,34.875,127.4,112.4,False,False,False,2.025732609366823,2.2960705910438897
2024-03-07 21:40:00,6.7072,11.081,34.462,33.294,35.315999999999995,124.6,112.4,False,False,False,2.1005129646513283,2.3285045853697106
2024-03-07 21:45:00,6.7063999999999995,11.1316,34.3995,33.244,34.739,127.1,118.6,False,False,False,2.0694591999082093,2.2177762589235535
2024-03-07 21:50:00,6.7217,11.1134,34.445,32.975,35.708999999999996,128.6,119.5,False,False,False,2.0446373449909276,2.2003377620571825
2024-03-07 21:55:00,6.718000000000001,10.9922,34.669,33.4485,35.572,130.1,117.7,False,False,False,1.9776803981574003,2.1860341529335408
2024-03-07 22:00:00,6.8188,11.1378,34.769999999999996,33.382,35.542,121.8,114.8,False,False,False,2.134682691890166,2.264846270663956
2024-03-07 22:05:00,6.834999999999999,11.111799999999999,34.788,34.162,36.512,126.5,111.9,False,False,False,2.069989794782608,2.3400688922252
2024-03-07 22:10:00,6.7756,11.0334,35.699,34.232,36.36,119.8,107.5,False,False,False,2.1931519277082177,2.4440893110646
2024-03-07 22:15:00,6.707600000000001,11.1129,35.517,33.852,36.214999999999996,125.2,121.2,False,False,False,2.1568158013134533,2.2279978409607617
2024-03-07 22:20:00,6.6928,11.1848,35.433,33.775999999999996,36.261,132.1,122.8,False,False,False,2.082138724030616,2.239825125769091
2024-03-07 22:25:00,6.6983999999999995,11.2626,35.974000000000004,34.102,36.017,127.7,126.3,False,False,False,2.2014269806708433,2.2258291799815257
2024-03-07 22:30:00,6.8354,11.2178,35.539,34.443,36.571,128.0,125.0,False,False,False,2.1179295626041665,2.1687598721066665
2024-03-07 22:35:00,6.775799999999999,11.1888,36.105000000000004,35.435,36.402,132.6,119.2,False,False,False,2.085569415409754,2.3200210107662196
2024-03-07 22:40:00,6.7874,11.0952,36.148,35.223,36.968,133.1,128.8,False,False,False,2.035663943939394,2.103624774365942
2024-03-07 22:45:00,6.752599999999999,11.4132,36.031,35.6005,36.933,129.1,125.2,False,False,False,2.2753447611304756,2.346222113913294
2024-03-07 22:50:00,6.7854,11.094,36.97,35.163,37.650999999999996,131.2,119.8,False,False,False,2.09307686656504,2.2922511259877565
2024-03-07 22:55:00,6.781999999999999,11.1498,36.843,35.721,36.4015,137.3,123.0,False,False,False,2.012449578742818,2.246417293995032
2024-03-07 23:00:00,6.9429,11.314400000000001,36.791000000000004,35.703,37.214999999999996,131.5,127.8,False,False,False,2.117340826816646,2.1786409915992873
2024-03-07 23:05:00,6.8116,11.6186,37.268,35.994,38.012,137.7,120.3,False,False,False,2.2551615965060923,2.5813445705643296
2024-03-07 23:10:00,6.8376,11.3306,36.948,36.439,38.211,139.9,132.8,False,False,False,2.0807451974823286,2.191989857889893
2024-03-07 23:15:00,6.8496,11.471,37.054,36.295,37.801,139.8,126.4,False,False,False,2.1331413823319028,2.359281370648734
2024-03-07 23:20:00,6.878399999999999,11.4726,36.958999999999996,36.201,38.392,141.8,132.1,False,False,False,2.098238314245416,2.252310317638153
2024-03-07 23:25:00,6.9016,11.5402,37.789,36.317,38.312,149.0,123.2,False,False,False,2.0317969085234893,2.4572868455357137
2024-03-07 23:30:00,6.865,11.5076,37.548,37.175,39.171499999999995,138.7,134.9,False,False,False,2.213254437861491,2.2755996332942092
2024-03-07 23:35:00,6.973999999999999,11.6694,37.902,37.335,39.007,143.8,130.9,False,False,False,2.165663093385875,2.3790859650793648
2024-03-07 23:40:00,7.0112,11.545399999999999,37.798,37.239999999999995,38.322,138.8,128.8,False,False,False,2.149883017291065,2.3167994006211168
2024-03-07 23:45:00,6.9628,11.703,38.9,36.948,38.766,146.9,134.2,False,False,False,2.147120038295136,2.350312471129326
2024-03-07 23:50:00,6.946,11.669,39.245,37.164,39.92,141.1,133.6,False,False,False,2.260594735865029,2.3874993804682307
2024-03-07 23:55:00,6.8882,11.5808,38.879000000000005,38.216,39.897000000000006,152.8,138.6,False,False,False,2.0858839036649206,2.2995891809523803
