timestamp,supply_temp_c,return_temp_c
2024-03-01 00:00:00,7.119,11.67
2024-03-01 00:01:00,7.052,11.597
2024-03-01 00:02:00,6.97,11.654
2024-03-01 00:03:00,7.043,11.923
2024-03-01 00:04:00,6.965,11.493
2024-03-01 00:05:00,7.067,11.72
2024-03-01 00:06:00,6.989,11.43
2024-03-01 00:07:00,7.115,11.437
2024-03-01 00:08:00,7.121,11.726
2024-03-01 00:09:00,7.117,11.786
2024-03-01 00:10:00,7.052,11.848
2024-03-01 00:11:00,7.139,11.985
2024-03-01 00:12:00,6.904,11.509
2024-03-01 00:13:00,7.033,11.762
2024-03-01 00:14:00,7.318,11.572
2024-03-01 00:15:00,7.176,11.608
2024-03-01 00:16:00,7.019,11.99
2024-03-01 00:17:00,7.216,11.728
2024-03-01 00:18:00,6.854,11.482
2024-03-01 00:19:00,7.225,11.736
2024-03-01 00:20:00,,11.643
2024-03-01 00:21:00,6.876,11.55
2024-03-01 00:22:00,7.114,11.631
2024-03-01 00:23:00,7.05,11.586
2024-03-01 00:24:00,12.025,11.811
2024-03-01 00:25:00,,11.53
2024-03-01 00:26:00,7.038,11.842
2024-03-01 00:27:00,7.002,11.789
2024-03-01 00:28:00,6.874,11.827
2024-03-01 00:29:00,7.107,12.035
2024-03-01 00:30:00,7.282,11.789
2024-03-01 00:31:00,7.089,11.983
2024-03-01 00:32:00,7.261,11.93
2024-03-01 00:33:00,7.172,11.877
2024-03-01 00:34:00,7.253,11.716
2024-03-01 00:35:00,7.101,11.908
2024-03-01 00:36:00,7.049,11.532
2024-03-01 00:37:00,6.922,12.171
2024-03-01 00:38:00,6.976,11.916
2024-03-01 00:39:00,7.207,11.651
2024-03-01 00:40:00,7.423,11.761
2024-03-01 00:41:00,7.123,12.052
2024-03-01 00:42:00,7.066,12.209
2024-03-01 00:43:00,7.284,11.858
2024-03-01 00:44:00,7.289,11.819
2024-03-01 00:45:00,6.944,11.757
2024-03-01 00:46:00,7.184,11.943
2024-03-01 00:47:00,7.332,12.174
2024-03-01 00:48:00,6.93,12.02
2024-03-01 00:49:00,7.083,11.752
2024-03-01 00:50:00,7.007,12.207
2024-03-01 00:51:00,7.169,11.905
2024-03-01 00:52:00,7.338,11.632
2024-03-01 00:53:00,7.055,11.654
2024-03-01 00:54:00,,11.833
2024-03-01 00:55:00,7.33,12.127
2024-03-01 00:56:00,7.24,12.015
2024-03-01 00:57:00,7.327,11.988
2024-03-01 00:58:00,7.071,
2024-03-01 00:59:00,7.109,12.277
2024-03-01 01:00:00,,12.275
2024-03-01 01:01:00,6.914,12.022
2024-03-01 01:02:00,7.196,12.239
2024-03-01 01:03:00,6.889,12.048
2024-03-01 01:04:00,6.832,12.337
2024-03-01 01:05:00,7.012,12.303
2024-03-01 01:06:00,7.18,12.225
2024-03-01 01:07:00,6.938,12.266
2024-03-01 01:08:00,6.933,11.875
2024-03-01 01:09:00,7.4,11.813
2024-03-01 01:10:00,7.415,11.551
2024-03-01 01:11:00,7.402,12.135
2024-03-01 01:12:00,7.137,11.721
2024-03-01 01:13:00,7.253,11.825
2024-03-01 01:14:00,7.289,
2024-03-01 01:15:00,7.114,11.71
2024-03-01 01:16:00,7.094,11.884
2024-03-01 01:17:00,7.125,12.207
2024-03-01 01:18:00,7.276,12.198
2024-03-01 01:19:00,12.03,11.941
2024-03-01 01:20:00,6.979,11.918
2024-03-01 01:21:00,6.855,12.136
2024-03-01 01:22:00,6.964,12.042
2024-03-01 01:23:00,7.127,11.948
2024-03-01 01:24:00,6.891,12.14
2024-03-01 01:25:00,7.26,12.375
2024-03-01 01:26:00,7.433,12.102
2024-03-01 01:27:00,7.355,12.545
2024-03-01 01:28:00,7.283,11.921
2024-03-01 01:29:00,6.886,11.83
2024-03-01 01:30:00,6.909,12.1
2024-03-01 01:31:00,7.079,12.141
2024-03-01 01:32:00,6.987,12.084
2024-03-01 01:33:00,7.179,12.301
2024-03-01 01:34:00,7.118,11.838
2024-03-01 01:35:00,7.113,12.206
2024-03-01 01:36:00,7.104,11.771
2024-03-01 01:37:00,,12.156
2024-03-01 01:38:00,6.913,11.892
2024-03-01 01:39:00,7.151,12.336
2024-03-01 01:40:00,7.236,12.061
2024-03-01 01:41:00,7.229,12.125
2024-03-01 01:42:00,7.201,12.359
2024-03-01 01:43:00,7.263,11.936
2024-03-01 01:44:00,7.392,12.431
2024-03-01 01:45:00,7.244,12.246
2024-03-01 01:46:00,7.009,12.308
2024-03-01 01:47:00,7.236,12.261
2024-03-01 01:48:00,7.455,12.203
2024-03-01 01:49:00,7.155,12.38
2024-03-01 01:50:00,7.252,12.197
2024-03-01 01:51:00,7.175,12.275
2024-03-01 01:52:00,6.945,12.263
2024-03-01 01:53:00,7.101,12.019
2024-03-01 01:54:00,7.484,11.988
2024-03-01 01:55:00,7.028,12.395
2024-03-01 01:56:00,7.217,11.948
2024-03-01 01:57:00,7.34,12.604
2024-03-01 01:58:00,7.407,12.221
2024-03-01 01:59:00,7.273,12.315
2024-03-01 02:00:00,7.119,12.752
2024-03-01 02:01:00,7.275,12.287
2024-03-01 02:02:00,7.024,12.394
2024-03-01 02:03:00,7.314,12.039
2024-03-01 02:04:00,7.288,12.24
2024-03-01 02:05:00,7.145,12.473
2024-03-01 02:06:00,7.388,11.977
2024-03-01 02:07:00,7.287,12.408
2024-03-01 02:08:00,7.323,
2024-03-01 02:09:00,7.455,12.271
2024-03-01 02:10:00,6.965,12.34
2024-03-01 02:11:00,7.29,12.381
2024-03-01 02:12:00,7.225,12.373
2024-03-01 02:13:00,7.156,12.267
2024-03-01 02:14:00,7.068,12.118
2024-03-01 02:15:00,6.999,12.482
2024-03-01 02:16:00,7.09,12.138
2024-03-01 02:17:00,7.235,12.253
2024-03-01 02:18:00,,12.219
2024-03-01 02:19:00,7.216,12.07
2024-03-01 02:20:00,7.352,12.12
2024-03-01 02:21:00,6.992,12.686
2024-03-01 02:22:00,7.138,12.375
2024-03-01 02:23:00,7.097,12.233
2024-03-01 02:24:00,6.953,12.593
2024-03-01 02:25:00,7.335,12.761
2024-03-01 02:26:00,7.23,12.322
2024-03-01 02:27:00,7.194,12.144
2024-03-01 02:28:00,7.029,12.319
2024-03-01 02:29:00,7.306,12.524
2024-03-01 02:30:00,7.2,12.515
2024-03-01 02:31:00,7.131,12.621
2024-03-01 02:32:00,7.279,12.227
2024-03-01 02:33:00,7.269,12.193
2024-03-01 02:34:00,7.132,12.15
2024-03-01 02:35:00,7.401,12.449
2024-03-01 02:36:00,7.403,12.887
2024-03-01 02:37:00,7.3,12.133
2024-03-01 02:38:00,7.32,12.604
2024-03-01 02:39:00,7.306,12.05
2024-03-01 02:40:00,7.305,12.064
2024-03-01 02:41:00,7.501,12.39
2024-03-01 02:42:00,7.515,12.296
2024-03-01 02:43:00,7.293,12.423
2024-03-01 02:44:00,7.415,12.494
2024-03-01 02:45:00,7.285,12.266
2024-03-01 02:46:00,7.477,12.724
2024-03-01 02:47:00,7.374,12.271
2024-03-01 02:48:00,7.402,12.438
2024-03-01 02:49:00,7.264,12.406
2024-03-01 02:50:00,7.134,12.386
2024-03-01 02:51:00,7.429,12.591
2024-03-01 02:52:00,7.354,12.518
2024-03-01 02:53:00,7.183,12.238
2024-03-01 02:54:00,7.424,12.48
2024-03-01 02:55:00,7.486,12.569
2024-03-01 02:56:00,7.259,12.567
2024-03-01 02:57:00,7.68,12.545
2024-03-01 02:58:00,7.371,12.669
2024-03-01 02:59:00,7.488,12.42
2024-03-01 03:00:00,7.406,12.414
2024-03-01 03:01:00,7.367,12.41
2024-03-01 03:02:00,7.754,12.439
2024-03-01 03:03:00,7.13,12.709
2024-03-01 03:04:00,7.29,12.396
2024-03-01 03:05:00,7.203,12.731
2024-03-01 03:06:00,7.183,12.342
2024-03-01 03:07:00,7.436,12.59
2024-03-01 03:08:00,7.272,12.162
2024-03-01 03:09:00,7.303,12.241
2024-03-01 03:10:00,7.4,12.713
2024-03-01 03:11:00,7.351,13.129
2024-03-01 03:12:00,7.322,12.862
2024-03-01 03:13:00,7.389,12.299
2024-03-01 03:14:00,7.233,13.034
2024-03-01 03:15:00,7.425,12.972
2024-03-01 03:16:00,7.485,12.941
2024-03-01 03:17:00,7.658,12.719
2024-03-01 03:18:00,7.328,12.838
2024-03-01 03:19:00,7.33,12.834
2024-03-01 03:20:00,7.484,12.502
2024-03-01 03:21:00,7.502,12.556
2024-03-01 03:22:00,7.213,12.697
2024-03-01 03:23:00,7.458,12.494
2024-03-01 03:24:00,7.231,12.849
2024-03-01 03:25:00,7.528,12.758
2024-03-01 03:26:00,7.687,13.072
2024-03-01 03:27:00,7.398,12.815
2024-03-01 03:28:00,,12.947
2024-03-01 03:29:00,7.418,12.748
2024-03-01 03:30:00,7.139,12.745
2024-03-01 03:31:00,7.44,12.678
2024-03-01 03:32:00,7.026,12.837
2024-03-01 03:33:00,7.333,12.493
2024-03-01 03:34:00,7.359,12.664
2024-03-01 03:35:00,7.183,13.291
2024-03-01 03:36:00,7.594,12.901
2024-03-01 03:37:00,7.387,12.586
2024-03-01 03:38:00,7.258,12.787
2024-03-01 03:39:00,7.348,12.813
2024-03-01 03:40:00,7.466,12.786
2024-03-01 03:41:00,7.246,12.607
2024-03-01 03:42:00,7.285,12.457
2024-03-01 03:43:00,7.301,12.638
2024-03-01 03:44:00,7.426,12.847
2024-03-01 03:45:00,7.173,12.593
2024-03-01 03:46:00,7.254,12.572
2024-03-01 03:47:00,7.408,12.89
2024-03-01 03:48:00,7.722,12.784
2024-03-01 03:49:00,7.395,12.735
2024-03-01 03:50:00,7.344,12.938
2024-03-01 03:51:00,7.465,12.814
2024-03-01 03:52:00,7.393,13.076
2024-03-01 03:53:00,7.427,12.69
2024-03-01 03:54:00,7.205,12.817
2024-03-01 03:55:00,7.554,12.804
2024-03-01 03:56:00,7.42,12.822
2024-03-01 03:57:00,7.379,12.578
2024-03-01 03:58:00,7.459,
2024-03-01 03:59:00,7.398,12.53
2024-03-01 04:00:00,7.328,12.653
2024-03-01 04:01:00,7.675,13.148
2024-03-01 04:02:00,7.587,12.686
2024-03-01 04:03:00,7.515,12.729
2024-03-01 04:04:00,7.432,12.778
2024-03-01 04:05:00,7.164,12.923
2024-03-01 04:06:00,7.632,12.872
2024-03-01 04:07:00,7.267,13.071
2024-03-01 04:08:00,7.353,12.766
2024-03-01 04:09:00,7.381,12.839
2024-03-01 04:10:00,7.494,13.207
2024-03-01 04:11:00,7.544,12.678
2024-03-01 04:12:00,7.328,13.034
2024-03-01 04:13:00,7.347,12.751
2024-03-01 04:14:00,7.461,12.692
2024-03-01 04:15:00,7.646,12.672
2024-03-01 04:16:00,7.511,12.833
2024-03-01 04:17:00,7.601,12.834
2024-03-01 04:18:00,7.407,12.834
2024-03-01 04:19:00,7.236,12.79
2024-03-01 04:20:00,7.412,12.68
2024-03-01 04:21:00,7.581,12.987
2024-03-01 04:22:00,7.19,12.8
2024-03-01 04:23:00,7.287,12.818
2024-03-01 04:24:00,7.529,12.919
2024-03-01 04:25:00,7.538,12.956
2024-03-01 04:26:00,7.176,12.921
2024-03-01 04:27:00,7.38,12.961
2024-03-01 04:28:00,7.19,12.851
2024-03-01 04:29:00,7.362,12.686
2024-03-01 04:30:00,7.52,13.021
2024-03-01 04:31:00,7.339,12.888
2024-03-01 04:32:00,7.608,12.965
2024-03-01 04:33:00,7.387,12.846
2024-03-01 04:34:00,7.442,12.95
2024-03-01 04:35:00,7.347,13.074
2024-03-01 04:36:00,7.432,13.166
2024-03-01 04:37:00,7.526,13.401
2024-03-01 04:38:00,7.529,13.056
2024-03-01 04:39:00,7.563,12.893
2024-03-01 04:40:00,7.313,13.084
2024-03-01 04:41:00,7.308,12.919
2024-03-01 04:42:00,7.595,12.869
2024-03-01 04:43:00,7.491,
2024-03-01 04:44:00,7.571,13.135
2024-03-01 04:45:00,7.441,12.899
2024-03-01 04:46:00,7.027,12.947
2024-03-01 04:47:00,7.197,12.554
2024-03-01 04:48:00,7.339,13.25
2024-03-01 04:49:00,7.454,13.036
2024-03-01 04:50:00,7.507,12.767
2024-03-01 04:51:00,7.717,13.123
2024-03-01 04:52:00,7.492,13.048
2024-03-01 04:53:00,7.368,12.955
2024-03-01 04:54:00,7.537,12.605
2024-03-01 04:55:00,7.67,12.79
2024-03-01 04:56:00,7.305,13.01
2024-03-01 04:57:00,7.472,12.927
2024-03-01 04:58:00,7.455,13.084
2024-03-01 04:59:00,7.277,13.15
2024-03-01 05:00:00,7.163,13.583
2024-03-01 05:01:00,7.674,13.148
2024-03-01 05:02:00,7.564,12.989
2024-03-01 05:03:00,7.722,13.166
2024-03-01 05:04:00,7.307,12.842
2024-03-01 05:05:00,7.321,12.919
2024-03-01 05:06:00,7.671,13.245
2024-03-01 05:07:00,7.478,13.189
2024-03-01 05:08:00,7.638,12.921
2024-03-01 05:09:00,7.619,12.911
2024-03-01 05:10:00,7.429,13.21
2024-03-01 05:11:00,7.629,12.791
2024-03-01 05:12:00,7.413,13.042
2024-03-01 05:13:00,7.678,13.092
2024-03-01 05:14:00,7.441,12.998
2024-03-01 05:15:00,7.237,13.0
2024-03-01 05:16:00,7.388,12.887
2024-03-01 05:17:00,7.532,12.779
2024-03-01 05:18:00,7.535,13.027
2024-03-01 05:19:00,7.388,13.347
2024-03-01 05:20:00,7.557,12.942
2024-03-01 05:21:00,7.432,13.303
2024-03-01 05:22:00,7.618,13.314
2024-03-01 05:23:00,7.235,12.929
2024-03-01 05:24:00,7.301,12.942
2024-03-01 05:25:00,7.283,13.083
2024-03-01 05:26:00,7.571,12.795
2024-03-01 05:27:00,7.334,13.169
2024-03-01 05:28:00,7.447,12.767
2024-03-01 05:29:00,7.363,13.275
2024-03-01 05:30:00,7.497,13.181
2024-03-01 05:31:00,7.499,13.493
2024-03-01 05:32:00,7.399,13.408
2024-03-01 05:33:00,7.485,13.137
2024-03-01 05:34:00,7.527,13.281
2024-03-01 05:35:00,7.401,12.915
2024-03-01 05:36:00,7.676,12.886
2024-03-01 05:37:00,7.408,13.049
2024-03-01 05:38:00,7.509,12.946
2024-03-01 05:39:00,7.646,13.078
2024-03-01 05:40:00,7.501,12.978
2024-03-01 05:41:00,7.586,13.25
2024-03-01 05:42:00,7.365,13.098
2024-03-01 05:43:00,7.49,12.949
2024-03-01 05:44:00,7.466,12.956
2024-03-01 05:45:00,7.696,13.087
2024-03-01 05:46:00,7.667,13.16
2024-03-01 05:47:00,7.287,12.975
2024-03-01 05:48:00,7.289,12.864
2024-03-01 05:49:00,7.568,
2024-03-01 05:50:00,7.476,12.838
2024-03-01 05:51:00,7.638,13.232
2024-03-01 05:52:00,7.531,12.962
2024-03-01 05:53:00,7.479,12.925
2024-03-01 05:54:00,7.704,13.036
2024-03-01 05:55:00,7.437,13.304
2024-03-01 05:56:00,7.479,13.064
2024-03-01 05:57:00,7.627,13.358
2024-03-01 05:58:00,7.656,13.49
2024-03-01 05:59:00,7.424,13.022
2024-03-01 06:00:00,7.633,12.695
2024-03-01 06:01:00,7.416,13.021
2024-03-01 06:02:00,7.442,13.345
2024-03-01 06:03:00,7.55,13.404
2024-03-01 06:04:00,7.506,13.317
2024-03-01 06:05:00,7.382,12.888
2024-03-01 06:06:00,7.24,13.076
2024-03-01 06:07:00,7.152,13.359
2024-03-01 06:08:00,7.801,13.63
2024-03-01 06:09:00,7.351,
2024-03-01 06:10:00,7.622,13.143
2024-03-01 06:11:00,7.771,13.015
2024-03-01 06:12:00,7.586,13.352
2024-03-01 06:13:00,7.548,12.914
2024-03-01 06:14:00,7.723,12.94
2024-03-01 06:15:00,7.532,13.268
2024-03-01 06:16:00,7.522,13.502
2024-03-01 06:17:00,7.717,13.19
2024-03-01 06:18:00,7.445,13.362
2024-03-01 06:19:00,7.47,13.265
2024-03-01 06:20:00,7.514,13.278
2024-03-01 06:21:00,7.334,13.301
2024-03-01 06:22:00,7.52,13.323
2024-03-01 06:23:00,7.276,13.279
2024-03-01 06:24:00,7.327,13.107
2024-03-01 06:25:00,7.423,13.166
2024-03-01 06:26:00,7.225,13.155
2024-03-01 06:27:00,7.653,13.259
2024-03-01 06:28:00,7.597,12.878
2024-03-01 06:29:00,7.939,13.432
2024-03-01 06:30:00,7.646,13.224
2024-03-01 06:31:00,7.4,13.018
2024-03-01 06:32:00,7.616,13.077
2024-03-01 06:33:00,7.416,13.033
2024-03-01 06:34:00,7.48,
2024-03-01 06:35:00,7.389,12.95
2024-03-01 06:36:00,7.443,13.112
2024-03-01 06:37:00,7.842,12.891
2024-03-01 06:38:00,,13.355
2024-03-01 06:39:00,7.302,13.01
2024-03-01 06:40:00,7.503,13.33
2024-03-01 06:41:00,7.425,13.548
2024-03-01 06:42:00,7.43,13.036
2024-03-01 06:43:00,7.514,13.359
2024-03-01 06:44:00,7.67,13.045
2024-03-01 06:45:00,7.699,13.086
2024-03-01 06:46:00,7.576,13.351
2024-03-01 06:47:00,7.416,13.492
2024-03-01 06:48:00,7.677,13.144
2024-03-01 06:49:00,7.284,12.835
2024-03-01 06:50:00,7.531,13.343
2024-03-01 06:51:00,7.584,13.51
2024-03-01 06:52:00,7.579,13.065
2024-03-01 06:53:00,7.56,13.174
2024-03-01 06:54:00,7.406,13.115
2024-03-01 06:55:00,7.35,13.366
2024-03-01 06:56:00,7.417,13.2
2024-03-01 06:57:00,7.609,13.1
2024-03-01 06:58:00,7.555,13.322
2024-03-01 06:59:00,7.561,13.345
2024-03-01 07:00:00,7.354,12.948
2024-03-01 07:01:00,7.373,13.019
2024-03-01 07:02:00,7.45,12.972
2024-03-01 07:03:00,7.518,13.219
2024-03-01 07:04:00,7.495,12.994
2024-03-01 07:05:00,7.658,13.213
2024-03-01 07:06:00,7.351,13.046
2024-03-01 07:07:00,7.662,13.218
2024-03-01 07:08:00,,13.034
2024-03-01 07:09:00,7.236,13.277
2024-03-01 07:10:00,7.556,13.046
2024-03-01 07:11:00,7.564,13.246
2024-03-01 07:12:00,7.701,13.205
2024-03-01 07:13:00,7.409,13.322
2024-03-01 07:14:00,7.48,12.838
2024-03-01 07:15:00,7.354,13.296
2024-03-01 07:16:00,7.766,13.606
2024-03-01 07:17:00,7.626,13.356
2024-03-01 07:18:00,7.415,13.152
2024-03-01 07:19:00,7.324,13.3
2024-03-01 07:20:00,7.341,13.58
2024-03-01 07:21:00,7.814,13.401
2024-03-01 07:22:00,7.522,13.391
2024-03-01 07:23:00,7.425,13.43
2024-03-01 07:24:00,7.459,13.072
2024-03-01 07:25:00,7.267,13.178
2024-03-01 07:26:00,7.405,13.185
2024-03-01 07:27:00,,13.022
2024-03-01 07:28:00,7.529,13.291
2024-03-01 07:29:00,7.601,13.226
2024-03-01 07:30:00,7.368,13.305
2024-03-01 07:31:00,7.805,12.884
2024-03-01 07:32:00,7.542,13.323
2024-03-01 07:33:00,7.308,13.303
2024-03-01 07:34:00,7.316,13.003
2024-03-01 07:35:00,7.586,13.135
2024-03-01 07:36:00,7.317,13.508
2024-03-01 07:37:00,7.3,13.629
2024-03-01 07:38:00,7.577,13.158
2024-03-01 07:39:00,7.461,13.384
2024-03-01 07:40:00,7.268,13.084
2024-03-01 07:41:00,7.612,13.123
2024-03-01 07:42:00,7.354,12.841
2024-03-01 07:43:00,7.376,13.076
2024-03-01 07:44:00,7.86,13.46
2024-03-01 07:45:00,7.65,13.038
2024-03-01 07:46:00,7.595,13.033
2024-03-01 07:47:00,7.369,13.027
2024-03-01 07:48:00,7.379,13.001
2024-03-01 07:49:00,7.56,13.192
2024-03-01 07:50:00,7.298,13.082
2024-03-01 07:51:00,7.305,13.179
2024-03-01 07:52:00,7.514,13.155
2024-03-01 07:53:00,7.342,13.215
2024-03-01 07:54:00,7.396,13.011
2024-03-01 07:55:00,7.565,12.941
2024-03-01 07:56:00,7.441,13.298
2024-03-01 07:57:00,7.454,13.376
2024-03-01 07:58:00,7.639,13.223
2024-03-01 07:59:00,7.406,13.041
2024-03-01 08:00:00,7.677,13.412
2024-03-01 08:01:00,7.409,13.566
2024-03-01 08:02:00,7.278,12.997
2024-03-01 08:03:00,7.521,12.878
2024-03-01 08:04:00,7.479,13.24
2024-03-01 08:05:00,7.272,13.15
2024-03-01 08:06:00,7.274,12.931
2024-03-01 08:07:00,7.343,13.169
2024-03-01 08:08:00,7.411,13.182
2024-03-01 08:09:00,7.248,13.151
2024-03-01 08:10:00,7.36,13.163
2024-03-01 08:11:00,7.392,13.401
2024-03-01 08:12:00,7.438,12.903
2024-03-01 08:13:00,7.482,12.982
2024-03-01 08:14:00,6.982,12.978
2024-03-01 08:15:00,7.247,13.879
2024-03-01 08:16:00,6.97,13.388
2024-03-01 08:17:00,7.295,13.05
2024-03-01 08:18:00,7.477,13.25
2024-03-01 08:19:00,7.375,13.388
2024-03-01 08:20:00,7.377,13.535
2024-03-01 08:21:00,7.664,13.06
2024-03-01 08:22:00,7.617,13.426
2024-03-01 08:23:00,7.422,12.838
2024-03-01 08:24:00,7.263,13.248
2024-03-01 08:25:00,7.283,13.118
2024-03-01 08:26:00,7.397,13.145
2024-03-01 08:27:00,7.187,13.207
2024-03-01 08:28:00,7.431,13.337
2024-03-01 08:29:00,7.295,13.351
2024-03-01 08:30:00,7.377,13.068
2024-03-01 08:31:00,14.269,13.401
2024-03-01 08:32:00,7.364,13.023
2024-03-01 08:33:00,7.36,13.408
2024-03-01 08:34:00,7.468,13.291
2024-03-01 08:35:00,7.259,
2024-03-01 08:36:00,7.195,13.102
2024-03-01 08:37:00,7.369,13.018
2024-03-01 08:38:00,7.423,13.249
2024-03-01 08:39:00,7.462,13.11
2024-03-01 08:40:00,7.303,13.396
2024-03-01 08:41:00,7.393,13.224
2024-03-01 08:42:00,7.506,13.372
2024-03-01 08:43:00,7.527,13.057
2024-03-01 08:44:00,7.453,12.877
2024-03-01 08:45:00,7.255,13.003
2024-03-01 08:46:00,7.268,13.075
2024-03-01 08:47:00,7.421,13.27
2024-03-01 08:48:00,7.486,13.554
2024-03-01 08:49:00,7.341,12.886
2024-03-01 08:50:00,7.539,13.159
2024-03-01 08:51:00,7.373,13.141
2024-03-01 08:52:00,7.193,13.056
2024-03-01 08:53:00,7.305,12.99
2024-03-01 08:54:00,7.53,12.856
2024-03-01 08:55:00,7.496,12.971
2024-03-01 08:56:00,7.129,12.87
2024-03-01 08:57:00,7.424,13.063
2024-03-01 08:58:00,7.281,13.299
2024-03-01 08:59:00,7.302,13.307
2024-03-01 09:00:00,7.541,13.418
2024-03-01 09:01:00,7.402,12.988
2024-03-01 09:02:00,7.323,12.882
2024-03-01 09:03:00,7.29,13.029
2024-03-01 09:04:00,7.241,13.059
2024-03-01 09:05:00,7.515,13.208
2024-03-01 09:06:00,7.196,12.956
2024-03-01 09:07:00,7.483,12.879
2024-03-01 09:08:00,7.468,13.534
2024-03-01 09:09:00,7.296,13.139
2024-03-01 09:10:00,,12.889
2024-03-01 09:11:00,7.216,12.878
2024-03-01 09:12:00,7.443,13.435
2024-03-01 09:13:00,,13.048
2024-03-01 09:14:00,7.469,13.318
2024-03-01 09:15:00,7.332,12.878
2024-03-01 09:16:00,7.307,12.999
2024-03-01 09:17:00,7.262,12.958
2024-03-01 09:18:00,7.187,13.262
2024-03-01 09:19:00,7.53,13.155
2024-03-01 09:20:00,7.297,12.909
2024-03-01 09:21:00,7.087,13.108
2024-03-01 09:22:00,7.568,12.803
2024-03-01 09:23:00,7.349,12.944
2024-03-01 09:24:00,7.425,13.14
2024-03-01 09:25:00,7.107,13.121
2024-03-01 09:26:00,7.373,12.952
2024-03-01 09:27:00,7.767,12.986
2024-03-01 09:28:00,7.194,13.361
2024-03-01 09:29:00,7.327,12.786
2024-03-01 09:30:00,7.457,12.995
2024-03-01 09:31:00,7.274,13.276
2024-03-01 09:32:00,7.537,12.855
2024-03-01 09:33:00,7.321,13.268
2024-03-01 09:34:00,7.339,12.89
2024-03-01 09:35:00,7.601,12.906
2024-03-01 09:36:00,7.442,13.048
2024-03-01 09:37:00,7.368,13.072
2024-03-01 09:38:00,7.038,12.733
2024-03-01 09:39:00,7.241,13.026
2024-03-01 09:40:00,7.406,13.524
2024-03-01 09:41:00,7.452,13.035
2024-03-01 09:42:00,7.272,13.0
2024-03-01 09:43:00,7.256,12.993
2024-03-01 09:44:00,7.145,12.632
2024-03-01 09:45:00,7.129,12.783
2024-03-01 09:46:00,6.929,13.34
2024-03-01 09:47:00,7.251,13.048
2024-03-01 09:48:00,7.331,
2024-03-01 09:49:00,7.433,13.151
2024-03-01 09:50:00,7.466,12.952
2024-03-01 09:51:00,7.511,12.521
2024-03-01 09:52:00,7.367,13.009
2024-03-01 09:53:00,7.362,12.414
2024-03-01 09:54:00,7.142,12.47
2024-03-01 09:55:00,7.317,13.051
2024-03-01 09:56:00,7.604,12.74
2024-03-01 09:57:00,7.455,12.946
2024-03-01 09:58:00,6.931,12.699
2024-03-01 09:59:00,7.342,12.87
2024-03-01 10:00:00,7.049,12.56
2024-03-01 10:01:00,12.406,12.94
2024-03-01 10:02:00,7.552,12.793
2024-03-01 10:03:00,7.382,13.006
2024-03-01 10:04:00,7.273,12.933
2024-03-01 10:05:00,7.297,12.839
2024-03-01 10:06:00,6.932,12.734
2024-03-01 10:07:00,7.199,12.86
2024-03-01 10:08:00,7.273,12.928
2024-03-01 10:09:00,7.19,12.529
2024-03-01 10:10:00,7.417,12.924
2024-03-01 10:11:00,7.116,12.914
2024-03-01 10:12:00,7.318,12.856
2024-03-01 10:13:00,7.171,13.021
2024-03-01 10:14:00,7.131,12.794
2024-03-01 10:15:00,7.207,13.048
2024-03-01 10:16:00,7.222,12.525
2024-03-01 10:17:00,7.414,12.769
2024-03-01 10:18:00,7.053,12.935
2024-03-01 10:19:00,7.153,12.822
2024-03-01 10:20:00,7.43,12.596
2024-03-01 10:21:00,7.214,12.679
2024-03-01 10:22:00,7.318,12.948
2024-03-01 10:23:00,7.007,12.522
2024-03-01 10:24:00,7.339,12.871
2024-03-01 10:25:00,6.907,12.892
2024-03-01 10:26:00,7.064,12.882
2024-03-01 10:27:00,7.514,12.61
2024-03-01 10:28:00,7.061,12.734
2024-03-01 10:29:00,7.161,12.735
2024-03-01 10:30:00,7.177,12.714
2024-03-01 10:31:00,7.18,12.312
2024-03-01 10:32:00,7.147,12.912
2024-03-01 10:33:00,7.24,12.675
2024-03-01 10:34:00,7.164,12.956
2024-03-01 10:35:00,7.292,12.452
2024-03-01 10:36:00,7.091,12.731
2024-03-01 10:37:00,7.36,12.407
2024-03-01 10:38:00,7.234,12.604
2024-03-01 10:39:00,7.131,13.098
2024-03-01 10:40:00,7.313,12.762
2024-03-01 10:41:00,7.05,12.625
2024-03-01 10:42:00,7.121,12.565
2024-03-01 10:43:00,7.454,12.626
2024-03-01 10:44:00,7.137,12.73
2024-03-01 10:45:00,,12.541
2024-03-01 10:46:00,6.996,12.522
2024-03-01 10:47:00,7.525,12.607
2024-03-01 10:48:00,7.248,12.617
2024-03-01 10:49:00,7.194,12.484
2024-03-01 10:50:00,7.304,13.232
2024-03-01 10:51:00,7.323,12.576
2024-03-01 10:52:00,6.839,12.967
2024-03-01 10:53:00,6.984,12.535
2024-03-01 10:54:00,6.925,12.493
2024-03-01 10:55:00,7.213,12.78
2024-03-01 10:56:00,7.362,12.905
2024-03-01 10:57:00,7.012,12.743
2024-03-01 10:58:00,7.067,12.77
2024-03-01 10:59:00,6.894,12.802
2024-03-01 11:00:00,7.204,12.563
2024-03-01 11:01:00,7.229,12.812
2024-03-01 11:02:00,6.977,12.228
2024-03-01 11:03:00,7.122,12.692
2024-03-01 11:04:00,7.056,12.806
2024-03-01 11:05:00,7.027,12.335
2024-03-01 11:06:00,7.133,
2024-03-01 11:07:00,7.239,12.905
2024-03-01 11:08:00,6.953,12.417
2024-03-01 11:09:00,7.208,12.63
2024-03-01 11:10:00,7.157,12.482
2024-03-01 11:11:00,7.058,12.417
2024-03-01 11:12:00,7.243,12.908
2024-03-01 11:13:00,6.99,12.477
2024-03-01 11:14:00,7.215,12.466
2024-03-01 11:15:00,7.009,12.654
2024-03-01 11:16:00,7.018,12.502
2024-03-01 11:17:00,7.176,12.455
2024-03-01 11:18:00,6.976,
2024-03-01 11:19:00,6.903,12.336
2024-03-01 11:20:00,7.037,12.455
2024-03-01 11:21:00,7.294,12.789
2024-03-01 11:22:00,7.297,12.61
2024-03-01 11:23:00,7.127,12.401
2024-03-01 11:24:00,7.064,12.393
2024-03-01 11:25:00,7.078,
2024-03-01 11:26:00,7.188,12.264
2024-03-01 11:27:00,7.06,12.424
2024-03-01 11:28:00,7.022,12.725
2024-03-01 11:29:00,6.999,12.854
2024-03-01 11:30:00,7.068,12.44
2024-03-01 11:31:00,6.962,12.664
2024-03-01 11:32:00,7.099,12.375
2024-03-01 11:33:00,6.838,12.744
2024-03-01 11:34:00,7.232,12.683
2024-03-01 11:35:00,6.881,12.612
2024-03-01 11:36:00,6.949,12.602
2024-03-01 11:37:00,7.128,12.45
2024-03-01 11:38:00,7.16,12.507
2024-03-01 11:39:00,7.067,12.197
2024-03-01 11:40:00,6.947,12.66
2024-03-01 11:41:00,7.043,12.633
2024-03-01 11:42:00,6.624,12.231
2024-03-01 11:43:00,7.208,12.121
2024-03-01 11:44:00,7.058,12.963
2024-03-01 11:45:00,6.943,12.512
2024-03-01 11:46:00,7.132,12.253
2024-03-01 11:47:00,11.301,12.543
2024-03-01 11:48:00,6.932,12.298
2024-03-01 11:49:00,7.16,12.351
2024-03-01 11:50:00,6.828,12.302
2024-03-01 11:51:00,7.211,12.621
2024-03-01 11:52:00,7.139,12.358
2024-03-01 11:53:00,7.058,12.484
2024-03-01 11:54:00,6.939,12.302
2024-03-01 11:55:00,7.058,12.068
2024-03-01 11:56:00,7.113,12.147
2024-03-01 11:57:00,7.084,12.34
2024-03-01 11:58:00,7.268,12.214
2024-03-01 11:59:00,7.089,12.596
2024-03-01 12:00:00,6.749,12.11
2024-03-01 12:01:00,7.217,12.179
2024-03-01 12:02:00,6.919,12.376
2024-03-01 12:03:00,6.923,12.636
2024-03-01 12:04:00,6.924,12.235
2024-03-01 12:05:00,6.791,11.831
2024-03-01 12:06:00,6.942,12.159
2024-03-01 12:07:00,6.784,12.192
2024-03-01 12:08:00,6.917,12.692
2024-03-01 12:09:00,7.117,12.545
2024-03-01 12:10:00,6.952,12.452
2024-03-01 12:11:00,6.977,12.248
2024-03-01 12:12:00,6.954,11.895
2024-03-01 12:13:00,7.029,11.939
2024-03-01 12:14:00,6.684,12.609
2024-03-01 12:15:00,7.081,12.291
2024-03-01 12:16:00,7.124,11.888
2024-03-01 12:17:00,6.768,12.19
2024-03-01 12:18:00,7.061,12.536
2024-03-01 12:19:00,6.845,12.406
2024-03-01 12:20:00,6.952,12.432
2024-03-01 12:21:00,6.933,12.306
2024-03-01 12:22:00,6.757,12.259
2024-03-01 12:23:00,6.968,12.363
2024-03-01 12:24:00,6.884,12.213
2024-03-01 12:25:00,6.878,12.335
2024-03-01 12:26:00,7.132,
2024-03-01 12:27:00,6.563,12.007
2024-03-01 12:28:00,6.802,12.628
2024-03-01 12:29:00,6.755,12.523
2024-03-01 12:30:00,6.787,12.613
2024-03-01 12:31:00,7.02,12.445
2024-03-01 12:32:00,,12.626
2024-03-01 12:33:00,7.032,12.029
2024-03-01 12:34:00,7.182,12.13
2024-03-01 12:35:00,7.019,12.359
2024-03-01 12:36:00,6.974,11.925
2024-03-01 12:37:00,6.758,12.348
2024-03-01 12:38:00,6.708,12.098
2024-03-01 12:39:00,6.898,12.081
2024-03-01 12:40:00,6.893,12.231
2024-03-01 12:41:00,6.821,11.953
2024-03-01 12:42:00,6.964,11.9
2024-03-01 12:43:00,7.136,11.952
2024-03-01 12:44:00,6.724,12.045
2024-03-01 12:45:00,6.549,12.012
2024-03-01 12:46:00,6.814,12.29
2024-03-01 12:47:00,6.95,12.487
2024-03-01 12:48:00,7.072,11.796
2024-03-01 12:49:00,6.776,12.052
2024-03-01 12:50:00,6.758,12.113
2024-03-01 12:51:00,6.654,11.8
2024-03-01 12:52:00,6.819,12.337
2024-03-01 12:53:00,6.872,12.091
2024-03-01 12:54:00,6.619,12.227
2024-03-01 12:55:00,6.744,12.116
2024-03-01 12:56:00,6.653,11.828
2024-03-01 12:57:00,6.851,12.477
2024-03-01 12:58:00,,12.315
2024-03-01 12:59:00,6.911,11.814
2024-03-01 13:00:00,6.811,11.951
2024-03-01 13:01:00,6.948,11.807
2024-03-01 13:02:00,6.906,12.245
2024-03-01 13:03:00,6.642,11.912
2024-03-01 13:04:00,6.893,12.005
2024-03-01 13:05:00,6.688,12.197
2024-03-01 13:06:00,6.913,11.869
2024-03-01 13:07:00,6.985,11.869
2024-03-01 13:08:00,7.063,11.983
2024-03-01 13:09:00,7.039,11.782
2024-03-01 13:10:00,6.616,11.808
2024-03-01 13:11:00,6.833,11.801
2024-03-01 13:12:00,6.738,11.897
2024-03-01 13:13:00,6.762,12.084
2024-03-01 13:14:00,6.915,11.836
2024-03-01 13:15:00,6.853,12.219
2024-03-01 13:16:00,6.89,11.901
2024-03-01 13:17:00,6.813,11.748
2024-03-01 13:18:00,6.72,11.934
2024-03-01 13:19:00,6.893,12.127
2024-03-01 13:20:00,7.077,12.063
2024-03-01 13:21:00,7.027,11.68
2024-03-01 13:22:00,6.883,12.048
2024-03-01 13:23:00,7.107,12.112
2024-03-01 13:24:00,6.918,11.82
2024-03-01 13:25:00,6.817,12.115
2024-03-01 13:26:00,6.534,11.869
2024-03-01 13:27:00,6.847,11.953
2024-03-01 13:28:00,6.67,11.87
2024-03-01 13:29:00,6.746,11.997
2024-03-01 13:30:00,6.714,11.799
2024-03-01 13:31:00,6.551,
2024-03-01 13:32:00,6.747,12.052
2024-03-01 13:33:00,6.899,11.707
2024-03-01 13:34:00,6.805,11.662
2024-03-01 13:35:00,6.691,11.811
2024-03-01 13:36:00,6.77,11.466
2024-03-01 13:37:00,6.767,11.74
2024-03-01 13:38:00,6.572,11.751
2024-03-01 13:39:00,6.856,11.845
2024-03-01 13:40:00,6.886,11.892
2024-03-01 13:41:00,6.993,11.805
2024-03-01 13:42:00,7.047,11.703
2024-03-01 13:43:00,6.633,11.52
2024-03-01 13:44:00,6.672,11.802
2024-03-01 13:45:00,6.867,11.811
2024-03-01 13:46:00,6.619,11.968
2024-03-01 13:47:00,6.879,11.889
2024-03-01 13:48:00,6.89,11.759
2024-03-01 13:49:00,6.667,11.72
2024-03-01 13:50:00,6.669,12.251
2024-03-01 13:51:00,6.843,11.539
2024-03-01 13:52:00,6.797,11.441
2024-03-01 13:53:00,6.733,11.745
2024-03-01 13:54:00,6.987,11.754
2024-03-01 13:55:00,6.739,11.757
2024-03-01 13:56:00,6.629,11.425
2024-03-01 13:57:00,6.563,12.087
2024-03-01 13:58:00,6.903,11.618
2024-03-01 13:59:00,6.779,11.869
2024-03-01 14:00:00,7.014,12.013
2024-03-01 14:01:00,6.765,11.48
2024-03-01 14:02:00,6.311,11.752
2024-03-01 14:03:00,7.077,11.675
2024-03-01 14:04:00,6.996,11.833
2024-03-01 14:05:00,6.561,11.897
2024-03-01 14:06:00,6.517,
2024-03-01 14:07:00,6.794,11.581
2024-03-01 14:08:00,6.659,11.549
2024-03-01 14:09:00,6.64,11.415
2024-03-01 14:10:00,6.943,11.555
2024-03-01 14:11:00,6.68,11.5
2024-03-01 14:12:00,6.788,11.716
2024-03-01 14:13:00,6.638,11.35
2024-03-01 14:14:00,6.698,11.479
2024-03-01 14:15:00,6.66,11.379
2024-03-01 14:16:00,6.751,11.222
2024-03-01 14:17:00,,11.476
2024-03-01 14:18:00,6.779,11.892
2024-03-01 14:19:00,6.577,11.874
2024-03-01 14:20:00,6.623,11.745
2024-03-01 14:21:00,6.76,11.458
2024-03-01 14:22:00,6.79,11.675
2024-03-01 14:23:00,6.684,11.904
2024-03-01 14:24:00,6.576,11.815
2024-03-01 14:25:00,6.944,11.655
2024-03-01 14:26:00,6.782,11.661
2024-03-01 14:27:00,6.668,11.584
2024-03-01 14:28:00,6.692,11.709
2024-03-01 14:29:00,6.699,11.752
2024-03-01 14:30:00,6.913,11.636
2024-03-01 14:31:00,6.879,11.539
2024-03-01 14:32:00,6.662,11.456
2024-03-01 14:33:00,6.522,11.473
2024-03-01 14:34:00,6.426,11.475
2024-03-01 14:35:00,6.686,11.562
2024-03-01 14:36:00,6.666,11.559
2024-03-01 14:37:00,6.843,11.561
2024-03-01 14:38:00,,11.326
2024-03-01 14:39:00,6.782,11.39
2024-03-01 14:40:00,6.772,11.575
2024-03-01 14:41:00,6.349,11.514
2024-03-01 14:42:00,6.403,11.455
2024-03-01 14:43:00,6.881,11.535
2024-03-01 14:44:00,6.699,11.642
2024-03-01 14:45:00,6.742,11.647
2024-03-01 14:46:00,6.811,11.729
2024-03-01 14:47:00,6.665,11.566
2024-03-01 14:48:00,6.65,11.633
2024-03-01 14:49:00,6.933,11.509
2024-03-01 14:50:00,6.549,11.704
2024-03-01 14:51:00,6.695,11.184
2024-03-01 14:52:00,6.698,11.932
2024-03-01 14:53:00,6.75,11.605
2024-03-01 14:54:00,6.953,11.349
2024-03-01 14:55:00,6.556,11.47
2024-03-01 14:56:00,6.633,11.3
2024-03-01 14:57:00,6.569,11.114
2024-03-01 14:58:00,6.414,11.258
2024-03-01 14:59:00,6.464,11.795
2024-03-01 15:00:00,6.616,11.547
2024-03-01 15:01:00,6.86,11.222
2024-03-01 15:02:00,6.658,11.503
2024-03-01 15:03:00,6.77,11.645
2024-03-01 15:04:00,12.554,11.406
2024-03-01 15:05:00,6.782,11.809
2024-03-01 15:06:00,6.672,11.277
2024-03-01 15:07:00,6.479,11.147
2024-03-01 15:08:00,6.569,11.33
2024-03-01 15:09:00,6.625,11.467
2024-03-01 15:10:00,6.796,11.261
2024-03-01 15:11:00,6.476,11.33
2024-03-01 15:12:00,6.593,11.448
2024-03-01 15:13:00,6.588,11.573
2024-03-01 15:14:00,6.567,11.371
2024-03-01 15:15:00,6.667,11.46
2024-03-01 15:16:00,6.606,11.218
2024-03-01 15:17:00,6.603,11.282
2024-03-01 15:18:00,6.656,11.148
2024-03-01 15:19:00,6.351,11.293
2024-03-01 15:20:00,6.692,11.104
2024-03-01 15:21:00,7.04,11.054
2024-03-01 15:22:00,6.716,11.386
2024-03-01 15:23:00,6.272,11.08
2024-03-01 15:24:00,6.757,11.502
2024-03-01 15:25:00,6.605,11.696
2024-03-01 15:26:00,6.647,10.896
2024-03-01 15:27:00,6.489,11.443
2024-03-01 15:28:00,6.716,11.484
2024-03-01 15:29:00,6.687,11.343
2024-03-01 15:30:00,6.514,11.531
2024-03-01 15:31:00,6.491,11.362
2024-03-01 15:32:00,6.625,10.95
2024-03-01 15:33:00,6.75,11.269
2024-03-01 15:34:00,6.584,11.53
2024-03-01 15:35:00,6.645,11.593
2024-03-01 15:36:00,6.671,11.139
2024-03-01 15:37:00,6.591,11.503
2024-03-01 15:38:00,6.69,10.928
2024-03-01 15:39:00,6.589,10.979
2024-03-01 15:40:00,6.607,11.266
2024-03-01 15:41:00,6.647,11.513
2024-03-01 15:42:00,6.707,11.219
2024-03-01 15:43:00,6.568,11.468
2024-03-01 15:44:00,6.575,11.308
2024-03-01 15:45:00,6.722,11.703
2024-03-01 15:46:00,6.706,11.546
2024-03-01 15:47:00,6.602,11.299
2024-03-01 15:48:00,6.761,10.91
2024-03-01 15:49:00,6.605,
2024-03-01 15:50:00,6.667,11.257
2024-03-01 15:51:00,6.784,
2024-03-01 15:52:00,6.648,11.002
2024-03-01 15:53:00,6.322,11.235
2024-03-01 15:54:00,6.719,11.373
2024-03-01 15:55:00,6.435,11.241
2024-03-01 15:56:00,6.557,11.108
2024-03-01 15:57:00,6.625,11.244
2024-03-01 15:58:00,6.983,11.496
2024-03-01 15:59:00,6.35,11.167
2024-03-01 16:00:00,6.651,10.809
2024-03-01 16:01:00,6.823,11.188
2024-03-01 16:02:00,6.651,11.045
2024-03-01 16:03:00,6.537,11.285
2024-03-01 16:04:00,6.465,11.715
2024-03-01 16:05:00,6.551,11.06
2024-03-01 16:06:00,6.735,11.396
2024-03-01 16:07:00,6.394,10.974
2024-03-01 16:08:00,6.644,11.102
2024-03-01 16:09:00,6.815,11.03
2024-03-01 16:10:00,6.48,11.075
2024-03-01 16:11:00,6.425,10.893
2024-03-01 16:12:00,6.41,11.225
2024-03-01 16:13:00,6.628,
2024-03-01 16:14:00,6.531,10.537
2024-03-01 16:15:00,6.852,11.092
2024-03-01 16:16:00,6.554,11.329
2024-03-01 16:17:00,6.47,11.375
2024-03-01 16:18:00,6.736,10.87
2024-03-01 16:19:00,7.027,11.289
2024-03-01 16:20:00,6.378,11.025
2024-03-01 16:21:00,6.443,11.209
2024-03-01 16:22:00,6.507,11.06
2024-03-01 16:23:00,6.315,11.196
2024-03-01 16:24:00,6.516,10.995
2024-03-01 16:25:00,6.343,10.924
2024-03-01 16:26:00,6.424,10.683
2024-03-01 16:27:00,6.664,11.23
2024-03-01 16:28:00,6.586,10.852
2024-03-01 16:29:00,6.577,10.642
2024-03-01 16:30:00,6.602,10.984
2024-03-01 16:31:00,6.556,10.857
2024-03-01 16:32:00,6.598,11.337
2024-03-01 16:33:00,6.52,11.061
2024-03-01 16:34:00,6.382,11.095
2024-03-01 16:35:00,6.335,10.979
2024-03-01 16:36:00,6.663,11.29
2024-03-01 16:37:00,6.599,10.91
2024-03-01 16:38:00,6.629,11.319
2024-03-01 16:39:00,6.553,10.926
2024-03-01 16:40:00,6.636,11.137
2024-03-01 16:41:00,6.359,11.152
2024-03-01 16:42:00,6.501,11.28
2024-03-01 16:43:00,6.716,11.24
2024-03-01 16:44:00,6.396,10.6
2024-03-01 16:45:00,6.452,11.252
2024-03-01 16:46:00,6.358,10.932
2024-03-01 16:47:00,10.597,10.823
2024-03-01 16:48:00,6.739,11.281
2024-03-01 16:49:00,6.427,11.238
2024-03-01 16:50:00,6.471,11.36
2024-03-01 16:51:00,6.751,11.022
2024-03-01 16:52:00,6.614,11.03
2024-03-01 16:53:00,6.753,10.825
2024-03-01 16:54:00,6.666,10.846
2024-03-01 16:55:00,6.507,10.619
2024-03-01 16:56:00,6.419,10.965
2024-03-01 16:57:00,6.279,11.413
2024-03-01 16:58:00,6.316,10.716
2024-03-01 16:59:00,6.683,10.736
2024-03-01 17:00:00,6.366,11.105
2024-03-01 17:01:00,6.543,11.148
2024-03-01 17:02:00,6.655,10.867
2024-03-01 17:03:00,6.64,11.398
2024-03-01 17:04:00,6.704,11.291
2024-03-01 17:05:00,6.676,11.209
2024-03-01 17:06:00,6.862,10.98
2024-03-01 17:07:00,6.468,10.978
2024-03-01 17:08:00,6.398,10.882
2024-03-01 17:09:00,6.49,11.133
2024-03-01 17:10:00,6.508,10.992
2024-03-01 17:11:00,6.434,11.096
2024-03-01 17:12:00,6.513,11.029
2024-03-01 17:13:00,6.626,11.114
2024-03-01 17:14:00,6.426,11.003
2024-03-01 17:15:00,6.445,10.682
2024-03-01 17:16:00,6.421,10.725
2024-03-01 17:17:00,6.694,11.21
2024-03-01 17:18:00,6.414,10.649
2024-03-01 17:19:00,6.642,10.723
2024-03-01 17:20:00,6.373,10.629
2024-03-01 17:21:00,6.369,10.959
2024-03-01 17:22:00,6.445,10.864
2024-03-01 17:23:00,6.407,11.183
2024-03-01 17:24:00,6.327,11.067
2024-03-01 17:25:00,6.357,11.23
2024-03-01 17:26:00,6.549,10.675
2024-03-01 17:27:00,6.683,10.806
2024-03-01 17:28:00,6.243,10.788
2024-03-01 17:29:00,6.718,11.144
2024-03-01 17:30:00,6.469,10.836
2024-03-01 17:31:00,6.502,10.905
2024-03-01 17:32:00,6.352,11.073
2024-03-01 17:33:00,6.204,10.714
2024-03-01 17:34:00,6.64,10.881
2024-03-01 17:35:00,6.438,10.958
2024-03-01 17:36:00,6.724,10.999
2024-03-01 17:37:00,6.576,10.785
2024-03-01 17:38:00,6.393,11.025
2024-03-01 17:39:00,6.558,11.073
2024-03-01 17:40:00,6.725,10.884
2024-03-01 17:41:00,,10.673
2024-03-01 17:42:00,6.515,10.694
2024-03-01 17:43:00,6.585,10.985
2024-03-01 17:44:00,6.663,10.988
2024-03-01 17:45:00,6.689,10.674
2024-03-01 17:46:00,6.499,10.593
2024-03-01 17:47:00,6.403,11.079
2024-03-01 17:48:00,6.69,10.795
2024-03-01 17:49:00,6.514,10.845
2024-03-01 17:50:00,6.12,10.845
2024-03-01 17:51:00,6.546,10.644
2024-03-01 17:52:00,6.487,10.916
2024-03-01 17:53:00,6.382,10.828
2024-03-01 17:54:00,6.309,11.441
2024-03-01 17:55:00,6.646,11.068
2024-03-01 17:56:00,6.588,10.784
2024-03-01 17:57:00,6.791,10.762
2024-03-01 17:58:00,6.453,10.787
2024-03-01 17:59:00,6.335,10.952
2024-03-01 18:00:00,6.542,11.196
2024-03-01 18:01:00,6.49,10.931
2024-03-01 18:02:00,6.737,10.941
2024-03-01 18:03:00,6.561,10.853
2024-03-01 18:04:00,6.315,11.095
2024-03-01 18:05:00,6.74,10.624
2024-03-01 18:06:00,6.155,10.52
2024-03-01 18:07:00,6.215,10.763
2024-03-01 18:08:00,6.602,10.89
2024-03-01 18:09:00,6.254,10.681
2024-03-01 18:10:00,6.696,10.854
2024-03-01 18:11:00,6.48,10.869
2024-03-01 18:12:00,6.621,11.107
2024-03-01 18:13:00,6.418,10.809
2024-03-01 18:14:00,6.428,11.043
2024-03-01 18:15:00,6.387,10.828
2024-03-01 18:16:00,6.669,10.797
2024-03-01 18:17:00,6.658,10.872
2024-03-01 18:18:00,6.552,11.293
2024-03-01 18:19:00,6.64,11.076
2024-03-01 18:20:00,6.413,10.844
2024-03-01 18:21:00,6.398,10.888
2024-03-01 18:22:00,6.538,10.915
2024-03-01 18:23:00,6.451,10.792
2024-03-01 18:24:00,6.734,11.039
2024-03-01 18:25:00,13.365,10.877
2024-03-01 18:26:00,6.321,10.394
2024-03-01 18:27:00,6.36,10.479
2024-03-01 18:28:00,6.224,11.013
2024-03-01 18:29:00,6.585,11.009
2024-03-01 18:30:00,6.54,10.688
2024-03-01 18:31:00,6.401,10.9
2024-03-01 18:32:00,6.581,11.046
2024-03-01 18:33:00,6.577,10.186
2024-03-01 18:34:00,6.661,10.91
2024-03-01 18:35:00,6.526,10.635
2024-03-01 18:36:00,6.231,10.92
2024-03-01 18:37:00,6.526,11.11
2024-03-01 18:38:00,6.573,10.686
2024-03-01 18:39:00,6.757,10.849
2024-03-01 18:40:00,6.443,10.88
2024-03-01 18:41:00,6.359,10.563
2024-03-01 18:42:00,6.874,10.899
2024-03-01 18:43:00,6.263,10.938
2024-03-01 18:44:00,6.63,10.858
2024-03-01 18:45:00,6.49,10.813
2024-03-01 18:46:00,,10.771
2024-03-01 18:47:00,6.628,10.67
2024-03-01 18:48:00,6.569,11.08
2024-03-01 18:49:00,6.479,10.769
2024-03-01 18:50:00,11.219,10.554
2024-03-01 18:51:00,6.446,10.787
2024-03-01 18:52:00,6.562,11.14
2024-03-01 18:53:00,6.579,10.512
2024-03-01 18:54:00,6.492,10.75
2024-03-01 18:55:00,6.377,11.114
2024-03-01 18:56:00,6.598,10.745
2024-03-01 18:57:00,6.705,10.606
2024-03-01 18:58:00,6.457,10.642
2024-03-01 18:59:00,6.493,10.398
2024-03-01 19:00:00,6.203,10.842
2024-03-01 19:01:00,6.456,10.871
2024-03-01 19:02:00,6.541,10.9
2024-03-01 19:03:00,6.618,10.623
2024-03-01 19:04:00,6.309,10.586
2024-03-01 19:05:00,6.81,10.727
2024-03-01 19:06:00,6.721,10.793
2024-03-01 19:07:00,6.511,10.65
2024-03-01 19:08:00,6.45,10.738
2024-03-01 19:09:00,6.686,10.856
2024-03-01 19:10:00,6.257,10.846
2024-03-01 19:11:00,6.502,10.789
2024-03-01 19:12:00,6.463,11.077
2024-03-01 19:13:00,6.439,10.422
2024-03-01 19:14:00,6.568,10.397
2024-03-01 19:15:00,6.319,10.863
2024-03-01 19:16:00,6.508,10.845
2024-03-01 19:17:00,6.271,10.707
2024-03-01 19:18:00,6.524,10.734
2024-03-01 19:19:00,6.639,10.924
2024-03-01 19:20:00,6.478,10.775
2024-03-01 19:21:00,6.536,10.9
2024-03-01 19:22:00,6.631,10.767
2024-03-01 19:23:00,6.508,11.103
2024-03-01 19:24:00,6.35,10.824
2024-03-01 19:25:00,6.412,10.769
2024-03-01 19:26:00,6.664,10.36
2024-03-01 19:27:00,6.816,11.01
2024-03-01 19:28:00,6.499,11.109
2024-03-01 19:29:00,6.45,10.685
2024-03-01 19:30:00,6.445,10.983
2024-03-01 19:31:00,6.614,10.701
2024-03-01 19:32:00,6.421,11.047
2024-03-01 19:33:00,6.629,10.625
2024-03-01 19:34:00,6.596,10.944
2024-03-01 19:35:00,6.676,10.863
2024-03-01 19:36:00,6.514,10.649
2024-03-01 19:37:00,6.501,10.709
2024-03-01 19:38:00,6.627,10.921
2024-03-01 19:39:00,6.49,10.978
2024-03-01 19:40:00,6.439,11.238
2024-03-01 19:41:00,6.421,
2024-03-01 19:42:00,6.583,10.75
2024-03-01 19:43:00,6.386,10.712
2024-03-01 19:44:00,6.513,10.693
2024-03-01 19:45:00,6.326,10.743
2024-03-01 19:46:00,6.695,11.085
2024-03-01 19:47:00,6.626,10.809
2024-03-01 19:48:00,6.586,11.022
2024-03-01 19:49:00,6.649,11.228
2024-03-01 19:50:00,6.442,10.687
2024-03-01 19:51:00,6.663,10.881
2024-03-01 19:52:00,6.513,10.876
2024-03-01 19:53:00,6.443,10.91
2024-03-01 19:54:00,6.511,10.426
2024-03-01 19:55:00,6.61,10.828
2024-03-01 19:56:00,6.498,10.53
2024-03-01 19:57:00,6.483,10.639
2024-03-01 19:58:00,6.694,10.743
2024-03-01 19:59:00,6.747,
2024-03-01 20:00:00,6.653,10.635
2024-03-01 20:01:00,6.339,10.847
2024-03-01 20:02:00,6.625,10.83
2024-03-01 20:03:00,6.713,10.626
2024-03-01 20:04:00,6.376,10.814
2024-03-01 20:05:00,6.442,11.208
2024-03-01 20:06:00,6.284,11.051
2024-03-01 20:07:00,6.741,10.745
2024-03-01 20:08:00,6.579,10.589
2024-03-01 20:09:00,6.505,11.13
2024-03-01 20:10:00,6.589,10.814
2024-03-01 20:11:00,6.402,11.215
2024-03-01 20:12:00,6.701,11.24
2024-03-01 20:13:00,6.396,10.796
2024-03-01 20:14:00,6.829,11.019
2024-03-01 20:15:00,6.405,11.13
2024-03-01 20:16:00,6.456,11.115
2024-03-01 20:17:00,6.638,10.766
2024-03-01 20:18:00,6.79,11.0
2024-03-01 20:19:00,6.591,10.797
2024-03-01 20:20:00,6.661,10.894
2024-03-01 20:21:00,6.599,10.51
2024-03-01 20:22:00,6.649,11.032
2024-03-01 20:23:00,6.726,10.804
2024-03-01 20:24:00,6.606,11.124
2024-03-01 20:25:00,,10.924
2024-03-01 20:26:00,6.712,10.98
2024-03-01 20:27:00,6.66,10.687
2024-03-01 20:28:00,6.515,10.77
2024-03-01 20:29:00,6.673,10.942
2024-03-01 20:30:00,6.654,10.821
2024-03-01 20:31:00,6.589,10.737
2024-03-01 20:32:00,6.529,10.779
2024-03-01 20:33:00,6.893,10.582
2024-03-01 20:34:00,6.643,11.052
2024-03-01 20:35:00,6.709,10.667
2024-03-01 20:36:00,6.729,11.385
2024-03-01 20:37:00,6.774,11.162
2024-03-01 20:38:00,6.814,10.751
2024-03-01 20:39:00,6.557,10.623
2024-03-01 20:40:00,6.648,10.905
2024-03-01 20:41:00,6.547,10.957
2024-03-01 20:42:00,6.671,11.091
2024-03-01 20:43:00,6.595,10.966
2024-03-01 20:44:00,6.657,10.99
2024-03-01 20:45:00,6.835,11.064
2024-03-01 20:46:00,6.48,11.076
2024-03-01 20:47:00,6.552,11.158
2024-03-01 20:48:00,6.668,10.803
2024-03-01 20:49:00,6.634,10.78
2024-03-01 20:50:00,6.435,11.06
2024-03-01 20:51:00,6.491,10.779
2024-03-01 20:52:00,6.541,11.285
2024-03-01 20:53:00,6.716,11.064
2024-03-01 20:54:00,6.551,10.749
2024-03-01 20:55:00,6.816,10.989
2024-03-01 20:56:00,6.611,
2024-03-01 20:57:00,6.769,10.735
2024-03-01 20:58:00,6.271,10.628
2024-03-01 20:59:00,6.67,10.85
2024-03-01 21:00:00,6.659,10.757
2024-03-01 21:01:00,6.357,10.948
2024-03-01 21:02:00,6.639,11.004
2024-03-01 21:03:00,6.648,10.858
2024-03-01 21:04:00,6.899,11.096
2024-03-01 21:05:00,6.58,10.813
2024-03-01 21:06:00,6.703,11.147
2024-03-01 21:07:00,6.67,10.991
2024-03-01 21:08:00,6.748,11.457
2024-03-01 21:09:00,6.458,10.905
2024-03-01 21:10:00,6.535,10.79
2024-03-01 21:11:00,6.614,10.811
2024-03-01 21:12:00,6.758,11.023
2024-03-01 21:13:00,6.659,11.243
2024-03-01 21:14:00,6.676,11.349
2024-03-01 21:15:00,6.645,10.934
2024-03-01 21:16:00,6.745,10.703
2024-03-01 21:17:00,6.644,10.987
2024-03-01 21:18:00,6.892,10.667
2024-03-01 21:19:00,6.98,11.246
2024-03-01 21:20:00,6.645,10.529
2024-03-01 21:21:00,6.784,10.931
2024-03-01 21:22:00,6.729,10.83
2024-03-01 21:23:00,6.698,11.209
2024-03-01 21:24:00,6.579,11.06
2024-03-01 21:25:00,6.811,10.951
2024-03-01 21:26:00,6.945,10.686
2024-03-01 21:27:00,7.078,11.081
2024-03-01 21:28:00,6.906,10.903
2024-03-01 21:29:00,6.556,11.488
2024-03-01 21:30:00,6.894,10.728
2024-03-01 21:31:00,6.811,11.003
2024-03-01 21:32:00,6.777,11.434
2024-03-01 21:33:00,6.717,10.827
2024-03-01 21:34:00,6.86,10.951
2024-03-01 21:35:00,6.903,10.777
2024-03-01 21:36:00,6.584,11.257
2024-03-01 21:37:00,6.756,11.054
2024-03-01 21:38:00,6.809,11.198
2024-03-01 21:39:00,6.81,11.251
2024-03-01 21:40:00,6.844,10.802
2024-03-01 21:41:00,6.704,10.9
2024-03-01 21:42:00,6.766,11.255
2024-03-01 21:43:00,6.799,10.967
2024-03-01 21:44:00,6.492,10.754
2024-03-01 21:45:00,6.796,11.245
2024-03-01 21:46:00,6.478,11.43
2024-03-01 21:47:00,6.87,10.969
2024-03-01 21:48:00,6.837,11.449
2024-03-01 21:49:00,6.932,11.369
2024-03-01 21:50:00,6.662,10.898
2024-03-01 21:51:00,6.718,11.365
2024-03-01 21:52:00,6.714,11.099
2024-03-01 21:53:00,6.645,10.804
2024-03-01 21:54:00,6.782,11.138
2024-03-01 21:55:00,7.096,11.092
2024-03-01 21:56:00,6.853,11.149
2024-03-01 21:57:00,6.473,11.49
2024-03-01 21:58:00,6.4,11.102
2024-03-01 21:59:00,6.667,11.095
2024-03-01 22:00:00,6.947,10.846
2024-03-01 22:01:00,6.9,10.931
2024-03-01 22:02:00,6.856,11.018
2024-03-01 22:03:00,6.888,10.897
2024-03-01 22:04:00,6.763,11.188
2024-03-01 22:05:00,7.103,11.124
2024-03-01 22:06:00,6.587,11.163
2024-03-01 22:07:00,7.015,11.368
2024-03-01 22:08:00,6.72,11.565
2024-03-01 22:09:00,6.575,11.11
2024-03-01 22:10:00,6.63,10.781
2024-03-01 22:11:00,6.613,11.325
2024-03-01 22:12:00,7.02,11.347
2024-03-01 22:13:00,6.762,11.155
2024-03-01 22:14:00,6.667,11.46
2024-03-01 22:15:00,6.79,11.236
2024-03-01 22:16:00,7.114,11.391
2024-03-01 22:17:00,7.076,11.095
2024-03-01 22:18:00,6.807,11.025
2024-03-01 22:19:00,6.627,11.202
2024-03-01 22:20:00,6.939,11.412
2024-03-01 22:21:00,6.919,11.048
2024-03-01 22:22:00,6.87,10.946
2024-03-01 22:23:00,6.703,11.393
2024-03-01 22:24:00,6.585,11.218
2024-03-01 22:25:00,6.941,11.088
2024-03-01 22:26:00,6.9,11.013
2024-03-01 22:27:00,6.871,11.248
2024-03-01 22:28:00,6.7,11.162
2024-03-01 22:29:00,6.973,11.423
2024-03-01 22:30:00,7.075,11.438
2024-03-01 22:31:00,6.71,10.992
2024-03-01 22:32:00,6.85,11.36
2024-03-01 22:33:00,6.96,
2024-03-01 22:34:00,6.932,11.106
2024-03-01 22:35:00,6.536,10.857
2024-03-01 22:36:00,6.546,11.124
2024-03-01 22:37:00,,11.366
2024-03-01 22:38:00,6.89,11.16
2024-03-01 22:39:00,6.641,11.019
2024-03-01 22:40:00,6.798,11.282
2024-03-01 22:41:00,6.996,11.228
2024-03-01 22:42:00,6.576,11.123
2024-03-01 22:43:00,6.739,10.745
2024-03-01 22:44:00,6.72,11.236
2024-03-01 22:45:00,6.666,11.101
2024-03-01 22:46:00,6.687,11.263
2024-03-01 22:47:00,6.696,11.417
2024-03-01 22:48:00,6.836,11.27
2024-03-01 22:49:00,6.859,11.453
2024-03-01 22:50:00,6.97,11.073
2024-03-01 22:51:00,7.127,11.227
2024-03-01 22:52:00,6.943,10.959
2024-03-01 22:53:00,6.817,11.239
2024-03-01 22:54:00,6.445,11.655
2024-03-01 22:55:00,7.168,11.386
2024-03-01 22:56:00,6.892,11.312
2024-03-01 22:57:00,6.942,11.445
2024-03-01 22:58:00,7.161,11.47
2024-03-01 22:59:00,6.646,11.328
2024-03-01 23:00:00,6.593,11.463
2024-03-01 23:01:00,6.946,10.89
2024-03-01 23:02:00,6.667,11.075
2024-03-01 23:03:00,6.711,11.459
2024-03-01 23:04:00,6.838,11.472
2024-03-01 23:05:00,6.895,11.234
2024-03-01 23:06:00,7.008,11.486
2024-03-01 23:07:00,7.031,11.665
2024-03-01 23:08:00,6.756,11.503
2024-03-01 23:09:00,6.866,11.439
2024-03-01 23:10:00,6.951,11.376
2024-03-01 23:11:00,7.128,11.537
2024-03-01 23:12:00,7.094,11.515
2024-03-01 23:13:00,6.855,11.614
2024-03-01 23:14:00,6.885,
2024-03-01 23:15:00,6.574,11.362
2024-03-01 23:16:00,6.749,11.255
2024-03-01 23:17:00,6.717,11.493
2024-03-01 23:18:00,7.029,11.436
2024-03-01 23:19:00,6.833,11.217
2024-03-01 23:20:00,6.855,11.529
2024-03-01 23:21:00,6.723,11.553
2024-03-01 23:22:00,6.912,11.423
2024-03-01 23:23:00,6.957,11.448
2024-03-01 23:24:00,6.758,11.082
2024-03-01 23:25:00,6.797,11.379
2024-03-01 23:26:00,7.025,11.426
2024-03-01 23:27:00,6.751,11.568
2024-03-01 23:28:00,6.803,11.552
2024-03-01 23:29:00,6.959,11.327
2024-03-01 23:30:00,7.069,11.479
2024-03-01 23:31:00,7.113,10.966
2024-03-01 23:32:00,6.966,11.483
2024-03-01 23:33:00,6.865,11.566
2024-03-01 23:34:00,7.109,11.777
2024-03-01 23:35:00,6.885,11.634
2024-03-01 23:36:00,6.969,11.175
2024-03-01 23:37:00,6.973,11.862
2024-03-01 23:38:00,6.758,11.67
2024-03-01 23:39:00,7.051,11.149
2024-03-01 23:40:00,6.827,11.28
2024-03-01 23:41:00,6.802,11.171
2024-03-01 23:42:00,7.055,11.434
2024-03-01 23:43:00,7.022,11.813
2024-03-01 23:44:00,6.809,11.245
2024-03-01 23:45:00,6.85,11.449
2024-03-01 23:46:00,6.934,11.459
2024-03-01 23:47:00,6.93,11.697
2024-03-01 23:48:00,6.937,11.471
2024-03-01 23:49:00,6.674,11.541
2024-03-01 23:50:00,7.005,11.255
2024-03-01 23:51:00,7.132,11.699
2024-03-01 23:52:00,7.036,11.534
2024-03-01 23:53:00,7.128,11.679
2024-03-01 23:54:00,6.996,11.528
2024-03-01 23:55:00,7.119,11.624
2024-03-01 23:56:00,6.792,11.678
2024-03-01 23:57:00,7.029,11.508
2024-03-01 23:58:00,7.056,11.567
2024-03-01 23:59:00,6.897,11.571
2024-03-02 00:00:00,7.035,11.239
2024-03-02 00:01:00,12.396,11.837
2024-03-02 00:02:00,6.918,11.662
2024-03-02 00:03:00,7.006,11.765
2024-03-02 00:04:00,6.885,11.605
2024-03-02 00:05:00,7.008,11.589
2024-03-02 00:06:00,7.06,11.426
2024-03-02 00:07:00,7.101,11.595
2024-03-02 00:08:00,7.115,11.867
2024-03-02 00:09:00,7.005,
2024-03-02 00:10:00,7.192,11.699
2024-03-02 00:11:00,7.209,11.51
2024-03-02 00:12:00,6.99,11.641
2024-03-02 00:13:00,6.963,11.546
2024-03-02 00:14:00,7.144,12.023
2024-03-02 00:15:00,7.182,11.637
2024-03-02 00:16:00,7.159,11.637
2024-03-02 00:17:00,7.015,11.588
2024-03-02 00:18:00,7.233,11.559
2024-03-02 00:19:00,6.801,11.987
2024-03-02 00:20:00,6.94,11.529
2024-03-02 00:21:00,7.084,11.805
2024-03-02 00:22:00,6.789,11.706
2024-03-02 00:23:00,6.985,11.531
2024-03-02 00:24:00,7.251,11.658
2024-03-02 00:25:00,6.608,12.041
2024-03-02 00:26:00,6.894,12.035
2024-03-02 00:27:00,6.915,
2024-03-02 00:28:00,7.14,12.111
2024-03-02 00:29:00,7.102,11.793
2024-03-02 00:30:00,7.155,11.438
2024-03-02 00:31:00,7.102,11.803
2024-03-02 00:32:00,7.141,11.63
2024-03-02 00:33:00,7.302,11.838
2024-03-02 00:34:00,6.865,11.988
2024-03-02 00:35:00,7.103,12.013
2024-03-02 00:36:00,6.999,11.717
2024-03-02 00:37:00,6.908,11.836
2024-03-02 00:38:00,6.973,
2024-03-02 00:39:00,7.237,11.654
2024-03-02 00:40:00,6.959,11.901
2024-03-02 00:41:00,7.33,12.0
2024-03-02 00:42:00,7.085,12.069
2024-03-02 00:43:00,7.109,11.798
2024-03-02 00:44:00,7.099,11.698
2024-03-02 00:45:00,7.048,12.047
2024-03-02 00:46:00,7.077,11.819
2024-03-02 00:47:00,7.015,11.948
2024-03-02 00:48:00,6.983,12.141
2024-03-02 00:49:00,7.01,12.126
2024-03-02 00:50:00,7.195,12.089
2024-03-02 00:51:00,7.217,11.91
2024-03-02 00:52:00,7.077,11.421
2024-03-02 00:53:00,7.297,12.473
2024-03-02 00:54:00,7.21,12.033
2024-03-02 00:55:00,7.154,11.941
2024-03-02 00:56:00,7.094,11.754
2024-03-02 00:57:00,7.305,11.572
2024-03-02 00:58:00,7.142,11.849
2024-03-02 00:59:00,7.208,11.675
2024-03-02 01:00:00,7.356,11.676
2024-03-02 01:01:00,7.159,11.834
2024-03-02 01:02:00,7.245,11.943
2024-03-02 01:03:00,6.877,11.892
2024-03-02 01:04:00,7.342,11.695
2024-03-02 01:05:00,7.287,12.091
2024-03-02 01:06:00,7.144,11.698
2024-03-02 01:07:00,7.081,12.165
2024-03-02 01:08:00,7.129,12.197
2024-03-02 01:09:00,7.168,12.134
2024-03-02 01:10:00,7.3,11.839
2024-03-02 01:11:00,7.194,12.074
2024-03-02 01:12:00,6.95,12.077
2024-03-02 01:13:00,7.201,11.858
2024-03-02 01:14:00,7.072,11.878
2024-03-02 01:15:00,6.998,11.757
2024-03-02 01:16:00,7.26,12.07
2024-03-02 01:17:00,7.256,11.765
2024-03-02 01:18:00,7.418,12.045
2024-03-02 01:19:00,,12.207
2024-03-02 01:20:00,6.935,11.932
2024-03-02 01:21:00,7.033,11.949
2024-03-02 01:22:00,7.24,12.145
2024-03-02 01:23:00,6.931,12.025
2024-03-02 01:24:00,7.268,11.837
2024-03-02 01:25:00,7.241,12.111
2024-03-02 01:26:00,7.176,11.824
2024-03-02 01:27:00,7.296,12.075
2024-03-02 01:28:00,7.216,12.272
2024-03-02 01:29:00,7.15,12.481
2024-03-02 01:30:00,6.88,12.147
2024-03-02 01:31:00,7.26,12.195
2024-03-02 01:32:00,7.234,11.993
2024-03-02 01:33:00,7.204,12.158
2024-03-02 01:34:00,7.418,12.319
2024-03-02 01:35:00,7.464,11.915
2024-03-02 01:36:00,7.165,12.235
2024-03-02 01:37:00,7.28,11.771
2024-03-02 01:38:00,6.992,12.149
2024-03-02 01:39:00,7.227,12.244
2024-03-02 01:40:00,7.04,11.873
2024-03-02 01:41:00,7.1,12.071
2024-03-02 01:42:00,6.99,12.242
2024-03-02 01:43:00,7.318,12.287
2024-03-02 01:44:00,7.168,12.21
2024-03-02 01:45:00,7.524,12.457
2024-03-02 01:46:00,7.107,12.448
2024-03-02 01:47:00,7.216,12.218
2024-03-02 01:48:00,7.094,12.129
2024-03-02 01:49:00,7.243,12.2
2024-03-02 01:50:00,,11.821
2024-03-02 01:51:00,7.231,11.99
2024-03-02 01:52:00,7.313,12.191
2024-03-02 01:53:00,7.305,12.241
2024-03-02 01:54:00,7.464,12.394
2024-03-02 01:55:00,7.249,12.292
2024-03-02 01:56:00,7.384,11.933
2024-03-02 01:57:00,13.562,12.36
2024-03-02 01:58:00,7.377,12.172
2024-03-02 01:59:00,7.384,12.249
2024-03-02 02:00:00,7.448,12.025
2024-03-02 02:01:00,7.19,12.319
2024-03-02 02:02:00,7.304,12.517
2024-03-02 02:03:00,7.198,12.378
2024-03-02 02:04:00,7.204,12.305
2024-03-02 02:05:00,7.355,12.349
2024-03-02 02:06:00,7.41,12.445
2024-03-02 02:07:00,7.459,12.233
2024-03-02 02:08:00,7.492,12.254
2024-03-02 02:09:00,7.145,12.667
2024-03-02 02:10:00,7.142,12.217
2024-03-02 02:11:00,7.379,12.311
2024-03-02 02:12:00,7.253,11.991
2024-03-02 02:13:00,7.249,12.442
2024-03-02 02:14:00,6.98,12.058
2024-03-02 02:15:00,7.121,12.077
2024-03-02 02:16:00,7.272,12.39
2024-03-02 02:17:00,6.965,12.246
2024-03-02 02:18:00,7.244,12.088
2024-03-02 02:19:00,7.588,12.377
2024-03-02 02:20:00,7.351,12.472
2024-03-02 02:21:00,7.389,12.311
2024-03-02 02:22:00,7.27,12.229
2024-03-02 02:23:00,7.09,12.473
2024-03-02 02:24:00,7.443,12.352
2024-03-02 02:25:00,7.272,12.055
2024-03-02 02:26:00,,12.602
2024-03-02 02:27:00,7.098,12.379
2024-03-02 02:28:00,7.186,12.346
2024-03-02 02:29:00,7.267,12.424
2024-03-02 02:30:00,7.327,12.841
2024-03-02 02:31:00,7.146,12.253
2024-03-02 02:32:00,7.153,12.233
2024-03-02 02:33:00,7.438,12.705
2024-03-02 02:34:00,7.187,12.34
2024-03-02 02:35:00,7.108,12.799
2024-03-02 02:36:00,7.374,12.351
2024-03-02 02:37:00,7.224,12.056
2024-03-02 02:38:00,,12.161
2024-03-02 02:39:00,7.16,12.62
2024-03-02 02:40:00,7.072,12.64
2024-03-02 02:41:00,7.243,12.305
2024-03-02 02:42:00,7.316,12.389
2024-03-02 02:43:00,7.482,12.739
2024-03-02 02:44:00,7.603,
2024-03-02 02:45:00,7.307,12.306
2024-03-02 02:46:00,7.13,12.535
2024-03-02 02:47:00,7.423,12.526
2024-03-02 02:48:00,7.383,12.671
2024-03-02 02:49:00,7.248,12.592
2024-03-02 02:50:00,7.446,12.317
2024-03-02 02:51:00,7.252,12.518
2024-03-02 02:52:00,7.323,12.499
2024-03-02 02:53:00,7.34,12.733
2024-03-02 02:54:00,7.274,13.129
2024-03-02 02:55:00,6.976,12.487
2024-03-02 02:56:00,7.383,12.243
2024-03-02 02:57:00,7.411,12.223
2024-03-02 02:58:00,7.17,12.363
2024-03-02 02:59:00,7.505,12.778
2024-03-02 03:00:00,7.76,
2024-03-02 03:01:00,7.402,12.398
2024-03-02 03:02:00,7.31,12.516
2024-03-02 03:03:00,7.653,12.541
2024-03-02 03:04:00,7.388,12.683
2024-03-02 03:05:00,7.283,12.58
2024-03-02 03:06:00,7.071,12.465
2024-03-02 03:07:00,7.306,12.465
2024-03-02 03:08:00,7.501,12.71
2024-03-02 03:09:00,7.577,12.405
2024-03-02 03:10:00,7.43,12.544
2024-03-02 03:11:00,7.564,12.775
2024-03-02 03:12:00,7.198,12.445
2024-03-02 03:13:00,7.215,12.813
2024-03-02 03:14:00,7.387,12.721
2024-03-02 03:15:00,7.605,12.501
2024-03-02 03:16:00,7.566,
2024-03-02 03:17:00,7.323,12.811
2024-03-02 03:18:00,7.364,12.372
2024-03-02 03:19:00,7.356,12.537
2024-03-02 03:20:00,7.404,12.389
2024-03-02 03:21:00,7.44,12.576
2024-03-02 03:22:00,7.192,12.972
2024-03-02 03:23:00,7.383,12.608
2024-03-02 03:24:00,7.249,12.747
2024-03-02 03:25:00,7.626,12.755
2024-03-02 03:26:00,7.321,12.467
2024-03-02 03:27:00,7.147,12.414
2024-03-02 03:28:00,6.983,12.621
2024-03-02 03:29:00,7.622,12.917
2024-03-02 03:30:00,7.58,12.638
2024-03-02 03:31:00,7.237,12.669
2024-03-02 03:32:00,7.48,13.023
2024-03-02 03:33:00,7.414,13.0
2024-03-02 03:34:00,7.696,13.156
2024-03-02 03:35:00,7.633,12.557
2024-03-02 03:36:00,7.242,12.864
2024-03-02 03:37:00,7.429,12.612
2024-03-02 03:38:00,7.288,12.797
2024-03-02 03:39:00,7.113,12.664
2024-03-02 03:40:00,7.466,12.693
2024-03-02 03:41:00,7.409,12.729
2024-03-02 03:42:00,7.145,12.506
2024-03-02 03:43:00,7.492,12.784
2024-03-02 03:44:00,,12.629
2024-03-02 03:45:00,7.235,12.774
2024-03-02 03:46:00,7.595,12.995
2024-03-02 03:47:00,7.341,12.691
2024-03-02 03:48:00,7.49,12.867
2024-03-02 03:49:00,7.83,12.894
2024-03-02 03:50:00,7.102,
2024-03-02 03:51:00,7.591,12.84
2024-03-02 03:52:00,7.209,12.206
2024-03-02 03:53:00,7.363,13.089
2024-03-02 03:54:00,7.588,13.042
2024-03-02 03:55:00,7.1,12.989
2024-03-02 03:56:00,7.58,12.966
2024-03-02 03:57:00,7.343,12.719
2024-03-02 03:58:00,7.256,12.765
2024-03-02 03:59:00,7.339,12.647
2024-03-02 04:00:00,7.337,13.084
2024-03-02 04:01:00,7.467,12.749
2024-03-02 04:02:00,7.419,12.764
2024-03-02 04:03:00,,13.226
2024-03-02 04:04:00,7.708,13.11
2024-03-02 04:05:00,7.514,12.625
2024-03-02 04:06:00,7.245,12.751
2024-03-02 04:07:00,7.334,12.96
2024-03-02 04:08:00,7.2,12.628
2024-03-02 04:09:00,,12.908
2024-03-02 04:10:00,7.508,12.77
2024-03-02 04:11:00,7.043,12.823
2024-03-02 04:12:00,7.354,12.826
2024-03-02 04:13:00,7.603,12.73
2024-03-02 04:14:00,7.726,12.936
2024-03-02 04:15:00,7.481,13.18
2024-03-02 04:16:00,7.537,13.079
2024-03-02 04:17:00,7.413,12.178
2024-03-02 04:18:00,7.402,12.555
2024-03-02 04:19:00,7.232,12.885
2024-03-02 04:20:00,7.341,13.068
2024-03-02 04:21:00,7.329,12.704
2024-03-02 04:22:00,7.179,13.024
2024-03-02 04:23:00,7.303,12.831
2024-03-02 04:24:00,7.509,12.913
2024-03-02 04:25:00,7.383,12.887
2024-03-02 04:26:00,7.265,12.677
2024-03-02 04:27:00,7.24,12.726
2024-03-02 04:28:00,7.471,13.337
2024-03-02 04:29:00,7.471,12.836
2024-03-02 04:30:00,7.465,12.807
2024-03-02 04:31:00,7.47,12.862
2024-03-02 04:32:00,7.615,12.576
2024-03-02 04:33:00,7.572,12.677
2024-03-02 04:34:00,7.7,12.676
2024-03-02 04:35:00,7.618,12.647
2024-03-02 04:36:00,7.496,13.041
2024-03-02 04:37:00,7.242,12.493
2024-03-02 04:38:00,7.464,12.982
2024-03-02 04:39:00,7.489,12.978
2024-03-02 04:40:00,7.695,12.805
2024-03-02 04:41:00,7.52,13.097
2024-03-02 04:42:00,7.618,13.113
2024-03-02 04:43:00,7.468,13.08
2024-03-02 04:44:00,7.256,12.73
2024-03-02 04:45:00,7.358,13.431
2024-03-02 04:46:00,7.453,13.169
2024-03-02 04:47:00,7.523,12.86
2024-03-02 04:48:00,7.622,12.961
2024-03-02 04:49:00,7.597,13.039
2024-03-02 04:50:00,7.49,12.556
2024-03-02 04:51:00,7.535,12.878
2024-03-02 04:52:00,,13.121
2024-03-02 04:53:00,7.471,12.806
2024-03-02 04:54:00,7.419,12.887
2024-03-02 04:55:00,7.476,12.9
2024-03-02 04:56:00,7.566,13.295
2024-03-02 04:57:00,7.348,13.275
2024-03-02 04:58:00,7.576,13.045
2024-03-02 04:59:00,7.68,12.666
2024-03-02 05:00:00,7.416,12.585
2024-03-02 05:01:00,7.452,13.017
2024-03-02 05:02:00,7.67,13.094
2024-03-02 05:03:00,7.302,13.206
2024-03-02 05:04:00,7.486,12.83
2024-03-02 05:05:00,7.521,13.137
2024-03-02 05:06:00,7.528,12.819
2024-03-02 05:07:00,7.53,13.343
2024-03-02 05:08:00,7.49,13.094
2024-03-02 05:09:00,7.454,13.391
2024-03-02 05:10:00,7.48,13.04
2024-03-02 05:11:00,7.692,13.201
2024-03-02 05:12:00,7.387,12.933
2024-03-02 05:13:00,7.564,13.559
2024-03-02 05:14:00,7.748,13.007
2024-03-02 05:15:00,7.329,13.252
2024-03-02 05:16:00,7.534,12.929
2024-03-02 05:17:00,7.493,12.944
2024-03-02 05:18:00,7.546,13.011
2024-03-02 05:19:00,7.557,13.28
2024-03-02 05:20:00,7.541,13.174
2024-03-02 05:21:00,7.594,13.135
2024-03-02 05:22:00,7.255,13.018
2024-03-02 05:23:00,7.772,13.123
2024-03-02 05:24:00,7.494,13.16
2024-03-02 05:25:00,,13.171
2024-03-02 05:26:00,7.476,13.149
2024-03-02 05:27:00,7.659,13.027
2024-03-02 05:28:00,7.571,13.353
2024-03-02 05:29:00,7.691,13.145
2024-03-02 05:30:00,7.425,13.266
2024-03-02 05:31:00,7.671,13.37
2024-03-02 05:32:00,7.311,13.496
2024-03-02 05:33:00,7.72,13.495
2024-03-02 05:34:00,7.341,12.833
2024-03-02 05:35:00,7.458,12.984
2024-03-02 05:36:00,7.76,12.858
2024-03-02 05:37:00,7.201,13.57
2024-03-02 05:38:00,7.502,12.86
2024-03-02 05:39:00,7.65,12.662
2024-03-02 05:40:00,7.32,13.193
2024-03-02 05:41:00,7.633,12.809
2024-03-02 05:42:00,7.636,13.12
2024-03-02 05:43:00,7.655,13.202
2024-03-02 05:44:00,7.366,13.003
2024-03-02 05:45:00,7.265,
2024-03-02 05:46:00,,13.557
2024-03-02 05:47:00,7.41,13.372
2024-03-02 05:48:00,7.293,13.561
2024-03-02 05:49:00,7.441,13.46
2024-03-02 05:50:00,7.792,13.318
2024-03-02 05:51:00,7.468,13.343
2024-03-02 05:52:00,7.241,13.363
2024-03-02 05:53:00,7.59,13.122
2024-03-02 05:54:00,7.251,12.955
2024-03-02 05:55:00,7.723,13.176
2024-03-02 05:56:00,7.474,
2024-03-02 05:57:00,7.636,12.963
2024-03-02 05:58:00,7.46,12.94
2024-03-02 05:59:00,7.577,13.131
2024-03-02 06:00:00,7.6,13.449
2024-03-02 06:01:00,7.373,13.182
2024-03-02 06:02:00,7.571,12.877
2024-03-02 06:03:00,7.268,12.917
2024-03-02 06:04:00,7.685,13.26
2024-03-02 06:05:00,7.475,13.115
2024-03-02 06:06:00,7.256,13.017
2024-03-02 06:07:00,7.64,13.167
2024-03-02 06:08:00,7.502,12.836
2024-03-02 06:09:00,7.294,13.34
2024-03-02 06:10:00,7.374,13.059
2024-03-02 06:11:00,7.596,13.344
2024-03-02 06:12:00,7.703,12.922
2024-03-02 06:13:00,7.675,13.11
2024-03-02 06:14:00,7.356,13.46
2024-03-02 06:15:00,7.213,13.344
2024-03-02 06:16:00,7.453,13.118
2024-03-02 06:17:00,7.527,13.065
2024-03-02 06:18:00,7.511,13.087
2024-03-02 06:19:00,7.562,13.31
2024-03-02 06:20:00,7.514,13.02
2024-03-02 06:21:00,7.45,13.085
2024-03-02 06:22:00,7.594,13.018
2024-03-02 06:23:00,7.304,13.463
2024-03-02 06:24:00,7.38,13.171
2024-03-02 06:25:00,7.345,12.92
2024-03-02 06:26:00,,13.15
2024-03-02 06:27:00,7.582,13.094
2024-03-02 06:28:00,7.512,13.098
2024-03-02 06:29:00,7.51,13.197
2024-03-02 06:30:00,7.396,12.873
2024-03-02 06:31:00,7.516,13.31
2024-03-02 06:32:00,7.635,13.027
2024-03-02 06:33:00,7.408,13.12
2024-03-02 06:34:00,7.503,13.151
2024-03-02 06:35:00,7.706,13.093
2024-03-02 06:36:00,7.72,13.165
2024-03-02 06:37:00,7.776,13.191
2024-03-02 06:38:00,7.403,13.145
2024-03-02 06:39:00,7.41,13.168
2024-03-02 06:40:00,7.506,13.054
2024-03-02 06:41:00,7.311,13.177
2024-03-02 06:42:00,7.247,13.432
2024-03-02 06:43:00,7.731,13.175
2024-03-02 06:44:00,7.489,12.691
2024-03-02 06:45:00,7.614,12.973
2024-03-02 06:46:00,7.581,13.705
2024-03-02 06:47:00,,13.037
2024-03-02 06:48:00,7.187,13.19
2024-03-02 06:49:00,7.37,13.295
2024-03-02 06:50:00,7.559,13.277
2024-03-02 06:51:00,7.346,13.144
2024-03-02 06:52:00,7.444,13.469
2024-03-02 06:53:00,7.511,13.109
2024-03-02 06:54:00,7.236,13.205
2024-03-02 06:55:00,7.452,13.173
2024-03-02 06:56:00,7.344,13.253
2024-03-02 06:57:00,7.81,13.109
2024-03-02 06:58:00,7.483,13.174
2024-03-02 06:59:00,7.569,13.091
2024-03-02 07:00:00,7.5,13.628
2024-03-02 07:01:00,7.288,13.461
2024-03-02 07:02:00,7.938,13.04
2024-03-02 07:03:00,7.308,12.904
2024-03-02 07:04:00,7.21,12.784
2024-03-02 07:05:00,7.417,13.235
2024-03-02 07:06:00,7.541,12.824
2024-03-02 07:07:00,7.575,13.157
2024-03-02 07:08:00,7.448,13.174
2024-03-02 07:09:00,7.295,13.422
2024-03-02 07:10:00,7.407,13.315
2024-03-02 07:11:00,7.484,13.548
2024-03-02 07:12:00,7.421,13.662
2024-03-02 07:13:00,7.607,13.334
2024-03-02 07:14:00,7.526,13.145
2024-03-02 07:15:00,7.339,13.347
2024-03-02 07:16:00,7.676,13.34
2024-03-02 07:17:00,7.506,
2024-03-02 07:18:00,7.383,13.734
2024-03-02 07:19:00,7.551,13.086
2024-03-02 07:20:00,7.444,13.241
2024-03-02 07:21:00,7.475,13.303
2024-03-02 07:22:00,7.538,13.345
2024-03-02 07:23:00,7.424,13.039
2024-03-02 07:24:00,7.427,13.091
2024-03-02 07:25:00,7.524,13.158
2024-03-02 07:26:00,7.612,13.332
2024-03-02 07:27:00,7.107,13.189
2024-03-02 07:28:00,7.188,13.019
2024-03-02 07:29:00,7.403,13.429
2024-03-02 07:30:00,7.5,12.877
2024-03-02 07:31:00,7.154,13.038
2024-03-02 07:32:00,7.698,12.953
2024-03-02 07:33:00,7.647,
2024-03-02 07:34:00,7.549,12.782
2024-03-02 07:35:00,7.389,13.176
2024-03-02 07:36:00,7.494,13.131
2024-03-02 07:37:00,7.401,13.351
2024-03-02 07:38:00,7.612,13.177
2024-03-02 07:39:00,7.308,13.366
2024-03-02 07:40:00,7.783,13.156
2024-03-02 07:41:00,7.718,12.916
2024-03-02 07:42:00,7.675,13.39
2024-03-02 07:43:00,7.295,13.336
2024-03-02 07:44:00,7.395,12.978
2024-03-02 07:45:00,7.302,13.383
2024-03-02 07:46:00,,13.049
2024-03-02 07:47:00,7.652,13.34
2024-03-02 07:48:00,7.363,13.287
2024-03-02 07:49:00,7.359,13.341
2024-03-02 07:50:00,7.504,13.233
2024-03-02 07:51:00,7.514,13.188
2024-03-02 07:52:00,7.128,13.355
2024-03-02 07:53:00,7.568,13.036
2024-03-02 07:54:00,7.658,13.399
2024-03-02 07:55:00,7.534,13.198
2024-03-02 07:56:00,7.495,
2024-03-02 07:57:00,7.463,13.26
2024-03-02 07:58:00,7.595,12.91
2024-03-02 07:59:00,7.102,13.159
2024-03-02 08:00:00,7.554,12.993
2024-03-02 08:01:00,7.498,13.316
2024-03-02 08:02:00,7.607,12.936
2024-03-02 08:03:00,7.647,13.219
2024-03-02 08:04:00,7.566,13.272
2024-03-02 08:05:00,7.541,13.216
2024-03-02 08:06:00,7.316,13.241
2024-03-02 08:07:00,7.265,13.17
2024-03-02 08:08:00,7.433,13.225
2024-03-02 08:09:00,7.509,13.244
2024-03-02 08:10:00,7.618,13.351
2024-03-02 08:11:00,7.451,12.976
2024-03-02 08:12:00,7.567,13.287
2024-03-02 08:13:00,7.51,13.071
2024-03-02 08:14:00,7.484,
2024-03-02 08:15:00,7.367,13.143
2024-03-02 08:16:00,7.474,13.408
2024-03-02 08:17:00,7.376,13.256
2024-03-02 08:18:00,7.236,13.202
2024-03-02 08:19:00,7.484,12.833
2024-03-02 08:20:00,7.481,13.121
2024-03-02 08:21:00,7.427,13.201
2024-03-02 08:22:00,7.115,13.012
2024-03-02 08:23:00,7.183,13.078
2024-03-02 08:24:00,7.335,13.322
2024-03-02 08:25:00,7.38,12.8
2024-03-02 08:26:00,7.104,12.654
2024-03-02 08:27:00,7.519,13.283
2024-03-02 08:28:00,7.303,13.363
2024-03-02 08:29:00,7.444,12.623
2024-03-02 08:30:00,7.506,12.821
2024-03-02 08:31:00,7.397,12.913
2024-03-02 08:32:00,7.238,13.179
2024-03-02 08:33:00,7.397,13.047
2024-03-02 08:34:00,,13.317
2024-03-02 08:35:00,7.53,12.887
2024-03-02 08:36:00,7.324,13.772
2024-03-02 08:37:00,7.42,13.334
2024-03-02 08:38:00,7.04,13.354
2024-03-02 08:39:00,7.312,13.347
2024-03-02 08:40:00,7.342,12.984
2024-03-02 08:41:00,7.548,13.237
2024-03-02 08:42:00,7.495,12.951
2024-03-02 08:43:00,7.596,12.974
2024-03-02 08:44:00,7.347,13.123
2024-03-02 08:45:00,7.384,12.82
2024-03-02 08:46:00,7.505,13.273
2024-03-02 08:47:00,7.254,
2024-03-02 08:48:00,7.467,13.152
2024-03-02 08:49:00,7.387,13.223
2024-03-02 08:50:00,7.44,13.067
2024-03-02 08:51:00,7.143,13.285
2024-03-02 08:52:00,7.56,13.182
2024-03-02 08:53:00,7.263,
2024-03-02 08:54:00,7.364,13.077
2024-03-02 08:55:00,7.409,13.291
2024-03-02 08:56:00,7.47,13.212
2024-03-02 08:57:00,7.092,12.961
2024-03-02 08:58:00,7.162,13.184
2024-03-02 08:59:00,7.473,13.353
2024-03-02 09:00:00,7.166,12.622
2024-03-02 09:01:00,7.329,12.969
2024-03-02 09:02:00,7.164,
2024-03-02 09:03:00,7.4,13.011
2024-03-02 09:04:00,7.317,13.024
2024-03-02 09:05:00,7.227,12.864
2024-03-02 09:06:00,7.341,12.943
2024-03-02 09:07:00,7.227,13.081
2024-03-02 09:08:00,7.223,13.29
2024-03-02 09:09:00,7.231,12.632
2024-03-02 09:10:00,7.18,12.812
2024-03-02 09:11:00,7.67,13.409
2024-03-02 09:12:00,7.416,13.239
2024-03-02 09:13:00,7.264,13.012
2024-03-02 09:14:00,7.222,13.033
2024-03-02 09:15:00,7.173,13.067
2024-03-02 09:16:00,7.28,13.176
2024-03-02 09:17:00,7.265,12.898
2024-03-02 09:18:00,7.28,13.05
2024-03-02 09:19:00,7.408,12.766
2024-03-02 09:20:00,7.217,13.156
2024-03-02 09:21:00,7.232,13.134
2024-03-02 09:22:00,7.541,13.132
2024-03-02 09:23:00,7.147,12.898
2024-03-02 09:24:00,7.285,13.07
2024-03-02 09:25:00,7.339,13.027
2024-03-02 09:26:00,7.513,13.126
2024-03-02 09:27:00,7.256,13.065
2024-03-02 09:28:00,7.296,12.783
2024-03-02 09:29:00,7.306,12.543
2024-03-02 09:30:00,7.365,12.967
2024-03-02 09:31:00,7.438,12.93
2024-03-02 09:32:00,6.962,13.409
2024-03-02 09:33:00,7.46,13.52
2024-03-02 09:34:00,7.391,13.188
2024-03-02 09:35:00,7.388,13.196
2024-03-02 09:36:00,7.333,13.274
2024-03-02 09:37:00,6.968,13.051
2024-03-02 09:38:00,7.119,12.893
2024-03-02 09:39:00,7.273,12.854
2024-03-02 09:40:00,7.323,12.86
2024-03-02 09:41:00,7.358,12.823
2024-03-02 09:42:00,7.226,12.383
2024-03-02 09:43:00,7.091,13.031
2024-03-02 09:44:00,7.316,12.851
2024-03-02 09:45:00,7.185,12.989
2024-03-02 09:46:00,7.318,12.911
2024-03-02 09:47:00,7.134,13.25
2024-03-02 09:48:00,7.178,12.888
2024-03-02 09:49:00,7.501,12.841
2024-03-02 09:50:00,7.068,13.058
2024-03-02 09:51:00,7.25,12.956
2024-03-02 09:52:00,7.189,12.814
2024-03-02 09:53:00,7.284,12.625
2024-03-02 09:54:00,7.448,12.503
2024-03-02 09:55:00,7.268,12.983
2024-03-02 09:56:00,7.404,12.868
2024-03-02 09:57:00,7.284,13.196
2024-03-02 09:58:00,7.104,12.989
2024-03-02 09:59:00,7.111,12.974
2024-03-02 10:00:00,7.275,13.178
2024-03-02 10:01:00,6.973,12.758
2024-03-02 10:02:00,7.236,12.897
2024-03-02 10:03:00,7.264,12.87
2024-03-02 10:04:00,7.43,12.676
2024-03-02 10:05:00,7.409,13.046
2024-03-02 10:06:00,7.375,12.649
2024-03-02 10:07:00,7.274,12.933
2024-03-02 10:08:00,7.148,12.718
2024-03-02 10:09:00,7.15,12.782
2024-03-02 10:10:00,7.529,12.797
2024-03-02 10:11:00,7.197,13.009
2024-03-02 10:12:00,7.075,12.802
2024-03-02 10:13:00,7.112,12.64
2024-03-02 10:14:00,7.413,12.604
2024-03-02 10:15:00,7.283,12.917
2024-03-02 10:16:00,7.08,12.658
2024-03-02 10:17:00,7.452,12.288
2024-03-02 10:18:00,7.289,13.213
2024-03-02 10:19:00,7.073,12.462
2024-03-02 10:20:00,7.194,12.888
2024-03-02 10:21:00,7.485,12.883
2024-03-02 10:22:00,7.207,12.537
2024-03-02 10:23:00,7.201,12.935
2024-03-02 10:24:00,7.053,12.643
2024-03-02 10:25:00,7.244,12.801
2024-03-02 10:26:00,7.455,12.894
2024-03-02 10:27:00,7.271,12.636
2024-03-02 10:28:00,7.338,12.577
2024-03-02 10:29:00,7.243,12.434
2024-03-02 10:30:00,7.131,12.756
2024-03-02 10:31:00,7.312,13.023
2024-03-02 10:32:00,7.167,12.783
2024-03-02 10:33:00,7.167,13.053
2024-03-02 10:34:00,7.078,12.527
2024-03-02 10:35:00,6.758,12.9
2024-03-02 10:36:00,7.1,13.055
2024-03-02 10:37:00,7.395,12.799
2024-03-02 10:38:00,7.173,12.55
2024-03-02 10:39:00,7.262,12.814
2024-03-02 10:40:00,7.242,13.093
2024-03-02 10:41:00,7.329,12.565
2024-03-02 10:42:00,7.278,12.855
2024-03-02 10:43:00,7.237,12.375
2024-03-02 10:44:00,7.024,12.757
2024-03-02 10:45:00,7.236,12.763
2024-03-02 10:46:00,7.335,12.678
2024-03-02 10:47:00,7.23,12.589
2024-03-02 10:48:00,7.48,12.636
2024-03-02 10:49:00,7.081,13.112
2024-03-02 10:50:00,7.206,13.061
2024-03-02 10:51:00,7.16,12.386
2024-03-02 10:52:00,7.041,12.916
2024-03-02 10:53:00,7.293,12.637
2024-03-02 10:54:00,7.441,12.616
2024-03-02 10:55:00,7.188,12.501
2024-03-02 10:56:00,7.132,12.61
2024-03-02 10:57:00,7.01,12.7
2024-03-02 10:58:00,7.008,12.925
2024-03-02 10:59:00,7.179,12.924
2024-03-02 11:00:00,7.051,12.622
2024-03-02 11:01:00,11.329,12.842
2024-03-02 11:02:00,6.93,12.721
2024-03-02 11:03:00,7.264,12.477
2024-03-02 11:04:00,6.99,12.64
2024-03-02 11:05:00,7.243,12.474
2024-03-02 11:06:00,7.251,12.618
2024-03-02 11:07:00,6.991,12.775
2024-03-02 11:08:00,7.224,12.507
2024-03-02 11:09:00,6.862,12.474
2024-03-02 11:10:00,7.166,12.609
2024-03-02 11:11:00,7.054,12.422
2024-03-02 11:12:00,7.206,12.56
2024-03-02 11:13:00,6.966,12.472
2024-03-02 11:14:00,7.06,12.441
2024-03-02 11:15:00,,12.455
2024-03-02 11:16:00,7.003,12.143
2024-03-02 11:17:00,6.952,12.54
2024-03-02 11:18:00,7.16,12.446
2024-03-02 11:19:00,7.141,12.871
2024-03-02 11:20:00,7.152,12.514
2024-03-02 11:21:00,7.05,12.681
2024-03-02 11:22:00,7.27,12.784
2024-03-02 11:23:00,7.072,12.618
2024-03-02 11:24:00,7.056,12.547
2024-03-02 11:25:00,7.052,12.172
2024-03-02 11:26:00,6.994,12.735
2024-03-02 11:27:00,7.052,12.806
2024-03-02 11:28:00,7.258,12.458
2024-03-02 11:29:00,7.068,12.543
2024-03-02 11:30:00,6.996,12.474
2024-03-02 11:31:00,7.079,12.687
2024-03-02 11:32:00,7.211,11.984
2024-03-02 11:33:00,6.945,12.497
2024-03-02 11:34:00,7.024,12.227
2024-03-02 11:35:00,7.003,12.646
2024-03-02 11:36:00,7.039,12.484
2024-03-02 11:37:00,6.925,12.419
2024-03-02 11:38:00,6.752,12.427
2024-03-02 11:39:00,7.0,12.274
2024-03-02 11:40:00,7.124,12.639
2024-03-02 11:41:00,7.171,12.765
2024-03-02 11:42:00,6.938,12.543
2024-03-02 11:43:00,6.956,12.221
2024-03-02 11:44:00,7.15,12.623
2024-03-02 11:45:00,6.919,12.41
2024-03-02 11:46:00,6.976,12.04
2024-03-02 11:47:00,7.184,12.432
2024-03-02 11:48:00,6.99,12.533
2024-03-02 11:49:00,7.18,12.493
2024-03-02 11:50:00,7.053,12.683
2024-03-02 11:51:00,7.154,12.204
2024-03-02 11:52:00,7.012,12.644
2024-03-02 11:53:00,7.001,12.229
2024-03-02 11:54:00,6.795,12.207
2024-03-02 11:55:00,6.965,12.737
2024-03-02 11:56:00,7.138,12.679
2024-03-02 11:57:00,7.061,12.465
2024-03-02 11:58:00,7.174,12.442
2024-03-02 11:59:00,6.927,12.359
2024-03-02 12:00:00,6.872,12.382
2024-03-02 12:01:00,7.203,11.932
2024-03-02 12:02:00,7.099,12.128
2024-03-02 12:03:00,6.844,12.263
2024-03-02 12:04:00,6.773,12.398
2024-03-02 12:05:00,7.344,12.323
2024-03-02 12:06:00,7.149,12.339
2024-03-02 12:07:00,7.104,12.426
2024-03-02 12:08:00,7.1,12.348
2024-03-02 12:09:00,6.976,12.59
2024-03-02 12:10:00,7.441,12.003
2024-03-02 12:11:00,7.153,12.063
2024-03-02 12:12:00,7.042,12.223
2024-03-02 12:13:00,6.718,12.476
2024-03-02 12:14:00,7.123,12.428
2024-03-02 12:15:00,7.252,12.319
2024-03-02 12:16:00,7.131,12.125
2024-03-02 12:17:00,6.728,12.487
2024-03-02 12:18:00,6.718,12.26
2024-03-02 12:19:00,7.015,12.484
2024-03-02 12:20:00,7.076,12.257
2024-03-02 12:21:00,6.89,12.004
2024-03-02 12:22:00,6.94,12.116
2024-03-02 12:23:00,6.975,12.102
2024-03-02 12:24:00,6.954,12.614
2024-03-02 12:25:00,6.948,12.121
2024-03-02 12:26:00,7.026,12.357
2024-03-02 12:27:00,6.997,12.367
2024-03-02 12:28:00,6.817,12.124
2024-03-02 12:29:00,6.957,12.159
2024-03-02 12:30:00,6.992,12.504
2024-03-02 12:31:00,6.994,12.496
2024-03-02 12:32:00,7.148,12.378
2024-03-02 12:33:00,7.093,12.381
2024-03-02 12:34:00,6.825,12.321
2024-03-02 12:35:00,6.716,
2024-03-02 12:36:00,6.702,12.528
2024-03-02 12:37:00,7.115,12.526
2024-03-02 12:38:00,6.955,11.855
2024-03-02 12:39:00,7.083,12.082
2024-03-02 12:40:00,6.799,12.343
2024-03-02 12:41:00,6.807,12.106
2024-03-02 12:42:00,6.93,12.607
2024-03-02 12:43:00,6.829,12.258
2024-03-02 12:44:00,7.003,12.165
2024-03-02 12:45:00,6.634,
2024-03-02 12:46:00,6.881,12.197
2024-03-02 12:47:00,6.906,12.417
2024-03-02 12:48:00,6.801,12.295
2024-03-02 12:49:00,6.755,11.774
2024-03-02 12:50:00,7.068,12.343
2024-03-02 12:51:00,6.993,11.8
2024-03-02 12:52:00,6.642,12.112
2024-03-02 12:53:00,6.902,11.892
2024-03-02 12:54:00,6.887,11.634
2024-03-02 12:55:00,6.92,12.28
2024-03-02 12:56:00,6.847,12.26
2024-03-02 12:57:00,6.798,12.118
2024-03-02 12:58:00,7.073,12.207
2024-03-02 12:59:00,7.004,12.065
2024-03-02 13:00:00,6.492,12.09
2024-03-02 13:01:00,6.857,12.324
2024-03-02 13:02:00,6.748,12.198
2024-03-02 13:03:00,6.958,11.482
2024-03-02 13:04:00,6.942,12.172
2024-03-02 13:05:00,6.953,11.722
2024-03-02 13:06:00,6.984,12.175
2024-03-02 13:07:00,6.854,12.191
2024-03-02 13:08:00,6.915,
2024-03-02 13:09:00,6.979,11.965
2024-03-02 13:10:00,6.882,12.26
2024-03-02 13:11:00,6.983,12.289
2024-03-02 13:12:00,6.805,11.957
2024-03-02 13:13:00,6.662,12.309
2024-03-02 13:14:00,7.169,12.053
2024-03-02 13:15:00,6.832,12.453
2024-03-02 13:16:00,6.889,12.073
2024-03-02 13:17:00,6.698,11.878
2024-03-02 13:18:00,7.003,11.792
2024-03-02 13:19:00,6.952,11.975
2024-03-02 13:20:00,6.71,11.872
2024-03-02 13:21:00,,11.792
2024-03-02 13:22:00,6.492,11.612
2024-03-02 13:23:00,,12.077
2024-03-02 13:24:00,6.869,11.802
2024-03-02 13:25:00,6.718,
2024-03-02 13:26:00,6.66,11.986
2024-03-02 13:27:00,6.761,11.769
2024-03-02 13:28:00,6.682,11.711
2024-03-02 13:29:00,6.726,12.016
2024-03-02 13:30:00,6.745,11.804
2024-03-02 13:31:00,7.206,11.963
2024-03-02 13:32:00,6.875,11.828
2024-03-02 13:33:00,6.895,12.484
2024-03-02 13:34:00,6.843,11.547
2024-03-02 13:35:00,6.622,11.996
2024-03-02 13:36:00,7.082,11.521
2024-03-02 13:37:00,6.563,12.101
2024-03-02 13:38:00,6.469,11.989
2024-03-02 13:39:00,6.706,12.035
2024-03-02 13:40:00,6.557,11.393
2024-03-02 13:41:00,6.921,12.044
2024-03-02 13:42:00,6.91,11.767
2024-03-02 13:43:00,6.904,11.925
2024-03-02 13:44:00,6.497,11.688
2024-03-02 13:45:00,6.845,11.723
2024-03-02 13:46:00,6.692,12.215
2024-03-02 13:47:00,6.413,11.435
2024-03-02 13:48:00,6.929,11.971
2024-03-02 13:49:00,6.397,
2024-03-02 13:50:00,6.86,12.183
2024-03-02 13:51:00,6.759,11.759
2024-03-02 13:52:00,6.691,12.001
2024-03-02 13:53:00,6.789,11.92
2024-03-02 13:54:00,6.531,11.64
2024-03-02 13:55:00,6.631,11.912
2024-03-02 13:56:00,6.534,11.518
2024-03-02 13:57:00,7.036,11.7
2024-03-02 13:58:00,6.708,11.734
2024-03-02 13:59:00,6.877,11.495
2024-03-02 14:00:00,6.666,11.769
2024-03-02 14:01:00,6.89,11.883
2024-03-02 14:02:00,6.925,11.712
2024-03-02 14:03:00,6.513,11.687
2024-03-02 14:04:00,6.715,11.695
2024-03-02 14:05:00,6.98,11.619
2024-03-02 14:06:00,6.677,11.627
2024-03-02 14:07:00,6.87,11.576
2024-03-02 14:08:00,,11.674
2024-03-02 14:09:00,6.753,11.848
2024-03-02 14:10:00,6.628,11.857
2024-03-02 14:11:00,6.878,11.39
2024-03-02 14:12:00,6.65,11.5
2024-03-02 14:13:00,6.551,11.587
2024-03-02 14:14:00,6.906,11.752
2024-03-02 14:15:00,6.642,11.388
2024-03-02 14:16:00,6.919,11.721
2024-03-02 14:17:00,6.745,11.585
2024-03-02 14:18:00,6.745,11.906
2024-03-02 14:19:00,6.741,11.466
2024-03-02 14:20:00,6.799,11.699
2024-03-02 14:21:00,6.532,11.517
2024-03-02 14:22:00,6.727,11.493
2024-03-02 14:23:00,6.959,11.619
2024-03-02 14:24:00,6.526,11.602
2024-03-02 14:25:00,6.705,11.769
2024-03-02 14:26:00,7.061,11.534
2024-03-02 14:27:00,6.613,11.62
2024-03-02 14:28:00,6.844,11.495
2024-03-02 14:29:00,6.743,11.255
2024-03-02 14:30:00,6.627,11.566
2024-03-02 14:31:00,6.743,11.675
2024-03-02 14:32:00,6.625,11.499
2024-03-02 14:33:00,6.753,11.231
2024-03-02 14:34:00,6.768,11.43
2024-03-02 14:35:00,6.682,11.341
2024-03-02 14:36:00,6.697,11.351
2024-03-02 14:37:00,6.937,
2024-03-02 14:38:00,6.642,11.491
2024-03-02 14:39:00,6.82,11.416
2024-03-02 14:40:00,6.642,11.652
2024-03-02 14:41:00,6.747,11.007
2024-03-02 14:42:00,6.75,11.719
2024-03-02 14:43:00,6.58,11.75
2024-03-02 14:44:00,6.8,11.598
2024-03-02 14:45:00,6.722,11.412
2024-03-02 14:46:00,6.713,11.634
2024-03-02 14:47:00,6.726,11.338
2024-03-02 14:48:00,6.641,11.567
2024-03-02 14:49:00,6.433,11.1
2024-03-02 14:50:00,6.766,11.337
2024-03-02 14:51:00,6.856,11.582
2024-03-02 14:52:00,6.67,11.712
2024-03-02 14:53:00,6.712,
2024-03-02 14:54:00,6.388,11.459
2024-03-02 14:55:00,6.492,11.22
2024-03-02 14:56:00,6.389,11.388
2024-03-02 14:57:00,6.287,11.053
2024-03-02 14:58:00,6.622,11.665
2024-03-02 14:59:00,6.842,11.573
2024-03-02 15:00:00,6.715,11.248
2024-03-02 15:01:00,,11.577
2024-03-02 15:02:00,6.656,11.35
2024-03-02 15:03:00,6.523,11.259
2024-03-02 15:04:00,6.577,11.441
2024-03-02 15:05:00,6.538,11.612
2024-03-02 15:06:00,6.421,11.355
2024-03-02 15:07:00,6.735,11.346
2024-03-02 15:08:00,6.983,11.577
2024-03-02 15:09:00,6.537,11.386
2024-03-02 15:10:00,6.385,11.448
2024-03-02 15:11:00,6.771,11.664
2024-03-02 15:12:00,6.504,11.113
2024-03-02 15:13:00,6.641,11.738
2024-03-02 15:14:00,6.6,11.353
2024-03-02 15:15:00,6.629,11.077
2024-03-02 15:16:00,6.909,11.115
2024-03-02 15:17:00,7.196,10.879
2024-03-02 15:18:00,6.686,11.455
2024-03-02 15:19:00,6.706,11.239
2024-03-02 15:20:00,6.378,11.247
2024-03-02 15:21:00,6.493,11.823
2024-03-02 15:22:00,6.463,11.411
2024-03-02 15:23:00,6.563,11.028
2024-03-02 15:24:00,6.379,11.127
2024-03-02 15:25:00,6.884,11.514
2024-03-02 15:26:00,6.651,11.748
2024-03-02 15:27:00,6.637,10.753
2024-03-02 15:28:00,6.671,11.088
2024-03-02 15:29:00,6.476,11.513
2024-03-02 15:30:00,6.761,10.977
2024-03-02 15:31:00,6.637,11.63
2024-03-02 15:32:00,6.862,10.954
2024-03-02 15:33:00,6.777,11.197
2024-03-02 15:34:00,6.485,10.922
2024-03-02 15:35:00,6.452,11.146
2024-03-02 15:36:00,6.428,11.234
2024-03-02 15:37:00,6.625,11.625
2024-03-02 15:38:00,6.65,11.09
2024-03-02 15:39:00,6.606,11.136
2024-03-02 15:40:00,6.621,11.202
2024-03-02 15:41:00,6.841,11.248
2024-03-02 15:42:00,6.86,11.166
2024-03-02 15:43:00,6.467,10.928
2024-03-02 15:44:00,6.283,11.442
2024-03-02 15:45:00,6.706,10.713
2024-03-02 15:46:00,6.752,10.859
2024-03-02 15:47:00,6.796,11.242
2024-03-02 15:48:00,6.608,11.461
2024-03-02 15:49:00,6.822,11.287
2024-03-02 15:50:00,6.939,11.367
2024-03-02 15:51:00,6.761,11.495
2024-03-02 15:52:00,6.868,11.687
2024-03-02 15:53:00,6.482,11.388
2024-03-02 15:54:00,6.469,
2024-03-02 15:55:00,6.444,11.623
2024-03-02 15:56:00,6.501,11.259
2024-03-02 15:57:00,6.677,11.151
2024-03-02 15:58:00,6.668,11.548
2024-03-02 15:59:00,6.628,11.124
2024-03-02 16:00:00,6.357,11.289
2024-03-02 16:01:00,6.54,11.267
2024-03-02 16:02:00,6.541,11.275
2024-03-02 16:03:00,6.89,11.115
2024-03-02 16:04:00,6.33,11.455
2024-03-02 16:05:00,6.726,10.95
2024-03-02 16:06:00,6.976,11.581
2024-03-02 16:07:00,6.711,10.942
2024-03-02 16:08:00,6.364,10.849
2024-03-02 16:09:00,6.556,11.389
2024-03-02 16:10:00,6.617,11.193
2024-03-02 16:11:00,6.369,10.983
2024-03-02 16:12:00,6.289,10.998
2024-03-02 16:13:00,6.403,11.318
2024-03-02 16:14:00,6.486,11.087
2024-03-02 16:15:00,6.681,11.01
2024-03-02 16:16:00,6.62,10.745
2024-03-02 16:17:00,6.631,10.862
2024-03-02 16:18:00,6.518,11.1
2024-03-02 16:19:00,6.625,10.808
2024-03-02 16:20:00,6.322,11.559
2024-03-02 16:21:00,6.101,11.267
2024-03-02 16:22:00,6.57,10.854
2024-03-02 16:23:00,6.66,10.747
2024-03-02 16:24:00,6.525,10.717
2024-03-02 16:25:00,6.505,10.812
2024-03-02 16:26:00,6.454,11.195
2024-03-02 16:27:00,6.74,10.882
2024-03-02 16:28:00,6.254,10.868
2024-03-02 16:29:00,6.392,11.032
2024-03-02 16:30:00,6.287,10.84
2024-03-02 16:31:00,6.39,11.032
2024-03-02 16:32:00,6.66,10.686
2024-03-02 16:33:00,6.698,11.066
2024-03-02 16:34:00,6.509,11.294
2024-03-02 16:35:00,6.567,11.346
2024-03-02 16:36:00,6.738,11.093
2024-03-02 16:37:00,6.392,10.968
2024-03-02 16:38:00,6.851,10.692
2024-03-02 16:39:00,6.57,10.899
2024-03-02 16:40:00,6.47,11.214
2024-03-02 16:41:00,6.642,11.028
2024-03-02 16:42:00,6.567,10.805
2024-03-02 16:43:00,6.338,10.84
2024-03-02 16:44:00,6.694,11.011
2024-03-02 16:45:00,6.366,11.032
2024-03-02 16:46:00,6.478,11.0
2024-03-02 16:47:00,6.502,10.955
2024-03-02 16:48:00,6.491,10.706
2024-03-02 16:49:00,6.628,11.004
2024-03-02 16:50:00,6.429,11.241
2024-03-02 16:51:00,6.303,10.936
2024-03-02 16:52:00,6.489,10.824
2024-03-02 16:53:00,6.283,10.944
2024-03-02 16:54:00,6.526,10.876
2024-03-02 16:55:00,6.567,11.058
2024-03-02 16:56:00,6.403,11.129
2024-03-02 16:57:00,6.635,11.099
2024-03-02 16:58:00,6.579,11.176
2024-03-02 16:59:00,6.384,11.269
2024-03-02 17:00:00,6.569,10.977
2024-03-02 17:01:00,6.502,10.978
2024-03-02 17:02:00,6.242,10.825
2024-03-02 17:03:00,6.559,11.104
2024-03-02 17:04:00,6.356,10.82
2024-03-02 17:05:00,6.552,11.073
2024-03-02 17:06:00,6.147,10.85
2024-03-02 17:07:00,6.478,11.144
2024-03-02 17:08:00,6.309,10.967
2024-03-02 17:09:00,6.683,10.851
2024-03-02 17:10:00,6.383,10.897
2024-03-02 17:11:00,6.569,11.143
2024-03-02 17:12:00,6.634,10.546
2024-03-02 17:13:00,6.291,10.913
2024-03-02 17:14:00,6.363,10.907
2024-03-02 17:15:00,6.415,10.988
2024-03-02 17:16:00,6.538,10.964
2024-03-02 17:17:00,6.348,11.526
2024-03-02 17:18:00,6.465,10.927
2024-03-02 17:19:00,6.66,10.788
2024-03-02 17:20:00,6.629,10.982
2024-03-02 17:21:00,6.646,10.568
2024-03-02 17:22:00,6.347,11.153
2024-03-02 17:23:00,6.691,10.728
2024-03-02 17:24:00,6.489,10.896
2024-03-02 17:25:00,6.519,10.912
2024-03-02 17:26:00,6.946,10.861
2024-03-02 17:27:00,6.585,10.947
2024-03-02 17:28:00,6.332,11.035
2024-03-02 17:29:00,6.682,10.686
2024-03-02 17:30:00,6.401,10.993
2024-03-02 17:31:00,6.334,10.742
2024-03-02 17:32:00,6.448,10.784
2024-03-02 17:33:00,6.408,10.912
2024-03-02 17:34:00,6.357,10.482
2024-03-02 17:35:00,6.438,10.858
2024-03-02 17:36:00,6.684,10.819
2024-03-02 17:37:00,6.432,10.914
2024-03-02 17:38:00,6.524,10.532
2024-03-02 17:39:00,6.628,11.102
2024-03-02 17:40:00,6.54,11.016
2024-03-02 17:41:00,6.302,11.299
2024-03-02 17:42:00,6.409,10.728
2024-03-02 17:43:00,6.541,11.003
2024-03-02 17:44:00,6.603,10.945
2024-03-02 17:45:00,6.551,10.864
2024-03-02 17:46:00,6.434,10.795
2024-03-02 17:47:00,6.588,10.964
2024-03-02 17:48:00,6.51,10.773
2024-03-02 17:49:00,6.695,11.002
2024-03-02 17:50:00,6.458,11.141
2024-03-02 17:51:00,6.395,10.749
2024-03-02 17:52:00,6.607,11.07
2024-03-02 17:53:00,6.68,11.33
2024-03-02 17:54:00,6.769,10.911
2024-03-02 17:55:00,6.396,10.825
2024-03-02 17:56:00,6.647,10.785
2024-03-02 17:57:00,6.391,10.981
2024-03-02 17:58:00,6.529,10.991
2024-03-02 17:59:00,6.388,10.621
2024-03-02 18:00:00,6.319,11.01
2024-03-02 18:01:00,6.427,10.714
2024-03-02 18:02:00,6.6,10.895
2024-03-02 18:03:00,6.406,10.835
2024-03-02 18:04:00,6.44,10.709
2024-03-02 18:05:00,6.287,11.048
2024-03-02 18:06:00,6.554,10.767
2024-03-02 18:07:00,6.314,10.632
2024-03-02 18:08:00,6.517,10.855
2024-03-02 18:09:00,6.375,11.238
2024-03-02 18:10:00,6.577,10.679
2024-03-02 18:11:00,6.27,10.887
2024-03-02 18:12:00,6.571,10.77
2024-03-02 18:13:00,6.604,11.048
2024-03-02 18:14:00,6.838,10.523
2024-03-02 18:15:00,6.504,10.725
2024-03-02 18:16:00,6.728,10.87
2024-03-02 18:17:00,6.633,11.216
2024-03-02 18:18:00,6.837,10.438
2024-03-02 18:19:00,6.455,11.018
2024-03-02 18:20:00,6.315,10.381
2024-03-02 18:21:00,6.679,10.961
2024-03-02 18:22:00,6.423,10.885
2024-03-02 18:23:00,6.171,10.767
2024-03-02 18:24:00,6.512,10.994
2024-03-02 18:25:00,6.503,10.484
2024-03-02 18:26:00,6.786,11.226
2024-03-02 18:27:00,,10.981
2024-03-02 18:28:00,6.421,10.634
2024-03-02 18:29:00,6.736,10.556
2024-03-02 18:30:00,6.805,10.771
2024-03-02 18:31:00,6.835,10.717
2024-03-02 18:32:00,6.667,10.877
2024-03-02 18:33:00,6.542,10.887
2024-03-02 18:34:00,,10.421
2024-03-02 18:35:00,6.623,11.046
2024-03-02 18:36:00,6.522,10.72
2024-03-02 18:37:00,6.505,10.729
2024-03-02 18:38:00,,10.818
2024-03-02 18:39:00,6.555,10.679
2024-03-02 18:40:00,6.523,10.738
2024-03-02 18:41:00,6.727,10.933
2024-03-02 18:42:00,6.512,11.114
2024-03-02 18:43:00,6.469,10.538
2024-03-02 18:44:00,6.929,10.616
2024-03-02 18:45:00,6.403,10.784
2024-03-02 18:46:00,6.326,10.808
2024-03-02 18:47:00,6.456,10.536
2024-03-02 18:48:00,6.322,11.134
2024-03-02 18:49:00,6.53,10.61
2024-03-02 18:50:00,6.685,10.921
2024-03-02 18:51:00,6.374,10.818
2024-03-02 18:52:00,6.383,10.983
2024-03-02 18:53:00,6.55,11.108
2024-03-02 18:54:00,6.184,11.012
2024-03-02 18:55:00,6.709,10.556
2024-03-02 18:56:00,6.93,
2024-03-02 18:57:00,6.609,11.039
2024-03-02 18:58:00,6.596,10.948
2024-03-02 18:59:00,6.698,10.731
2024-03-02 19:00:00,6.185,11.0
2024-03-02 19:01:00,6.572,10.783
2024-03-02 19:02:00,6.552,11.278
2024-03-02 19:03:00,,10.954
2024-03-02 19:04:00,6.697,10.912
2024-03-02 19:05:00,6.609,10.438
2024-03-02 19:06:00,6.811,10.845
2024-03-02 19:07:00,6.65,11.263
2024-03-02 19:08:00,6.319,10.736
2024-03-02 19:09:00,6.609,10.942
2024-03-02 19:10:00,6.504,10.575
2024-03-02 19:11:00,6.536,10.8
2024-03-02 19:12:00,6.315,11.19
2024-03-02 19:13:00,6.286,10.841
2024-03-02 19:14:00,6.409,10.806
2024-03-02 19:15:00,6.739,10.897
2024-03-02 19:16:00,6.622,10.437
2024-03-02 19:17:00,6.465,11.037
2024-03-02 19:18:00,6.696,10.729
2024-03-02 19:19:00,6.789,
2024-03-02 19:20:00,6.745,10.847
2024-03-02 19:21:00,6.602,10.741
2024-03-02 19:22:00,6.535,10.707
2024-03-02 19:23:00,6.447,10.837
2024-03-02 19:24:00,6.661,10.615
2024-03-02 19:25:00,6.333,10.716
2024-03-02 19:26:00,6.555,10.758
2024-03-02 19:27:00,6.573,10.758
2024-03-02 19:28:00,6.615,10.852
2024-03-02 19:29:00,6.549,10.269
2024-03-02 19:30:00,6.35,10.817
2024-03-02 19:31:00,6.696,11.113
2024-03-02 19:32:00,6.639,10.724
2024-03-02 19:33:00,6.814,10.931
2024-03-02 19:34:00,6.551,10.922
2024-03-02 19:35:00,6.551,
2024-03-02 19:36:00,6.32,10.726
2024-03-02 19:37:00,6.365,10.788
2024-03-02 19:38:00,6.536,10.906
2024-03-02 19:39:00,6.492,10.805
2024-03-02 19:40:00,6.425,10.893
2024-03-02 19:41:00,6.744,10.932
2024-03-02 19:42:00,6.632,10.609
2024-03-02 19:43:00,6.538,10.795
2024-03-02 19:44:00,6.245,10.963
2024-03-02 19:45:00,6.357,11.079
2024-03-02 19:46:00,6.623,10.644
2024-03-02 19:47:00,6.545,10.498
2024-03-02 19:48:00,6.555,10.828
2024-03-02 19:49:00,6.218,10.584
2024-03-02 19:50:00,6.25,
2024-03-02 19:51:00,6.677,
2024-03-02 19:52:00,6.567,10.978
2024-03-02 19:53:00,6.642,10.709
2024-03-02 19:54:00,6.648,10.904
2024-03-02 19:55:00,6.618,10.911
2024-03-02 19:56:00,6.524,11.164
2024-03-02 19:57:00,6.326,10.426
2024-03-02 19:58:00,6.652,10.761
2024-03-02 19:59:00,6.545,10.789
2024-03-02 20:00:00,6.596,11.255
2024-03-02 20:01:00,6.595,10.752
2024-03-02 20:02:00,6.338,10.958
2024-03-02 20:03:00,6.548,11.081
2024-03-02 20:04:00,6.624,10.917
2024-03-02 20:05:00,6.343,10.587
2024-03-02 20:06:00,6.78,10.8
2024-03-02 20:07:00,6.39,10.67
2024-03-02 20:08:00,6.506,10.644
2024-03-02 20:09:00,6.299,10.972
2024-03-02 20:10:00,6.638,10.605
2024-03-02 20:11:00,6.636,11.34
2024-03-02 20:12:00,6.371,10.833
2024-03-02 20:13:00,6.289,10.938
2024-03-02 20:14:00,6.449,10.615
2024-03-02 20:15:00,6.535,11.157
2024-03-02 20:16:00,6.498,10.677
2024-03-02 20:17:00,6.841,10.912
2024-03-02 20:18:00,6.492,11.079
2024-03-02 20:19:00,6.722,10.859
2024-03-02 20:20:00,6.595,10.905
2024-03-02 20:21:00,6.637,10.973
2024-03-02 20:22:00,6.426,10.96
2024-03-02 20:23:00,6.609,10.852
2024-03-02 20:24:00,6.964,10.81
2024-03-02 20:25:00,6.477,10.673
2024-03-02 20:26:00,6.507,11.04
2024-03-02 20:27:00,6.625,10.684
2024-03-02 20:28:00,6.725,10.555
2024-03-02 20:29:00,6.924,10.439
2024-03-02 20:30:00,6.629,10.824
2024-03-02 20:31:00,6.37,10.908
2024-03-02 20:32:00,7.037,10.964
2024-03-02 20:33:00,,10.77
2024-03-02 20:34:00,6.758,10.797
2024-03-02 20:35:00,6.35,11.178
2024-03-02 20:36:00,6.556,10.666
2024-03-02 20:37:00,6.579,11.062
2024-03-02 20:38:00,6.669,
2024-03-02 20:39:00,6.78,10.9
2024-03-02 20:40:00,6.572,10.975
2024-03-02 20:41:00,6.529,10.984
2024-03-02 20:42:00,6.669,10.721
2024-03-02 20:43:00,6.676,10.802
2024-03-02 20:44:00,6.423,10.706
2024-03-02 20:45:00,6.569,10.777
2024-03-02 20:46:00,6.744,10.993
2024-03-02 20:47:00,6.688,11.102
2024-03-02 20:48:00,6.625,10.992
2024-03-02 20:49:00,6.772,11.121
2024-03-02 20:50:00,6.805,11.14
2024-03-02 20:51:00,,11.11
2024-03-02 20:52:00,6.807,10.644
2024-03-02 20:53:00,6.757,11.038
2024-03-02 20:54:00,6.685,11.007
2024-03-02 20:55:00,6.197,10.877
2024-03-02 20:56:00,6.716,10.769
2024-03-02 20:57:00,6.366,11.099
2024-03-02 20:58:00,6.779,10.85
2024-03-02 20:59:00,6.789,11.134
2024-03-02 21:00:00,6.649,10.822
2024-03-02 21:01:00,6.614,10.962
2024-03-02 21:02:00,6.781,11.17
2024-03-02 21:03:00,6.768,10.528
2024-03-02 21:04:00,6.522,11.404
2024-03-02 21:05:00,6.567,10.666
2024-03-02 21:06:00,6.505,10.853
2024-03-02 21:07:00,6.447,10.926
2024-03-02 21:08:00,6.615,11.192
2024-03-02 21:09:00,6.534,10.887
2024-03-02 21:10:00,6.562,11.047
2024-03-02 21:11:00,6.727,10.897
2024-03-02 21:12:00,6.544,11.161
2024-03-02 21:13:00,6.779,11.257
2024-03-02 21:14:00,6.739,10.61
2024-03-02 21:15:00,6.675,11.208
2024-03-02 21:16:00,6.796,11.197
2024-03-02 21:17:00,6.686,10.981
2024-03-02 21:18:00,6.234,11.158
2024-03-02 21:19:00,6.692,11.05
2024-03-02 21:20:00,6.532,11.021
2024-03-02 21:21:00,6.696,10.931
2024-03-02 21:22:00,6.652,11.345
2024-03-02 21:23:00,6.834,
2024-03-02 21:24:00,6.563,10.872
2024-03-02 21:25:00,6.733,10.643
2024-03-02 21:26:00,6.595,11.077
2024-03-02 21:27:00,6.957,11.096
2024-03-02 21:28:00,6.674,10.925
2024-03-02 21:29:00,6.7,11.08
2024-03-02 21:30:00,6.776,10.926
2024-03-02 21:31:00,6.882,11.091
2024-03-02 21:32:00,6.736,10.82
2024-03-02 21:33:00,6.838,11.201
2024-03-02 21:34:00,6.585,10.756
2024-03-02 21:35:00,6.706,10.958
2024-03-02 21:36:00,6.511,11.085
2024-03-02 21:37:00,6.833,11.075
2024-03-02 21:38:00,6.911,11.057
2024-03-02 21:39:00,6.943,10.938
2024-03-02 21:40:00,6.835,11.182
2024-03-02 21:41:00,6.776,10.935
2024-03-02 21:42:00,6.729,11.201
2024-03-02 21:43:00,6.449,11.437
2024-03-02 21:44:00,6.899,11.472
2024-03-02 21:45:00,6.888,10.989
2024-03-02 21:46:00,7.053,11.082
2024-03-02 21:47:00,6.791,11.532
2024-03-02 21:48:00,6.625,11.194
2024-03-02 21:49:00,6.662,11.166
2024-03-02 21:50:00,6.76,10.756
2024-03-02 21:51:00,6.792,11.089
2024-03-02 21:52:00,6.755,11.327
2024-03-02 21:53:00,6.76,11.155
2024-03-02 21:54:00,6.805,11.071
2024-03-02 21:55:00,6.851,10.889
2024-03-02 21:56:00,6.549,
2024-03-02 21:57:00,6.678,10.929
2024-03-02 21:58:00,7.095,11.0
2024-03-02 21:59:00,6.747,10.782
2024-03-02 22:00:00,6.479,11.12
2024-03-02 22:01:00,6.691,11.383
2024-03-02 22:02:00,6.714,
2024-03-02 22:03:00,6.847,11.365
2024-03-02 22:04:00,6.559,11.135
2024-03-02 22:05:00,6.787,10.919
2024-03-02 22:06:00,6.797,11.602
2024-03-02 22:07:00,6.879,11.356
2024-03-02 22:08:00,6.82,10.996
2024-03-02 22:09:00,6.686,11.307
2024-03-02 22:10:00,6.643,11.47
2024-03-02 22:11:00,7.174,11.299
2024-03-02 22:12:00,6.789,11.23
2024-03-02 22:13:00,6.616,11.065
2024-03-02 22:14:00,6.769,11.51
2024-03-02 22:15:00,6.838,11.631
2024-03-02 22:16:00,6.711,11.152
2024-03-02 22:17:00,6.666,11.033
2024-03-02 22:18:00,6.885,11.275
2024-03-02 22:19:00,6.97,11.043
2024-03-02 22:20:00,,11.149
2024-03-02 22:21:00,6.736,11.206
2024-03-02 22:22:00,6.731,11.205
2024-03-02 22:23:00,7.085,11.156
2024-03-02 22:24:00,7.008,10.974
2024-03-02 22:25:00,6.658,10.883
2024-03-02 22:26:00,6.821,11.07
2024-03-02 22:27:00,6.921,11.159
2024-03-02 22:28:00,6.578,11.03
2024-03-02 22:29:00,6.866,11.113
2024-03-02 22:30:00,6.961,11.379
2024-03-02 22:31:00,6.781,11.309
2024-03-02 22:32:00,6.932,11.312
2024-03-02 22:33:00,6.911,11.432
2024-03-02 22:34:00,6.844,11.659
2024-03-02 22:35:00,6.577,11.472
2024-03-02 22:36:00,6.893,11.408
2024-03-02 22:37:00,6.828,11.237
2024-03-02 22:38:00,7.093,11.198
2024-03-02 22:39:00,,11.654
2024-03-02 22:40:00,7.149,11.112
2024-03-02 22:41:00,6.984,11.535
2024-03-02 22:42:00,6.881,11.326
2024-03-02 22:43:00,6.921,11.057
2024-03-02 22:44:00,6.722,11.542
2024-03-02 22:45:00,6.921,11.521
2024-03-02 22:46:00,6.958,11.143
2024-03-02 22:47:00,6.644,11.219
2024-03-02 22:48:00,7.071,11.48
2024-03-02 22:49:00,6.835,11.358
2024-03-02 22:50:00,6.9,11.209
2024-03-02 22:51:00,6.879,11.042
2024-03-02 22:52:00,6.74,11.563
2024-03-02 22:53:00,6.789,11.278
2024-03-02 22:54:00,6.865,11.718
2024-03-02 22:55:00,6.918,11.229
2024-03-02 22:56:00,6.736,11.101
2024-03-02 22:57:00,7.211,11.064
2024-03-02 22:58:00,6.772,11.152
2024-03-02 22:59:00,6.956,11.373
2024-03-02 23:00:00,7.074,11.062
2024-03-02 23:01:00,7.0,11.355
2024-03-02 23:02:00,6.883,11.413
2024-03-02 23:03:00,7.008,10.962
2024-03-02 23:04:00,6.818,10.93
2024-03-02 23:05:00,7.027,11.145
2024-03-02 23:06:00,6.829,11.153
2024-03-02 23:07:00,7.001,11.792
2024-03-02 23:08:00,6.744,11.213
2024-03-02 23:09:00,6.801,11.457
2024-03-02 23:10:00,7.214,11.883
2024-03-02 23:11:00,6.987,11.758
2024-03-02 23:12:00,6.827,11.21
2024-03-02 23:13:00,6.987,11.326
2024-03-02 23:14:00,7.091,11.337
2024-03-02 23:15:00,6.798,11.263
2024-03-02 23:16:00,6.855,11.686
2024-03-02 23:17:00,7.011,11.437
2024-03-02 23:18:00,6.793,11.555
2024-03-02 23:19:00,6.855,11.356
2024-03-02 23:20:00,11.632,11.726
2024-03-02 23:21:00,6.705,11.943
2024-03-02 23:22:00,6.784,11.496
2024-03-02 23:23:00,6.66,11.451
2024-03-02 23:24:00,6.983,11.65
2024-03-02 23:25:00,7.259,11.81
2024-03-02 23:26:00,6.877,11.177
2024-03-02 23:27:00,6.897,11.376
2024-03-02 23:28:00,7.04,11.125
2024-03-02 23:29:00,6.911,11.543
2024-03-02 23:30:00,6.688,11.255
2024-03-02 23:31:00,6.66,11.42
2024-03-02 23:32:00,6.861,
2024-03-02 23:33:00,7.14,11.396
2024-03-02 23:34:00,6.984,11.454
2024-03-02 23:35:00,7.006,11.595
2024-03-02 23:36:00,6.834,11.763
2024-03-02 23:37:00,6.844,11.876
2024-03-02 23:38:00,6.832,12.028
2024-03-02 23:39:00,7.032,11.691
2024-03-02 23:40:00,7.071,11.625
2024-03-02 23:41:00,6.848,11.83
2024-03-02 23:42:00,7.046,11.404
2024-03-02 23:43:00,7.036,11.479
2024-03-02 23:44:00,6.917,11.945
2024-03-02 23:45:00,7.039,11.337
2024-03-02 23:46:00,6.85,11.522
2024-03-02 23:47:00,7.108,11.479
2024-03-02 23:48:00,7.306,11.79
2024-03-02 23:49:00,6.837,11.627
2024-03-02 23:50:00,6.731,11.462
2024-03-02 23:51:00,6.707,11.432
2024-03-02 23:52:00,6.959,11.488
2024-03-02 23:53:00,7.0,11.609
2024-03-02 23:54:00,7.003,11.488
2024-03-02 23:55:00,6.94,11.507
2024-03-02 23:56:00,6.714,11.388
2024-03-02 23:57:00,7.104,11.778
2024-03-02 23:58:00,6.915,11.708
2024-03-02 23:59:00,6.95,11.562
2024-03-03 00:00:00,7.248,11.642
2024-03-03 00:01:00,7.078,12.147
2024-03-03 00:02:00,7.016,11.626
2024-03-03 00:03:00,6.964,11.314
2024-03-03 00:04:00,6.887,11.411
2024-03-03 00:05:00,7.048,11.85
2024-03-03 00:06:00,6.648,11.706
2024-03-03 00:07:00,7.157,11.973
2024-03-03 00:08:00,7.038,11.778
2024-03-03 00:09:00,7.04,11.466
2024-03-03 00:10:00,6.987,11.83
2024-03-03 00:11:00,7.14,11.665
2024-03-03 00:12:00,7.068,11.423
2024-03-03 00:13:00,6.976,11.624
2024-03-03 00:14:00,7.273,11.948
2024-03-03 00:15:00,7.38,11.915
2024-03-03 00:16:00,7.048,12.229
2024-03-03 00:17:00,7.338,11.525
2024-03-03 00:18:00,,11.593
2024-03-03 00:19:00,7.244,
2024-03-03 00:20:00,6.955,12.066
2024-03-03 00:21:00,6.892,11.536
2024-03-03 00:22:00,6.895,11.949
2024-03-03 00:23:00,6.893,12.026
2024-03-03 00:24:00,6.84,11.65
2024-03-03 00:25:00,7.122,11.672
2024-03-03 00:26:00,6.884,11.282
2024-03-03 00:27:00,7.072,11.871
2024-03-03 00:28:00,7.276,11.772
2024-03-03 00:29:00,7.246,11.666
2024-03-03 00:30:00,7.057,11.326
2024-03-03 00:31:00,7.193,12.095
2024-03-03 00:32:00,7.337,11.791
2024-03-03 00:33:00,7.097,
2024-03-03 00:34:00,7.269,11.706
2024-03-03 00:35:00,7.045,11.759
2024-03-03 00:36:00,6.993,11.99
2024-03-03 00:37:00,7.334,11.57
2024-03-03 00:38:00,7.148,11.615
2024-03-03 00:39:00,7.272,11.701
2024-03-03 00:40:00,6.824,11.971
2024-03-03 00:41:00,7.109,11.898
2024-03-03 00:42:00,7.14,12.019
2024-03-03 00:43:00,7.298,12.083
2024-03-03 00:44:00,6.978,11.511
2024-03-03 00:45:00,7.179,11.759
2024-03-03 00:46:00,7.129,11.522
2024-03-03 00:47:00,6.89,11.789
2024-03-03 00:48:00,7.352,11.922
2024-03-03 00:49:00,7.031,12.057
2024-03-03 00:50:00,6.958,11.929
2024-03-03 00:51:00,7.065,11.911
2024-03-03 00:52:00,7.161,11.831
2024-03-03 00:53:00,7.099,11.56
2024-03-03 00:54:00,7.032,12.149
2024-03-03 00:55:00,7.323,11.732
2024-03-03 00:56:00,7.177,11.64
2024-03-03 00:57:00,7.178,11.985
2024-03-03 00:58:00,7.128,12.117
2024-03-03 00:59:00,7.152,12.062
2024-03-03 01:00:00,7.178,11.767
2024-03-03 01:01:00,7.096,11.845
2024-03-03 01:02:00,6.694,11.799
2024-03-03 01:03:00,7.133,12.148
2024-03-03 01:04:00,7.316,11.988
2024-03-03 01:05:00,7.055,12.169
2024-03-03 01:06:00,7.181,11.973
2024-03-03 01:07:00,7.138,11.888
2024-03-03 01:08:00,7.265,11.861
2024-03-03 01:09:00,7.106,11.873
2024-03-03 01:10:00,7.349,11.965
2024-03-03 01:11:00,7.183,12.065
2024-03-03 01:12:00,7.303,12.025
2024-03-03 01:13:00,7.13,12.136
2024-03-03 01:14:00,7.115,12.171
2024-03-03 01:15:00,7.265,12.013
2024-03-03 01:16:00,7.16,12.252
2024-03-03 01:17:00,7.493,11.798
2024-03-03 01:18:00,7.344,12.09
2024-03-03 01:19:00,7.215,12.178
2024-03-03 01:20:00,7.343,12.14
2024-03-03 01:21:00,7.267,12.026
2024-03-03 01:22:00,6.993,12.423
2024-03-03 01:23:00,7.328,11.93
2024-03-03 01:24:00,7.269,12.276
2024-03-03 01:25:00,7.221,12.017
2024-03-03 01:26:00,7.069,12.258
2024-03-03 01:27:00,7.259,11.769
2024-03-03 01:28:00,7.061,12.078
2024-03-03 01:29:00,7.047,12.284
2024-03-03 01:30:00,7.176,12.394
2024-03-03 01:31:00,7.28,12.205
2024-03-03 01:32:00,7.107,11.891
2024-03-03 01:33:00,7.42,12.015
2024-03-03 01:34:00,7.265,11.934
2024-03-03 01:35:00,7.094,12.033
2024-03-03 01:36:00,7.141,12.185
2024-03-03 01:37:00,7.355,12.344
2024-03-03 01:38:00,7.017,11.816
2024-03-03 01:39:00,7.202,11.953
2024-03-03 01:40:00,7.211,12.291
2024-03-03 01:41:00,7.22,12.44
2024-03-03 01:42:00,7.377,12.307
2024-03-03 01:43:00,7.166,12.164
2024-03-03 01:44:00,7.341,12.17
2024-03-03 01:45:00,7.227,12.217
2024-03-03 01:46:00,7.145,12.369
2024-03-03 01:47:00,7.353,12.23
2024-03-03 01:48:00,7.376,12.213
2024-03-03 01:49:00,7.076,12.023
2024-03-03 01:50:00,7.12,12.138
2024-03-03 01:51:00,7.265,12.154
2024-03-03 01:52:00,7.41,11.988
2024-03-03 01:53:00,7.046,11.905
2024-03-03 01:54:00,7.343,12.476
2024-03-03 01:55:00,7.429,12.482
2024-03-03 01:56:00,7.231,12.59
2024-03-03 01:57:00,7.404,12.109
2024-03-03 01:58:00,7.47,12.406
2024-03-03 01:59:00,7.164,12.054
2024-03-03 02:00:00,7.174,12.494
2024-03-03 02:01:00,7.132,12.368
2024-03-03 02:02:00,7.237,12.623
2024-03-03 02:03:00,7.231,12.56
2024-03-03 02:04:00,7.13,12.117
2024-03-03 02:05:00,7.096,12.278
2024-03-03 02:06:00,7.235,12.233
2024-03-03 02:07:00,7.236,12.253
2024-03-03 02:08:00,7.104,12.094
2024-03-03 02:09:00,7.154,12.456
2024-03-03 02:10:00,6.986,12.337
2024-03-03 02:11:00,7.023,12.527
2024-03-03 02:12:00,7.37,12.158
2024-03-03 02:13:00,7.127,12.39
2024-03-03 02:14:00,6.966,12.74
2024-03-03 02:15:00,7.187,12.401
2024-03-03 02:16:00,7.537,12.412
2024-03-03 02:17:00,7.269,12.513
2024-03-03 02:18:00,7.461,12.279
2024-03-03 02:19:00,7.213,12.4
2024-03-03 02:20:00,7.49,12.116
2024-03-03 02:21:00,7.029,12.739
2024-03-03 02:22:00,,12.418
2024-03-03 02:23:00,7.613,12.332
2024-03-03 02:24:00,7.382,12.057
2024-03-03 02:25:00,7.429,12.626
2024-03-03 02:26:00,7.179,12.63
2024-03-03 02:27:00,7.324,12.317
2024-03-03 02:28:00,7.347,12.244
2024-03-03 02:29:00,7.446,12.123
2024-03-03 02:30:00,7.347,12.031
2024-03-03 02:31:00,13.309,12.317
2024-03-03 02:32:00,7.044,12.169
2024-03-03 02:33:00,7.457,12.406
2024-03-03 02:34:00,7.098,12.195
2024-03-03 02:35:00,7.277,12.489
2024-03-03 02:36:00,7.535,12.591
2024-03-03 02:37:00,7.248,12.355
2024-03-03 02:38:00,7.468,12.71
2024-03-03 02:39:00,,12.308
2024-03-03 02:40:00,7.364,12.595
2024-03-03 02:41:00,7.44,12.328
2024-03-03 02:42:00,7.483,12.683
2024-03-03 02:43:00,7.025,12.547
2024-03-03 02:44:00,7.305,12.413
2024-03-03 02:45:00,7.225,12.58
2024-03-03 02:46:00,7.374,12.625
2024-03-03 02:47:00,7.652,12.367
2024-03-03 02:48:00,7.357,12.609
2024-03-03 02:49:00,7.379,12.762
2024-03-03 02:50:00,6.965,12.705
2024-03-03 02:51:00,7.318,12.353
2024-03-03 02:52:00,7.305,12.467
2024-03-03 02:53:00,7.32,12.615
2024-03-03 02:54:00,7.199,12.375
2024-03-03 02:55:00,7.088,12.809
2024-03-03 02:56:00,7.209,12.879
2024-03-03 02:57:00,7.478,12.228
2024-03-03 02:58:00,7.201,12.672
2024-03-03 02:59:00,7.337,12.523
2024-03-03 03:00:00,7.15,12.736
2024-03-03 03:01:00,7.223,12.491
2024-03-03 03:02:00,7.237,12.611
2024-03-03 03:03:00,7.35,12.301
2024-03-03 03:04:00,7.458,12.192
2024-03-03 03:05:00,7.564,12.798
2024-03-03 03:06:00,,12.87
2024-03-03 03:07:00,7.454,12.847
2024-03-03 03:08:00,7.27,
2024-03-03 03:09:00,7.169,12.522
2024-03-03 03:10:00,7.228,12.677
2024-03-03 03:11:00,7.348,12.351
2024-03-03 03:12:00,7.426,12.59
2024-03-03 03:13:00,7.531,12.736
2024-03-03 03:14:00,7.383,12.89
2024-03-03 03:15:00,7.419,12.895
2024-03-03 03:16:00,7.346,12.916
2024-03-03 03:17:00,7.605,12.439
2024-03-03 03:18:00,7.223,12.289
2024-03-03 03:19:00,7.453,12.568
2024-03-03 03:20:00,7.457,12.764
2024-03-03 03:21:00,7.627,12.6
2024-03-03 03:22:00,7.644,12.89
2024-03-03 03:23:00,7.358,12.346
2024-03-03 03:24:00,7.155,12.756
2024-03-03 03:25:00,7.276,12.734
2024-03-03 03:26:00,,12.438
2024-03-03 03:27:00,7.236,12.907
2024-03-03 03:28:00,7.399,12.486
2024-03-03 03:29:00,7.613,12.761
2024-03-03 03:30:00,7.39,12.302
2024-03-03 03:31:00,7.252,12.747
2024-03-03 03:32:00,7.444,12.841
2024-03-03 03:33:00,7.552,12.417
2024-03-03 03:34:00,7.092,12.587
2024-03-03 03:35:00,7.388,13.018
2024-03-03 03:36:00,7.345,12.262
2024-03-03 03:37:00,7.496,12.699
2024-03-03 03:38:00,7.293,12.955
2024-03-03 03:39:00,7.474,12.696
2024-03-03 03:40:00,7.299,12.544
2024-03-03 03:41:00,7.542,12.757
2024-03-03 03:42:00,7.428,12.874
2024-03-03 03:43:00,7.217,12.728
2024-03-03 03:44:00,7.368,12.758
2024-03-03 03:45:00,7.411,12.811
2024-03-03 03:46:00,7.342,12.956
2024-03-03 03:47:00,7.399,12.575
2024-03-03 03:48:00,7.523,12.567
2024-03-03 03:49:00,7.785,12.916
2024-03-03 03:50:00,7.377,12.701
2024-03-03 03:51:00,7.322,12.956
2024-03-03 03:52:00,7.282,12.661
2024-03-03 03:53:00,7.307,12.81
2024-03-03 03:54:00,7.512,12.647
2024-03-03 03:55:00,7.527,12.457
2024-03-03 03:56:00,7.454,12.565
2024-03-03 03:57:00,7.402,12.919
2024-03-03 03:58:00,7.418,12.511
2024-03-03 03:59:00,7.693,12.733
2024-03-03 04:00:00,7.468,12.91
2024-03-03 04:01:00,7.495,12.624
2024-03-03 04:02:00,7.468,12.783
2024-03-03 04:03:00,7.371,12.711
2024-03-03 04:04:00,7.646,12.58
2024-03-03 04:05:00,7.575,12.841
2024-03-03 04:06:00,7.35,12.795
2024-03-03 04:07:00,7.295,12.812
2024-03-03 04:08:00,7.149,12.847
2024-03-03 04:09:00,7.337,12.686
2024-03-03 04:10:00,7.587,12.861
2024-03-03 04:11:00,7.375,12.957
2024-03-03 04:12:00,7.533,13.082
2024-03-03 04:13:00,7.539,12.916
2024-03-03 04:14:00,,13.03
2024-03-03 04:15:00,7.529,12.862
2024-03-03 04:16:00,7.538,12.99
2024-03-03 04:17:00,7.596,12.977
2024-03-03 04:18:00,7.138,12.699
2024-03-03 04:19:00,7.612,13.051
2024-03-03 04:20:00,7.406,12.783
2024-03-03 04:21:00,7.31,12.696
2024-03-03 04:22:00,7.573,12.825
2024-03-03 04:23:00,7.466,12.838
2024-03-03 04:24:00,7.118,13.062
2024-03-03 04:25:00,7.398,12.66
2024-03-03 04:26:00,7.296,12.999
2024-03-03 04:27:00,7.25,12.774
2024-03-03 04:28:00,7.426,12.926
2024-03-03 04:29:00,7.658,12.846
2024-03-03 04:30:00,7.608,13.027
2024-03-03 04:31:00,7.392,12.786
2024-03-03 04:32:00,7.413,12.684
2024-03-03 04:33:00,7.309,13.071
2024-03-03 04:34:00,7.341,13.078
2024-03-03 04:35:00,7.505,12.842
2024-03-03 04:36:00,7.468,12.719
2024-03-03 04:37:00,7.376,13.074
2024-03-03 04:38:00,7.237,13.05
2024-03-03 04:39:00,7.18,12.928
2024-03-03 04:40:00,7.66,12.72
2024-03-03 04:41:00,7.45,12.939
2024-03-03 04:42:00,7.237,12.832
2024-03-03 04:43:00,7.358,13.308
2024-03-03 04:44:00,7.469,13.223
2024-03-03 04:45:00,7.372,13.029
2024-03-03 04:46:00,7.509,12.916
2024-03-03 04:47:00,7.157,12.67
2024-03-03 04:48:00,7.354,13.149
2024-03-03 04:49:00,7.495,13.08
2024-03-03 04:50:00,,13.244
2024-03-03 04:51:00,7.422,12.941
2024-03-03 04:52:00,7.528,13.086
2024-03-03 04:53:00,7.428,12.784
2024-03-03 04:54:00,7.284,12.794
2024-03-03 04:55:00,7.545,13.093
2024-03-03 04:56:00,7.443,12.714
2024-03-03 04:57:00,7.549,13.272
2024-03-03 04:58:00,7.358,13.086
2024-03-03 04:59:00,7.678,12.758
2024-03-03 05:00:00,7.469,13.106
2024-03-03 05:01:00,7.425,12.94
2024-03-03 05:02:00,7.569,13.008
2024-03-03 05:03:00,7.289,12.855
2024-03-03 05:04:00,7.515,12.964
2024-03-03 05:05:00,7.535,13.319
2024-03-03 05:06:00,7.458,13.033
2024-03-03 05:07:00,7.462,13.242
2024-03-03 05:08:00,7.368,13.463
2024-03-03 05:09:00,7.686,12.815
2024-03-03 05:10:00,7.363,13.131
2024-03-03 05:11:00,7.677,13.145
2024-03-03 05:12:00,7.218,13.214
2024-03-03 05:13:00,7.447,13.334
2024-03-03 05:14:00,7.675,12.77
2024-03-03 05:15:00,7.46,12.896
2024-03-03 05:16:00,7.619,12.946
2024-03-03 05:17:00,7.276,13.371
2024-03-03 05:18:00,7.257,12.429
2024-03-03 05:19:00,7.496,13.294
2024-03-03 05:20:00,7.426,13.106
2024-03-03 05:21:00,7.451,13.065
2024-03-03 05:22:00,7.428,13.042
2024-03-03 05:23:00,7.589,13.28
2024-03-03 05:24:00,7.415,12.886
2024-03-03 05:25:00,7.725,13.029
2024-03-03 05:26:00,7.387,13.125
2024-03-03 05:27:00,7.784,13.203
2024-03-03 05:28:00,7.411,13.428
2024-03-03 05:29:00,7.408,13.038
2024-03-03 05:30:00,7.354,13.185
2024-03-03 05:31:00,7.596,13.097
2024-03-03 05:32:00,7.268,13.308
2024-03-03 05:33:00,7.358,13.173
2024-03-03 05:34:00,7.217,13.041
2024-03-03 05:35:00,7.648,13.075
2024-03-03 05:36:00,7.284,12.925
2024-03-03 05:37:00,7.459,13.016
2024-03-03 05:38:00,7.336,12.979
2024-03-03 05:39:00,7.511,12.714
2024-03-03 05:40:00,,13.185
2024-03-03 05:41:00,7.497,12.75
2024-03-03 05:42:00,7.495,13.296
2024-03-03 05:43:00,7.434,13.037
2024-03-03 05:44:00,7.419,12.931
2024-03-03 05:45:00,7.628,13.234
2024-03-03 05:46:00,7.56,13.108
2024-03-03 05:47:00,7.608,13.082
2024-03-03 05:48:00,7.109,13.688
2024-03-03 05:49:00,,12.781
2024-03-03 05:50:00,7.095,13.381
2024-03-03 05:51:00,7.223,13.095
2024-03-03 05:52:00,7.583,13.173
2024-03-03 05:53:00,7.453,13.071
2024-03-03 05:54:00,7.533,12.997
2024-03-03 05:55:00,7.242,12.904
2024-03-03 05:56:00,7.812,13.493
2024-03-03 05:57:00,7.227,12.774
2024-03-03 05:58:00,7.737,12.716
2024-03-03 05:59:00,7.663,13.402
2024-03-03 06:00:00,7.158,13.109
2024-03-03 06:01:00,7.479,13.16
2024-03-03 06:02:00,7.663,13.215
2024-03-03 06:03:00,7.58,12.987
2024-03-03 06:04:00,7.462,13.085
2024-03-03 06:05:00,7.276,12.963
2024-03-03 06:06:00,7.641,13.416
2024-03-03 06:07:00,7.628,12.915
2024-03-03 06:08:00,7.473,13.007
2024-03-03 06:09:00,7.472,13.207
2024-03-03 06:10:00,7.432,13.575
2024-03-03 06:11:00,7.448,13.228
2024-03-03 06:12:00,7.383,12.923
2024-03-03 06:13:00,7.708,13.026
2024-03-03 06:14:00,7.5,13.323
2024-03-03 06:15:00,7.478,
2024-03-03 06:16:00,7.55,13.355
2024-03-03 06:17:00,7.482,13.07
2024-03-03 06:18:00,7.478,13.214
2024-03-03 06:19:00,7.681,13.251
2024-03-03 06:20:00,7.442,13.177
2024-03-03 06:21:00,7.335,13.33
2024-03-03 06:22:00,7.547,13.189
2024-03-03 06:23:00,7.257,13.463
2024-03-03 06:24:00,6.999,13.25
2024-03-03 06:25:00,7.73,13.326
2024-03-03 06:26:00,7.528,13.199
2024-03-03 06:27:00,7.469,13.144
2024-03-03 06:28:00,7.576,13.31
2024-03-03 06:29:00,7.515,13.123
2024-03-03 06:30:00,7.527,13.178
2024-03-03 06:31:00,7.237,13.189
2024-03-03 06:32:00,7.284,13.333
2024-03-03 06:33:00,7.37,13.154
2024-03-03 06:34:00,7.674,12.864
2024-03-03 06:35:00,7.26,13.002
2024-03-03 06:36:00,7.369,12.967
2024-03-03 06:37:00,7.62,13.027
2024-03-03 06:38:00,7.786,13.075
2024-03-03 06:39:00,7.696,13.16
2024-03-03 06:40:00,7.445,13.126
2024-03-03 06:41:00,7.353,13.458
2024-03-03 06:42:00,7.599,13.24
2024-03-03 06:43:00,7.221,13.166
2024-03-03 06:44:00,7.416,13.41
2024-03-03 06:45:00,7.55,13.159
2024-03-03 06:46:00,7.567,13.142
2024-03-03 06:47:00,7.63,13.179
2024-03-03 06:48:00,7.298,13.233
2024-03-03 06:49:00,7.375,13.027
2024-03-03 06:50:00,7.554,12.881
2024-03-03 06:51:00,7.374,13.267
2024-03-03 06:52:00,7.221,12.952
2024-03-03 06:53:00,7.683,13.281
2024-03-03 06:54:00,7.629,13.06
2024-03-03 06:55:00,7.663,13.144
2024-03-03 06:56:00,7.406,13.546
2024-03-03 06:57:00,7.423,12.999
2024-03-03 06:58:00,7.509,13.298
2024-03-03 06:59:00,7.54,13.432
2024-03-03 07:00:00,7.452,13.145
2024-03-03 07:01:00,7.516,
2024-03-03 07:02:00,7.294,13.391
2024-03-03 07:03:00,7.575,13.438
2024-03-03 07:04:00,7.75,13.231
2024-03-03 07:05:00,7.473,13.319
2024-03-03 07:06:00,7.523,13.168
2024-03-03 07:07:00,7.372,13.219
2024-03-03 07:08:00,7.479,13.137
2024-03-03 07:09:00,7.398,13.315
2024-03-03 07:10:00,7.243,13.082
2024-03-03 07:11:00,7.482,12.71
2024-03-03 07:12:00,7.426,13.38
2024-03-03 07:13:00,7.576,13.589
2024-03-03 07:14:00,7.436,12.988
2024-03-03 07:15:00,7.698,13.156
2024-03-03 07:16:00,7.233,13.33
2024-03-03 07:17:00,7.316,12.943
2024-03-03 07:18:00,7.333,13.133
2024-03-03 07:19:00,7.422,12.914
2024-03-03 07:20:00,7.384,13.297
2024-03-03 07:21:00,7.67,13.255
2024-03-03 07:22:00,7.384,13.196
2024-03-03 07:23:00,7.485,13.177
2024-03-03 07:24:00,7.456,12.957
2024-03-03 07:25:00,7.392,13.62
2024-03-03 07:26:00,7.457,13.642
2024-03-03 07:27:00,7.512,13.074
2024-03-03 07:28:00,7.38,13.111
2024-03-03 07:29:00,,13.208
2024-03-03 07:30:00,7.193,13.328
2024-03-03 07:31:00,7.593,13.161
2024-03-03 07:32:00,7.191,13.078
2024-03-03 07:33:00,7.451,13.367
2024-03-03 07:34:00,7.453,13.16
2024-03-03 07:35:00,7.62,13.465
2024-03-03 07:36:00,7.586,13.189
2024-03-03 07:37:00,7.574,13.091
2024-03-03 07:38:00,7.406,13.765
2024-03-03 07:39:00,7.388,13.385
2024-03-03 07:40:00,7.125,13.125
2024-03-03 07:41:00,7.448,13.455
2024-03-03 07:42:00,7.642,13.493
2024-03-03 07:43:00,7.474,13.388
2024-03-03 07:44:00,7.354,13.259
2024-03-03 07:45:00,,12.968
2024-03-03 07:46:00,7.483,13.026
2024-03-03 07:47:00,7.642,13.058
2024-03-03 07:48:00,7.61,13.25
2024-03-03 07:49:00,7.382,13.079
2024-03-03 07:50:00,7.574,12.873
2024-03-03 07:51:00,7.726,13.22
2024-03-03 07:52:00,7.585,12.739
2024-03-03 07:53:00,7.467,13.196
2024-03-03 07:54:00,7.362,12.994
2024-03-03 07:55:00,7.548,13.091
2024-03-03 07:56:00,7.544,13.168
2024-03-03 07:57:00,7.603,13.337
2024-03-03 07:58:00,7.256,
2024-03-03 07:59:00,7.469,13.012
2024-03-03 08:00:00,7.396,13.085
2024-03-03 08:01:00,7.371,12.921
2024-03-03 08:02:00,7.383,12.87
2024-03-03 08:03:00,7.388,13.52
2024-03-03 08:04:00,7.48,12.779
2024-03-03 08:05:00,7.293,13.264
2024-03-03 08:06:00,7.398,13.328
2024-03-03 08:07:00,7.253,13.711
2024-03-03 08:08:00,,13.211
2024-03-03 08:09:00,7.46,13.218
2024-03-03 08:10:00,7.582,13.099
2024-03-03 08:11:00,7.502,13.284
2024-03-03 08:12:00,7.287,12.819
2024-03-03 08:13:00,7.12,12.893
2024-03-03 08:14:00,7.544,13.088
2024-03-03 08:15:00,7.66,12.851
2024-03-03 08:16:00,7.603,13.423
2024-03-03 08:17:00,7.48,12.996
2024-03-03 08:18:00,7.594,13.445
2024-03-03 08:19:00,7.653,13.181
2024-03-03 08:20:00,7.533,13.02
2024-03-03 08:21:00,7.599,13.434
2024-03-03 08:22:00,7.283,13.074
2024-03-03 08:23:00,,12.659
2024-03-03 08:24:00,7.359,13.105
2024-03-03 08:25:00,7.294,13.55
2024-03-03 08:26:00,7.265,13.306
2024-03-03 08:27:00,7.451,13.35
2024-03-03 08:28:00,7.506,13.201
2024-03-03 08:29:00,7.351,13.487
2024-03-03 08:30:00,7.547,13.143
2024-03-03 08:31:00,7.348,13.315
2024-03-03 08:32:00,,13.213
2024-03-03 08:33:00,7.456,13.113
2024-03-03 08:34:00,7.333,13.265
2024-03-03 08:35:00,7.193,13.169
2024-03-03 08:36:00,7.467,13.227
2024-03-03 08:37:00,7.346,12.609
2024-03-03 08:38:00,7.118,13.169
2024-03-03 08:39:00,7.376,13.032
2024-03-03 08:40:00,7.192,13.003
2024-03-03 08:41:00,7.266,13.613
2024-03-03 08:42:00,7.074,13.04
2024-03-03 08:43:00,7.228,13.062
2024-03-03 08:44:00,7.288,13.154
2024-03-03 08:45:00,7.645,12.803
2024-03-03 08:46:00,7.33,13.225
2024-03-03 08:47:00,7.463,12.926
2024-03-03 08:48:00,7.218,13.162
2024-03-03 08:49:00,7.268,12.96
2024-03-03 08:50:00,7.483,13.425
2024-03-03 08:51:00,7.374,12.988
2024-03-03 08:52:00,7.263,12.846
2024-03-03 08:53:00,7.575,13.282
2024-03-03 08:54:00,7.496,13.097
2024-03-03 08:55:00,7.582,13.177
2024-03-03 08:56:00,7.284,13.177
2024-03-03 08:57:00,7.439,
2024-03-03 08:58:00,7.403,12.928
2024-03-03 08:59:00,7.601,13.178
2024-03-03 09:00:00,7.484,13.168
2024-03-03 09:01:00,7.419,13.344
2024-03-03 09:02:00,7.305,13.019
2024-03-03 09:03:00,7.323,13.083
2024-03-03 09:04:00,7.114,13.336
2024-03-03 09:05:00,7.247,13.089
2024-03-03 09:06:00,,13.377
2024-03-03 09:07:00,7.596,
2024-03-03 09:08:00,7.292,
2024-03-03 09:09:00,7.454,12.892
2024-03-03 09:10:00,7.51,13.134
2024-03-03 09:11:00,7.472,13.022
2024-03-03 09:12:00,7.174,13.292
2024-03-03 09:13:00,7.419,13.179
2024-03-03 09:14:00,7.153,12.914
2024-03-03 09:15:00,7.57,12.831
2024-03-03 09:16:00,7.283,13.028
2024-03-03 09:17:00,7.302,13.317
2024-03-03 09:18:00,7.213,12.944
2024-03-03 09:19:00,7.325,13.026
2024-03-03 09:20:00,7.395,13.157
2024-03-03 09:21:00,7.413,13.067
2024-03-03 09:22:00,7.347,13.089
2024-03-03 09:23:00,7.457,13.447
2024-03-03 09:24:00,7.21,13.365
2024-03-03 09:25:00,7.622,13.099
2024-03-03 09:26:00,7.566,13.003
2024-03-03 09:27:00,7.313,13.103
2024-03-03 09:28:00,7.323,13.091
2024-03-03 09:29:00,7.634,12.863
2024-03-03 09:30:00,6.906,12.782
2024-03-03 09:31:00,7.474,13.117
2024-03-03 09:32:00,7.656,13.115
2024-03-03 09:33:00,7.391,12.573
2024-03-03 09:34:00,7.445,13.071
2024-03-03 09:35:00,7.458,12.965
2024-03-03 09:36:00,7.251,12.714
2024-03-03 09:37:00,7.509,13.165
2024-03-03 09:38:00,7.513,12.767
2024-03-03 09:39:00,7.213,12.713
2024-03-03 09:40:00,7.321,13.135
2024-03-03 09:41:00,7.189,13.252
2024-03-03 09:42:00,7.442,13.084
2024-03-03 09:43:00,7.223,13.062
2024-03-03 09:44:00,7.32,13.181
2024-03-03 09:45:00,6.998,12.721
2024-03-03 09:46:00,7.257,12.99
2024-03-03 09:47:00,7.276,12.806
2024-03-03 09:48:00,7.068,12.858
2024-03-03 09:49:00,7.334,13.045
2024-03-03 09:50:00,7.288,13.018
2024-03-03 09:51:00,6.94,13.146
2024-03-03 09:52:00,7.343,12.915
2024-03-03 09:53:00,7.276,12.967
2024-03-03 09:54:00,7.423,13.135
2024-03-03 09:55:00,7.339,12.793
2024-03-03 09:56:00,7.303,12.959
2024-03-03 09:57:00,7.33,13.177
2024-03-03 09:58:00,7.288,13.26
2024-03-03 09:59:00,7.405,13.025
2024-03-03 10:00:00,7.356,13.11
2024-03-03 10:01:00,7.24,12.652
2024-03-03 10:02:00,7.381,13.153
2024-03-03 10:03:00,7.22,13.252
2024-03-03 10:04:00,7.175,12.943
2024-03-03 10:05:00,7.368,13.019
2024-03-03 10:06:00,7.043,13.141
2024-03-03 10:07:00,7.243,12.434
2024-03-03 10:08:00,7.39,12.972
2024-03-03 10:09:00,7.174,13.178
2024-03-03 10:10:00,6.85,13.077
2024-03-03 10:11:00,7.254,
2024-03-03 10:12:00,7.381,12.92
2024-03-03 10:13:00,7.291,12.801
2024-03-03 10:14:00,7.304,12.916
2024-03-03 10:15:00,7.1,13.0
2024-03-03 10:16:00,7.403,12.593
2024-03-03 10:17:00,7.18,12.788
2024-03-03 10:18:00,6.87,12.85
2024-03-03 10:19:00,7.156,12.865
2024-03-03 10:20:00,7.341,13.29
2024-03-03 10:21:00,7.185,13.032
2024-03-03 10:22:00,7.273,12.943
2024-03-03 10:23:00,6.955,12.936
2024-03-03 10:24:00,7.053,12.637
2024-03-03 10:25:00,7.324,12.765
2024-03-03 10:26:00,7.333,12.829
2024-03-03 10:27:00,7.084,12.957
2024-03-03 10:28:00,7.149,12.899
2024-03-03 10:29:00,7.076,12.841
2024-03-03 10:30:00,7.179,12.66
2024-03-03 10:31:00,7.309,13.182
2024-03-03 10:32:00,7.028,12.574
2024-03-03 10:33:00,7.398,12.575
2024-03-03 10:34:00,7.114,12.765
2024-03-03 10:35:00,7.346,12.626
2024-03-03 10:36:00,6.745,12.586
2024-03-03 10:37:00,7.687,12.744
2024-03-03 10:38:00,7.495,12.664
2024-03-03 10:39:00,7.291,12.794
2024-03-03 10:40:00,7.424,12.971
2024-03-03 10:41:00,7.19,12.917
2024-03-03 10:42:00,6.864,12.633
2024-03-03 10:43:00,7.145,12.369
2024-03-03 10:44:00,7.464,13.005
2024-03-03 10:45:00,7.011,12.677
2024-03-03 10:46:00,7.116,12.48
2024-03-03 10:47:00,6.935,12.958
2024-03-03 10:48:00,6.958,12.513
2024-03-03 10:49:00,7.082,13.024
2024-03-03 10:50:00,7.363,12.57
2024-03-03 10:51:00,6.886,12.851
2024-03-03 10:52:00,7.083,12.788
2024-03-03 10:53:00,7.158,12.606
2024-03-03 10:54:00,7.265,12.833
2024-03-03 10:55:00,7.161,12.957
2024-03-03 10:56:00,7.013,13.094
2024-03-03 10:57:00,7.122,12.584
2024-03-03 10:58:00,7.204,12.545
2024-03-03 10:59:00,7.074,12.466
2024-03-03 11:00:00,7.328,12.565
2024-03-03 11:01:00,7.04,12.663
2024-03-03 11:02:00,6.964,12.622
2024-03-03 11:03:00,7.118,12.923
2024-03-03 11:04:00,6.947,12.408
2024-03-03 11:05:00,7.198,13.138
2024-03-03 11:06:00,7.241,12.636
2024-03-03 11:07:00,7.041,12.541
2024-03-03 11:08:00,7.159,12.301
2024-03-03 11:09:00,6.818,12.475
2024-03-03 11:10:00,6.918,12.401
2024-03-03 11:11:00,6.857,12.811
2024-03-03 11:12:00,6.903,12.679
2024-03-03 11:13:00,7.177,12.864
2024-03-03 11:14:00,7.403,12.581
2024-03-03 11:15:00,6.973,12.734
2024-03-03 11:16:00,6.945,12.647
2024-03-03 11:17:00,7.021,12.682
2024-03-03 11:18:00,6.903,12.678
2024-03-03 11:19:00,7.023,12.575
2024-03-03 11:20:00,7.034,12.454
2024-03-03 11:21:00,6.925,12.386
2024-03-03 11:22:00,7.354,12.524
2024-03-03 11:23:00,7.103,12.478
2024-03-03 11:24:00,7.108,12.636
2024-03-03 11:25:00,6.926,12.54
2024-03-03 11:26:00,7.03,12.791
2024-03-03 11:27:00,6.987,12.748
2024-03-03 11:28:00,7.154,12.974
2024-03-03 11:29:00,7.104,12.548
2024-03-03 11:30:00,7.193,12.495
2024-03-03 11:31:00,7.064,12.515
2024-03-03 11:32:00,7.083,12.48
2024-03-03 11:33:00,6.994,12.489
2024-03-03 11:34:00,6.898,12.359
2024-03-03 11:35:00,6.932,12.596
2024-03-03 11:36:00,7.202,12.486
2024-03-03 11:37:00,6.971,12.766
2024-03-03 11:38:00,6.989,12.284
2024-03-03 11:39:00,7.007,12.287
2024-03-03 11:40:00,6.748,12.741
2024-03-03 11:41:00,7.181,12.283
2024-03-03 11:42:00,6.807,12.541
2024-03-03 11:43:00,7.059,12.244
2024-03-03 11:44:00,7.047,12.635
2024-03-03 11:45:00,,12.321
2024-03-03 11:46:00,6.95,12.7
2024-03-03 11:47:00,6.745,12.169
2024-03-03 11:48:00,6.922,12.536
2024-03-03 11:49:00,7.174,12.451
2024-03-03 11:50:00,7.261,12.481
2024-03-03 11:51:00,7.177,12.349
2024-03-03 11:52:00,7.168,12.629
2024-03-03 11:53:00,6.816,12.213
2024-03-03 11:54:00,7.095,12.56
2024-03-03 11:55:00,7.136,12.16
2024-03-03 11:56:00,6.886,12.298
2024-03-03 11:57:00,6.891,12.437
2024-03-03 11:58:00,7.224,12.211
2024-03-03 11:59:00,7.167,12.193
2024-03-03 12:00:00,7.002,12.206
2024-03-03 12:01:00,6.895,12.393
2024-03-03 12:02:00,6.773,12.296
2024-03-03 12:03:00,7.121,12.392
2024-03-03 12:04:00,7.402,12.098
2024-03-03 12:05:00,6.696,12.274
2024-03-03 12:06:00,7.304,12.346
2024-03-03 12:07:00,7.113,12.471
2024-03-03 12:08:00,6.885,12.299
2024-03-03 12:09:00,6.784,12.355
2024-03-03 12:10:00,7.095,12.347
2024-03-03 12:11:00,7.099,12.52
2024-03-03 12:12:00,6.963,12.107
2024-03-03 12:13:00,6.684,12.384
2024-03-03 12:14:00,7.042,12.53
2024-03-03 12:15:00,6.818,12.207
2024-03-03 12:16:00,7.075,12.221
2024-03-03 12:17:00,6.894,12.444
2024-03-03 12:18:00,6.746,12.565
2024-03-03 12:19:00,7.081,12.508
2024-03-03 12:20:00,6.864,12.287
2024-03-03 12:21:00,,11.997
2024-03-03 12:22:00,7.012,11.948
2024-03-03 12:23:00,7.119,12.527
2024-03-03 12:24:00,6.932,12.169
2024-03-03 12:25:00,7.192,12.477
2024-03-03 12:26:00,7.062,12.169
2024-03-03 12:27:00,7.416,12.266
2024-03-03 12:28:00,7.203,12.321
2024-03-03 12:29:00,6.748,12.21
2024-03-03 12:30:00,6.692,12.63
2024-03-03 12:31:00,7.29,12.331
2024-03-03 12:32:00,7.044,12.21
2024-03-03 12:33:00,7.033,12.081
2024-03-03 12:34:00,6.717,12.574
2024-03-03 12:35:00,6.944,12.177
2024-03-03 12:36:00,6.791,12.124
2024-03-03 12:37:00,6.957,11.867
2024-03-03 12:38:00,6.791,12.102
2024-03-03 12:39:00,7.248,11.688
2024-03-03 12:40:00,7.007,12.182
2024-03-03 12:41:00,6.897,12.193
2024-03-03 12:42:00,6.789,12.062
2024-03-03 12:43:00,6.578,12.15
2024-03-03 12:44:00,6.836,12.062
2024-03-03 12:45:00,7.008,12.42
2024-03-03 12:46:00,6.64,11.681
2024-03-03 12:47:00,6.821,11.897
2024-03-03 12:48:00,7.153,12.195
2024-03-03 12:49:00,6.706,12.073
2024-03-03 12:50:00,7.005,11.818
2024-03-03 12:51:00,6.909,12.134
2024-03-03 12:52:00,6.96,12.145
2024-03-03 12:53:00,6.876,12.199
2024-03-03 12:54:00,6.652,12.429
2024-03-03 12:55:00,7.013,12.21
2024-03-03 12:56:00,6.546,11.955
2024-03-03 12:57:00,6.799,12.138
2024-03-03 12:58:00,6.831,12.369
2024-03-03 12:59:00,6.789,12.442
2024-03-03 13:00:00,6.91,11.915
2024-03-03 13:01:00,6.663,12.463
2024-03-03 13:02:00,,11.922
2024-03-03 13:03:00,6.82,12.238
2024-03-03 13:04:00,6.685,11.997
2024-03-03 13:05:00,6.95,12.035
2024-03-03 13:06:00,6.719,12.006
2024-03-03 13:07:00,6.783,11.796
2024-03-03 13:08:00,6.786,11.901
2024-03-03 13:09:00,6.862,12.126
2024-03-03 13:10:00,6.925,12.153
2024-03-03 13:11:00,6.811,12.056
2024-03-03 13:12:00,6.537,11.781
2024-03-03 13:13:00,7.175,11.749
2024-03-03 13:14:00,6.737,12.279
2024-03-03 13:15:00,6.606,12.04
2024-03-03 13:16:00,6.799,11.671
2024-03-03 13:17:00,6.776,12.09
2024-03-03 13:18:00,6.916,12.029
2024-03-03 13:19:00,6.947,11.986
2024-03-03 13:20:00,6.982,12.25
2024-03-03 13:21:00,6.951,11.629
2024-03-03 13:22:00,7.001,11.72
2024-03-03 13:23:00,6.372,11.788
2024-03-03 13:24:00,6.924,12.033
2024-03-03 13:25:00,13.203,12.016
2024-03-03 13:26:00,7.117,11.716
2024-03-03 13:27:00,6.904,11.693
2024-03-03 13:28:00,6.753,12.295
2024-03-03 13:29:00,6.738,11.936
2024-03-03 13:30:00,6.773,11.68
2024-03-03 13:31:00,6.788,11.952
2024-03-03 13:32:00,6.825,11.785
2024-03-03 13:33:00,6.531,11.708
2024-03-03 13:34:00,6.536,11.991
2024-03-03 13:35:00,6.759,12.165
2024-03-03 13:36:00,6.942,12.02
2024-03-03 13:37:00,10.811,11.893
2024-03-03 13:38:00,6.79,11.598
2024-03-03 13:39:00,7.003,11.849
2024-03-03 13:40:00,6.681,11.81
2024-03-03 13:41:00,6.869,12.009
2024-03-03 13:42:00,6.791,11.755
2024-03-03 13:43:00,6.894,11.52
2024-03-03 13:44:00,6.485,11.672
2024-03-03 13:45:00,6.635,11.444
2024-03-03 13:46:00,6.774,11.568
2024-03-03 13:47:00,6.988,11.628
2024-03-03 13:48:00,6.776,12.049
2024-03-03 13:49:00,6.853,12.065
2024-03-03 13:50:00,6.716,11.727
2024-03-03 13:51:00,6.711,11.884
2024-03-03 13:52:00,6.532,11.82
2024-03-03 13:53:00,,11.574
2024-03-03 13:54:00,6.778,11.584
2024-03-03 13:55:00,6.904,11.995
2024-03-03 13:56:00,6.887,11.542
2024-03-03 13:57:00,6.789,12.156
2024-03-03 13:58:00,7.008,11.581
2024-03-03 13:59:00,6.72,12.11
2024-03-03 14:00:00,6.734,11.927
2024-03-03 14:01:00,6.704,11.649
2024-03-03 14:02:00,6.716,11.373
2024-03-03 14:03:00,6.57,11.585
2024-03-03 14:04:00,6.557,11.974
2024-03-03 14:05:00,6.966,11.728
2024-03-03 14:06:00,6.585,11.447
2024-03-03 14:07:00,6.816,11.557
2024-03-03 14:08:00,6.663,11.501
2024-03-03 14:09:00,6.602,11.805
2024-03-03 14:10:00,6.476,11.629
2024-03-03 14:11:00,6.891,11.361
2024-03-03 14:12:00,6.594,11.52
2024-03-03 14:13:00,6.701,11.437
2024-03-03 14:14:00,6.515,11.964
2024-03-03 14:15:00,6.344,11.526
2024-03-03 14:16:00,6.795,11.759
2024-03-03 14:17:00,6.886,12.058
2024-03-03 14:18:00,6.718,11.865
2024-03-03 14:19:00,6.759,11.451
2024-03-03 14:20:00,6.618,11.301
2024-03-03 14:21:00,7.065,11.734
2024-03-03 14:22:00,6.386,11.56
2024-03-03 14:23:00,6.459,11.381
2024-03-03 14:24:00,6.583,11.545
2024-03-03 14:25:00,6.889,11.235
2024-03-03 14:26:00,6.628,11.375
2024-03-03 14:27:00,,11.594
2024-03-03 14:28:00,6.674,11.552
2024-03-03 14:29:00,6.756,11.522
2024-03-03 14:30:00,6.774,11.563
2024-03-03 14:31:00,6.504,11.15
2024-03-03 14:32:00,6.603,11.694
2024-03-03 14:33:00,6.935,11.863
2024-03-03 14:34:00,6.626,11.757
2024-03-03 14:35:00,6.583,11.445
2024-03-03 14:36:00,6.651,11.572
2024-03-03 14:37:00,6.463,11.472
2024-03-03 14:38:00,6.651,11.624
2024-03-03 14:39:00,6.963,11.554
2024-03-03 14:40:00,6.697,11.653
2024-03-03 14:41:00,6.668,11.33
2024-03-03 14:42:00,6.892,11.657
2024-03-03 14:43:00,6.562,11.355
2024-03-03 14:44:00,6.564,11.473
2024-03-03 14:45:00,6.584,11.47
2024-03-03 14:46:00,6.534,11.766
2024-03-03 14:47:00,6.6,11.67
2024-03-03 14:48:00,6.943,11.622
2024-03-03 14:49:00,6.542,11.546
2024-03-03 14:50:00,6.611,11.573
2024-03-03 14:51:00,6.652,11.385
2024-03-03 14:52:00,6.575,11.822
2024-03-03 14:53:00,6.74,11.394
2024-03-03 14:54:00,6.669,11.57
2024-03-03 14:55:00,6.612,11.326
2024-03-03 14:56:00,6.616,11.483
2024-03-03 14:57:00,6.699,11.415
2024-03-03 14:58:00,6.93,11.472
2024-03-03 14:59:00,6.716,11.642
2024-03-03 15:00:00,6.863,11.296
2024-03-03 15:01:00,6.8,11.589
2024-03-03 15:02:00,6.563,11.82
2024-03-03 15:03:00,6.577,11.508
2024-03-03 15:04:00,6.602,11.549
2024-03-03 15:05:00,6.8,11.236
2024-03-03 15:06:00,6.486,11.246
2024-03-03 15:07:00,6.449,11.357
2024-03-03 15:08:00,6.669,11.864
2024-03-03 15:09:00,6.484,11.347
2024-03-03 15:10:00,6.598,11.549
2024-03-03 15:11:00,6.632,10.96
2024-03-03 15:12:00,6.45,11.483
2024-03-03 15:13:00,6.515,11.658
2024-03-03 15:14:00,6.611,10.992
2024-03-03 15:15:00,6.414,11.209
2024-03-03 15:16:00,6.769,11.053
2024-03-03 15:17:00,6.759,11.242
2024-03-03 15:18:00,6.509,11.277
2024-03-03 15:19:00,6.685,11.009
2024-03-03 15:20:00,6.469,11.321
2024-03-03 15:21:00,6.549,11.241
2024-03-03 15:22:00,6.661,11.395
2024-03-03 15:23:00,6.496,11.298
2024-03-03 15:24:00,6.876,11.383
2024-03-03 15:25:00,6.35,11.157
2024-03-03 15:26:00,6.55,11.406
2024-03-03 15:27:00,6.655,11.666
2024-03-03 15:28:00,6.356,11.305
2024-03-03 15:29:00,6.631,11.015
2024-03-03 15:30:00,,11.413
2024-03-03 15:31:00,,11.405
2024-03-03 15:32:00,6.729,11.281
2024-03-03 15:33:00,6.592,11.236
2024-03-03 15:34:00,6.685,10.913
2024-03-03 15:35:00,6.689,11.169
2024-03-03 15:36:00,6.467,11.539
2024-03-03 15:37:00,6.322,11.533
2024-03-03 15:38:00,6.435,11.121
2024-03-03 15:39:00,6.532,10.999
2024-03-03 15:40:00,6.677,11.086
2024-03-03 15:41:00,6.594,11.55
2024-03-03 15:42:00,6.492,11.266
2024-03-03 15:43:00,6.549,11.445
2024-03-03 15:44:00,6.474,11.24
2024-03-03 15:45:00,6.433,11.186
2024-03-03 15:46:00,,11.172
2024-03-03 15:47:00,6.757,11.178
2024-03-03 15:48:00,6.432,10.758
2024-03-03 15:49:00,6.666,11.414
2024-03-03 15:50:00,6.272,11.277
2024-03-03 15:51:00,6.568,11.245
2024-03-03 15:52:00,6.574,11.434
2024-03-03 15:53:00,6.502,10.977
2024-03-03 15:54:00,6.627,11.442
2024-03-03 15:55:00,6.485,11.183
2024-03-03 15:56:00,6.823,11.194
2024-03-03 15:57:00,6.558,11.147
2024-03-03 15:58:00,6.773,11.287
2024-03-03 15:59:00,6.55,10.777
2024-03-03 16:00:00,6.493,11.216
2024-03-03 16:01:00,6.546,11.532
2024-03-03 16:02:00,6.54,11.232
2024-03-03 16:03:00,6.312,10.93
2024-03-03 16:04:00,6.558,10.858
2024-03-03 16:05:00,6.649,10.886
2024-03-03 16:06:00,6.704,11.106
2024-03-03 16:07:00,6.359,11.289
2024-03-03 16:08:00,6.821,11.229
2024-03-03 16:09:00,6.615,11.129
2024-03-03 16:10:00,6.775,10.901
2024-03-03 16:11:00,6.401,
2024-03-03 16:12:00,6.77,11.246
2024-03-03 16:13:00,6.472,11.089
2024-03-03 16:14:00,6.52,11.077
2024-03-03 16:15:00,6.496,11.045
2024-03-03 16:16:00,6.342,10.955
2024-03-03 16:17:00,6.68,10.926
2024-03-03 16:18:00,6.422,11.122
2024-03-03 16:19:00,6.714,10.931
2024-03-03 16:20:00,6.57,11.054
2024-03-03 16:21:00,6.506,10.979
2024-03-03 16:22:00,6.514,10.989
2024-03-03 16:23:00,6.328,10.906
2024-03-03 16:24:00,6.672,11.293
2024-03-03 16:25:00,6.71,11.108
2024-03-03 16:26:00,6.547,11.27
2024-03-03 16:27:00,6.339,11.153
2024-03-03 16:28:00,6.455,11.119
2024-03-03 16:29:00,6.712,11.141
2024-03-03 16:30:00,6.551,11.118
2024-03-03 16:31:00,6.574,10.747
2024-03-03 16:32:00,6.672,11.385
2024-03-03 16:33:00,,11.069
2024-03-03 16:34:00,6.585,10.969
2024-03-03 16:35:00,6.788,11.039
2024-03-03 16:36:00,6.512,11.061
2024-03-03 16:37:00,6.449,10.906
2024-03-03 16:38:00,6.468,11.168
2024-03-03 16:39:00,6.719,10.993
2024-03-03 16:40:00,6.583,10.683
2024-03-03 16:41:00,6.589,11.365
2024-03-03 16:42:00,6.801,11.08
2024-03-03 16:43:00,6.555,11.273
2024-03-03 16:44:00,6.475,10.834
2024-03-03 16:45:00,6.488,10.827
2024-03-03 16:46:00,6.491,11.323
2024-03-03 16:47:00,6.498,11.219
2024-03-03 16:48:00,6.428,11.018
2024-03-03 16:49:00,6.363,11.056
2024-03-03 16:50:00,6.548,10.958
2024-03-03 16:51:00,6.54,11.323
2024-03-03 16:52:00,6.417,10.994
2024-03-03 16:53:00,6.443,10.773
2024-03-03 16:54:00,6.476,11.08
2024-03-03 16:55:00,6.609,11.12
2024-03-03 16:56:00,6.739,10.986
2024-03-03 16:57:00,6.344,
2024-03-03 16:58:00,,11.004
2024-03-03 16:59:00,6.57,10.905
2024-03-03 17:00:00,6.746,11.225
2024-03-03 17:01:00,6.522,11.055
2024-03-03 17:02:00,6.568,11.095
2024-03-03 17:03:00,6.396,11.126
2024-03-03 17:04:00,6.649,10.636
2024-03-03 17:05:00,6.463,10.78
2024-03-03 17:06:00,6.635,11.424
2024-03-03 17:07:00,6.404,10.958
2024-03-03 17:08:00,6.625,11.2
2024-03-03 17:09:00,6.481,11.272
2024-03-03 17:10:00,6.675,11.087
2024-03-03 17:11:00,6.423,10.941
2024-03-03 17:12:00,6.688,11.08
2024-03-03 17:13:00,6.494,
2024-03-03 17:14:00,6.521,11.153
2024-03-03 17:15:00,6.421,10.85
2024-03-03 17:16:00,6.432,10.989
2024-03-03 17:17:00,6.685,10.723
2024-03-03 17:18:00,6.658,11.067
2024-03-03 17:19:00,6.298,10.741
2024-03-03 17:20:00,6.625,11.123
2024-03-03 17:21:00,6.471,11.027
2024-03-03 17:22:00,6.553,11.09
2024-03-03 17:23:00,6.631,10.944
2024-03-03 17:24:00,6.687,10.846
2024-03-03 17:25:00,6.701,10.814
2024-03-03 17:26:00,6.726,10.952
2024-03-03 17:27:00,6.415,10.943
2024-03-03 17:28:00,6.671,11.045
2024-03-03 17:29:00,6.463,10.586
2024-03-03 17:30:00,6.472,10.456
2024-03-03 17:31:00,6.438,10.778
2024-03-03 17:32:00,6.278,11.049
2024-03-03 17:33:00,6.718,10.73
2024-03-03 17:34:00,6.471,11.019
2024-03-03 17:35:00,6.579,10.764
2024-03-03 17:36:00,6.494,10.917
2024-03-03 17:37:00,6.57,11.206
2024-03-03 17:38:00,6.356,10.818
2024-03-03 17:39:00,6.737,10.767
2024-03-03 17:40:00,6.646,10.83
2024-03-03 17:41:00,6.459,10.697
2024-03-03 17:42:00,6.547,10.971
2024-03-03 17:43:00,6.011,11.133
2024-03-03 17:44:00,6.476,11.159
2024-03-03 17:45:00,6.312,10.745
2024-03-03 17:46:00,6.64,11.028
2024-03-03 17:47:00,6.568,10.992
2024-03-03 17:48:00,6.446,11.069
2024-03-03 17:49:00,6.55,10.926
2024-03-03 17:50:00,6.49,10.683
2024-03-03 17:51:00,6.717,10.813
2024-03-03 17:52:00,6.507,10.775
2024-03-03 17:53:00,12.506,10.788
2024-03-03 17:54:00,6.535,11.16
2024-03-03 17:55:00,6.583,10.561
2024-03-03 17:56:00,6.04,10.715
2024-03-03 17:57:00,,11.114
2024-03-03 17:58:00,6.068,10.747
2024-03-03 17:59:00,6.703,10.921
2024-03-03 18:00:00,6.443,10.836
2024-03-03 18:01:00,6.498,10.801
2024-03-03 18:02:00,6.198,11.137
2024-03-03 18:03:00,6.589,10.533
2024-03-03 18:04:00,6.269,10.975
2024-03-03 18:05:00,6.461,11.086
2024-03-03 18:06:00,6.643,10.725
2024-03-03 18:07:00,6.373,10.494
2024-03-03 18:08:00,6.723,10.594
2024-03-03 18:09:00,6.333,10.61
2024-03-03 18:10:00,6.268,10.821
2024-03-03 18:11:00,6.516,10.879
2024-03-03 18:12:00,6.682,10.556
2024-03-03 18:13:00,6.42,
2024-03-03 18:14:00,6.517,10.518
2024-03-03 18:15:00,6.727,10.885
2024-03-03 18:16:00,6.68,11.181
2024-03-03 18:17:00,6.615,10.819
2024-03-03 18:18:00,6.445,10.951
2024-03-03 18:19:00,6.516,10.814
2024-03-03 18:20:00,6.472,10.64
2024-03-03 18:21:00,6.719,10.853
2024-03-03 18:22:00,6.705,11.132
2024-03-03 18:23:00,6.47,10.859
2024-03-03 18:24:00,6.227,10.7
2024-03-03 18:25:00,,10.744
2024-03-03 18:26:00,6.375,11.081
2024-03-03 18:27:00,6.234,10.93
2024-03-03 18:28:00,13.287,10.907
2024-03-03 18:29:00,6.371,11.312
2024-03-03 18:30:00,6.456,11.032
2024-03-03 18:31:00,6.747,10.991
2024-03-03 18:32:00,6.358,10.821
2024-03-03 18:33:00,6.526,10.949
2024-03-03 18:34:00,6.249,10.762
2024-03-03 18:35:00,6.548,10.624
2024-03-03 18:36:00,6.46,10.581
2024-03-03 18:37:00,6.201,10.959
2024-03-03 18:38:00,6.581,10.656
2024-03-03 18:39:00,6.508,10.629
2024-03-03 18:40:00,6.427,10.638
2024-03-03 18:41:00,6.72,11.003
2024-03-03 18:42:00,6.584,10.523
2024-03-03 18:43:00,6.369,11.029
2024-03-03 18:44:00,6.752,10.668
2024-03-03 18:45:00,6.535,10.506
2024-03-03 18:46:00,6.607,10.699
2024-03-03 18:47:00,6.53,10.913
2024-03-03 18:48:00,6.78,10.812
2024-03-03 18:49:00,6.34,10.781
2024-03-03 18:50:00,6.409,10.932
2024-03-03 18:51:00,6.522,10.627
2024-03-03 18:52:00,6.51,10.637
2024-03-03 18:53:00,6.462,11.223
2024-03-03 18:54:00,6.477,11.002
2024-03-03 18:55:00,,10.861
2024-03-03 18:56:00,6.459,10.812
2024-03-03 18:57:00,6.458,10.285
2024-03-03 18:58:00,6.432,10.716
2024-03-03 18:59:00,6.397,10.673
2024-03-03 19:00:00,6.676,10.682
2024-03-03 19:01:00,6.428,10.474
2024-03-03 19:02:00,6.699,10.839
2024-03-03 19:03:00,6.301,10.646
2024-03-03 19:04:00,6.415,
2024-03-03 19:05:00,6.57,10.489
2024-03-03 19:06:00,6.596,10.719
2024-03-03 19:07:00,6.619,11.172
2024-03-03 19:08:00,6.571,10.85
2024-03-03 19:09:00,6.67,10.916
2024-03-03 19:10:00,6.557,10.828
2024-03-03 19:11:00,6.239,10.388
2024-03-03 19:12:00,6.279,11.027
2024-03-03 19:13:00,6.785,10.591
2024-03-03 19:14:00,6.634,10.566
2024-03-03 19:15:00,6.616,10.924
2024-03-03 19:16:00,6.545,10.715
2024-03-03 19:17:00,6.507,10.757
2024-03-03 19:18:00,6.809,10.406
2024-03-03 19:19:00,6.624,11.198
2024-03-03 19:20:00,6.695,10.613
2024-03-03 19:21:00,6.203,10.867
2024-03-03 19:22:00,6.449,11.078
2024-03-03 19:23:00,6.71,11.243
2024-03-03 19:24:00,6.489,10.785
2024-03-03 19:25:00,6.282,10.597
2024-03-03 19:26:00,6.397,10.856
2024-03-03 19:27:00,6.736,10.554
2024-03-03 19:28:00,6.544,10.663
2024-03-03 19:29:00,6.627,10.711
2024-03-03 19:30:00,6.571,10.745
2024-03-03 19:31:00,6.619,11.069
2024-03-03 19:32:00,6.511,11.123
2024-03-03 19:33:00,6.576,11.139
2024-03-03 19:34:00,6.546,10.867
2024-03-03 19:35:00,6.549,11.181
2024-03-03 19:36:00,6.471,11.094
2024-03-03 19:37:00,6.397,10.961
2024-03-03 19:38:00,6.569,10.959
2024-03-03 19:39:00,6.463,
2024-03-03 19:40:00,6.811,10.903
2024-03-03 19:41:00,6.62,10.796
2024-03-03 19:42:00,6.436,11.093
2024-03-03 19:43:00,6.359,10.807
2024-03-03 19:44:00,6.641,11.139
2024-03-03 19:45:00,6.481,10.889
2024-03-03 19:46:00,6.41,11.088
2024-03-03 19:47:00,6.683,10.509
2024-03-03 19:48:00,6.799,10.941
2024-03-03 19:49:00,6.397,10.64
2024-03-03 19:50:00,6.457,10.822
2024-03-03 19:51:00,6.732,11.188
2024-03-03 19:52:00,6.436,10.621
2024-03-03 19:53:00,6.625,10.884
2024-03-03 19:54:00,6.452,10.84
2024-03-03 19:55:00,6.542,10.997
2024-03-03 19:56:00,6.562,10.919
2024-03-03 19:57:00,6.418,10.925
2024-03-03 19:58:00,6.699,11.104
2024-03-03 19:59:00,6.553,10.958
2024-03-03 20:00:00,6.657,10.686
2024-03-03 20:01:00,6.695,11.034
2024-03-03 20:02:00,6.408,10.809
2024-03-03 20:03:00,6.175,10.947
2024-03-03 20:04:00,6.609,10.907
2024-03-03 20:05:00,6.612,10.668
2024-03-03 20:06:00,6.539,10.312
2024-03-03 20:07:00,6.382,10.957
2024-03-03 20:08:00,6.585,10.961
2024-03-03 20:09:00,6.447,11.057
2024-03-03 20:10:00,6.386,10.405
2024-03-03 20:11:00,6.317,10.836
2024-03-03 20:12:00,6.192,10.707
2024-03-03 20:13:00,6.757,
2024-03-03 20:14:00,6.781,10.744
2024-03-03 20:15:00,6.538,11.081
2024-03-03 20:16:00,6.412,10.92
2024-03-03 20:17:00,6.667,10.638
2024-03-03 20:18:00,6.802,11.072
2024-03-03 20:19:00,6.578,11.067
2024-03-03 20:20:00,6.443,10.862
2024-03-03 20:21:00,6.712,10.924
2024-03-03 20:22:00,6.394,10.76
2024-03-03 20:23:00,6.622,10.652
2024-03-03 20:24:00,6.835,11.211
2024-03-03 20:25:00,,11.021
2024-03-03 20:26:00,6.689,10.939
2024-03-03 20:27:00,6.683,10.995
2024-03-03 20:28:00,6.589,10.886
2024-03-03 20:29:00,6.709,11.054
2024-03-03 20:30:00,6.824,10.721
2024-03-03 20:31:00,6.707,10.732
2024-03-03 20:32:00,6.801,10.895
2024-03-03 20:33:00,6.844,11.081
2024-03-03 20:34:00,6.692,11.269
2024-03-03 20:35:00,,10.763
2024-03-03 20:36:00,6.529,10.914
2024-03-03 20:37:00,6.678,11.002
2024-03-03 20:38:00,6.564,10.665
2024-03-03 20:39:00,6.591,10.978
2024-03-03 20:40:00,6.537,11.049
2024-03-03 20:41:00,6.652,10.767
2024-03-03 20:42:00,6.771,10.622
2024-03-03 20:43:00,6.628,11.022
2024-03-03 20:44:00,6.539,11.109
2024-03-03 20:45:00,6.707,10.972
2024-03-03 20:46:00,6.456,11.027
2024-03-03 20:47:00,6.626,10.968
2024-03-03 20:48:00,6.913,10.864
2024-03-03 20:49:00,11.647,10.594
2024-03-03 20:50:00,6.289,11.088
2024-03-03 20:51:00,6.52,10.886
2024-03-03 20:52:00,,11.093
2024-03-03 20:53:00,6.522,10.889
2024-03-03 20:54:00,6.475,10.679
2024-03-03 20:55:00,6.52,10.904
2024-03-03 20:56:00,6.482,10.872
2024-03-03 20:57:00,6.636,11.138
2024-03-03 20:58:00,6.663,11.186
2024-03-03 20:59:00,6.477,10.588
2024-03-03 21:00:00,6.616,10.906
2024-03-03 21:01:00,6.792,
2024-03-03 21:02:00,6.9,10.719
2024-03-03 21:03:00,6.42,10.594
2024-03-03 21:04:00,6.816,10.951
2024-03-03 21:05:00,6.772,10.722
2024-03-03 21:06:00,6.787,10.827
2024-03-03 21:07:00,6.359,11.04
2024-03-03 21:08:00,6.8,11.004
2024-03-03 21:09:00,6.456,10.834
2024-03-03 21:10:00,6.706,11.18
2024-03-03 21:11:00,6.713,11.086
2024-03-03 21:12:00,6.452,10.769
2024-03-03 21:13:00,6.685,10.954
2024-03-03 21:14:00,6.697,11.12
2024-03-03 21:15:00,6.467,11.01
2024-03-03 21:16:00,6.418,11.176
2024-03-03 21:17:00,6.701,11.004
2024-03-03 21:18:00,6.479,
2024-03-03 21:19:00,6.454,10.822
2024-03-03 21:20:00,6.509,10.891
2024-03-03 21:21:00,6.566,10.498
2024-03-03 21:22:00,6.889,11.173
2024-03-03 21:23:00,6.642,11.146
2024-03-03 21:24:00,6.645,10.741
2024-03-03 21:25:00,6.907,11.185
2024-03-03 21:26:00,6.665,10.985
2024-03-03 21:27:00,6.66,11.035
2024-03-03 21:28:00,6.76,
2024-03-03 21:29:00,6.548,11.163
2024-03-03 21:30:00,6.695,11.104
2024-03-03 21:31:00,6.43,11.058
2024-03-03 21:32:00,6.646,11.04
2024-03-03 21:33:00,6.689,11.047
2024-03-03 21:34:00,6.775,11.057
2024-03-03 21:35:00,6.367,11.099
2024-03-03 21:36:00,6.371,11.048
2024-03-03 21:37:00,6.712,11.297
2024-03-03 21:38:00,6.778,11.144
2024-03-03 21:39:00,6.642,11.458
2024-03-03 21:40:00,6.485,11.296
2024-03-03 21:41:00,7.028,11.247
2024-03-03 21:42:00,6.467,11.17
2024-03-03 21:43:00,6.729,10.799
2024-03-03 21:44:00,6.635,10.862
2024-03-03 21:45:00,6.683,11.38
2024-03-03 21:46:00,6.541,11.123
2024-03-03 21:47:00,,11.08
2024-03-03 21:48:00,6.889,10.473
2024-03-03 21:49:00,6.709,11.219
2024-03-03 21:50:00,6.646,10.945
2024-03-03 21:51:00,6.827,11.093
2024-03-03 21:52:00,6.666,10.951
2024-03-03 21:53:00,6.802,11.105
2024-03-03 21:54:00,6.74,11.226
2024-03-03 21:55:00,6.835,10.817
2024-03-03 21:56:00,7.078,11.108
2024-03-03 21:57:00,6.766,10.804
2024-03-03 21:58:00,6.589,11.22
2024-03-03 21:59:00,6.508,11.469
2024-03-03 22:00:00,6.806,10.979
2024-03-03 22:01:00,6.609,11.378
2024-03-03 22:02:00,6.715,11.438
2024-03-03 22:03:00,6.761,11.186
2024-03-03 22:04:00,6.908,11.096
2024-03-03 22:05:00,6.602,11.044
2024-03-03 22:06:00,6.793,11.19
2024-03-03 22:07:00,6.841,11.323
2024-03-03 22:08:00,6.913,11.246
2024-03-03 22:09:00,6.881,11.031
2024-03-03 22:10:00,6.721,11.059
2024-03-03 22:11:00,6.671,11.118
2024-03-03 22:12:00,6.627,11.305
2024-03-03 22:13:00,6.913,11.06
2024-03-03 22:14:00,7.124,11.318
2024-03-03 22:15:00,6.862,11.25
2024-03-03 22:16:00,7.178,11.49
2024-03-03 22:17:00,6.771,11.244
2024-03-03 22:18:00,6.91,11.407
2024-03-03 22:19:00,6.775,10.896
2024-03-03 22:20:00,6.692,11.139
2024-03-03 22:21:00,6.704,11.201
2024-03-03 22:22:00,6.636,11.066
2024-03-03 22:23:00,6.936,11.502
2024-03-03 22:24:00,6.607,11.674
2024-03-03 22:25:00,6.742,11.338
2024-03-03 22:26:00,6.592,10.991
2024-03-03 22:27:00,6.532,11.481
2024-03-03 22:28:00,7.172,10.962
2024-03-03 22:29:00,6.505,11.143
2024-03-03 22:30:00,6.959,11.147
2024-03-03 22:31:00,6.437,10.996
2024-03-03 22:32:00,6.651,10.974
2024-03-03 22:33:00,6.976,11.159
2024-03-03 22:34:00,6.905,11.308
2024-03-03 22:35:00,6.994,11.273
2024-03-03 22:36:00,6.96,11.247
2024-03-03 22:37:00,6.621,10.817
2024-03-03 22:38:00,6.929,11.035
2024-03-03 22:39:00,6.838,11.326
2024-03-03 22:40:00,6.949,11.271
2024-03-03 22:41:00,,11.082
2024-03-03 22:42:00,6.901,11.373
2024-03-03 22:43:00,7.27,11.114
2024-03-03 22:44:00,6.862,10.914
2024-03-03 22:45:00,6.538,11.556
2024-03-03 22:46:00,6.965,11.209
2024-03-03 22:47:00,6.941,11.404
2024-03-03 22:48:00,,11.073
2024-03-03 22:49:00,6.894,11.148
2024-03-03 22:50:00,6.686,11.115
2024-03-03 22:51:00,7.019,11.389
2024-03-03 22:52:00,,11.341
2024-03-03 22:53:00,6.835,11.324
2024-03-03 22:54:00,6.886,11.214
2024-03-03 22:55:00,6.833,11.085
2024-03-03 22:56:00,7.035,10.9
2024-03-03 22:57:00,6.836,11.135
2024-03-03 22:58:00,6.7,11.454
2024-03-03 22:59:00,6.976,11.13
2024-03-03 23:00:00,7.026,11.387
2024-03-03 23:01:00,7.111,11.533
2024-03-03 23:02:00,6.863,11.693
2024-03-03 23:03:00,6.961,11.193
2024-03-03 23:04:00,6.773,11.336
2024-03-03 23:05:00,6.813,11.507
2024-03-03 23:06:00,6.693,11.51
2024-03-03 23:07:00,7.166,11.31
2024-03-03 23:08:00,6.991,11.293
2024-03-03 23:09:00,6.947,11.339
2024-03-03 23:10:00,7.05,11.3
2024-03-03 23:11:00,,11.66
2024-03-03 23:12:00,6.827,11.723
2024-03-03 23:13:00,7.099,11.203
2024-03-03 23:14:00,6.901,11.259
2024-03-03 23:15:00,6.877,11.169
2024-03-03 23:16:00,6.984,11.432
2024-03-03 23:17:00,6.605,11.229
2024-03-03 23:18:00,6.725,11.66
2024-03-03 23:19:00,6.757,11.372
2024-03-03 23:20:00,6.78,11.772
2024-03-03 23:21:00,6.898,11.467
2024-03-03 23:22:00,7.098,11.609
2024-03-03 23:23:00,7.135,11.738
2024-03-03 23:24:00,7.152,11.589
2024-03-03 23:25:00,6.818,11.361
2024-03-03 23:26:00,6.81,11.642
2024-03-03 23:27:00,6.871,11.381
2024-03-03 23:28:00,6.858,11.535
2024-03-03 23:29:00,6.807,11.501
2024-03-03 23:30:00,6.866,11.44
2024-03-03 23:31:00,6.913,11.664
2024-03-03 23:32:00,7.131,11.535
2024-03-03 23:33:00,6.88,11.624
2024-03-03 23:34:00,6.821,11.64
2024-03-03 23:35:00,7.049,11.711
2024-03-03 23:36:00,7.343,11.568
2024-03-03 23:37:00,6.892,11.728
2024-03-03 23:38:00,7.041,11.71
2024-03-03 23:39:00,6.971,11.473
2024-03-03 23:40:00,6.961,11.565
2024-03-03 23:41:00,7.107,11.678
2024-03-03 23:42:00,6.911,11.583
2024-03-03 23:43:00,6.967,11.739
2024-03-03 23:44:00,7.204,11.503
2024-03-03 23:45:00,6.815,11.015
2024-03-03 23:46:00,7.219,11.901
2024-03-03 23:47:00,6.837,11.489
2024-03-03 23:48:00,6.888,11.664
2024-03-03 23:49:00,7.021,11.757
2024-03-03 23:50:00,6.795,
2024-03-03 23:51:00,7.027,11.615
2024-03-03 23:52:00,7.231,11.461
2024-03-03 23:53:00,6.955,11.751
2024-03-03 23:54:00,7.162,11.741
2024-03-03 23:55:00,6.78,11.793
2024-03-03 23:56:00,7.135,11.931
2024-03-03 23:57:00,6.745,12.02
2024-03-03 23:58:00,6.869,11.682
2024-03-03 23:59:00,7.081,11.813
2024-03-04 00:00:00,7.202,11.655
2024-03-04 00:01:00,7.097,11.904
2024-03-04 00:02:00,7.087,11.618
2024-03-04 00:03:00,7.106,11.246
2024-03-04 00:04:00,6.959,11.629
2024-03-04 00:05:00,7.068,11.33
2024-03-04 00:06:00,7.227,11.579
2024-03-04 00:07:00,6.945,
2024-03-04 00:08:00,7.121,11.672
2024-03-04 00:09:00,6.836,11.444
2024-03-04 00:10:00,7.092,12.16
2024-03-04 00:11:00,7.172,11.743
2024-03-04 00:12:00,7.03,11.69
2024-03-04 00:13:00,7.231,11.77
2024-03-04 00:14:00,6.987,11.655
2024-03-04 00:15:00,7.018,11.785
2024-03-04 00:16:00,7.15,11.56
2024-03-04 00:17:00,6.91,11.824
2024-03-04 00:18:00,7.194,12.061
2024-03-04 00:19:00,6.968,11.581
2024-03-04 00:20:00,7.156,11.703
2024-03-04 00:21:00,7.024,12.019
2024-03-04 00:22:00,7.088,12.017
2024-03-04 00:23:00,7.175,11.496
2024-03-04 00:24:00,6.861,11.585
2024-03-04 00:25:00,7.003,11.932
2024-03-04 00:26:00,7.13,12.137
2024-03-04 00:27:00,7.131,11.887
2024-03-04 00:28:00,7.253,11.976
2024-03-04 00:29:00,6.935,11.554
2024-03-04 00:30:00,7.164,
2024-03-04 00:31:00,7.023,11.771
2024-03-04 00:32:00,6.625,11.602
2024-03-04 00:33:00,6.971,12.027
2024-03-04 00:34:00,6.768,11.586
2024-03-04 00:35:00,7.072,11.912
2024-03-04 00:36:00,7.036,12.103
2024-03-04 00:37:00,7.158,12.129
2024-03-04 00:38:00,7.153,11.668
2024-03-04 00:39:00,7.019,11.451
2024-03-04 00:40:00,7.018,11.547
2024-03-04 00:41:00,7.067,11.961
2024-03-04 00:42:00,,12.142
2024-03-04 00:43:00,7.034,11.927
2024-03-04 00:44:00,6.967,11.969
2024-03-04 00:45:00,7.295,11.686
2024-03-04 00:46:00,6.757,11.883
2024-03-04 00:47:00,6.992,12.067
2024-03-04 00:48:00,7.089,11.9
2024-03-04 00:49:00,7.142,11.695
2024-03-04 00:50:00,7.011,12.064
2024-03-04 00:51:00,7.342,11.657
2024-03-04 00:52:00,6.989,11.941
2024-03-04 00:53:00,6.789,11.837
2024-03-04 00:54:00,7.261,11.605
2024-03-04 00:55:00,7.267,11.875
2024-03-04 00:56:00,7.084,12.376
2024-03-04 00:57:00,7.163,11.766
2024-03-04 00:58:00,7.327,11.996
2024-03-04 00:59:00,7.116,11.922
2024-03-04 01:00:00,6.959,11.989
2024-03-04 01:01:00,6.845,11.991
2024-03-04 01:02:00,7.171,12.157
2024-03-04 01:03:00,7.234,12.005
2024-03-04 01:04:00,7.083,12.203
2024-03-04 01:05:00,7.072,11.871
2024-03-04 01:06:00,7.262,11.687
2024-03-04 01:07:00,7.246,12.232
2024-03-04 01:08:00,7.251,12.036
2024-03-04 01:09:00,7.159,11.822
2024-03-04 01:10:00,,11.985
2024-03-04 01:11:00,7.192,11.769
2024-03-04 01:12:00,7.188,12.147
2024-03-04 01:13:00,7.241,12.227
2024-03-04 01:14:00,,11.896
2024-03-04 01:15:00,7.069,12.292
2024-03-04 01:16:00,7.131,12.294
2024-03-04 01:17:00,7.321,12.005
2024-03-04 01:18:00,7.114,11.72
2024-03-04 01:19:00,7.262,11.994
2024-03-04 01:20:00,7.1,12.143
2024-03-04 01:21:00,7.113,11.889
2024-03-04 01:22:00,7.19,11.845
2024-03-04 01:23:00,7.073,12.203
2024-03-04 01:24:00,7.152,12.056
2024-03-04 01:25:00,7.165,11.946
2024-03-04 01:26:00,6.813,11.822
2024-03-04 01:27:00,7.149,12.071
2024-03-04 01:28:00,7.324,11.737
2024-03-04 01:29:00,7.099,11.883
2024-03-04 01:30:00,7.175,12.038
2024-03-04 01:31:00,7.247,12.349
2024-03-04 01:32:00,7.165,12.081
2024-03-04 01:33:00,7.164,12.185
2024-03-04 01:34:00,6.896,12.565
2024-03-04 01:35:00,7.249,12.015
2024-03-04 01:36:00,6.909,12.08
2024-03-04 01:37:00,7.323,12.366
2024-03-04 01:38:00,7.253,11.888
2024-03-04 01:39:00,7.346,11.984
2024-03-04 01:40:00,7.064,12.135
2024-03-04 01:41:00,7.395,12.439
2024-03-04 01:42:00,7.022,12.392
2024-03-04 01:43:00,7.141,12.209
2024-03-04 01:44:00,7.063,12.361
2024-03-04 01:45:00,7.069,11.857
2024-03-04 01:46:00,7.45,12.285
2024-03-04 01:47:00,7.0,11.938
2024-03-04 01:48:00,7.278,12.379
2024-03-04 01:49:00,7.212,11.87
2024-03-04 01:50:00,7.339,12.32
2024-03-04 01:51:00,6.93,12.38
2024-03-04 01:52:00,7.069,12.023
2024-03-04 01:53:00,7.228,12.29
2024-03-04 01:54:00,7.366,12.205
2024-03-04 01:55:00,7.302,12.196
2024-03-04 01:56:00,7.221,12.303
2024-03-04 01:57:00,7.14,12.107
2024-03-04 01:58:00,7.454,12.322
2024-03-04 01:59:00,7.541,12.397
2024-03-04 02:00:00,7.152,12.131
2024-03-04 02:01:00,7.14,12.196
2024-03-04 02:02:00,6.992,12.459
2024-03-04 02:03:00,7.272,12.387
2024-03-04 02:04:00,7.099,11.944
2024-03-04 02:05:00,7.235,12.178
2024-03-04 02:06:00,7.28,12.534
2024-03-04 02:07:00,7.451,12.362
2024-03-04 02:08:00,7.152,12.063
2024-03-04 02:09:00,7.515,12.523
2024-03-04 02:10:00,7.256,12.069
2024-03-04 02:11:00,7.17,12.35
2024-03-04 02:12:00,7.27,12.452
2024-03-04 02:13:00,7.065,12.252
2024-03-04 02:14:00,7.458,12.21
2024-03-04 02:15:00,7.581,12.206
2024-03-04 02:16:00,7.075,12.255
2024-03-04 02:17:00,7.311,12.188
2024-03-04 02:18:00,7.47,12.453
2024-03-04 02:19:00,7.252,12.376
2024-03-04 02:20:00,7.395,12.512
2024-03-04 02:21:00,7.293,12.324
2024-03-04 02:22:00,7.535,12.313
2024-03-04 02:23:00,7.324,12.292
2024-03-04 02:24:00,7.472,12.618
2024-03-04 02:25:00,7.813,12.398
2024-03-04 02:26:00,7.425,11.978
2024-03-04 02:27:00,7.122,11.899
2024-03-04 02:28:00,7.384,12.326
2024-03-04 02:29:00,7.178,12.501
2024-03-04 02:30:00,7.204,12.299
2024-03-04 02:31:00,7.301,12.468
2024-03-04 02:32:00,7.426,12.492
2024-03-04 02:33:00,7.483,12.712
2024-03-04 02:34:00,7.233,12.443
2024-03-04 02:35:00,7.111,12.781
2024-03-04 02:36:00,7.238,12.388
2024-03-04 02:37:00,7.517,12.202
2024-03-04 02:38:00,7.486,12.18
2024-03-04 02:39:00,7.314,12.28
2024-03-04 02:40:00,7.685,12.262
2024-03-04 02:41:00,7.159,12.4
2024-03-04 02:42:00,7.493,12.476
2024-03-04 02:43:00,7.232,12.629
2024-03-04 02:44:00,7.254,12.847
2024-03-04 02:45:00,7.362,12.272
2024-03-04 02:46:00,7.613,
2024-03-04 02:47:00,7.452,12.285
2024-03-04 02:48:00,7.339,12.583
2024-03-04 02:49:00,7.169,12.591
2024-03-04 02:50:00,7.324,12.645
2024-03-04 02:51:00,7.382,12.55
2024-03-04 02:52:00,7.332,12.809
2024-03-04 02:53:00,7.405,12.42
2024-03-04 02:54:00,7.488,12.931
2024-03-04 02:55:00,7.35,12.564
2024-03-04 02:56:00,7.293,12.593
2024-03-04 02:57:00,7.352,12.382
2024-03-04 02:58:00,7.407,12.727
2024-03-04 02:59:00,7.368,12.846
2024-03-04 03:00:00,7.503,12.499
2024-03-04 03:01:00,7.461,
2024-03-04 03:02:00,7.436,12.484
2024-03-04 03:03:00,7.385,12.615
2024-03-04 03:04:00,7.511,12.795
2024-03-04 03:05:00,7.544,12.75
2024-03-04 03:06:00,7.369,12.434
2024-03-04 03:07:00,7.377,12.715
2024-03-04 03:08:00,7.391,12.484
2024-03-04 03:09:00,7.263,12.687
2024-03-04 03:10:00,7.288,12.95
2024-03-04 03:11:00,,12.399
2024-03-04 03:12:00,7.36,12.452
2024-03-04 03:13:00,7.303,12.335
2024-03-04 03:14:00,7.161,12.535
2024-03-04 03:15:00,7.31,12.656
2024-03-04 03:16:00,7.244,12.509
2024-03-04 03:17:00,7.477,12.547
2024-03-04 03:18:00,7.436,12.49
2024-03-04 03:19:00,7.275,12.543
2024-03-04 03:20:00,7.466,12.9
2024-03-04 03:21:00,7.204,12.598
2024-03-04 03:22:00,7.167,12.595
2024-03-04 03:23:00,7.241,12.917
2024-03-04 03:24:00,7.228,12.674
2024-03-04 03:25:00,7.241,12.557
2024-03-04 03:26:00,7.405,12.991
2024-03-04 03:27:00,7.317,12.834
2024-03-04 03:28:00,7.349,12.663
2024-03-04 03:29:00,7.365,12.625
2024-03-04 03:30:00,7.559,12.713
2024-03-04 03:31:00,7.134,12.589
2024-03-04 03:32:00,7.243,12.775
2024-03-04 03:33:00,7.558,12.514
2024-03-04 03:34:00,7.426,12.8
2024-03-04 03:35:00,7.405,12.417
2024-03-04 03:36:00,7.326,12.629
2024-03-04 03:37:00,7.372,12.836
2024-03-04 03:38:00,7.649,12.489
2024-03-04 03:39:00,7.185,12.493
2024-03-04 03:40:00,7.56,12.77
2024-03-04 03:41:00,7.478,12.376
2024-03-04 03:42:00,7.242,12.448
2024-03-04 03:43:00,7.405,12.69
2024-03-04 03:44:00,7.274,12.467
2024-03-04 03:45:00,7.483,12.628
2024-03-04 03:46:00,7.596,12.558
2024-03-04 03:47:00,7.627,12.619
2024-03-04 03:48:00,7.37,12.792
2024-03-04 03:49:00,7.539,12.918
2024-03-04 03:50:00,7.232,12.826
2024-03-04 03:51:00,7.45,12.713
2024-03-04 03:52:00,7.054,12.92
2024-03-04 03:53:00,7.476,
2024-03-04 03:54:00,7.241,12.635
2024-03-04 03:55:00,7.499,12.726
2024-03-04 03:56:00,7.645,12.535
2024-03-04 03:57:00,7.81,12.91
2024-03-04 03:58:00,7.661,13.2
2024-03-04 03:59:00,7.549,12.744
2024-03-04 04:00:00,7.408,12.887
2024-03-04 04:01:00,7.669,13.036
2024-03-04 04:02:00,7.39,12.878
2024-03-04 04:03:00,7.586,12.948
2024-03-04 04:04:00,7.325,12.745
2024-03-04 04:05:00,7.624,
2024-03-04 04:06:00,7.315,12.913
2024-03-04 04:07:00,7.475,12.809
2024-03-04 04:08:00,7.519,12.433
2024-03-04 04:09:00,7.194,12.791
2024-03-04 04:10:00,7.596,13.245
2024-03-04 04:11:00,7.606,12.958
2024-03-04 04:12:00,7.439,12.968
2024-03-04 04:13:00,7.56,12.987
2024-03-04 04:14:00,7.397,12.763
2024-03-04 04:15:00,7.322,12.959
2024-03-04 04:16:00,7.564,12.972
2024-03-04 04:17:00,7.488,13.084
2024-03-04 04:18:00,7.384,12.449
2024-03-04 04:19:00,7.399,13.154
2024-03-04 04:20:00,7.43,13.199
2024-03-04 04:21:00,7.44,13.011
2024-03-04 04:22:00,7.404,12.972
2024-03-04 04:23:00,7.379,12.621
2024-03-04 04:24:00,7.6,13.063
2024-03-04 04:25:00,7.336,12.816
2024-03-04 04:26:00,,12.778
2024-03-04 04:27:00,7.376,12.973
2024-03-04 04:28:00,7.57,
2024-03-04 04:29:00,7.174,12.678
2024-03-04 04:30:00,7.331,12.996
2024-03-04 04:31:00,7.525,13.069
2024-03-04 04:32:00,7.553,12.81
2024-03-04 04:33:00,7.434,12.539
2024-03-04 04:34:00,7.52,12.895
2024-03-04 04:35:00,7.444,12.909
2024-03-04 04:36:00,7.67,12.811
2024-03-04 04:37:00,7.13,12.966
2024-03-04 04:38:00,7.371,13.096
2024-03-04 04:39:00,7.654,
2024-03-04 04:40:00,7.245,12.595
2024-03-04 04:41:00,7.334,12.829
2024-03-04 04:42:00,7.491,12.927
2024-03-04 04:43:00,7.441,12.792
2024-03-04 04:44:00,7.651,13.21
2024-03-04 04:45:00,7.428,13.219
2024-03-04 04:46:00,7.502,13.014
2024-03-04 04:47:00,7.45,12.95
2024-03-04 04:48:00,7.256,12.866
2024-03-04 04:49:00,7.412,12.933
2024-03-04 04:50:00,7.44,12.672
2024-03-04 04:51:00,7.44,
2024-03-04 04:52:00,7.28,13.294
2024-03-04 04:53:00,7.345,12.84
2024-03-04 04:54:00,7.446,12.829
2024-03-04 04:55:00,7.384,13.158
2024-03-04 04:56:00,,13.229
2024-03-04 04:57:00,7.375,13.044
2024-03-04 04:58:00,7.596,13.097
2024-03-04 04:59:00,7.453,12.948
2024-03-04 05:00:00,7.489,13.056
2024-03-04 05:01:00,7.322,12.831
2024-03-04 05:02:00,7.51,12.789
2024-03-04 05:03:00,7.607,13.033
2024-03-04 05:04:00,7.543,
2024-03-04 05:05:00,7.599,12.916
2024-03-04 05:06:00,7.71,13.224
2024-03-04 05:07:00,7.603,13.212
2024-03-04 05:08:00,7.423,13.1
2024-03-04 05:09:00,7.564,13.06
2024-03-04 05:10:00,7.571,13.102
2024-03-04 05:11:00,7.585,13.172
2024-03-04 05:12:00,7.603,12.89
2024-03-04 05:13:00,7.398,12.965
2024-03-04 05:14:00,7.514,13.168
2024-03-04 05:15:00,7.584,13.211
2024-03-04 05:16:00,7.411,12.878
2024-03-04 05:17:00,,12.922
2024-03-04 05:18:00,7.594,13.091
2024-03-04 05:19:00,7.408,13.395
2024-03-04 05:20:00,7.298,13.214
2024-03-04 05:21:00,7.543,13.34
2024-03-04 05:22:00,7.709,13.076
2024-03-04 05:23:00,7.562,13.14
2024-03-04 05:24:00,7.46,13.305
2024-03-04 05:25:00,7.406,13.379
2024-03-04 05:26:00,7.512,13.244
2024-03-04 05:27:00,7.566,13.194
2024-03-04 05:28:00,7.655,12.961
2024-03-04 05:29:00,7.467,12.709
2024-03-04 05:30:00,7.424,13.413
2024-03-04 05:31:00,7.692,12.949
2024-03-04 05:32:00,7.449,13.125
2024-03-04 05:33:00,7.429,13.148
2024-03-04 05:34:00,7.456,12.931
2024-03-04 05:35:00,7.488,13.032
2024-03-04 05:36:00,7.31,13.137
2024-03-04 05:37:00,7.341,13.134
2024-03-04 05:38:00,7.312,13.129
2024-03-04 05:39:00,7.574,12.89
2024-03-04 05:40:00,7.551,13.067
2024-03-04 05:41:00,7.534,13.12
2024-03-04 05:42:00,7.662,12.974
2024-03-04 05:43:00,7.508,13.426
2024-03-04 05:44:00,7.403,12.92
2024-03-04 05:45:00,7.115,13.19
2024-03-04 05:46:00,7.567,13.412
2024-03-04 05:47:00,7.444,13.24
2024-03-04 05:48:00,7.452,13.526
2024-03-04 05:49:00,7.387,13.201
2024-03-04 05:50:00,7.599,12.991
2024-03-04 05:51:00,7.444,13.3
2024-03-04 05:52:00,7.613,12.876
2024-03-04 05:53:00,7.615,13.113
2024-03-04 05:54:00,7.64,13.452
2024-03-04 05:55:00,7.652,13.166
2024-03-04 05:56:00,7.633,13.328
2024-03-04 05:57:00,7.714,13.377
2024-03-04 05:58:00,7.352,13.211
2024-03-04 05:59:00,7.487,13.183
2024-03-04 06:00:00,7.716,12.867
2024-03-04 06:01:00,7.649,12.933
2024-03-04 06:02:00,7.454,13.374
2024-03-04 06:03:00,7.424,
2024-03-04 06:04:00,7.269,12.753
2024-03-04 06:05:00,7.569,13.03
2024-03-04 06:06:00,7.362,13.338
2024-03-04 06:07:00,7.591,13.249
2024-03-04 06:08:00,7.588,13.401
2024-03-04 06:09:00,7.567,13.0
2024-03-04 06:10:00,,13.285
2024-03-04 06:11:00,7.652,12.877
2024-03-04 06:12:00,,13.393
2024-03-04 06:13:00,7.703,13.412
2024-03-04 06:14:00,7.348,13.05
2024-03-04 06:15:00,7.573,13.171
2024-03-04 06:16:00,7.342,13.198
2024-03-04 06:17:00,7.411,13.123
2024-03-04 06:18:00,7.287,13.073
2024-03-04 06:19:00,7.41,13.136
2024-03-04 06:20:00,7.479,13.159
2024-03-04 06:21:00,7.45,13.182
2024-03-04 06:22:00,11.823,12.935
2024-03-04 06:23:00,7.239,12.829
2024-03-04 06:24:00,7.538,13.558
2024-03-04 06:25:00,7.61,12.971
2024-03-04 06:26:00,7.311,13.148
2024-03-04 06:27:00,7.614,13.017
2024-03-04 06:28:00,7.689,13.373
2024-03-04 06:29:00,7.605,13.05
2024-03-04 06:30:00,,13.178
2024-03-04 06:31:00,7.481,13.278
2024-03-04 06:32:00,7.784,13.433
2024-03-04 06:33:00,7.411,13.015
2024-03-04 06:34:00,7.561,13.485
2024-03-04 06:35:00,7.17,13.548
2024-03-04 06:36:00,7.241,13.026
2024-03-04 06:37:00,7.274,13.149
2024-03-04 06:38:00,7.436,12.796
2024-03-04 06:39:00,7.545,13.364
2024-03-04 06:40:00,7.413,13.233
2024-03-04 06:41:00,7.496,13.483
2024-03-04 06:42:00,7.324,13.382
2024-03-04 06:43:00,7.468,13.244
2024-03-04 06:44:00,7.322,13.307
2024-03-04 06:45:00,7.493,13.171
2024-03-04 06:46:00,7.533,13.083
2024-03-04 06:47:00,7.42,13.072
2024-03-04 06:48:00,7.611,13.261
2024-03-04 06:49:00,7.575,13.287
2024-03-04 06:50:00,7.648,13.07
2024-03-04 06:51:00,7.605,12.958
2024-03-04 06:52:00,7.693,12.791
2024-03-04 06:53:00,7.558,13.167
2024-03-04 06:54:00,7.655,13.432
2024-03-04 06:55:00,7.496,13.128
2024-03-04 06:56:00,7.596,12.917
2024-03-04 06:57:00,7.171,13.228
2024-03-04 06:58:00,7.618,12.949
2024-03-04 06:59:00,7.616,12.897
2024-03-04 07:00:00,7.335,13.087
2024-03-04 07:01:00,7.503,12.998
2024-03-04 07:02:00,7.458,13.007
2024-03-04 07:03:00,7.687,13.227
2024-03-04 07:04:00,7.465,13.307
2024-03-04 07:05:00,7.52,12.925
2024-03-04 07:06:00,7.257,13.038
2024-03-04 07:07:00,,13.12
2024-03-04 07:08:00,7.318,12.914
2024-03-04 07:09:00,7.487,13.197
2024-03-04 07:10:00,7.409,13.156
2024-03-04 07:11:00,7.494,13.14
2024-03-04 07:12:00,7.257,13.493
2024-03-04 07:13:00,7.221,13.157
2024-03-04 07:14:00,7.337,12.995
2024-03-04 07:15:00,7.401,13.388
2024-03-04 07:16:00,7.365,13.135
2024-03-04 07:17:00,7.372,13.433
2024-03-04 07:18:00,7.466,13.346
2024-03-04 07:19:00,7.615,13.529
2024-03-04 07:20:00,7.262,13.563
2024-03-04 07:21:00,7.474,13.396
2024-03-04 07:22:00,7.488,13.242
2024-03-04 07:23:00,7.34,13.226
2024-03-04 07:24:00,7.547,13.145
2024-03-04 07:25:00,7.16,13.507
2024-03-04 07:26:00,7.293,13.263
2024-03-04 07:27:00,7.377,13.26
2024-03-04 07:28:00,14.285,13.104
2024-03-04 07:29:00,7.488,13.43
2024-03-04 07:30:00,7.513,13.162
2024-03-04 07:31:00,7.594,13.08
2024-03-04 07:32:00,7.269,13.055
2024-03-04 07:33:00,7.344,12.913
2024-03-04 07:34:00,7.413,13.378
2024-03-04 07:35:00,7.619,13.204
2024-03-04 07:36:00,7.33,13.175
2024-03-04 07:37:00,7.459,13.522
2024-03-04 07:38:00,6.991,13.272
2024-03-04 07:39:00,7.708,13.436
2024-03-04 07:40:00,7.366,12.636
2024-03-04 07:41:00,7.295,13.267
2024-03-04 07:42:00,7.995,13.16
2024-03-04 07:43:00,7.299,12.959
2024-03-04 07:44:00,7.44,13.238
2024-03-04 07:45:00,7.351,13.089
2024-03-04 07:46:00,7.326,13.208
2024-03-04 07:47:00,7.359,12.993
2024-03-04 07:48:00,7.518,
2024-03-04 07:49:00,7.405,13.115
2024-03-04 07:50:00,7.239,13.092
2024-03-04 07:51:00,7.567,13.18
2024-03-04 07:52:00,7.546,13.288
2024-03-04 07:53:00,7.35,13.422
2024-03-04 07:54:00,7.512,13.413
2024-03-04 07:55:00,7.737,12.971
2024-03-04 07:56:00,7.719,13.482
2024-03-04 07:57:00,7.102,12.958
2024-03-04 07:58:00,7.529,13.035
2024-03-04 07:59:00,7.745,13.532
2024-03-04 08:00:00,7.404,13.216
2024-03-04 08:01:00,7.405,13.048
2024-03-04 08:02:00,7.333,13.349
2024-03-04 08:03:00,,13.201
2024-03-04 08:04:00,7.501,13.384
2024-03-04 08:05:00,7.497,12.689
2024-03-04 08:06:00,7.254,13.282
2024-03-04 08:07:00,7.423,13.35
2024-03-04 08:08:00,7.555,
2024-03-04 08:09:00,7.503,13.172
2024-03-04 08:10:00,7.402,13.051
2024-03-04 08:11:00,7.159,13.223
2024-03-04 08:12:00,7.275,13.523
2024-03-04 08:13:00,7.295,13.608
2024-03-04 08:14:00,7.447,12.921
2024-03-04 08:15:00,7.45,12.966
2024-03-04 08:16:00,7.388,13.213
2024-03-04 08:17:00,7.142,13.063
2024-03-04 08:18:00,7.41,12.988
2024-03-04 08:19:00,7.458,13.614
2024-03-04 08:20:00,7.493,13.318
2024-03-04 08:21:00,7.368,13.306
2024-03-04 08:22:00,7.227,
2024-03-04 08:23:00,7.437,13.18
2024-03-04 08:24:00,7.189,13.209
2024-03-04 08:25:00,7.303,12.986
2024-03-04 08:26:00,7.324,13.177
2024-03-04 08:27:00,7.273,13.203
2024-03-04 08:28:00,7.505,
2024-03-04 08:29:00,7.618,12.961
2024-03-04 08:30:00,7.082,13.271
2024-03-04 08:31:00,7.311,13.384
2024-03-04 08:32:00,7.587,13.129
2024-03-04 08:33:00,7.465,13.115
2024-03-04 08:34:00,7.86,13.137
2024-03-04 08:35:00,7.338,13.286
2024-03-04 08:36:00,7.367,13.416
2024-03-04 08:37:00,7.091,13.133
2024-03-04 08:38:00,7.375,13.019
2024-03-04 08:39:00,7.338,13.506
2024-03-04 08:40:00,7.366,13.358
2024-03-04 08:41:00,7.346,13.02
2024-03-04 08:42:00,7.464,13.398
2024-03-04 08:43:00,7.364,13.436
2024-03-04 08:44:00,7.237,12.909
2024-03-04 08:45:00,7.498,13.01
2024-03-04 08:46:00,7.338,13.108
2024-03-04 08:47:00,7.461,12.92
2024-03-04 08:48:00,7.454,13.088
2024-03-04 08:49:00,7.603,13.014
2024-03-04 08:50:00,7.365,13.177
2024-03-04 08:51:00,7.668,13.452
2024-03-04 08:52:00,,13.323
2024-03-04 08:53:00,7.435,13.114
2024-03-04 08:54:00,7.256,13.06
2024-03-04 08:55:00,7.004,12.874
2024-03-04 08:56:00,7.227,13.011
2024-03-04 08:57:00,7.208,13.202
2024-03-04 08:58:00,7.326,12.595
2024-03-04 08:59:00,7.225,12.905
2024-03-04 09:00:00,7.172,12.906
2024-03-04 09:01:00,7.436,13.042
2024-03-04 09:02:00,7.28,12.847
2024-03-04 09:03:00,7.409,13.042
2024-03-04 09:04:00,7.379,12.741
2024-03-04 09:05:00,7.314,12.74
2024-03-04 09:06:00,7.584,13.358
2024-03-04 09:07:00,7.695,12.956
2024-03-04 09:08:00,7.48,12.939
2024-03-04 09:09:00,7.355,13.156
2024-03-04 09:10:00,7.282,13.003
2024-03-04 09:11:00,7.279,12.947
2024-03-04 09:12:00,7.275,13.188
2024-03-04 09:13:00,7.393,13.063
2024-03-04 09:14:00,7.354,13.312
2024-03-04 09:15:00,7.331,12.997
2024-03-04 09:16:00,7.184,13.614
2024-03-04 09:17:00,7.355,13.069
2024-03-04 09:18:00,7.22,13.009
2024-03-04 09:19:00,7.194,12.792
2024-03-04 09:20:00,7.318,12.971
2024-03-04 09:21:00,7.522,12.894
2024-03-04 09:22:00,7.108,13.217
2024-03-04 09:23:00,7.527,13.01
2024-03-04 09:24:00,7.504,12.997
2024-03-04 09:25:00,7.244,12.952
2024-03-04 09:26:00,7.39,12.896
2024-03-04 09:27:00,7.394,12.94
2024-03-04 09:28:00,7.0,12.893
2024-03-04 09:29:00,7.225,12.94
2024-03-04 09:30:00,7.249,12.956
2024-03-04 09:31:00,7.319,12.748
2024-03-04 09:32:00,7.316,12.959
2024-03-04 09:33:00,7.537,12.765
2024-03-04 09:34:00,7.34,13.049
2024-03-04 09:35:00,7.081,12.727
2024-03-04 09:36:00,7.341,12.967
2024-03-04 09:37:00,7.083,12.779
2024-03-04 09:38:00,7.445,13.074
2024-03-04 09:39:00,7.106,12.665
2024-03-04 09:40:00,7.362,12.853
2024-03-04 09:41:00,7.327,13.079
2024-03-04 09:42:00,7.397,12.95
2024-03-04 09:43:00,7.315,12.562
2024-03-04 09:44:00,7.199,12.99
2024-03-04 09:45:00,7.349,12.885
2024-03-04 09:46:00,7.419,12.757
2024-03-04 09:47:00,7.393,12.892
2024-03-04 09:48:00,7.22,13.059
2024-03-04 09:49:00,7.469,12.428
2024-03-04 09:50:00,6.998,12.912
2024-03-04 09:51:00,7.302,12.666
2024-03-04 09:52:00,7.185,12.578
2024-03-04 09:53:00,7.181,12.634
2024-03-04 09:54:00,7.279,13.089
2024-03-04 09:55:00,7.046,12.956
2024-03-04 09:56:00,7.027,12.826
2024-03-04 09:57:00,7.261,12.944
2024-03-04 09:58:00,7.228,13.078
2024-03-04 09:59:00,7.333,12.844
2024-03-04 10:00:00,7.246,13.082
2024-03-04 10:01:00,7.238,12.616
2024-03-04 10:02:00,7.312,12.986
2024-03-04 10:03:00,7.096,12.981
2024-03-04 10:04:00,7.274,12.795
2024-03-04 10:05:00,7.53,12.843
2024-03-04 10:06:00,7.049,13.067
2024-03-04 10:07:00,7.205,13.157
2024-03-04 10:08:00,7.173,12.879
2024-03-04 10:09:00,7.296,12.626
2024-03-04 10:10:00,7.452,12.619
2024-03-04 10:11:00,7.112,13.165
2024-03-04 10:12:00,7.379,12.587
2024-03-04 10:13:00,6.974,12.801
2024-03-04 10:14:00,7.153,12.62
2024-03-04 10:15:00,7.3,12.549
2024-03-04 10:16:00,7.393,12.863
2024-03-04 10:17:00,7.166,13.195
2024-03-04 10:18:00,7.282,12.696
2024-03-04 10:19:00,7.227,12.739
2024-03-04 10:20:00,7.304,12.832
2024-03-04 10:21:00,7.411,12.641
2024-03-04 10:22:00,7.221,13.092
2024-03-04 10:23:00,7.067,13.039
2024-03-04 10:24:00,7.29,13.09
2024-03-04 10:25:00,7.302,12.577
2024-03-04 10:26:00,7.206,13.095
2024-03-04 10:27:00,7.185,12.572
2024-03-04 10:28:00,7.315,12.732
2024-03-04 10:29:00,7.005,12.815
2024-03-04 10:30:00,6.99,12.528
2024-03-04 10:31:00,7.319,12.499
2024-03-04 10:32:00,7.067,12.483
2024-03-04 10:33:00,7.232,12.447
2024-03-04 10:34:00,6.99,12.889
2024-03-04 10:35:00,7.097,12.672
2024-03-04 10:36:00,7.176,12.943
2024-03-04 10:37:00,7.111,12.762
2024-03-04 10:38:00,7.299,12.565
2024-03-04 10:39:00,6.998,12.424
2024-03-04 10:40:00,6.964,12.35
2024-03-04 10:41:00,7.343,12.794
2024-03-04 10:42:00,7.128,12.698
2024-03-04 10:43:00,7.29,12.569
2024-03-04 10:44:00,6.968,12.709
2024-03-04 10:45:00,7.143,12.773
2024-03-04 10:46:00,7.118,12.906
2024-03-04 10:47:00,7.137,12.882
2024-03-04 10:48:00,7.26,12.871
2024-03-04 10:49:00,7.051,13.009
2024-03-04 10:50:00,6.764,12.772
2024-03-04 10:51:00,7.016,12.81
2024-03-04 10:52:00,7.163,12.138
2024-03-04 10:53:00,6.93,12.525
2024-03-04 10:54:00,7.241,12.722
2024-03-04 10:55:00,7.22,12.581
2024-03-04 10:56:00,7.11,12.764
2024-03-04 10:57:00,7.346,12.597
2024-03-04 10:58:00,7.248,
2024-03-04 10:59:00,7.128,12.485
2024-03-04 11:00:00,7.024,12.604
2024-03-04 11:01:00,7.355,12.513
2024-03-04 11:02:00,7.281,12.68
2024-03-04 11:03:00,7.124,12.883
2024-03-04 11:04:00,7.106,12.657
2024-03-04 11:05:00,6.996,12.53
2024-03-04 11:06:00,7.367,12.47
2024-03-04 11:07:00,7.369,12.425
2024-03-04 11:08:00,7.364,12.373
2024-03-04 11:09:00,7.356,12.825
2024-03-04 11:10:00,7.167,
2024-03-04 11:11:00,6.933,12.746
2024-03-04 11:12:00,7.239,12.567
2024-03-04 11:13:00,6.896,12.34
2024-03-04 11:14:00,7.185,
2024-03-04 11:15:00,7.228,12.343
2024-03-04 11:16:00,7.371,12.69
2024-03-04 11:17:00,7.195,12.53
2024-03-04 11:18:00,7.24,12.468
2024-03-04 11:19:00,6.968,12.626
2024-03-04 11:20:00,7.06,12.567
2024-03-04 11:21:00,6.863,12.42
2024-03-04 11:22:00,7.284,12.48
2024-03-04 11:23:00,7.488,12.598
2024-03-04 11:24:00,6.919,12.253
2024-03-04 11:25:00,7.094,12.707
2024-03-04 11:26:00,7.065,12.645
2024-03-04 11:27:00,6.983,12.487
2024-03-04 11:28:00,7.147,12.533
2024-03-04 11:29:00,6.773,12.408
2024-03-04 11:30:00,6.864,12.766
2024-03-04 11:31:00,7.071,12.345
2024-03-04 11:32:00,6.901,12.633
2024-03-04 11:33:00,7.041,12.518
2024-03-04 11:34:00,7.071,12.268
2024-03-04 11:35:00,7.13,
2024-03-04 11:36:00,6.849,12.714
2024-03-04 11:37:00,7.292,12.471
2024-03-04 11:38:00,7.001,12.775
2024-03-04 11:39:00,6.962,12.351
2024-03-04 11:40:00,6.96,12.425
2024-03-04 11:41:00,6.934,12.486
2024-03-04 11:42:00,7.198,12.622
2024-03-04 11:43:00,6.943,12.403
2024-03-04 11:44:00,7.173,12.587
2024-03-04 11:45:00,6.938,12.696
2024-03-04 11:46:00,7.083,12.485
2024-03-04 11:47:00,6.92,12.396
2024-03-04 11:48:00,7.148,12.28
2024-03-04 11:49:00,7.196,12.4
2024-03-04 11:50:00,7.302,12.244
2024-03-04 11:51:00,7.12,12.797
2024-03-04 11:52:00,7.06,12.269
2024-03-04 11:53:00,7.049,12.48
2024-03-04 11:54:00,7.264,12.346
2024-03-04 11:55:00,6.975,12.249
2024-03-04 11:56:00,7.11,12.362
2024-03-04 11:57:00,7.118,12.237
2024-03-04 11:58:00,7.057,12.505
2024-03-04 11:59:00,7.115,12.344
2024-03-04 12:00:00,6.978,12.681
2024-03-04 12:01:00,6.997,12.061
2024-03-04 12:02:00,6.868,12.244
2024-03-04 12:03:00,6.805,12.425
2024-03-04 12:04:00,6.989,12.333
2024-03-04 12:05:00,6.826,12.302
2024-03-04 12:06:00,6.819,12.181
2024-03-04 12:07:00,6.841,12.145
2024-03-04 12:08:00,6.907,12.55
2024-03-04 12:09:00,6.825,11.854
2024-03-04 12:10:00,,12.617
2024-03-04 12:11:00,6.907,
2024-03-04 12:12:00,6.754,12.624
2024-03-04 12:13:00,6.811,12.139
2024-03-04 12:14:00,6.86,12.656
2024-03-04 12:15:00,7.093,12.137
2024-03-04 12:16:00,7.247,11.959
2024-03-04 12:17:00,7.034,12.235
2024-03-04 12:18:00,7.035,12.688
2024-03-04 12:19:00,6.992,12.306
2024-03-04 12:20:00,6.788,12.515
2024-03-04 12:21:00,6.84,12.406
2024-03-04 12:22:00,6.822,12.313
2024-03-04 12:23:00,,12.199
2024-03-04 12:24:00,7.095,12.162
2024-03-04 12:25:00,7.28,12.085
2024-03-04 12:26:00,7.083,12.394
2024-03-04 12:27:00,7.125,12.311
2024-03-04 12:28:00,7.021,12.269
2024-03-04 12:29:00,7.039,11.849
2024-03-04 12:30:00,6.939,12.077
2024-03-04 12:31:00,6.967,12.439
2024-03-04 12:32:00,6.954,11.868
2024-03-04 12:33:00,6.921,12.383
2024-03-04 12:34:00,7.081,12.574
2024-03-04 12:35:00,6.644,12.264
2024-03-04 12:36:00,6.915,12.079
2024-03-04 12:37:00,6.942,12.247
2024-03-04 12:38:00,6.918,12.34
2024-03-04 12:39:00,7.041,12.103
2024-03-04 12:40:00,7.075,12.164
2024-03-04 12:41:00,6.678,11.865
2024-03-04 12:42:00,6.924,11.965
2024-03-04 12:43:00,6.906,11.964
2024-03-04 12:44:00,6.9,12.002
2024-03-04 12:45:00,7.029,11.914
2024-03-04 12:46:00,7.081,12.256
2024-03-04 12:47:00,7.081,12.302
2024-03-04 12:48:00,6.94,12.147
2024-03-04 12:49:00,6.815,12.086
2024-03-04 12:50:00,6.823,12.16
2024-03-04 12:51:00,7.126,12.276
2024-03-04 12:52:00,6.945,11.715
2024-03-04 12:53:00,6.677,12.031
2024-03-04 12:54:00,6.883,12.047
2024-03-04 12:55:00,6.645,11.722
2024-03-04 12:56:00,6.722,11.997
2024-03-04 12:57:00,7.091,11.989
2024-03-04 12:58:00,6.796,12.061
2024-03-04 12:59:00,6.958,12.197
2024-03-04 13:00:00,7.087,12.129
2024-03-04 13:01:00,6.846,11.932
2024-03-04 13:02:00,,12.024
2024-03-04 13:03:00,6.899,11.866
2024-03-04 13:04:00,6.931,12.128
2024-03-04 13:05:00,6.643,12.42
2024-03-04 13:06:00,6.902,11.918
2024-03-04 13:07:00,6.987,11.794
2024-03-04 13:08:00,6.989,11.775
2024-03-04 13:09:00,6.785,11.821
2024-03-04 13:10:00,7.039,12.171
2024-03-04 13:11:00,6.914,12.334
2024-03-04 13:12:00,6.718,11.964
2024-03-04 13:13:00,6.746,11.727
2024-03-04 13:14:00,6.723,11.869
2024-03-04 13:15:00,6.77,11.919
2024-03-04 13:16:00,6.544,11.93
2024-03-04 13:17:00,6.644,11.673
2024-03-04 13:18:00,6.7,12.092
2024-03-04 13:19:00,6.802,12.318
2024-03-04 13:20:00,6.576,11.644
2024-03-04 13:21:00,6.732,11.991
2024-03-04 13:22:00,6.717,11.593
2024-03-04 13:23:00,6.777,12.175
2024-03-04 13:24:00,7.075,11.71
2024-03-04 13:25:00,6.558,12.19
2024-03-04 13:26:00,6.669,11.964
2024-03-04 13:27:00,6.97,11.763
2024-03-04 13:28:00,7.155,11.625
2024-03-04 13:29:00,6.808,11.737
2024-03-04 13:30:00,6.824,11.848
2024-03-04 13:31:00,6.859,11.803
2024-03-04 13:32:00,6.929,12.154
2024-03-04 13:33:00,6.695,11.787
2024-03-04 13:34:00,7.187,11.553
2024-03-04 13:35:00,7.005,12.105
2024-03-04 13:36:00,6.968,11.851
2024-03-04 13:37:00,6.901,11.891
2024-03-04 13:38:00,6.534,11.596
2024-03-04 13:39:00,6.865,12.317
2024-03-04 13:40:00,6.904,11.939
2024-03-04 13:41:00,6.657,11.726
2024-03-04 13:42:00,6.935,11.94
2024-03-04 13:43:00,6.87,11.758
2024-03-04 13:44:00,6.703,11.664
2024-03-04 13:45:00,6.765,11.653
2024-03-04 13:46:00,,11.629
2024-03-04 13:47:00,7.04,11.972
2024-03-04 13:48:00,6.824,11.56
2024-03-04 13:49:00,6.705,11.919
2024-03-04 13:50:00,6.854,11.95
2024-03-04 13:51:00,7.022,11.624
2024-03-04 13:52:00,6.894,11.828
2024-03-04 13:53:00,6.704,12.019
2024-03-04 13:54:00,6.821,11.597
2024-03-04 13:55:00,6.806,11.58
2024-03-04 13:56:00,7.135,11.588
2024-03-04 13:57:00,6.649,11.537
2024-03-04 13:58:00,6.887,11.565
2024-03-04 13:59:00,6.73,12.216
2024-03-04 14:00:00,6.714,11.929
2024-03-04 14:01:00,6.886,11.4
2024-03-04 14:02:00,6.684,11.685
2024-03-04 14:03:00,6.922,11.827
2024-03-04 14:04:00,6.671,11.64
2024-03-04 14:05:00,6.672,11.623
2024-03-04 14:06:00,6.602,11.471
2024-03-04 14:07:00,6.641,11.819
2024-03-04 14:08:00,6.668,11.954
2024-03-04 14:09:00,6.585,12.228
2024-03-04 14:10:00,6.652,11.859
2024-03-04 14:11:00,6.786,11.54
2024-03-04 14:12:00,6.946,11.572
2024-03-04 14:13:00,6.586,11.543
2024-03-04 14:14:00,6.929,11.574
2024-03-04 14:15:00,6.634,11.555
2024-03-04 14:16:00,6.661,11.437
2024-03-04 14:17:00,6.567,11.647
2024-03-04 14:18:00,6.696,11.413
2024-03-04 14:19:00,6.642,11.737
2024-03-04 14:20:00,6.332,11.515
2024-03-04 14:21:00,6.711,11.277
2024-03-04 14:22:00,6.78,11.458
2024-03-04 14:23:00,6.887,11.972
2024-03-04 14:24:00,6.779,11.701
2024-03-04 14:25:00,6.754,11.331
2024-03-04 14:26:00,6.7,11.966
2024-03-04 14:27:00,6.689,12.154
2024-03-04 14:28:00,6.747,11.458
2024-03-04 14:29:00,6.261,11.306
2024-03-04 14:30:00,6.517,11.828
2024-03-04 14:31:00,6.725,11.496
2024-03-04 14:32:00,6.669,11.526
2024-03-04 14:33:00,6.434,11.657
2024-03-04 14:34:00,6.66,11.445
2024-03-04 14:35:00,6.759,11.493
2024-03-04 14:36:00,6.702,11.806
2024-03-04 14:37:00,6.622,11.382
2024-03-04 14:38:00,6.53,11.765
2024-03-04 14:39:00,6.516,11.555
2024-03-04 14:40:00,6.768,11.606
2024-03-04 14:41:00,6.632,11.479
2024-03-04 14:42:00,6.611,11.742
2024-03-04 14:43:00,6.875,11.156
2024-03-04 14:44:00,6.452,11.691
2024-03-04 14:45:00,6.767,11.481
2024-03-04 14:46:00,6.498,11.126
2024-03-04 14:47:00,6.468,11.222
2024-03-04 14:48:00,6.261,11.45
2024-03-04 14:49:00,6.683,11.814
2024-03-04 14:50:00,6.688,11.382
2024-03-04 14:51:00,6.726,11.447
2024-03-04 14:52:00,6.685,11.362
2024-03-04 14:53:00,6.736,11.637
2024-03-04 14:54:00,6.396,11.364
2024-03-04 14:55:00,6.512,11.978
2024-03-04 14:56:00,6.552,11.318
2024-03-04 14:57:00,6.702,11.307
2024-03-04 14:58:00,6.676,11.205
2024-03-04 14:59:00,6.724,11.884
2024-03-04 15:00:00,6.709,11.547
2024-03-04 15:01:00,6.509,11.316
2024-03-04 15:02:00,6.854,11.635
2024-03-04 15:03:00,6.582,11.499
2024-03-04 15:04:00,6.645,11.571
2024-03-04 15:05:00,6.675,11.529
2024-03-04 15:06:00,6.33,11.391
2024-03-04 15:07:00,6.823,11.483
2024-03-04 15:08:00,6.78,11.561
2024-03-04 15:09:00,6.512,11.563
2024-03-04 15:10:00,6.304,11.648
2024-03-04 15:11:00,6.715,11.224
2024-03-04 15:12:00,6.67,11.255
2024-03-04 15:13:00,6.75,11.14
2024-03-04 15:14:00,6.566,11.631
2024-03-04 15:15:00,6.581,11.239
2024-03-04 15:16:00,6.678,11.119
2024-03-04 15:17:00,6.555,11.249
2024-03-04 15:18:00,6.564,11.1
2024-03-04 15:19:00,6.744,11.161
2024-03-04 15:20:00,6.47,
2024-03-04 15:21:00,6.535,11.351
2024-03-04 15:22:00,6.817,11.689
2024-03-04 15:23:00,,10.987
2024-03-04 15:24:00,6.619,11.08
2024-03-04 15:25:00,6.91,11.354
2024-03-04 15:26:00,6.535,11.43
2024-03-04 15:27:00,6.562,11.262
2024-03-04 15:28:00,6.577,11.39
2024-03-04 15:29:00,6.651,11.611
2024-03-04 15:30:00,6.644,11.337
2024-03-04 15:31:00,6.604,11.387
2024-03-04 15:32:00,6.548,
2024-03-04 15:33:00,6.413,11.07
2024-03-04 15:34:00,6.648,11.355
2024-03-04 15:35:00,6.726,11.25
2024-03-04 15:36:00,6.67,
2024-03-04 15:37:00,6.489,11.24
2024-03-04 15:38:00,6.603,11.469
2024-03-04 15:39:00,6.674,11.076
2024-03-04 15:40:00,6.509,11.357
2024-03-04 15:41:00,6.833,11.11
2024-03-04 15:42:00,6.706,11.018
2024-03-04 15:43:00,6.674,11.488
2024-03-04 15:44:00,6.46,11.538
2024-03-04 15:45:00,6.444,11.537
2024-03-04 15:46:00,6.706,11.285
2024-03-04 15:47:00,6.686,11.028
2024-03-04 15:48:00,6.631,11.133
2024-03-04 15:49:00,6.689,11.108
2024-03-04 15:50:00,6.514,11.275
2024-03-04 15:51:00,6.451,11.249
2024-03-04 15:52:00,6.431,11.325
2024-03-04 15:53:00,6.425,11.382
2024-03-04 15:54:00,6.466,10.903
2024-03-04 15:55:00,6.5,10.979
2024-03-04 15:56:00,6.426,11.384
2024-03-04 15:57:00,6.539,10.996
2024-03-04 15:58:00,6.532,11.177
2024-03-04 15:59:00,6.374,11.262
2024-03-04 16:00:00,6.31,11.036
2024-03-04 16:01:00,6.666,11.483
2024-03-04 16:02:00,6.877,11.424
2024-03-04 16:03:00,6.416,11.104
2024-03-04 16:04:00,6.776,11.109
2024-03-04 16:05:00,6.458,10.848
2024-03-04 16:06:00,6.664,11.096
2024-03-04 16:07:00,6.778,10.915
2024-03-04 16:08:00,6.553,11.297
2024-03-04 16:09:00,6.651,11.284
2024-03-04 16:10:00,6.503,11.096
2024-03-04 16:11:00,6.807,11.249
2024-03-04 16:12:00,6.618,10.98
2024-03-04 16:13:00,6.854,11.453
2024-03-04 16:14:00,6.643,11.14
2024-03-04 16:15:00,6.594,10.961
2024-03-04 16:16:00,6.691,11.09
2024-03-04 16:17:00,6.731,11.045
2024-03-04 16:18:00,6.53,11.065
2024-03-04 16:19:00,6.548,11.193
2024-03-04 16:20:00,6.865,11.027
2024-03-04 16:21:00,6.793,11.003
2024-03-04 16:22:00,6.374,11.069
2024-03-04 16:23:00,6.562,11.024
2024-03-04 16:24:00,6.57,10.979
2024-03-04 16:25:00,6.443,11.199
2024-03-04 16:26:00,6.369,11.028
2024-03-04 16:27:00,6.718,11.15
2024-03-04 16:28:00,6.765,11.123
2024-03-04 16:29:00,,10.912
2024-03-04 16:30:00,6.547,10.968
2024-03-04 16:31:00,6.538,11.048
2024-03-04 16:32:00,6.691,11.105
2024-03-04 16:33:00,6.397,11.006
2024-03-04 16:34:00,6.811,10.73
2024-03-04 16:35:00,6.479,11.072
2024-03-04 16:36:00,6.556,11.306
2024-03-04 16:37:00,6.4,10.735
2024-03-04 16:38:00,6.651,11.112
2024-03-04 16:39:00,6.597,10.876
2024-03-04 16:40:00,6.726,11.135
2024-03-04 16:41:00,6.549,10.935
2024-03-04 16:42:00,6.537,11.41
2024-03-04 16:43:00,6.611,11.058
2024-03-04 16:44:00,6.761,
2024-03-04 16:45:00,6.582,11.244
2024-03-04 16:46:00,6.311,11.455
2024-03-04 16:47:00,6.638,11.172
2024-03-04 16:48:00,6.506,
2024-03-04 16:49:00,6.612,10.888
2024-03-04 16:50:00,6.804,10.903
2024-03-04 16:51:00,6.783,11.196
2024-03-04 16:52:00,6.67,11.135
2024-03-04 16:53:00,6.717,10.984
2024-03-04 16:54:00,6.412,10.591
2024-03-04 16:55:00,6.559,10.873
2024-03-04 16:56:00,6.419,11.272
2024-03-04 16:57:00,6.868,10.731
2024-03-04 16:58:00,6.65,10.762
2024-03-04 16:59:00,6.29,11.055
2024-03-04 17:00:00,6.857,10.591
2024-03-04 17:01:00,6.571,10.957
2024-03-04 17:02:00,6.507,10.875
2024-03-04 17:03:00,6.526,11.348
2024-03-04 17:04:00,6.46,11.175
2024-03-04 17:05:00,6.546,10.939
2024-03-04 17:06:00,6.398,10.919
2024-03-04 17:07:00,6.437,10.607
2024-03-04 17:08:00,6.582,11.136
2024-03-04 17:09:00,6.479,10.799
2024-03-04 17:10:00,6.376,11.23
2024-03-04 17:11:00,6.484,11.09
2024-03-04 17:12:00,6.679,10.846
2024-03-04 17:13:00,6.405,11.033
2024-03-04 17:14:00,6.249,11.068
2024-03-04 17:15:00,6.521,10.605
2024-03-04 17:16:00,,11.018
2024-03-04 17:17:00,6.3,10.799
2024-03-04 17:18:00,6.259,11.159
2024-03-04 17:19:00,6.221,10.962
2024-03-04 17:20:00,6.827,11.079
2024-03-04 17:21:00,6.424,10.935
2024-03-04 17:22:00,6.768,10.816
2024-03-04 17:23:00,6.469,11.062
2024-03-04 17:24:00,6.655,10.662
2024-03-04 17:25:00,6.471,10.806
2024-03-04 17:26:00,6.595,11.274
2024-03-04 17:27:00,6.676,10.945
2024-03-04 17:28:00,6.484,10.856
2024-03-04 17:29:00,6.559,11.062
2024-03-04 17:30:00,6.41,10.878
2024-03-04 17:31:00,6.428,11.053
2024-03-04 17:32:00,6.549,10.972
2024-03-04 17:33:00,6.388,11.097
2024-03-04 17:34:00,6.448,11.594
2024-03-04 17:35:00,6.596,10.626
2024-03-04 17:36:00,6.43,10.832
2024-03-04 17:37:00,6.532,11.252
2024-03-04 17:38:00,6.255,10.694
2024-03-04 17:39:00,6.616,10.785
2024-03-04 17:40:00,6.839,10.776
2024-03-04 17:41:00,6.679,11.083
2024-03-04 17:42:00,6.753,11.205
2024-03-04 17:43:00,6.448,10.805
2024-03-04 17:44:00,6.276,11.021
2024-03-04 17:45:00,6.654,10.669
2024-03-04 17:46:00,6.708,
2024-03-04 17:47:00,6.725,10.974
2024-03-04 17:48:00,6.608,10.77
2024-03-04 17:49:00,6.365,10.751
2024-03-04 17:50:00,6.289,10.862
2024-03-04 17:51:00,6.299,10.877
2024-03-04 17:52:00,6.257,10.628
2024-03-04 17:53:00,6.517,11.213
2024-03-04 17:54:00,6.564,10.874
2024-03-04 17:55:00,6.682,10.853
2024-03-04 17:56:00,6.436,10.341
2024-03-04 17:57:00,6.232,11.195
2024-03-04 17:58:00,6.489,10.826
2024-03-04 17:59:00,6.496,11.14
2024-03-04 18:00:00,6.502,10.825
2024-03-04 18:01:00,6.584,11.091
2024-03-04 18:02:00,6.52,10.788
2024-03-04 18:03:00,6.49,10.866
2024-03-04 18:04:00,6.302,10.754
2024-03-04 18:05:00,6.601,10.831
2024-03-04 18:06:00,6.672,10.638
2024-03-04 18:07:00,6.485,10.751
2024-03-04 18:08:00,6.504,10.668
2024-03-04 18:09:00,6.267,10.918
2024-03-04 18:10:00,6.471,10.744
2024-03-04 18:11:00,6.456,11.043
2024-03-04 18:12:00,6.463,10.771
2024-03-04 18:13:00,6.336,10.58
2024-03-04 18:14:00,6.507,10.961
2024-03-04 18:15:00,6.578,11.016
2024-03-04 18:16:00,6.675,10.809
2024-03-04 18:17:00,6.529,11.453
2024-03-04 18:18:00,6.595,10.699
2024-03-04 18:19:00,6.47,10.602
2024-03-04 18:20:00,6.48,10.932
2024-03-04 18:21:00,6.757,10.872
2024-03-04 18:22:00,6.516,10.66
2024-03-04 18:23:00,6.833,10.786
2024-03-04 18:24:00,6.661,11.029
2024-03-04 18:25:00,6.494,10.853
2024-03-04 18:26:00,6.568,11.015
2024-03-04 18:27:00,6.719,10.82
2024-03-04 18:28:00,6.583,10.81
2024-03-04 18:29:00,6.34,10.987
2024-03-04 18:30:00,6.573,11.163
2024-03-04 18:31:00,6.369,10.892
2024-03-04 18:32:00,6.509,10.91
2024-03-04 18:33:00,6.568,10.845
2024-03-04 18:34:00,6.334,10.843
2024-03-04 18:35:00,6.564,10.466
2024-03-04 18:36:00,6.419,11.032
2024-03-04 18:37:00,6.719,10.619
2024-03-04 18:38:00,6.466,10.647
2024-03-04 18:39:00,6.537,11.116
2024-03-04 18:40:00,6.268,10.561
2024-03-04 18:41:00,6.306,10.811
2024-03-04 18:42:00,6.704,11.128
2024-03-04 18:43:00,6.397,10.986
2024-03-04 18:44:00,6.269,10.919
2024-03-04 18:45:00,6.39,10.776
2024-03-04 18:46:00,6.358,10.944
2024-03-04 18:47:00,6.49,10.709
2024-03-04 18:48:00,6.504,10.62
2024-03-04 18:49:00,6.85,10.962
2024-03-04 18:50:00,6.689,
2024-03-04 18:51:00,6.507,10.812
2024-03-04 18:52:00,6.648,10.677
2024-03-04 18:53:00,6.521,10.844
2024-03-04 18:54:00,6.615,10.717
2024-03-04 18:55:00,6.32,11.286
2024-03-04 18:56:00,6.503,10.943
2024-03-04 18:57:00,6.37,10.623
2024-03-04 18:58:00,,10.803
2024-03-04 18:59:00,6.588,10.77
2024-03-04 19:00:00,6.61,10.819
2024-03-04 19:01:00,6.494,10.808
2024-03-04 19:02:00,6.573,10.941
2024-03-04 19:03:00,6.483,10.601
2024-03-04 19:04:00,6.487,10.712
2024-03-04 19:05:00,6.655,10.343
2024-03-04 19:06:00,6.654,10.595
2024-03-04 19:07:00,6.669,10.799
2024-03-04 19:08:00,6.579,11.268
2024-03-04 19:09:00,6.8,10.805
2024-03-04 19:10:00,6.361,10.541
2024-03-04 19:11:00,6.548,10.855
2024-03-04 19:12:00,6.522,10.556
2024-03-04 19:13:00,6.595,10.793
2024-03-04 19:14:00,6.558,11.143
2024-03-04 19:15:00,6.434,10.821
2024-03-04 19:16:00,6.635,10.541
2024-03-04 19:17:00,6.656,11.029
2024-03-04 19:18:00,6.513,10.523
2024-03-04 19:19:00,6.781,10.711
2024-03-04 19:20:00,6.343,10.845
2024-03-04 19:21:00,6.675,10.873
2024-03-04 19:22:00,6.436,10.732
2024-03-04 19:23:00,6.682,10.724
2024-03-04 19:24:00,6.193,10.66
2024-03-04 19:25:00,6.683,10.514
2024-03-04 19:26:00,6.327,11.063
2024-03-04 19:27:00,6.664,10.835
2024-03-04 19:28:00,6.61,11.0
2024-03-04 19:29:00,6.476,11.065
2024-03-04 19:30:00,6.337,10.883
2024-03-04 19:31:00,6.595,10.45
2024-03-04 19:32:00,6.313,10.875
2024-03-04 19:33:00,6.735,10.65
2024-03-04 19:34:00,6.937,
2024-03-04 19:35:00,6.56,11.101
2024-03-04 19:36:00,6.398,10.757
2024-03-04 19:37:00,6.455,11.054
2024-03-04 19:38:00,6.677,10.718
2024-03-04 19:39:00,6.814,10.715
2024-03-04 19:40:00,6.52,10.881
2024-03-04 19:41:00,6.542,10.964
2024-03-04 19:42:00,6.59,10.878
2024-03-04 19:43:00,6.331,10.791
2024-03-04 19:44:00,6.412,10.998
2024-03-04 19:45:00,6.789,10.623
2024-03-04 19:46:00,6.606,10.783
2024-03-04 19:47:00,6.393,10.387
2024-03-04 19:48:00,6.279,11.042
2024-03-04 19:49:00,6.494,10.754
2024-03-04 19:50:00,6.579,10.791
2024-03-04 19:51:00,6.459,10.919
2024-03-04 19:52:00,6.664,10.799
2024-03-04 19:53:00,6.717,11.01
2024-03-04 19:54:00,6.736,10.681
2024-03-04 19:55:00,6.673,10.838
2024-03-04 19:56:00,6.465,10.763
2024-03-04 19:57:00,6.258,10.739
2024-03-04 19:58:00,6.683,10.944
2024-03-04 19:59:00,6.676,10.615
2024-03-04 20:00:00,6.649,11.083
2024-03-04 20:01:00,6.5,11.333
2024-03-04 20:02:00,6.515,10.593
2024-03-04 20:03:00,6.804,10.991
2024-03-04 20:04:00,6.428,10.686
2024-03-04 20:05:00,6.455,11.105
2024-03-04 20:06:00,6.617,10.402
2024-03-04 20:07:00,6.371,10.875
2024-03-04 20:08:00,6.713,11.098
2024-03-04 20:09:00,6.653,11.021
2024-03-04 20:10:00,6.662,10.858
2024-03-04 20:11:00,6.789,10.856
2024-03-04 20:12:00,6.324,10.868
2024-03-04 20:13:00,6.677,11.202
2024-03-04 20:14:00,6.473,11.06
2024-03-04 20:15:00,6.577,10.934
2024-03-04 20:16:00,6.747,10.801
2024-03-04 20:17:00,6.355,11.25
2024-03-04 20:18:00,6.462,11.046
2024-03-04 20:19:00,6.643,10.616
2024-03-04 20:20:00,6.811,10.757
2024-03-04 20:21:00,6.538,10.776
2024-03-04 20:22:00,6.627,10.946
2024-03-04 20:23:00,6.621,10.98
2024-03-04 20:24:00,6.605,10.699
2024-03-04 20:25:00,6.804,10.877
2024-03-04 20:26:00,6.321,10.938
2024-03-04 20:27:00,6.479,10.731
2024-03-04 20:28:00,6.735,11.142
2024-03-04 20:29:00,6.975,10.934
2024-03-04 20:30:00,6.542,11.109
2024-03-04 20:31:00,6.712,
2024-03-04 20:32:00,6.809,10.882
2024-03-04 20:33:00,6.649,
2024-03-04 20:34:00,6.483,10.508
2024-03-04 20:35:00,6.679,10.639
2024-03-04 20:36:00,6.647,10.873
2024-03-04 20:37:00,6.641,11.094
2024-03-04 20:38:00,6.388,10.775
2024-03-04 20:39:00,6.612,11.053
2024-03-04 20:40:00,6.509,10.955
2024-03-04 20:41:00,6.557,11.211
2024-03-04 20:42:00,6.747,11.013
2024-03-04 20:43:00,6.627,10.915
2024-03-04 20:44:00,6.611,10.937
2024-03-04 20:45:00,6.778,10.876
2024-03-04 20:46:00,6.747,10.638
2024-03-04 20:47:00,6.805,11.172
2024-03-04 20:48:00,6.216,10.739
2024-03-04 20:49:00,6.847,10.757
2024-03-04 20:50:00,6.724,10.911
2024-03-04 20:51:00,6.463,11.176
2024-03-04 20:52:00,6.688,10.76
2024-03-04 20:53:00,6.582,10.679
2024-03-04 20:54:00,6.463,
2024-03-04 20:55:00,6.701,11.006
2024-03-04 20:56:00,,10.695
2024-03-04 20:57:00,6.397,11.08
2024-03-04 20:58:00,6.846,11.49
2024-03-04 20:59:00,6.6,10.78
2024-03-04 21:00:00,6.524,11.254
2024-03-04 21:01:00,6.302,10.608
2024-03-04 21:02:00,6.917,10.92
2024-03-04 21:03:00,6.259,11.053
2024-03-04 21:04:00,6.626,10.87
2024-03-04 21:05:00,6.883,10.524
2024-03-04 21:06:00,6.668,10.544
2024-03-04 21:07:00,6.674,10.824
2024-03-04 21:08:00,6.839,10.971
2024-03-04 21:09:00,6.783,11.135
2024-03-04 21:10:00,6.695,11.266
2024-03-04 21:11:00,6.649,10.635
2024-03-04 21:12:00,6.357,11.024
2024-03-04 21:13:00,6.778,10.873
2024-03-04 21:14:00,6.729,10.863
2024-03-04 21:15:00,6.532,10.607
2024-03-04 21:16:00,6.951,10.842
2024-03-04 21:17:00,6.69,10.83
2024-03-04 21:18:00,6.686,11.301
2024-03-04 21:19:00,,10.753
2024-03-04 21:20:00,6.57,10.896
2024-03-04 21:21:00,6.577,10.777
2024-03-04 21:22:00,6.427,10.745
2024-03-04 21:23:00,6.743,10.709
2024-03-04 21:24:00,6.421,11.31
2024-03-04 21:25:00,6.27,10.99
2024-03-04 21:26:00,6.576,10.872
2024-03-04 21:27:00,6.604,11.357
2024-03-04 21:28:00,6.784,10.841
2024-03-04 21:29:00,6.689,10.875
2024-03-04 21:30:00,6.89,10.885
2024-03-04 21:31:00,6.958,11.156
2024-03-04 21:32:00,6.67,10.94
2024-03-04 21:33:00,6.546,10.944
2024-03-04 21:34:00,6.628,
2024-03-04 21:35:00,6.631,10.979
2024-03-04 21:36:00,7.03,11.076
2024-03-04 21:37:00,6.837,10.991
2024-03-04 21:38:00,6.746,10.536
2024-03-04 21:39:00,6.767,11.257
2024-03-04 21:40:00,6.867,11.242
2024-03-04 21:41:00,6.765,11.136
2024-03-04 21:42:00,6.752,10.886
2024-03-04 21:43:00,6.562,11.289
2024-03-04 21:44:00,6.871,11.112
2024-03-04 21:45:00,6.594,11.506
2024-03-04 21:46:00,6.746,10.979
2024-03-04 21:47:00,6.691,10.999
2024-03-04 21:48:00,6.792,10.703
2024-03-04 21:49:00,6.805,11.014
2024-03-04 21:50:00,6.613,10.85
2024-03-04 21:51:00,6.695,
2024-03-04 21:52:00,6.628,10.995
2024-03-04 21:53:00,6.851,10.883
2024-03-04 21:54:00,6.815,10.965
2024-03-04 21:55:00,6.987,11.363
2024-03-04 21:56:00,6.725,11.342
2024-03-04 21:57:00,6.784,10.899
2024-03-04 21:58:00,6.9,11.311
2024-03-04 21:59:00,6.625,10.938
2024-03-04 22:00:00,6.693,11.128
2024-03-04 22:01:00,6.711,11.034
2024-03-04 22:02:00,6.385,11.009
2024-03-04 22:03:00,6.704,11.012
2024-03-04 22:04:00,6.771,10.954
2024-03-04 22:05:00,6.576,10.885
2024-03-04 22:06:00,6.546,11.198
2024-03-04 22:07:00,6.562,11.028
2024-03-04 22:08:00,6.776,10.762
2024-03-04 22:09:00,6.654,11.112
2024-03-04 22:10:00,6.931,10.907
2024-03-04 22:11:00,6.782,11.225
2024-03-04 22:12:00,6.751,11.324
2024-03-04 22:13:00,6.557,10.936
2024-03-04 22:14:00,6.87,10.964
2024-03-04 22:15:00,6.865,10.851
2024-03-04 22:16:00,6.938,
2024-03-04 22:17:00,6.774,11.298
2024-03-04 22:18:00,6.859,11.386
2024-03-04 22:19:00,6.461,11.204
2024-03-04 22:20:00,6.751,11.043
2024-03-04 22:21:00,6.942,11.268
2024-03-04 22:22:00,6.469,11.331
2024-03-04 22:23:00,6.818,11.102
2024-03-04 22:24:00,6.752,10.902
2024-03-04 22:25:00,6.898,11.215
2024-03-04 22:26:00,6.946,11.259
2024-03-04 22:27:00,,11.032
2024-03-04 22:28:00,6.446,11.487
2024-03-04 22:29:00,6.598,11.267
2024-03-04 22:30:00,6.88,11.056
2024-03-04 22:31:00,6.761,11.425
2024-03-04 22:32:00,6.587,11.096
2024-03-04 22:33:00,6.774,11.253
2024-03-04 22:34:00,6.822,11.315
2024-03-04 22:35:00,6.769,11.243
2024-03-04 22:36:00,6.771,11.034
2024-03-04 22:37:00,6.909,11.172
2024-03-04 22:38:00,6.619,11.353
2024-03-04 22:39:00,6.816,
2024-03-04 22:40:00,6.979,11.432
2024-03-04 22:41:00,,11.183
2024-03-04 22:42:00,6.934,11.322
2024-03-04 22:43:00,7.061,11.489
2024-03-04 22:44:00,7.122,11.006
2024-03-04 22:45:00,6.875,11.223
2024-03-04 22:46:00,6.935,11.631
2024-03-04 22:47:00,6.824,11.08
2024-03-04 22:48:00,6.996,11.391
2024-03-04 22:49:00,6.953,11.353
2024-03-04 22:50:00,6.971,11.674
2024-03-04 22:51:00,7.028,11.212
2024-03-04 22:52:00,6.783,11.307
2024-03-04 22:53:00,6.599,11.313
2024-03-04 22:54:00,,10.905
2024-03-04 22:55:00,6.92,11.132
2024-03-04 22:56:00,6.79,11.649
2024-03-04 22:57:00,6.727,11.191
2024-03-04 22:58:00,6.767,11.447
2024-03-04 22:59:00,6.775,11.582
2024-03-04 23:00:00,6.792,11.467
2024-03-04 23:01:00,6.934,11.422
2024-03-04 23:02:00,6.715,11.591
2024-03-04 23:03:00,6.717,11.484
2024-03-04 23:04:00,6.895,11.497
2024-03-04 23:05:00,6.778,11.383
2024-03-04 23:06:00,6.749,11.138
2024-03-04 23:07:00,6.949,11.317
2024-03-04 23:08:00,7.059,11.35
2024-03-04 23:09:00,6.809,11.759
2024-03-04 23:10:00,6.627,11.441
2024-03-04 23:11:00,7.127,11.543
2024-03-04 23:12:00,11.42,11.254
2024-03-04 23:13:00,6.831,11.445
2024-03-04 23:14:00,7.208,11.39
2024-03-04 23:15:00,6.717,11.43
2024-03-04 23:16:00,6.951,11.323
2024-03-04 23:17:00,7.065,11.321
2024-03-04 23:18:00,6.745,11.497
2024-03-04 23:19:00,6.791,11.497
2024-03-04 23:20:00,6.537,11.035
2024-03-04 23:21:00,7.027,12.087
2024-03-04 23:22:00,6.705,11.584
2024-03-04 23:23:00,6.82,11.391
2024-03-04 23:24:00,6.991,11.603
2024-03-04 23:25:00,6.799,11.348
2024-03-04 23:26:00,7.247,11.113
2024-03-04 23:27:00,7.156,11.818
2024-03-04 23:28:00,6.716,11.553
2024-03-04 23:29:00,6.889,11.627
2024-03-04 23:30:00,6.851,11.372
2024-03-04 23:31:00,6.813,11.179
2024-03-04 23:32:00,7.08,11.593
2024-03-04 23:33:00,7.051,11.365
2024-03-04 23:34:00,6.871,11.421
2024-03-04 23:35:00,6.783,11.441
2024-03-04 23:36:00,7.153,11.672
2024-03-04 23:37:00,6.805,11.516
2024-03-04 23:38:00,7.255,11.759
2024-03-04 23:39:00,6.991,11.64
2024-03-04 23:40:00,6.802,11.493
2024-03-04 23:41:00,6.846,11.422
2024-03-04 23:42:00,7.041,11.767
2024-03-04 23:43:00,6.892,11.965
2024-03-04 23:44:00,7.007,11.861
2024-03-04 23:45:00,6.709,11.659
2024-03-04 23:46:00,7.059,11.509
2024-03-04 23:47:00,6.901,11.92
2024-03-04 23:48:00,7.211,11.949
2024-03-04 23:49:00,7.079,11.766
2024-03-04 23:50:00,7.457,11.621
2024-03-04 23:51:00,6.924,11.632
2024-03-04 23:52:00,6.997,11.746
2024-03-04 23:53:00,7.001,11.111
2024-03-04 23:54:00,6.899,11.675
2024-03-04 23:55:00,6.783,11.704
2024-03-04 23:56:00,6.916,11.784
2024-03-04 23:57:00,7.011,11.491
2024-03-04 23:58:00,6.805,12.012
2024-03-04 23:59:00,7.057,11.771
2024-03-05 00:00:00,6.828,12.018
2024-03-05 00:01:00,7.036,11.91
2024-03-05 00:02:00,7.073,11.678
2024-03-05 00:03:00,7.142,11.607
2024-03-05 00:04:00,6.834,11.835
2024-03-05 00:05:00,7.114,
2024-03-05 00:06:00,6.909,11.941
2024-03-05 00:07:00,6.866,11.614
2024-03-05 00:08:00,6.814,11.536
2024-03-05 00:09:00,6.936,11.577
2024-03-05 00:10:00,6.889,11.548
2024-03-05 00:11:00,7.289,11.665
2024-03-05 00:12:00,7.198,11.804
2024-03-05 00:13:00,7.057,11.668
2024-03-05 00:14:00,7.014,12.0
2024-03-05 00:15:00,7.17,11.658
2024-03-05 00:16:00,7.02,12.017
2024-03-05 00:17:00,7.09,11.364
2024-03-05 00:18:00,7.116,11.593
2024-03-05 00:19:00,6.918,11.659
2024-03-05 00:20:00,7.177,11.66
2024-03-05 00:21:00,6.859,11.502
2024-03-05 00:22:00,6.962,11.627
2024-03-05 00:23:00,7.244,11.615
2024-03-05 00:24:00,6.933,11.996
2024-03-05 00:25:00,6.784,11.733
2024-03-05 00:26:00,6.983,12.214
2024-03-05 00:27:00,6.912,11.437
2024-03-05 00:28:00,7.06,12.045
2024-03-05 00:29:00,7.15,11.478
2024-03-05 00:30:00,7.078,11.871
2024-03-05 00:31:00,6.852,11.793
2024-03-05 00:32:00,7.17,11.932
2024-03-05 00:33:00,7.042,11.799
2024-03-05 00:34:00,7.009,11.746
2024-03-05 00:35:00,7.315,11.854
2024-03-05 00:36:00,7.293,11.971
2024-03-05 00:37:00,7.293,11.892
2024-03-05 00:38:00,7.004,11.796
2024-03-05 00:39:00,6.967,12.133
2024-03-05 00:40:00,7.336,12.104
2024-03-05 00:41:00,7.099,11.903
2024-03-05 00:42:00,7.213,11.669
2024-03-05 00:43:00,7.091,11.646
2024-03-05 00:44:00,6.934,11.929
2024-03-05 00:45:00,7.2,11.995
2024-03-05 00:46:00,7.114,12.004
2024-03-05 00:47:00,7.155,12.157
2024-03-05 00:48:00,7.149,11.816
2024-03-05 00:49:00,7.096,11.951
2024-03-05 00:50:00,7.171,12.015
2024-03-05 00:51:00,7.13,11.566
2024-03-05 00:52:00,7.008,11.939
2024-03-05 00:53:00,6.806,12.229
2024-03-05 00:54:00,7.078,12.214
2024-03-05 00:55:00,7.134,12.106
2024-03-05 00:56:00,7.239,11.999
2024-03-05 00:57:00,7.069,12.053
2024-03-05 00:58:00,7.051,12.173
2024-03-05 00:59:00,7.158,11.739
2024-03-05 01:00:00,7.362,11.705
2024-03-05 01:01:00,7.363,11.964
2024-03-05 01:02:00,7.031,12.194
2024-03-05 01:03:00,7.091,11.958
2024-03-05 01:04:00,6.881,12.502
2024-03-05 01:05:00,7.081,11.731
2024-03-05 01:06:00,7.319,12.253
2024-03-05 01:07:00,7.161,12.188
2024-03-05 01:08:00,7.116,12.01
2024-03-05 01:09:00,7.044,11.899
2024-03-05 01:10:00,6.985,12.143
2024-03-05 01:11:00,7.09,12.041
2024-03-05 01:12:00,7.257,11.79
2024-03-05 01:13:00,7.119,11.758
2024-03-05 01:14:00,7.091,11.985
2024-03-05 01:15:00,6.875,11.919
2024-03-05 01:16:00,7.33,11.954
2024-03-05 01:17:00,7.267,12.094
2024-03-05 01:18:00,6.851,12.26
2024-03-05 01:19:00,7.081,11.631
2024-03-05 01:20:00,7.084,11.797
2024-03-05 01:21:00,7.091,
2024-03-05 01:22:00,7.17,12.26
2024-03-05 01:23:00,6.933,12.039
2024-03-05 01:24:00,7.115,12.085
2024-03-05 01:25:00,7.13,12.185
2024-03-05 01:26:00,7.103,12.222
2024-03-05 01:27:00,7.184,12.177
2024-03-05 01:28:00,7.131,11.798
2024-03-05 01:29:00,7.284,12.222
2024-03-05 01:30:00,7.352,12.222
2024-03-05 01:31:00,7.125,12.274
2024-03-05 01:32:00,7.183,12.45
2024-03-05 01:33:00,7.187,12.516
2024-03-05 01:34:00,6.771,12.309
2024-03-05 01:35:00,7.107,11.884
2024-03-05 01:36:00,7.11,12.305
2024-03-05 01:37:00,7.245,12.077
2024-03-05 01:38:00,7.122,12.155
2024-03-05 01:39:00,7.093,12.186
2024-03-05 01:40:00,7.37,12.117
2024-03-05 01:41:00,7.23,12.359
2024-03-05 01:42:00,7.326,11.933
2024-03-05 01:43:00,7.451,12.237
2024-03-05 01:44:00,7.099,12.376
2024-03-05 01:45:00,7.202,12.61
2024-03-05 01:46:00,7.111,12.168
2024-03-05 01:47:00,7.24,12.151
2024-03-05 01:48:00,7.013,12.069
2024-03-05 01:49:00,7.305,11.961
2024-03-05 01:50:00,7.11,12.293
2024-03-05 01:51:00,7.138,11.857
2024-03-05 01:52:00,7.145,
2024-03-05 01:53:00,7.251,12.551
2024-03-05 01:54:00,7.037,12.283
2024-03-05 01:55:00,7.364,12.187
2024-03-05 01:56:00,7.329,12.279
2024-03-05 01:57:00,7.349,12.0
2024-03-05 01:58:00,7.099,12.283
2024-03-05 01:59:00,7.261,12.222
2024-03-05 02:00:00,7.131,12.255
2024-03-05 02:01:00,7.141,12.429
2024-03-05 02:02:00,7.207,12.421
2024-03-05 02:03:00,7.464,12.203
2024-03-05 02:04:00,7.006,12.328
2024-03-05 02:05:00,7.359,12.162
2024-03-05 02:06:00,7.38,12.413
2024-03-05 02:07:00,7.587,11.998
2024-03-05 02:08:00,7.329,12.528
2024-03-05 02:09:00,7.443,12.803
2024-03-05 02:10:00,13.452,12.604
2024-03-05 02:11:00,7.377,12.446
2024-03-05 02:12:00,7.359,12.408
2024-03-05 02:13:00,7.309,12.164
2024-03-05 02:14:00,7.21,12.458
2024-03-05 02:15:00,7.227,12.064
2024-03-05 02:16:00,7.217,12.645
2024-03-05 02:17:00,7.281,12.322
2024-03-05 02:18:00,7.119,12.234
2024-03-05 02:19:00,7.184,12.364
2024-03-05 02:20:00,7.045,12.373
2024-03-05 02:21:00,7.136,12.268
2024-03-05 02:22:00,7.157,12.351
2024-03-05 02:23:00,7.193,12.336
2024-03-05 02:24:00,7.335,12.451
2024-03-05 02:25:00,7.349,12.618
2024-03-05 02:26:00,7.29,12.458
2024-03-05 02:27:00,7.305,12.176
2024-03-05 02:28:00,7.117,12.411
2024-03-05 02:29:00,6.948,12.498
2024-03-05 02:30:00,7.079,12.394
2024-03-05 02:31:00,7.424,12.379
2024-03-05 02:32:00,7.123,12.367
2024-03-05 02:33:00,7.338,12.507
2024-03-05 02:34:00,7.172,12.398
2024-03-05 02:35:00,7.255,12.6
2024-03-05 02:36:00,7.313,12.491
2024-03-05 02:37:00,7.224,12.664
2024-03-05 02:38:00,7.693,12.536
2024-03-05 02:39:00,7.603,12.676
2024-03-05 02:40:00,7.624,
2024-03-05 02:41:00,7.49,12.469
2024-03-05 02:42:00,7.313,12.332
2024-03-05 02:43:00,7.426,12.659
2024-03-05 02:44:00,7.302,12.355
2024-03-05 02:45:00,7.578,12.625
2024-03-05 02:46:00,7.468,12.4
2024-03-05 02:47:00,7.39,13.123
2024-03-05 02:48:00,7.125,12.706
2024-03-05 02:49:00,7.403,12.126
2024-03-05 02:50:00,7.338,12.376
2024-03-05 02:51:00,7.45,12.228
2024-03-05 02:52:00,7.269,12.467
2024-03-05 02:53:00,7.342,12.497
2024-03-05 02:54:00,7.257,12.274
2024-03-05 02:55:00,7.317,12.734
2024-03-05 02:56:00,7.159,12.562
2024-03-05 02:57:00,7.496,12.69
2024-03-05 02:58:00,7.322,12.46
2024-03-05 02:59:00,7.762,12.612
2024-03-05 03:00:00,7.275,12.693
2024-03-05 03:01:00,7.261,12.35
2024-03-05 03:02:00,7.324,12.74
2024-03-05 03:03:00,7.083,12.083
2024-03-05 03:04:00,7.428,12.887
2024-03-05 03:05:00,7.375,12.53
2024-03-05 03:06:00,7.556,12.432
2024-03-05 03:07:00,7.353,12.552
2024-03-05 03:08:00,7.17,12.45
2024-03-05 03:09:00,7.265,12.309
2024-03-05 03:10:00,7.544,12.378
2024-03-05 03:11:00,7.234,12.737
2024-03-05 03:12:00,7.566,12.342
2024-03-05 03:13:00,7.241,12.55
2024-03-05 03:14:00,,12.668
2024-03-05 03:15:00,7.453,12.425
2024-03-05 03:16:00,7.58,12.109
2024-03-05 03:17:00,7.186,12.78
2024-03-05 03:18:00,7.318,12.634
2024-03-05 03:19:00,7.226,12.708
2024-03-05 03:20:00,7.406,12.672
2024-03-05 03:21:00,7.363,12.74
2024-03-05 03:22:00,7.6,12.633
2024-03-05 03:23:00,7.169,12.819
2024-03-05 03:24:00,7.601,12.794
2024-03-05 03:25:00,7.798,12.626
2024-03-05 03:26:00,7.372,12.616
2024-03-05 03:27:00,7.155,12.778
2024-03-05 03:28:00,7.5,12.898
2024-03-05 03:29:00,7.257,12.38
2024-03-05 03:30:00,7.666,12.757
2024-03-05 03:31:00,7.196,12.316
2024-03-05 03:32:00,7.569,12.793
2024-03-05 03:33:00,7.378,12.662
2024-03-05 03:34:00,7.249,12.572
2024-03-05 03:35:00,7.407,12.65
2024-03-05 03:36:00,7.389,13.045
2024-03-05 03:37:00,7.669,12.798
2024-03-05 03:38:00,7.375,12.714
2024-03-05 03:39:00,7.246,12.75
2024-03-05 03:40:00,7.572,12.836
2024-03-05 03:41:00,7.249,12.738
2024-03-05 03:42:00,7.36,12.493
2024-03-05 03:43:00,7.291,12.982
2024-03-05 03:44:00,7.713,12.488
2024-03-05 03:45:00,7.38,12.679
2024-03-05 03:46:00,7.28,12.7
2024-03-05 03:47:00,7.412,12.759
2024-03-05 03:48:00,7.423,12.592
2024-03-05 03:49:00,7.514,12.545
2024-03-05 03:50:00,7.163,12.472
2024-03-05 03:51:00,7.793,12.604
2024-03-05 03:52:00,7.028,12.852
2024-03-05 03:53:00,7.4,12.837
2024-03-05 03:54:00,7.359,12.963
2024-03-05 03:55:00,7.565,
2024-03-05 03:56:00,7.427,12.805
2024-03-05 03:57:00,7.49,12.7
2024-03-05 03:58:00,7.525,12.833
2024-03-05 03:59:00,7.496,12.791
2024-03-05 04:00:00,7.396,12.744
2024-03-05 04:01:00,7.49,13.008
2024-03-05 04:02:00,7.334,13.048
2024-03-05 04:03:00,7.535,12.6
2024-03-05 04:04:00,7.405,
2024-03-05 04:05:00,7.388,12.724
2024-03-05 04:06:00,7.381,12.542
2024-03-05 04:07:00,7.355,12.402
2024-03-05 04:08:00,7.461,12.731
2024-03-05 04:09:00,7.387,12.541
2024-03-05 04:10:00,7.749,12.874
2024-03-05 04:11:00,7.404,12.911
2024-03-05 04:12:00,7.404,12.793
2024-03-05 04:13:00,7.517,13.105
2024-03-05 04:14:00,7.59,12.947
2024-03-05 04:15:00,7.209,13.139
2024-03-05 04:16:00,7.443,12.787
2024-03-05 04:17:00,7.454,12.723
2024-03-05 04:18:00,7.304,12.74
2024-03-05 04:19:00,7.264,13.004
2024-03-05 04:20:00,7.409,12.656
2024-03-05 04:21:00,7.445,12.95
2024-03-05 04:22:00,7.515,12.609
2024-03-05 04:23:00,7.378,13.134
2024-03-05 04:24:00,7.201,12.695
2024-03-05 04:25:00,7.564,13.0
2024-03-05 04:26:00,7.502,12.708
2024-03-05 04:27:00,7.441,12.883
2024-03-05 04:28:00,7.452,13.157
2024-03-05 04:29:00,7.511,12.905
2024-03-05 04:30:00,7.733,12.849
2024-03-05 04:31:00,7.571,12.619
2024-03-05 04:32:00,7.316,13.296
2024-03-05 04:33:00,7.525,12.701
2024-03-05 04:34:00,7.544,12.768
2024-03-05 04:35:00,7.644,13.038
2024-03-05 04:36:00,,12.996
2024-03-05 04:37:00,7.276,12.592
2024-03-05 04:38:00,7.382,12.832
2024-03-05 04:39:00,7.358,12.844
2024-03-05 04:40:00,7.452,13.063
2024-03-05 04:41:00,7.407,13.263
2024-03-05 04:42:00,7.645,13.224
2024-03-05 04:43:00,7.533,12.943
2024-03-05 04:44:00,7.317,12.915
2024-03-05 04:45:00,7.429,13.444
2024-03-05 04:46:00,7.509,12.773
2024-03-05 04:47:00,7.572,13.174
2024-03-05 04:48:00,7.607,13.054
2024-03-05 04:49:00,7.459,12.873
2024-03-05 04:50:00,7.64,13.292
2024-03-05 04:51:00,7.472,12.747
2024-03-05 04:52:00,7.41,13.021
2024-03-05 04:53:00,7.62,13.005
2024-03-05 04:54:00,7.683,13.165
2024-03-05 04:55:00,7.297,13.448
2024-03-05 04:56:00,7.623,13.264
2024-03-05 04:57:00,7.667,13.334
2024-03-05 04:58:00,7.441,12.659
2024-03-05 04:59:00,7.475,13.062
2024-03-05 05:00:00,7.523,13.319
2024-03-05 05:01:00,7.206,13.1
2024-03-05 05:02:00,7.401,13.338
2024-03-05 05:03:00,7.524,13.094
2024-03-05 05:04:00,7.632,12.886
2024-03-05 05:05:00,7.55,12.785
2024-03-05 05:06:00,7.393,13.217
2024-03-05 05:07:00,7.514,13.211
2024-03-05 05:08:00,7.617,12.974
2024-03-05 05:09:00,7.12,13.033
2024-03-05 05:10:00,7.526,12.941
2024-03-05 05:11:00,7.43,13.205
2024-03-05 05:12:00,7.399,13.002
2024-03-05 05:13:00,7.433,13.174
2024-03-05 05:14:00,7.73,13.548
2024-03-05 05:15:00,7.458,13.097
2024-03-05 05:16:00,7.391,13.336
2024-03-05 05:17:00,7.651,13.138
2024-03-05 05:18:00,7.461,12.868
2024-03-05 05:19:00,7.492,12.957
2024-03-05 05:20:00,7.621,12.803
2024-03-05 05:21:00,7.533,13.349
2024-03-05 05:22:00,7.617,12.984
2024-03-05 05:23:00,7.413,13.369
2024-03-05 05:24:00,7.323,12.922
2024-03-05 05:25:00,7.424,13.188
2024-03-05 05:26:00,7.295,13.166
2024-03-05 05:27:00,7.495,12.752
2024-03-05 05:28:00,7.353,12.949
2024-03-05 05:29:00,7.349,13.022
2024-03-05 05:30:00,7.585,12.897
2024-03-05 05:31:00,7.525,12.994
2024-03-05 05:32:00,7.491,13.315
2024-03-05 05:33:00,7.659,12.945
2024-03-05 05:34:00,7.548,13.207
2024-03-05 05:35:00,7.643,13.009
2024-03-05 05:36:00,7.361,13.544
2024-03-05 05:37:00,7.364,13.24
2024-03-05 05:38:00,7.526,13.109
2024-03-05 05:39:00,7.51,
2024-03-05 05:40:00,7.346,13.439
2024-03-05 05:41:00,7.898,13.18
2024-03-05 05:42:00,7.289,13.264
2024-03-05 05:43:00,7.361,13.202
2024-03-05 05:44:00,7.252,13.011
2024-03-05 05:45:00,7.441,12.679
2024-03-05 05:46:00,7.078,13.286
2024-03-05 05:47:00,7.41,13.037
2024-03-05 05:48:00,7.586,13.177
2024-03-05 05:49:00,7.631,13.038
2024-03-05 05:50:00,7.472,13.047
2024-03-05 05:51:00,7.527,13.019
2024-03-05 05:52:00,7.57,13.387
2024-03-05 05:53:00,7.523,12.962
2024-03-05 05:54:00,7.369,13.026
2024-03-05 05:55:00,7.615,12.816
2024-03-05 05:56:00,7.75,13.153
2024-03-05 05:57:00,7.162,13.074
2024-03-05 05:58:00,7.374,12.918
2024-03-05 05:59:00,7.479,13.023
2024-03-05 06:00:00,7.547,12.928
2024-03-05 06:01:00,7.388,13.43
2024-03-05 06:02:00,7.446,13.229
2024-03-05 06:03:00,,13.048
2024-03-05 06:04:00,7.526,13.114
2024-03-05 06:05:00,7.36,13.642
2024-03-05 06:06:00,7.674,13.114
2024-03-05 06:07:00,7.449,13.105
2024-03-05 06:08:00,7.546,12.971
2024-03-05 06:09:00,7.491,13.122
2024-03-05 06:10:00,7.441,13.124
2024-03-05 06:11:00,7.629,13.07
2024-03-05 06:12:00,7.519,13.381
2024-03-05 06:13:00,7.59,13.2
2024-03-05 06:14:00,7.476,13.105
2024-03-05 06:15:00,7.816,13.116
2024-03-05 06:16:00,7.371,12.881
2024-03-05 06:17:00,7.585,13.492
2024-03-05 06:18:00,7.383,13.429
2024-03-05 06:19:00,7.573,13.521
2024-03-05 06:20:00,,13.011
2024-03-05 06:21:00,7.561,13.093
2024-03-05 06:22:00,7.353,13.07
2024-03-05 06:23:00,7.347,12.803
2024-03-05 06:24:00,7.535,13.599
2024-03-05 06:25:00,7.392,13.057
2024-03-05 06:26:00,7.499,12.952
2024-03-05 06:27:00,7.235,13.289
2024-03-05 06:28:00,7.412,13.065
2024-03-05 06:29:00,7.573,13.347
2024-03-05 06:30:00,7.562,13.04
2024-03-05 06:31:00,7.535,13.177
2024-03-05 06:32:00,7.754,13.506
2024-03-05 06:33:00,7.503,13.129
2024-03-05 06:34:00,7.593,12.844
2024-03-05 06:35:00,7.594,13.426
2024-03-05 06:36:00,7.457,12.743
2024-03-05 06:37:00,7.422,13.192
2024-03-05 06:38:00,7.696,13.508
2024-03-05 06:39:00,7.359,13.59
2024-03-05 06:40:00,,13.108
2024-03-05 06:41:00,7.415,12.823
2024-03-05 06:42:00,7.581,13.339
2024-03-05 06:43:00,7.4,13.248
2024-03-05 06:44:00,7.284,13.329
2024-03-05 06:45:00,7.453,13.216
2024-03-05 06:46:00,7.212,13.227
2024-03-05 06:47:00,7.272,12.999
2024-03-05 06:48:00,7.509,13.134
2024-03-05 06:49:00,7.749,13.296
2024-03-05 06:50:00,7.168,13.541
2024-03-05 06:51:00,7.42,13.096
2024-03-05 06:52:00,7.382,13.266
2024-03-05 06:53:00,7.325,13.424
2024-03-05 06:54:00,7.756,13.25
2024-03-05 06:55:00,7.501,13.244
2024-03-05 06:56:00,7.352,13.167
2024-03-05 06:57:00,7.617,12.943
2024-03-05 06:58:00,7.612,13.576
2024-03-05 06:59:00,7.558,13.281
2024-03-05 07:00:00,7.358,13.177
2024-03-05 07:01:00,7.578,13.118
2024-03-05 07:02:00,,12.643
2024-03-05 07:03:00,7.468,13.266
2024-03-05 07:04:00,7.336,13.148
2024-03-05 07:05:00,7.499,12.92
2024-03-05 07:06:00,7.429,13.21
2024-03-05 07:07:00,7.499,13.306
2024-03-05 07:08:00,7.815,13.477
2024-03-05 07:09:00,7.251,13.102
2024-03-05 07:10:00,7.413,13.21
2024-03-05 07:11:00,7.697,13.4
2024-03-05 07:12:00,7.425,13.431
2024-03-05 07:13:00,7.154,12.967
2024-03-05 07:14:00,7.203,13.734
2024-03-05 07:15:00,7.463,13.516
2024-03-05 07:16:00,7.48,13.51
2024-03-05 07:17:00,7.554,13.419
2024-03-05 07:18:00,7.35,13.297
2024-03-05 07:19:00,7.843,13.317
2024-03-05 07:20:00,,13.035
2024-03-05 07:21:00,7.573,13.324
2024-03-05 07:22:00,7.426,13.073
2024-03-05 07:23:00,7.37,13.062
2024-03-05 07:24:00,7.545,13.212
2024-03-05 07:25:00,7.958,13.361
2024-03-05 07:26:00,7.572,13.105
2024-03-05 07:27:00,7.495,13.719
2024-03-05 07:28:00,7.437,13.06
2024-03-05 07:29:00,7.21,12.951
2024-03-05 07:30:00,7.431,13.51
2024-03-05 07:31:00,7.695,13.437
2024-03-05 07:32:00,7.529,13.416
2024-03-05 07:33:00,7.201,12.984
2024-03-05 07:34:00,7.347,13.361
2024-03-05 07:35:00,7.435,13.013
2024-03-05 07:36:00,7.261,13.17
2024-03-05 07:37:00,7.522,13.062
2024-03-05 07:38:00,7.307,13.507
2024-03-05 07:39:00,7.433,12.775
2024-03-05 07:40:00,7.529,13.305
2024-03-05 07:41:00,7.372,13.376
2024-03-05 07:42:00,7.494,12.922
2024-03-05 07:43:00,7.361,13.394
2024-03-05 07:44:00,7.365,12.999
2024-03-05 07:45:00,7.281,13.255
2024-03-05 07:46:00,7.236,13.484
2024-03-05 07:47:00,7.592,12.921
2024-03-05 07:48:00,7.425,13.158
2024-03-05 07:49:00,7.162,13.613
2024-03-05 07:50:00,7.168,13.395
2024-03-05 07:51:00,7.353,13.239
2024-03-05 07:52:00,7.355,13.187
2024-03-05 07:53:00,7.675,13.031
2024-03-05 07:54:00,7.565,13.199
2024-03-05 07:55:00,7.212,13.193
2024-03-05 07:56:00,7.408,13.362
2024-03-05 07:57:00,7.091,13.184
2024-03-05 07:58:00,7.309,13.364
2024-03-05 07:59:00,7.288,13.494
2024-03-05 08:00:00,7.263,13.288
2024-03-05 08:01:00,7.648,13.114
2024-03-05 08:02:00,7.239,13.153
2024-03-05 08:03:00,,13.163
2024-03-05 08:04:00,7.363,13.234
2024-03-05 08:05:00,7.589,13.113
2024-03-05 08:06:00,7.506,13.206
2024-03-05 08:07:00,7.614,13.556
2024-03-05 08:08:00,7.359,13.559
2024-03-05 08:09:00,7.337,13.244
2024-03-05 08:10:00,7.432,13.085
2024-03-05 08:11:00,7.383,13.104
2024-03-05 08:12:00,7.446,13.166
2024-03-05 08:13:00,7.523,13.159
2024-03-05 08:14:00,7.427,13.036
2024-03-05 08:15:00,7.445,12.966
2024-03-05 08:16:00,7.293,13.152
2024-03-05 08:17:00,7.259,13.092
2024-03-05 08:18:00,,13.527
2024-03-05 08:19:00,7.343,13.461
2024-03-05 08:20:00,7.388,12.938
2024-03-05 08:21:00,7.17,13.018
2024-03-05 08:22:00,7.305,13.199
2024-03-05 08:23:00,7.328,12.907
2024-03-05 08:24:00,7.286,13.066
2024-03-05 08:25:00,7.544,13.073
2024-03-05 08:26:00,7.369,12.988
2024-03-05 08:27:00,7.369,13.234
2024-03-05 08:28:00,7.206,13.374
2024-03-05 08:29:00,7.438,12.979
2024-03-05 08:30:00,7.578,13.119
2024-03-05 08:31:00,7.429,13.223
2024-03-05 08:32:00,7.155,12.683
2024-03-05 08:33:00,7.603,13.448
2024-03-05 08:34:00,7.28,13.061
2024-03-05 08:35:00,7.216,13.095
2024-03-05 08:36:00,7.306,13.323
2024-03-05 08:37:00,7.19,12.959
2024-03-05 08:38:00,7.272,12.862
2024-03-05 08:39:00,14.044,12.884
2024-03-05 08:40:00,7.43,13.02
2024-03-05 08:41:00,7.374,13.257
2024-03-05 08:42:00,7.407,13.323
2024-03-05 08:43:00,7.188,13.427
2024-03-05 08:44:00,7.623,13.554
2024-03-05 08:45:00,7.492,13.208
2024-03-05 08:46:00,7.708,13.386
2024-03-05 08:47:00,7.295,13.255
2024-03-05 08:48:00,7.326,13.071
2024-03-05 08:49:00,7.408,13.205
2024-03-05 08:50:00,7.159,13.231
2024-03-05 08:51:00,7.35,13.024
2024-03-05 08:52:00,7.409,13.081
2024-03-05 08:53:00,7.611,13.252
2024-03-05 08:54:00,7.466,13.153
2024-03-05 08:55:00,7.533,12.944
2024-03-05 08:56:00,7.319,
2024-03-05 08:57:00,7.427,13.416
2024-03-05 08:58:00,7.285,13.126
2024-03-05 08:59:00,7.477,13.318
2024-03-05 09:00:00,7.209,12.966
2024-03-05 09:01:00,7.303,12.919
2024-03-05 09:02:00,7.286,13.012
2024-03-05 09:03:00,7.509,13.144
2024-03-05 09:04:00,7.386,12.886
2024-03-05 09:05:00,7.409,13.226
2024-03-05 09:06:00,7.424,13.181
2024-03-05 09:07:00,7.473,13.087
2024-03-05 09:08:00,7.379,13.247
2024-03-05 09:09:00,,13.116
2024-03-05 09:10:00,7.462,12.781
2024-03-05 09:11:00,7.503,13.037
2024-03-05 09:12:00,7.313,12.948
2024-03-05 09:13:00,7.481,12.531
2024-03-05 09:14:00,7.361,13.331
2024-03-05 09:15:00,7.09,12.962
2024-03-05 09:16:00,7.18,13.131
2024-03-05 09:17:00,7.37,13.093
2024-03-05 09:18:00,7.231,13.11
2024-03-05 09:19:00,7.224,12.711
2024-03-05 09:20:00,7.557,13.153
2024-03-05 09:21:00,7.059,12.996
2024-03-05 09:22:00,7.207,13.123
2024-03-05 09:23:00,7.326,13.174
2024-03-05 09:24:00,7.018,
2024-03-05 09:25:00,7.378,13.015
2024-03-05 09:26:00,7.195,13.204
2024-03-05 09:27:00,7.52,13.331
2024-03-05 09:28:00,7.412,12.699
2024-03-05 09:29:00,7.234,12.803
2024-03-05 09:30:00,7.165,12.789
2024-03-05 09:31:00,7.267,13.241
2024-03-05 09:32:00,7.348,12.996
2024-03-05 09:33:00,7.19,12.861
2024-03-05 09:34:00,7.414,12.982
2024-03-05 09:35:00,7.199,13.158
2024-03-05 09:36:00,7.289,13.091
2024-03-05 09:37:00,7.073,12.642
2024-03-05 09:38:00,7.04,12.887
2024-03-05 09:39:00,7.376,13.318
2024-03-05 09:40:00,,12.46
2024-03-05 09:41:00,,12.819
2024-03-05 09:42:00,7.157,12.619
2024-03-05 09:43:00,7.146,13.08
2024-03-05 09:44:00,7.087,12.713
2024-03-05 09:45:00,7.21,12.56
2024-03-05 09:46:00,7.056,13.075
2024-03-05 09:47:00,7.324,12.863
2024-03-05 09:48:00,7.282,12.799
2024-03-05 09:49:00,7.111,12.837
2024-03-05 09:50:00,7.113,13.172
2024-03-05 09:51:00,7.38,12.979
2024-03-05 09:52:00,7.218,12.868
2024-03-05 09:53:00,6.936,12.956
2024-03-05 09:54:00,7.387,12.662
2024-03-05 09:55:00,6.838,13.053
2024-03-05 09:56:00,6.993,13.235
2024-03-05 09:57:00,7.131,12.848
2024-03-05 09:58:00,6.994,12.757
2024-03-05 09:59:00,7.375,12.688
2024-03-05 10:00:00,7.335,13.125
2024-03-05 10:01:00,7.406,12.603
2024-03-05 10:02:00,7.247,12.632
2024-03-05 10:03:00,6.931,12.68
2024-03-05 10:04:00,7.389,12.899
2024-03-05 10:05:00,7.273,13.026
2024-03-05 10:06:00,7.139,12.925
2024-03-05 10:07:00,7.279,12.649
2024-03-05 10:08:00,7.4,12.713
2024-03-05 10:09:00,7.247,12.943
2024-03-05 10:10:00,7.001,12.741
2024-03-05 10:11:00,7.366,12.92
2024-03-05 10:12:00,6.857,12.647
2024-03-05 10:13:00,7.17,12.684
2024-03-05 10:14:00,7.344,12.756
2024-03-05 10:15:00,7.191,13.149
2024-03-05 10:16:00,7.11,12.929
2024-03-05 10:17:00,7.097,13.117
2024-03-05 10:18:00,7.166,12.962
2024-03-05 10:19:00,7.274,12.754
2024-03-05 10:20:00,7.336,12.969
2024-03-05 10:21:00,7.266,12.917
2024-03-05 10:22:00,7.19,12.9
2024-03-05 10:23:00,7.391,12.435
2024-03-05 10:24:00,7.357,12.381
2024-03-05 10:25:00,7.131,12.614
2024-03-05 10:26:00,7.169,13.036
2024-03-05 10:27:00,7.097,12.771
2024-03-05 10:28:00,7.169,12.499
2024-03-05 10:29:00,7.227,12.78
2024-03-05 10:30:00,7.188,12.965
2024-03-05 10:31:00,7.045,12.788
2024-03-05 10:32:00,7.272,12.289
2024-03-05 10:33:00,7.304,12.693
2024-03-05 10:34:00,7.132,12.691
2024-03-05 10:35:00,7.318,12.419
2024-03-05 10:36:00,7.33,12.831
2024-03-05 10:37:00,7.059,13.172
2024-03-05 10:38:00,6.974,12.492
2024-03-05 10:39:00,7.324,13.11
2024-03-05 10:40:00,7.178,12.751
2024-03-05 10:41:00,7.316,13.059
2024-03-05 10:42:00,7.039,12.778
2024-03-05 10:43:00,7.18,12.777
2024-03-05 10:44:00,7.158,12.748
2024-03-05 10:45:00,7.235,12.899
2024-03-05 10:46:00,7.456,12.542
2024-03-05 10:47:00,7.244,12.652
2024-03-05 10:48:00,7.1,12.799
2024-03-05 10:49:00,7.362,12.803
2024-03-05 10:50:00,7.256,12.938
2024-03-05 10:51:00,7.018,12.453
2024-03-05 10:52:00,7.002,12.639
2024-03-05 10:53:00,7.054,12.827
2024-03-05 10:54:00,6.867,12.269
2024-03-05 10:55:00,6.999,12.745
2024-03-05 10:56:00,7.141,12.448
2024-03-05 10:57:00,7.255,12.554
2024-03-05 10:58:00,7.179,12.863
2024-03-05 10:59:00,7.163,12.474
2024-03-05 11:00:00,7.125,12.832
2024-03-05 11:01:00,7.09,12.42
2024-03-05 11:02:00,7.081,12.316
2024-03-05 11:03:00,7.329,12.193
2024-03-05 11:04:00,7.309,12.749
2024-03-05 11:05:00,7.099,12.688
2024-03-05 11:06:00,7.074,12.775
2024-03-05 11:07:00,7.206,12.619
2024-03-05 11:08:00,7.207,
2024-03-05 11:09:00,7.352,12.284
2024-03-05 11:10:00,7.206,12.668
2024-03-05 11:11:00,7.112,12.969
2024-03-05 11:12:00,6.865,12.75
2024-03-05 11:13:00,7.132,12.306
2024-03-05 11:14:00,6.994,12.35
2024-03-05 11:15:00,6.963,12.661
2024-03-05 11:16:00,7.31,12.286
2024-03-05 11:17:00,7.038,12.461
2024-03-05 11:18:00,7.206,12.288
2024-03-05 11:19:00,6.984,12.213
2024-03-05 11:20:00,7.193,12.467
2024-03-05 11:21:00,7.141,12.712
2024-03-05 11:22:00,7.283,12.52
2024-03-05 11:23:00,6.86,12.663
2024-03-05 11:24:00,7.038,12.646
2024-03-05 11:25:00,7.126,12.295
2024-03-05 11:26:00,7.031,12.414
2024-03-05 11:27:00,7.381,12.571
2024-03-05 11:28:00,7.169,12.38
2024-03-05 11:29:00,6.866,12.47
2024-03-05 11:30:00,6.889,12.619
2024-03-05 11:31:00,7.064,12.81
2024-03-05 11:32:00,7.565,
2024-03-05 11:33:00,,12.417
2024-03-05 11:34:00,6.856,12.363
2024-03-05 11:35:00,7.088,12.261
2024-03-05 11:36:00,7.065,12.326
2024-03-05 11:37:00,6.92,12.681
2024-03-05 11:38:00,7.032,12.584
2024-03-05 11:39:00,7.142,12.823
2024-03-05 11:40:00,7.158,12.522
2024-03-05 11:41:00,7.233,12.659
2024-03-05 11:42:00,6.902,12.446
2024-03-05 11:43:00,6.9,12.526
2024-03-05 11:44:00,7.016,12.477
2024-03-05 11:45:00,7.101,12.367
2024-03-05 11:46:00,7.176,12.131
2024-03-05 11:47:00,6.95,12.018
2024-03-05 11:48:00,6.947,12.384
2024-03-05 11:49:00,6.818,12.363
2024-03-05 11:50:00,7.166,12.174
2024-03-05 11:51:00,7.198,12.684
2024-03-05 11:52:00,7.166,12.327
2024-03-05 11:53:00,7.131,12.463
2024-03-05 11:54:00,7.034,12.407
2024-03-05 11:55:00,7.161,12.45
2024-03-05 11:56:00,6.992,12.751
2024-03-05 11:57:00,6.977,12.367
2024-03-05 11:58:00,6.955,12.071
2024-03-05 11:59:00,6.923,12.655
2024-03-05 12:00:00,6.6,12.295
2024-03-05 12:01:00,6.747,12.468
2024-03-05 12:02:00,6.861,12.203
2024-03-05 12:03:00,7.112,12.302
2024-03-05 12:04:00,6.971,12.166
2024-03-05 12:05:00,7.176,12.067
2024-03-05 12:06:00,6.937,12.254
2024-03-05 12:07:00,6.979,12.059
2024-03-05 12:08:00,7.21,12.312
2024-03-05 12:09:00,6.717,12.493
2024-03-05 12:10:00,6.79,12.546
2024-03-05 12:11:00,6.995,11.824
2024-03-05 12:12:00,7.051,12.086
2024-03-05 12:13:00,7.134,12.381
2024-03-05 12:14:00,6.92,12.232
2024-03-05 12:15:00,6.909,12.19
2024-03-05 12:16:00,6.837,12.477
2024-03-05 12:17:00,6.682,12.246
2024-03-05 12:18:00,6.973,12.36
2024-03-05 12:19:00,7.175,12.212
2024-03-05 12:20:00,6.769,11.999
2024-03-05 12:21:00,6.906,12.362
2024-03-05 12:22:00,6.851,12.505
2024-03-05 12:23:00,7.045,11.998
2024-03-05 12:24:00,6.888,12.078
2024-03-05 12:25:00,7.129,
2024-03-05 12:26:00,6.682,12.39
2024-03-05 12:27:00,7.005,12.146
2024-03-05 12:28:00,6.812,12.246
2024-03-05 12:29:00,7.066,12.232
2024-03-05 12:30:00,6.599,12.127
2024-03-05 12:31:00,6.764,12.402
2024-03-05 12:32:00,6.78,12.55
2024-03-05 12:33:00,7.139,11.957
2024-03-05 12:34:00,6.631,12.186
2024-03-05 12:35:00,6.868,12.104
2024-03-05 12:36:00,6.789,12.083
2024-03-05 12:37:00,7.272,11.959
2024-03-05 12:38:00,6.993,12.261
2024-03-05 12:39:00,6.896,12.3
2024-03-05 12:40:00,6.955,12.25
2024-03-05 12:41:00,6.918,12.268
2024-03-05 12:42:00,7.048,12.151
2024-03-05 12:43:00,6.871,11.917
2024-03-05 12:44:00,6.99,12.115
2024-03-05 12:45:00,7.176,12.459
2024-03-05 12:46:00,6.994,11.868
2024-03-05 12:47:00,6.97,12.087
2024-03-05 12:48:00,7.183,12.016
2024-03-05 12:49:00,6.882,11.611
2024-03-05 12:50:00,7.077,12.368
2024-03-05 12:51:00,6.782,12.189
2024-03-05 12:52:00,7.012,12.092
2024-03-05 12:53:00,6.997,12.319
2024-03-05 12:54:00,7.143,12.278
2024-03-05 12:55:00,6.518,12.315
2024-03-05 12:56:00,6.997,12.053
2024-03-05 12:57:00,7.09,12.031
2024-03-05 12:58:00,6.847,11.977
2024-03-05 12:59:00,6.791,12.318
2024-03-05 13:00:00,6.973,12.307
2024-03-05 13:01:00,6.772,12.089
2024-03-05 13:02:00,6.978,12.083
2024-03-05 13:03:00,6.802,11.993
2024-03-05 13:04:00,6.736,11.643
2024-03-05 13:05:00,6.798,12.194
2024-03-05 13:06:00,6.855,11.893
2024-03-05 13:07:00,6.744,12.129
2024-03-05 13:08:00,6.654,12.09
2024-03-05 13:09:00,7.031,11.83
2024-03-05 13:10:00,6.506,12.108
2024-03-05 13:11:00,7.007,12.213
2024-03-05 13:12:00,6.895,12.272
2024-03-05 13:13:00,6.668,12.172
2024-03-05 13:14:00,6.544,11.743
2024-03-05 13:15:00,6.848,11.943
2024-03-05 13:16:00,7.036,11.987
2024-03-05 13:17:00,6.841,11.763
2024-03-05 13:18:00,6.953,12.076
2024-03-05 13:19:00,6.578,12.049
2024-03-05 13:20:00,6.652,11.749
2024-03-05 13:21:00,6.963,12.052
2024-03-05 13:22:00,6.838,11.999
2024-03-05 13:23:00,6.975,12.318
2024-03-05 13:24:00,6.805,11.919
2024-03-05 13:25:00,6.856,11.708
2024-03-05 13:26:00,6.541,11.774
2024-03-05 13:27:00,6.577,11.94
2024-03-05 13:28:00,7.038,11.741
2024-03-05 13:29:00,6.677,11.641
2024-03-05 13:30:00,6.857,11.942
2024-03-05 13:31:00,6.635,11.699
2024-03-05 13:32:00,7.035,11.603
2024-03-05 13:33:00,6.601,11.823
2024-03-05 13:34:00,6.562,12.103
2024-03-05 13:35:00,6.594,12.135
2024-03-05 13:36:00,6.515,12.053
2024-03-05 13:37:00,6.762,11.418
2024-03-05 13:38:00,6.873,12.007
2024-03-05 13:39:00,6.774,12.064
2024-03-05 13:40:00,6.881,11.86
2024-03-05 13:41:00,6.788,11.808
2024-03-05 13:42:00,6.697,11.727
2024-03-05 13:43:00,6.902,12.026
2024-03-05 13:44:00,6.728,11.797
2024-03-05 13:45:00,6.88,11.816
2024-03-05 13:46:00,6.499,11.95
2024-03-05 13:47:00,6.895,11.729
2024-03-05 13:48:00,6.744,
2024-03-05 13:49:00,6.773,11.716
2024-03-05 13:50:00,6.951,11.78
2024-03-05 13:51:00,7.104,11.698
2024-03-05 13:52:00,6.905,11.644
2024-03-05 13:53:00,6.585,11.675
2024-03-05 13:54:00,6.926,11.211
2024-03-05 13:55:00,6.474,11.84
2024-03-05 13:56:00,6.661,11.774
2024-03-05 13:57:00,6.707,11.742
2024-03-05 13:58:00,6.502,11.134
2024-03-05 13:59:00,10.928,11.706
2024-03-05 14:00:00,6.966,11.784
2024-03-05 14:01:00,6.892,11.912
2024-03-05 14:02:00,6.569,11.561
2024-03-05 14:03:00,6.75,11.797
2024-03-05 14:04:00,6.572,11.489
2024-03-05 14:05:00,6.75,11.661
2024-03-05 14:06:00,12.554,11.692
2024-03-05 14:07:00,6.714,11.705
2024-03-05 14:08:00,6.741,11.737
2024-03-05 14:09:00,6.627,11.494
2024-03-05 14:10:00,6.49,12.205
2024-03-05 14:11:00,6.665,11.822
2024-03-05 14:12:00,6.566,11.85
2024-03-05 14:13:00,6.603,11.746
2024-03-05 14:14:00,6.81,11.791
2024-03-05 14:15:00,6.735,11.482
2024-03-05 14:16:00,6.663,11.708
2024-03-05 14:17:00,6.632,12.035
2024-03-05 14:18:00,6.789,11.202
2024-03-05 14:19:00,6.874,11.596
2024-03-05 14:20:00,6.556,11.749
2024-03-05 14:21:00,6.886,11.547
2024-03-05 14:22:00,6.839,11.726
2024-03-05 14:23:00,6.831,11.596
2024-03-05 14:24:00,6.542,11.495
2024-03-05 14:25:00,6.784,11.66
2024-03-05 14:26:00,6.694,11.416
2024-03-05 14:27:00,7.035,11.247
2024-03-05 14:28:00,,11.532
2024-03-05 14:29:00,6.863,11.371
2024-03-05 14:30:00,6.686,11.933
2024-03-05 14:31:00,6.503,11.666
2024-03-05 14:32:00,6.317,12.067
2024-03-05 14:33:00,6.578,12.04
2024-03-05 14:34:00,6.4,11.907
2024-03-05 14:35:00,6.731,11.582
2024-03-05 14:36:00,6.613,11.585
2024-03-05 14:37:00,6.539,11.955
2024-03-05 14:38:00,6.684,11.509
2024-03-05 14:39:00,6.642,11.496
2024-03-05 14:40:00,6.955,11.476
2024-03-05 14:41:00,6.613,11.485
2024-03-05 14:42:00,6.989,11.645
2024-03-05 14:43:00,6.412,11.746
2024-03-05 14:44:00,6.72,11.542
2024-03-05 14:45:00,6.974,11.239
2024-03-05 14:46:00,6.537,11.464
2024-03-05 14:47:00,6.812,11.614
2024-03-05 14:48:00,6.545,11.804
2024-03-05 14:49:00,6.433,11.654
2024-03-05 14:50:00,6.449,11.267
2024-03-05 14:51:00,6.739,11.594
2024-03-05 14:52:00,6.696,11.476
2024-03-05 14:53:00,6.899,11.514
2024-03-05 14:54:00,6.768,11.507
2024-03-05 14:55:00,6.755,11.705
2024-03-05 14:56:00,6.37,11.098
2024-03-05 14:57:00,6.719,11.772
2024-03-05 14:58:00,6.66,11.052
2024-03-05 14:59:00,6.812,11.412
2024-03-05 15:00:00,6.889,11.38
2024-03-05 15:01:00,6.794,11.683
2024-03-05 15:02:00,6.776,11.08
2024-03-05 15:03:00,6.656,11.762
2024-03-05 15:04:00,6.526,11.223
2024-03-05 15:05:00,6.657,11.403
2024-03-05 15:06:00,6.5,11.747
2024-03-05 15:07:00,6.402,11.235
2024-03-05 15:08:00,6.507,11.628
2024-03-05 15:09:00,6.629,11.122
2024-03-05 15:10:00,6.727,11.184
2024-03-05 15:11:00,6.504,11.044
2024-03-05 15:12:00,6.585,11.518
2024-03-05 15:13:00,6.746,11.591
2024-03-05 15:14:00,6.882,11.101
2024-03-05 15:15:00,6.035,11.448
2024-03-05 15:16:00,6.579,11.553
2024-03-05 15:17:00,6.64,11.318
2024-03-05 15:18:00,6.692,11.269
2024-03-05 15:19:00,6.719,10.878
2024-03-05 15:20:00,6.721,11.124
2024-03-05 15:21:00,6.533,11.247
2024-03-05 15:22:00,6.503,10.968
2024-03-05 15:23:00,6.74,11.275
2024-03-05 15:24:00,6.421,11.332
2024-03-05 15:25:00,6.778,11.281
2024-03-05 15:26:00,6.639,11.609
2024-03-05 15:27:00,6.786,11.476
2024-03-05 15:28:00,6.554,11.435
2024-03-05 15:29:00,6.859,11.123
2024-03-05 15:30:00,6.581,11.07
2024-03-05 15:31:00,6.68,11.309
2024-03-05 15:32:00,6.588,11.404
2024-03-05 15:33:00,6.41,11.497
2024-03-05 15:34:00,6.404,11.501
2024-03-05 15:35:00,6.551,11.376
2024-03-05 15:36:00,6.393,11.258
2024-03-05 15:37:00,6.448,11.167
2024-03-05 15:38:00,6.64,11.345
2024-03-05 15:39:00,6.852,11.105
2024-03-05 15:40:00,6.573,11.224
2024-03-05 15:41:00,6.531,11.072
2024-03-05 15:42:00,6.92,11.058
2024-03-05 15:43:00,6.306,11.432
2024-03-05 15:44:00,6.924,
2024-03-05 15:45:00,6.575,11.094
2024-03-05 15:46:00,6.763,11.145
2024-03-05 15:47:00,6.926,11.247
2024-03-05 15:48:00,6.515,11.25
2024-03-05 15:49:00,6.448,10.789
2024-03-05 15:50:00,6.47,11.042
2024-03-05 15:51:00,6.427,11.303
2024-03-05 15:52:00,6.509,11.182
2024-03-05 15:53:00,6.516,11.264
2024-03-05 15:54:00,6.608,10.88
2024-03-05 15:55:00,6.65,11.238
2024-03-05 15:56:00,6.602,11.348
2024-03-05 15:57:00,6.414,11.284
2024-03-05 15:58:00,6.703,11.036
2024-03-05 15:59:00,6.636,11.594
2024-03-05 16:00:00,6.531,11.148
2024-03-05 16:01:00,6.663,11.354
2024-03-05 16:02:00,6.476,11.449
2024-03-05 16:03:00,6.58,11.089
2024-03-05 16:04:00,6.68,10.898
2024-03-05 16:05:00,6.573,11.175
2024-03-05 16:06:00,6.667,11.022
2024-03-05 16:07:00,6.608,10.8
2024-03-05 16:08:00,6.404,10.632
2024-03-05 16:09:00,6.755,11.514
2024-03-05 16:10:00,6.486,11.349
2024-03-05 16:11:00,6.852,10.926
2024-03-05 16:12:00,6.638,11.074
2024-03-05 16:13:00,,11.375
2024-03-05 16:14:00,6.421,11.107
2024-03-05 16:15:00,6.395,11.088
2024-03-05 16:16:00,6.691,11.044
2024-03-05 16:17:00,6.705,11.03
2024-03-05 16:18:00,6.468,11.2
2024-03-05 16:19:00,6.302,11.147
2024-03-05 16:20:00,6.497,11.236
2024-03-05 16:21:00,6.635,11.207
2024-03-05 16:22:00,6.381,10.866
2024-03-05 16:23:00,6.681,10.944
2024-03-05 16:24:00,6.479,11.491
2024-03-05 16:25:00,6.383,11.242
2024-03-05 16:26:00,6.701,11.107
2024-03-05 16:27:00,6.556,11.218
2024-03-05 16:28:00,6.605,11.154
2024-03-05 16:29:00,6.455,11.153
2024-03-05 16:30:00,6.554,11.231
2024-03-05 16:31:00,6.804,11.223
2024-03-05 16:32:00,,11.291
2024-03-05 16:33:00,6.379,11.582
2024-03-05 16:34:00,6.491,11.126
2024-03-05 16:35:00,6.242,10.884
2024-03-05 16:36:00,6.434,10.791
2024-03-05 16:37:00,6.354,10.983
2024-03-05 16:38:00,6.366,11.052
2024-03-05 16:39:00,6.402,11.041
2024-03-05 16:40:00,6.461,11.284
2024-03-05 16:41:00,,10.949
2024-03-05 16:42:00,6.452,10.838
2024-03-05 16:43:00,6.719,11.083
2024-03-05 16:44:00,6.373,10.674
2024-03-05 16:45:00,6.409,10.681
2024-03-05 16:46:00,6.614,11.122
2024-03-05 16:47:00,6.389,10.956
2024-03-05 16:48:00,6.533,10.949
2024-03-05 16:49:00,6.426,10.935
2024-03-05 16:50:00,6.559,10.987
2024-03-05 16:51:00,6.376,10.823
2024-03-05 16:52:00,6.63,10.839
2024-03-05 16:53:00,6.168,11.272
2024-03-05 16:54:00,6.485,10.85
2024-03-05 16:55:00,6.278,10.789
2024-03-05 16:56:00,6.499,10.916
2024-03-05 16:57:00,6.415,10.768
2024-03-05 16:58:00,6.267,10.876
2024-03-05 16:59:00,6.471,10.771
2024-03-05 17:00:00,6.307,11.046
2024-03-05 17:01:00,6.31,10.927
2024-03-05 17:02:00,6.438,11.259
2024-03-05 17:03:00,,11.169
2024-03-05 17:04:00,6.587,11.422
2024-03-05 17:05:00,12.174,10.694
2024-03-05 17:06:00,6.419,10.98
2024-03-05 17:07:00,6.622,11.315
2024-03-05 17:08:00,,10.972
2024-03-05 17:09:00,6.733,10.688
2024-03-05 17:10:00,,10.818
2024-03-05 17:11:00,6.508,10.463
2024-03-05 17:12:00,6.57,11.28
2024-03-05 17:13:00,6.506,11.09
2024-03-05 17:14:00,6.469,11.003
2024-03-05 17:15:00,6.635,11.093
2024-03-05 17:16:00,6.433,10.974
2024-03-05 17:17:00,6.536,10.885
2024-03-05 17:18:00,6.213,10.888
2024-03-05 17:19:00,6.459,10.656
2024-03-05 17:20:00,6.496,10.905
2024-03-05 17:21:00,6.609,11.208
2024-03-05 17:22:00,6.367,11.183
2024-03-05 17:23:00,6.593,10.957
2024-03-05 17:24:00,6.436,11.059
2024-03-05 17:25:00,6.641,10.773
2024-03-05 17:26:00,6.437,10.951
2024-03-05 17:27:00,6.594,10.698
2024-03-05 17:28:00,,10.795
2024-03-05 17:29:00,6.659,10.915
2024-03-05 17:30:00,6.531,10.549
2024-03-05 17:31:00,6.532,10.846
2024-03-05 17:32:00,6.723,10.89
2024-03-05 17:33:00,6.561,10.799
2024-03-05 17:34:00,6.67,11.097
2024-03-05 17:35:00,6.433,10.677
2024-03-05 17:36:00,6.555,11.187
2024-03-05 17:37:00,6.497,10.767
2024-03-05 17:38:00,6.654,
2024-03-05 17:39:00,6.609,11.139
2024-03-05 17:40:00,6.317,10.811
2024-03-05 17:41:00,6.599,11.025
2024-03-05 17:42:00,6.496,11.096
2024-03-05 17:43:00,6.654,10.706
2024-03-05 17:44:00,6.479,10.949
2024-03-05 17:45:00,6.758,10.77
2024-03-05 17:46:00,6.482,11.062
2024-03-05 17:47:00,6.348,10.862
2024-03-05 17:48:00,6.757,10.775
2024-03-05 17:49:00,6.711,10.917
2024-03-05 17:50:00,6.681,10.844
2024-03-05 17:51:00,6.506,10.483
2024-03-05 17:52:00,6.543,10.672
2024-03-05 17:53:00,6.438,10.999
2024-03-05 17:54:00,6.259,10.716
2024-03-05 17:55:00,6.745,10.623
2024-03-05 17:56:00,6.559,
2024-03-05 17:57:00,6.583,10.47
2024-03-05 17:58:00,6.59,10.899
2024-03-05 17:59:00,6.579,10.764
2024-03-05 18:00:00,6.328,10.702
2024-03-05 18:01:00,6.636,10.471
2024-03-05 18:02:00,6.27,11.069
2024-03-05 18:03:00,6.368,10.909
2024-03-05 18:04:00,6.398,10.655
2024-03-05 18:05:00,6.386,10.992
2024-03-05 18:06:00,6.624,10.61
2024-03-05 18:07:00,6.641,10.821
2024-03-05 18:08:00,6.346,10.664
2024-03-05 18:09:00,6.523,10.835
2024-03-05 18:10:00,6.511,10.728
2024-03-05 18:11:00,6.553,10.901
2024-03-05 18:12:00,6.455,10.961
2024-03-05 18:13:00,6.492,11.008
2024-03-05 18:14:00,6.36,10.992
2024-03-05 18:15:00,6.525,11.076
2024-03-05 18:16:00,6.382,10.88
2024-03-05 18:17:00,6.55,10.761
2024-03-05 18:18:00,6.689,11.051
2024-03-05 18:19:00,6.595,10.782
2024-03-05 18:20:00,6.607,11.252
2024-03-05 18:21:00,6.77,10.896
2024-03-05 18:22:00,6.604,10.609
2024-03-05 18:23:00,6.501,10.662
2024-03-05 18:24:00,6.332,10.732
2024-03-05 18:25:00,,10.779
2024-03-05 18:26:00,6.719,10.787
2024-03-05 18:27:00,6.573,10.736
2024-03-05 18:28:00,6.197,10.909
2024-03-05 18:29:00,6.718,10.966
2024-03-05 18:30:00,6.596,10.733
2024-03-05 18:31:00,6.437,10.897
2024-03-05 18:32:00,6.612,10.884
2024-03-05 18:33:00,6.443,10.762
2024-03-05 18:34:00,6.292,10.986
2024-03-05 18:35:00,6.685,11.128
2024-03-05 18:36:00,6.493,10.76
2024-03-05 18:37:00,6.5,10.895
2024-03-05 18:38:00,6.473,10.91
2024-03-05 18:39:00,6.721,10.628
2024-03-05 18:40:00,6.696,10.688
2024-03-05 18:41:00,6.716,10.741
2024-03-05 18:42:00,6.598,10.707
2024-03-05 18:43:00,6.671,10.858
2024-03-05 18:44:00,6.255,10.415
2024-03-05 18:45:00,6.562,10.835
2024-03-05 18:46:00,6.343,10.985
2024-03-05 18:47:00,6.697,10.434
2024-03-05 18:48:00,6.624,11.078
2024-03-05 18:49:00,6.377,10.675
2024-03-05 18:50:00,6.765,10.543
2024-03-05 18:51:00,6.53,10.984
2024-03-05 18:52:00,6.363,10.657
2024-03-05 18:53:00,6.279,10.864
2024-03-05 18:54:00,11.356,11.098
2024-03-05 18:55:00,6.145,10.571
2024-03-05 18:56:00,6.645,10.627
2024-03-05 18:57:00,6.669,
2024-03-05 18:58:00,6.48,10.364
2024-03-05 18:59:00,6.583,10.826
2024-03-05 19:00:00,6.456,10.7
2024-03-05 19:01:00,6.392,11.148
2024-03-05 19:02:00,6.557,10.231
2024-03-05 19:03:00,6.514,10.807
2024-03-05 19:04:00,6.607,10.842
2024-03-05 19:05:00,6.16,10.537
2024-03-05 19:06:00,6.633,10.868
2024-03-05 19:07:00,6.823,10.53
2024-03-05 19:08:00,6.792,10.62
2024-03-05 19:09:00,6.764,10.561
2024-03-05 19:10:00,6.405,10.857
2024-03-05 19:11:00,6.601,10.614
2024-03-05 19:12:00,6.391,10.985
2024-03-05 19:13:00,6.75,11.045
2024-03-05 19:14:00,6.466,10.643
2024-03-05 19:15:00,6.514,11.02
2024-03-05 19:16:00,6.631,10.639
2024-03-05 19:17:00,6.476,10.632
2024-03-05 19:18:00,6.727,10.694
2024-03-05 19:19:00,6.609,10.947
2024-03-05 19:20:00,6.647,10.929
2024-03-05 19:21:00,6.648,11.047
2024-03-05 19:22:00,6.617,10.886
2024-03-05 19:23:00,6.666,10.636
2024-03-05 19:24:00,6.34,10.88
2024-03-05 19:25:00,6.559,10.914
2024-03-05 19:26:00,6.804,10.689
2024-03-05 19:27:00,6.623,10.875
2024-03-05 19:28:00,6.387,10.879
2024-03-05 19:29:00,6.506,11.043
2024-03-05 19:30:00,6.813,10.755
2024-03-05 19:31:00,6.301,10.429
2024-03-05 19:32:00,6.622,10.701
2024-03-05 19:33:00,6.639,10.901
2024-03-05 19:34:00,6.525,10.601
2024-03-05 19:35:00,6.734,10.622
2024-03-05 19:36:00,6.405,10.563
2024-03-05 19:37:00,6.375,10.907
2024-03-05 19:38:00,6.475,10.712
2024-03-05 19:39:00,6.438,10.784
2024-03-05 19:40:00,6.567,
2024-03-05 19:41:00,6.31,11.489
2024-03-05 19:42:00,6.462,10.829
2024-03-05 19:43:00,6.454,11.374
2024-03-05 19:44:00,6.458,10.455
2024-03-05 19:45:00,6.52,11.025
2024-03-05 19:46:00,6.572,10.861
2024-03-05 19:47:00,6.452,10.81
2024-03-05 19:48:00,6.604,10.96
2024-03-05 19:49:00,6.291,10.589
2024-03-05 19:50:00,6.262,10.522
2024-03-05 19:51:00,6.772,10.949
2024-03-05 19:52:00,6.489,10.682
2024-03-05 19:53:00,6.574,11.087
2024-03-05 19:54:00,6.532,10.933
2024-03-05 19:55:00,6.419,10.83
2024-03-05 19:56:00,6.394,10.822
2024-03-05 19:57:00,6.725,11.041
2024-03-05 19:58:00,6.378,10.605
2024-03-05 19:59:00,6.541,10.879
2024-03-05 20:00:00,6.605,10.665
2024-03-05 20:01:00,6.651,10.625
2024-03-05 20:02:00,6.571,11.039
2024-03-05 20:03:00,6.503,10.779
2024-03-05 20:04:00,6.493,10.978
2024-03-05 20:05:00,6.525,10.527
2024-03-05 20:06:00,6.433,10.761
2024-03-05 20:07:00,6.794,10.762
2024-03-05 20:08:00,6.438,10.83
2024-03-05 20:09:00,6.693,10.583
2024-03-05 20:10:00,6.468,10.759
2024-03-05 20:11:00,6.587,10.996
2024-03-05 20:12:00,6.491,11.13
2024-03-05 20:13:00,6.449,10.739
2024-03-05 20:14:00,6.746,10.748
2024-03-05 20:15:00,6.837,11.202
2024-03-05 20:16:00,6.764,10.503
2024-03-05 20:17:00,6.42,10.731
2024-03-05 20:18:00,6.27,10.417
2024-03-05 20:19:00,6.611,11.038
2024-03-05 20:20:00,6.356,11.12
2024-03-05 20:21:00,6.536,10.828
2024-03-05 20:22:00,6.674,10.982
2024-03-05 20:23:00,,10.89
2024-03-05 20:24:00,6.664,10.664
2024-03-05 20:25:00,,10.967
2024-03-05 20:26:00,6.478,11.002
2024-03-05 20:27:00,6.501,11.053
2024-03-05 20:28:00,6.412,11.075
2024-03-05 20:29:00,6.849,11.015
2024-03-05 20:30:00,6.654,11.198
2024-03-05 20:31:00,6.539,11.104
2024-03-05 20:32:00,6.423,11.104
2024-03-05 20:33:00,6.523,11.053
2024-03-05 20:34:00,13.138,10.894
2024-03-05 20:35:00,6.498,10.602
2024-03-05 20:36:00,6.647,10.943
2024-03-05 20:37:00,6.779,10.665
2024-03-05 20:38:00,6.766,10.999
2024-03-05 20:39:00,6.501,11.016
2024-03-05 20:40:00,6.586,11.011
2024-03-05 20:41:00,6.734,10.681
2024-03-05 20:42:00,6.537,10.646
2024-03-05 20:43:00,6.659,10.896
2024-03-05 20:44:00,6.539,10.628
2024-03-05 20:45:00,6.619,10.801
2024-03-05 20:46:00,6.56,10.934
2024-03-05 20:47:00,6.651,10.76
2024-03-05 20:48:00,6.575,10.931
2024-03-05 20:49:00,6.567,11.297
2024-03-05 20:50:00,6.466,11.198
2024-03-05 20:51:00,6.898,10.659
2024-03-05 20:52:00,6.496,10.807
2024-03-05 20:53:00,6.613,10.719
2024-03-05 20:54:00,6.149,10.891
2024-03-05 20:55:00,6.421,11.177
2024-03-05 20:56:00,6.387,10.786
2024-03-05 20:57:00,6.533,10.872
2024-03-05 20:58:00,6.74,10.632
2024-03-05 20:59:00,6.518,11.044
2024-03-05 21:00:00,6.723,10.786
2024-03-05 21:01:00,6.851,10.783
2024-03-05 21:02:00,6.563,11.11
2024-03-05 21:03:00,6.451,10.832
2024-03-05 21:04:00,6.663,10.613
2024-03-05 21:05:00,6.666,10.867
2024-03-05 21:06:00,6.532,10.886
2024-03-05 21:07:00,11.077,10.814
2024-03-05 21:08:00,6.94,10.698
2024-03-05 21:09:00,6.743,10.921
2024-03-05 21:10:00,6.757,10.795
2024-03-05 21:11:00,,11.024
2024-03-05 21:12:00,6.921,10.962
2024-03-05 21:13:00,6.67,10.803
2024-03-05 21:14:00,6.849,11.127
2024-03-05 21:15:00,6.506,11.034
2024-03-05 21:16:00,6.581,11.464
2024-03-05 21:17:00,6.686,10.748
2024-03-05 21:18:00,6.618,10.993
2024-03-05 21:19:00,6.496,11.062
2024-03-05 21:20:00,6.766,10.626
2024-03-05 21:21:00,6.826,10.931
2024-03-05 21:22:00,6.679,11.084
2024-03-05 21:23:00,6.689,11.08
2024-03-05 21:24:00,6.436,10.757
2024-03-05 21:25:00,6.343,11.149
2024-03-05 21:26:00,6.645,10.924
2024-03-05 21:27:00,6.854,11.133
2024-03-05 21:28:00,6.499,11.207
2024-03-05 21:29:00,6.809,11.036
2024-03-05 21:30:00,6.766,10.869
2024-03-05 21:31:00,6.517,11.101
2024-03-05 21:32:00,6.725,10.925
2024-03-05 21:33:00,6.802,10.966
2024-03-05 21:34:00,6.677,11.013
2024-03-05 21:35:00,6.505,11.041
2024-03-05 21:36:00,6.894,11.072
2024-03-05 21:37:00,6.675,10.576
2024-03-05 21:38:00,6.657,11.119
2024-03-05 21:39:00,6.434,11.298
2024-03-05 21:40:00,6.682,11.028
2024-03-05 21:41:00,6.69,10.961
2024-03-05 21:42:00,6.536,11.034
2024-03-05 21:43:00,6.725,11.224
2024-03-05 21:44:00,6.602,11.0
2024-03-05 21:45:00,6.817,11.0
2024-03-05 21:46:00,6.721,10.804
2024-03-05 21:47:00,6.734,10.82
2024-03-05 21:48:00,6.654,11.373
2024-03-05 21:49:00,7.06,11.313
2024-03-05 21:50:00,6.768,11.292
2024-03-05 21:51:00,6.746,10.85
2024-03-05 21:52:00,6.614,11.172
2024-03-05 21:53:00,6.855,10.879
2024-03-05 21:54:00,6.849,11.372
2024-03-05 21:55:00,6.88,10.906
2024-03-05 21:56:00,6.931,11.216
2024-03-05 21:57:00,6.579,10.835
2024-03-05 21:58:00,6.445,10.63
2024-03-05 21:59:00,6.701,11.096
2024-03-05 22:00:00,6.58,11.318
2024-03-05 22:01:00,6.827,11.081
2024-03-05 22:02:00,6.711,11.4
2024-03-05 22:03:00,6.768,11.221
2024-03-05 22:04:00,6.675,10.897
2024-03-05 22:05:00,6.776,11.128
2024-03-05 22:06:00,6.44,11.186
2024-03-05 22:07:00,6.569,11.366
2024-03-05 22:08:00,6.962,11.281
2024-03-05 22:09:00,6.674,11.24
2024-03-05 22:10:00,6.842,11.236
2024-03-05 22:11:00,6.874,11.242
2024-03-05 22:12:00,6.811,11.097
2024-03-05 22:13:00,6.551,11.314
2024-03-05 22:14:00,6.748,11.454
2024-03-05 22:15:00,6.776,11.4
2024-03-05 22:16:00,6.774,11.102
2024-03-05 22:17:00,6.818,11.086
2024-03-05 22:18:00,6.724,11.158
2024-03-05 22:19:00,6.696,11.059
2024-03-05 22:20:00,6.504,11.21
2024-03-05 22:21:00,6.988,11.169
2024-03-05 22:22:00,6.935,10.963
2024-03-05 22:23:00,6.75,11.626
2024-03-05 22:24:00,6.804,11.414
2024-03-05 22:25:00,6.708,11.232
2024-03-05 22:26:00,6.786,11.398
2024-03-05 22:27:00,6.76,11.156
2024-03-05 22:28:00,6.592,11.062
2024-03-05 22:29:00,6.943,11.165
2024-03-05 22:30:00,6.923,11.137
2024-03-05 22:31:00,6.643,10.892
2024-03-05 22:32:00,6.677,11.145
2024-03-05 22:33:00,6.714,11.297
2024-03-05 22:34:00,6.963,11.467
2024-03-05 22:35:00,6.863,11.272
2024-03-05 22:36:00,6.712,11.614
2024-03-05 22:37:00,6.908,11.007
2024-03-05 22:38:00,6.733,11.184
2024-03-05 22:39:00,6.74,11.726
2024-03-05 22:40:00,6.967,10.749
2024-03-05 22:41:00,7.012,11.247
2024-03-05 22:42:00,6.886,10.941
2024-03-05 22:43:00,6.608,11.084
2024-03-05 22:44:00,,11.564
2024-03-05 22:45:00,6.809,10.953
2024-03-05 22:46:00,6.903,
2024-03-05 22:47:00,,11.485
2024-03-05 22:48:00,6.934,11.666
2024-03-05 22:49:00,6.91,11.245
2024-03-05 22:50:00,6.716,11.467
2024-03-05 22:51:00,7.115,11.156
2024-03-05 22:52:00,7.087,11.014
2024-03-05 22:53:00,6.732,11.249
2024-03-05 22:54:00,,11.749
2024-03-05 22:55:00,7.001,11.253
2024-03-05 22:56:00,6.927,11.388
2024-03-05 22:57:00,6.848,11.101
2024-03-05 22:58:00,7.159,11.545
2024-03-05 22:59:00,6.949,11.592
2024-03-05 23:00:00,6.948,11.367
2024-03-05 23:01:00,6.675,11.78
2024-03-05 23:02:00,6.791,10.974
2024-03-05 23:03:00,6.86,11.55
2024-03-05 23:04:00,6.744,11.215
2024-03-05 23:05:00,6.939,11.334
2024-03-05 23:06:00,6.443,11.419
2024-03-05 23:07:00,7.087,11.393
2024-03-05 23:08:00,6.744,11.305
2024-03-05 23:09:00,6.941,11.389
2024-03-05 23:10:00,6.938,11.528
2024-03-05 23:11:00,6.749,11.313
2024-03-05 23:12:00,6.849,11.556
2024-03-05 23:13:00,6.911,11.629
2024-03-05 23:14:00,7.009,11.592
2024-03-05 23:15:00,6.941,11.387
2024-03-05 23:16:00,7.126,11.604
2024-03-05 23:17:00,6.929,11.471
2024-03-05 23:18:00,6.955,11.312
2024-03-05 23:19:00,6.863,11.812
2024-03-05 23:20:00,6.804,11.214
2024-03-05 23:21:00,7.055,11.218
2024-03-05 23:22:00,7.054,11.427
2024-03-05 23:23:00,,11.658
2024-03-05 23:24:00,6.954,11.082
2024-03-05 23:25:00,6.749,11.385
2024-03-05 23:26:00,6.836,11.336
2024-03-05 23:27:00,6.823,11.401
2024-03-05 23:28:00,6.952,11.515
2024-03-05 23:29:00,7.076,11.463
2024-03-05 23:30:00,7.267,11.346
2024-03-05 23:31:00,6.789,11.646
2024-03-05 23:32:00,6.832,11.458
2024-03-05 23:33:00,6.703,11.251
2024-03-05 23:34:00,6.997,11.789
2024-03-05 23:35:00,6.927,11.11
2024-03-05 23:36:00,6.894,11.632
2024-03-05 23:37:00,6.875,11.92
2024-03-05 23:38:00,6.713,11.559
2024-03-05 23:39:00,7.045,11.927
2024-03-05 23:40:00,6.78,11.401
2024-03-05 23:41:00,6.845,11.437
2024-03-05 23:42:00,6.798,11.585
2024-03-05 23:43:00,6.829,11.267
2024-03-05 23:44:00,7.115,11.416
2024-03-05 23:45:00,6.721,11.532
2024-03-05 23:46:00,7.097,11.54
2024-03-05 23:47:00,6.738,11.633
2024-03-05 23:48:00,6.879,11.385
2024-03-05 23:49:00,6.674,11.798
2024-03-05 23:50:00,7.043,11.782
2024-03-05 23:51:00,6.849,11.558
2024-03-05 23:52:00,7.049,11.566
2024-03-05 23:53:00,7.137,11.929
2024-03-05 23:54:00,7.035,11.514
2024-03-05 23:55:00,6.849,11.58
2024-03-05 23:56:00,6.809,11.487
2024-03-05 23:57:00,6.967,11.449
2024-03-05 23:58:00,7.078,11.932
2024-03-05 23:59:00,7.079,11.561
2024-03-06 00:00:00,6.825,11.654
2024-03-06 00:01:00,6.994,11.965
2024-03-06 00:02:00,7.253,11.665
2024-03-06 00:03:00,7.113,11.702
2024-03-06 00:04:00,6.91,11.985
2024-03-06 00:05:00,6.853,11.547
2024-03-06 00:06:00,7.213,11.477
2024-03-06 00:07:00,6.962,12.326
2024-03-06 00:08:00,7.195,12.008
2024-03-06 00:09:00,6.922,11.707
2024-03-06 00:10:00,7.184,11.685
2024-03-06 00:11:00,7.145,11.434
2024-03-06 00:12:00,6.862,11.326
2024-03-06 00:13:00,7.273,11.657
2024-03-06 00:14:00,7.096,11.421
2024-03-06 00:15:00,7.031,11.709
2024-03-06 00:16:00,7.0,11.579
2024-03-06 00:17:00,7.05,11.672
2024-03-06 00:18:00,6.9,11.877
2024-03-06 00:19:00,6.618,11.974
2024-03-06 00:20:00,7.017,11.66
2024-03-06 00:21:00,6.819,11.942
2024-03-06 00:22:00,6.862,11.641
2024-03-06 00:23:00,6.931,11.594
2024-03-06 00:24:00,7.244,11.475
2024-03-06 00:25:00,7.056,11.85
2024-03-06 00:26:00,7.003,11.934
2024-03-06 00:27:00,6.814,11.966
2024-03-06 00:28:00,7.181,12.031
2024-03-06 00:29:00,7.038,11.703
2024-03-06 00:30:00,7.123,11.614
2024-03-06 00:31:00,7.184,11.639
2024-03-06 00:32:00,6.94,11.484
2024-03-06 00:33:00,7.193,
2024-03-06 00:34:00,7.051,11.616
2024-03-06 00:35:00,6.92,11.849
2024-03-06 00:36:00,7.183,12.021
2024-03-06 00:37:00,6.993,11.868
2024-03-06 00:38:00,7.474,11.985
2024-03-06 00:39:00,7.182,12.063
2024-03-06 00:40:00,6.987,11.704
2024-03-06 00:41:00,,11.949
2024-03-06 00:42:00,7.477,11.887
2024-03-06 00:43:00,6.953,12.004
2024-03-06 00:44:00,7.22,12.299
2024-03-06 00:45:00,6.944,11.815
2024-03-06 00:46:00,6.849,11.649
2024-03-06 00:47:00,7.021,11.741
2024-03-06 00:48:00,7.118,11.626
2024-03-06 00:49:00,7.173,11.797
2024-03-06 00:50:00,7.489,12.129
2024-03-06 00:51:00,7.108,12.31
2024-03-06 00:52:00,7.27,11.904
2024-03-06 00:53:00,7.127,11.717
2024-03-06 00:54:00,7.013,11.5
2024-03-06 00:55:00,7.275,12.143
2024-03-06 00:56:00,11.93,11.695
2024-03-06 00:57:00,7.241,12.216
2024-03-06 00:58:00,7.154,11.692
2024-03-06 00:59:00,7.169,11.465
2024-03-06 01:00:00,7.095,11.632
2024-03-06 01:01:00,7.325,12.173
2024-03-06 01:02:00,,11.853
2024-03-06 01:03:00,7.303,11.629
2024-03-06 01:04:00,6.765,
2024-03-06 01:05:00,7.614,12.081
2024-03-06 01:06:00,7.249,11.872
2024-03-06 01:07:00,6.993,11.743
2024-03-06 01:08:00,7.239,12.026
2024-03-06 01:09:00,7.017,12.111
2024-03-06 01:10:00,7.092,11.917
2024-03-06 01:11:00,7.004,12.079
2024-03-06 01:12:00,7.059,11.721
2024-03-06 01:13:00,7.247,12.208
2024-03-06 01:14:00,7.183,11.874
2024-03-06 01:15:00,7.246,11.87
2024-03-06 01:16:00,7.417,12.221
2024-03-06 01:17:00,7.02,12.295
2024-03-06 01:18:00,6.87,12.071
2024-03-06 01:19:00,7.377,12.019
2024-03-06 01:20:00,6.944,11.917
2024-03-06 01:21:00,7.317,12.113
2024-03-06 01:22:00,7.057,12.388
2024-03-06 01:23:00,7.094,12.094
2024-03-06 01:24:00,7.308,11.982
2024-03-06 01:25:00,7.242,12.478
2024-03-06 01:26:00,7.052,12.101
2024-03-06 01:27:00,,11.833
2024-03-06 01:28:00,7.182,11.908
2024-03-06 01:29:00,7.345,11.863
2024-03-06 01:30:00,7.222,12.211
2024-03-06 01:31:00,7.334,11.811
2024-03-06 01:32:00,7.438,12.08
2024-03-06 01:33:00,7.121,11.984
2024-03-06 01:34:00,7.22,11.871
2024-03-06 01:35:00,7.045,12.326
2024-03-06 01:36:00,6.964,12.22
2024-03-06 01:37:00,6.933,
2024-03-06 01:38:00,7.192,12.111
2024-03-06 01:39:00,7.457,12.195
2024-03-06 01:40:00,7.235,12.351
2024-03-06 01:41:00,7.068,11.927
2024-03-06 01:42:00,7.448,12.072
2024-03-06 01:43:00,7.213,11.658
2024-03-06 01:44:00,7.066,12.292
2024-03-06 01:45:00,7.253,12.238
2024-03-06 01:46:00,7.17,12.437
2024-03-06 01:47:00,7.085,12.128
2024-03-06 01:48:00,7.164,11.864
2024-03-06 01:49:00,7.547,12.02
2024-03-06 01:50:00,7.305,12.177
2024-03-06 01:51:00,6.978,12.27
2024-03-06 01:52:00,7.187,12.327
2024-03-06 01:53:00,7.2,12.304
2024-03-06 01:54:00,7.346,12.231
2024-03-06 01:55:00,7.037,12.447
2024-03-06 01:56:00,7.36,12.559
2024-03-06 01:57:00,7.132,12.517
2024-03-06 01:58:00,7.126,12.43
2024-03-06 01:59:00,7.392,12.082
2024-03-06 02:00:00,7.31,12.43
2024-03-06 02:01:00,7.381,12.242
2024-03-06 02:02:00,7.205,12.059
2024-03-06 02:03:00,7.143,12.089
2024-03-06 02:04:00,7.098,12.264
2024-03-06 02:05:00,7.29,12.55
2024-03-06 02:06:00,7.459,12.26
2024-03-06 02:07:00,7.181,12.486
2024-03-06 02:08:00,7.462,12.395
2024-03-06 02:09:00,7.413,12.54
2024-03-06 02:10:00,7.329,12.172
2024-03-06 02:11:00,7.186,12.087
2024-03-06 02:12:00,7.371,11.996
2024-03-06 02:13:00,7.311,12.339
2024-03-06 02:14:00,7.176,12.103
2024-03-06 02:15:00,7.217,12.505
2024-03-06 02:16:00,7.504,12.429
2024-03-06 02:17:00,12.077,12.35
2024-03-06 02:18:00,7.111,12.336
2024-03-06 02:19:00,7.487,12.028
2024-03-06 02:20:00,7.439,12.313
2024-03-06 02:21:00,6.996,12.332
2024-03-06 02:22:00,7.216,12.317
2024-03-06 02:23:00,7.378,12.309
2024-03-06 02:24:00,7.075,12.456
2024-03-06 02:25:00,7.512,12.191
2024-03-06 02:26:00,7.129,12.351
2024-03-06 02:27:00,,12.174
2024-03-06 02:28:00,7.192,12.198
2024-03-06 02:29:00,7.137,12.006
2024-03-06 02:30:00,7.49,12.399
2024-03-06 02:31:00,7.456,12.124
2024-03-06 02:32:00,7.311,12.426
2024-03-06 02:33:00,7.143,12.289
2024-03-06 02:34:00,7.427,12.546
2024-03-06 02:35:00,7.34,12.608
2024-03-06 02:36:00,7.243,12.387
2024-03-06 02:37:00,7.005,
2024-03-06 02:38:00,7.313,12.161
2024-03-06 02:39:00,7.271,12.673
2024-03-06 02:40:00,7.167,12.038
2024-03-06 02:41:00,7.238,12.136
2024-03-06 02:42:00,7.478,12.638
2024-03-06 02:43:00,7.227,12.583
2024-03-06 02:44:00,7.24,12.741
2024-03-06 02:45:00,7.335,12.525
2024-03-06 02:46:00,7.569,12.334
2024-03-06 02:47:00,7.501,12.582
2024-03-06 02:48:00,7.364,12.448
2024-03-06 02:49:00,7.398,12.788
2024-03-06 02:50:00,7.559,12.379
2024-03-06 02:51:00,7.226,12.402
2024-03-06 02:52:00,7.361,12.255
2024-03-06 02:53:00,7.29,12.541
2024-03-06 02:54:00,7.366,12.307
2024-03-06 02:55:00,7.155,12.763
2024-03-06 02:56:00,7.461,12.881
2024-03-06 02:57:00,7.353,12.892
2024-03-06 02:58:00,7.252,12.543
2024-03-06 02:59:00,7.352,12.892
2024-03-06 03:00:00,7.124,12.595
2024-03-06 03:01:00,7.453,12.812
2024-03-06 03:02:00,7.302,12.613
2024-03-06 03:03:00,7.276,12.532
2024-03-06 03:04:00,7.312,12.414
2024-03-06 03:05:00,7.346,12.591
2024-03-06 03:06:00,7.427,12.496
2024-03-06 03:07:00,7.546,12.9
2024-03-06 03:08:00,7.475,12.482
2024-03-06 03:09:00,7.512,12.529
2024-03-06 03:10:00,7.177,12.763
2024-03-06 03:11:00,7.301,
2024-03-06 03:12:00,7.363,12.605
2024-03-06 03:13:00,7.326,12.478
2024-03-06 03:14:00,7.448,12.514
2024-03-06 03:15:00,14.089,
2024-03-06 03:16:00,7.311,12.443
2024-03-06 03:17:00,7.318,12.637
2024-03-06 03:18:00,7.229,12.579
2024-03-06 03:19:00,7.279,12.761
2024-03-06 03:20:00,7.151,12.767
2024-03-06 03:21:00,7.121,12.47
2024-03-06 03:22:00,7.466,12.6
2024-03-06 03:23:00,7.459,12.873
2024-03-06 03:24:00,7.358,12.836
2024-03-06 03:25:00,7.717,
2024-03-06 03:26:00,7.409,12.242
2024-03-06 03:27:00,7.438,12.517
2024-03-06 03:28:00,7.551,12.93
2024-03-06 03:29:00,7.414,12.488
2024-03-06 03:30:00,7.34,12.569
2024-03-06 03:31:00,7.438,12.537
2024-03-06 03:32:00,7.438,12.595
2024-03-06 03:33:00,7.283,12.213
2024-03-06 03:34:00,7.319,12.365
2024-03-06 03:35:00,7.617,12.489
2024-03-06 03:36:00,7.427,12.844
2024-03-06 03:37:00,7.457,12.787
2024-03-06 03:38:00,7.374,12.742
2024-03-06 03:39:00,7.125,12.542
2024-03-06 03:40:00,7.155,13.072
2024-03-06 03:41:00,7.476,
2024-03-06 03:42:00,7.276,12.818
2024-03-06 03:43:00,7.235,12.641
2024-03-06 03:44:00,7.569,12.96
2024-03-06 03:45:00,7.329,12.66
2024-03-06 03:46:00,7.325,12.842
2024-03-06 03:47:00,7.174,13.119
2024-03-06 03:48:00,7.231,12.701
2024-03-06 03:49:00,7.363,12.515
2024-03-06 03:50:00,7.433,12.6
2024-03-06 03:51:00,7.469,12.434
2024-03-06 03:52:00,7.427,13.051
2024-03-06 03:53:00,7.313,12.774
2024-03-06 03:54:00,7.232,12.793
2024-03-06 03:55:00,7.69,12.743
2024-03-06 03:56:00,7.649,12.793
2024-03-06 03:57:00,7.729,12.661
2024-03-06 03:58:00,7.42,12.773
2024-03-06 03:59:00,7.577,12.748
2024-03-06 04:00:00,7.413,12.839
2024-03-06 04:01:00,7.366,12.865
2024-03-06 04:02:00,7.637,12.399
2024-03-06 04:03:00,7.313,12.634
2024-03-06 04:04:00,7.226,12.733
2024-03-06 04:05:00,7.202,12.845
2024-03-06 04:06:00,7.277,13.086
2024-03-06 04:07:00,7.14,12.787
2024-03-06 04:08:00,7.431,12.804
2024-03-06 04:09:00,7.314,12.715
2024-03-06 04:10:00,7.358,12.949
2024-03-06 04:11:00,7.086,12.907
2024-03-06 04:12:00,7.547,12.545
2024-03-06 04:13:00,7.477,12.938
2024-03-06 04:14:00,,12.77
2024-03-06 04:15:00,7.269,13.122
2024-03-06 04:16:00,7.489,12.46
2024-03-06 04:17:00,7.609,12.942
2024-03-06 04:18:00,7.594,12.692
2024-03-06 04:19:00,7.475,12.904
2024-03-06 04:20:00,7.785,12.751
2024-03-06 04:21:00,7.679,12.791
2024-03-06 04:22:00,7.337,13.047
2024-03-06 04:23:00,7.234,13.146
2024-03-06 04:24:00,7.487,12.959
2024-03-06 04:25:00,7.625,13.051
2024-03-06 04:26:00,7.606,
2024-03-06 04:27:00,7.519,12.597
2024-03-06 04:28:00,7.439,12.935
2024-03-06 04:29:00,7.565,13.041
2024-03-06 04:30:00,7.477,13.086
2024-03-06 04:31:00,7.505,12.943
2024-03-06 04:32:00,7.644,12.85
2024-03-06 04:33:00,7.602,12.748
2024-03-06 04:34:00,7.365,12.83
2024-03-06 04:35:00,7.36,12.539
2024-03-06 04:36:00,7.501,13.232
2024-03-06 04:37:00,7.525,13.039
2024-03-06 04:38:00,7.503,12.982
2024-03-06 04:39:00,7.48,12.786
2024-03-06 04:40:00,7.298,12.692
2024-03-06 04:41:00,7.473,13.233
2024-03-06 04:42:00,7.549,13.386
2024-03-06 04:43:00,7.64,12.736
2024-03-06 04:44:00,7.382,12.972
2024-03-06 04:45:00,7.298,13.201
2024-03-06 04:46:00,7.517,
2024-03-06 04:47:00,7.646,13.474
2024-03-06 04:48:00,7.404,13.016
2024-03-06 04:49:00,7.685,12.802
2024-03-06 04:50:00,7.433,12.436
2024-03-06 04:51:00,7.744,12.868
2024-03-06 04:52:00,7.606,12.722
2024-03-06 04:53:00,7.637,12.852
2024-03-06 04:54:00,7.619,12.988
2024-03-06 04:55:00,7.521,13.023
2024-03-06 04:56:00,7.407,12.883
2024-03-06 04:57:00,7.631,12.652
2024-03-06 04:58:00,7.724,12.607
2024-03-06 04:59:00,7.585,13.114
2024-03-06 05:00:00,7.542,12.732
2024-03-06 05:01:00,7.483,12.888
2024-03-06 05:02:00,7.911,13.05
2024-03-06 05:03:00,7.414,13.282
2024-03-06 05:04:00,7.541,13.12
2024-03-06 05:05:00,7.661,12.975
2024-03-06 05:06:00,7.566,13.392
2024-03-06 05:07:00,7.491,13.01
2024-03-06 05:08:00,7.741,13.17
2024-03-06 05:09:00,7.586,13.153
2024-03-06 05:10:00,7.539,13.252
2024-03-06 05:11:00,7.586,13.069
2024-03-06 05:12:00,7.498,13.233
2024-03-06 05:13:00,7.461,
2024-03-06 05:14:00,7.374,12.87
2024-03-06 05:15:00,7.438,12.852
2024-03-06 05:16:00,7.41,13.345
2024-03-06 05:17:00,7.716,12.933
2024-03-06 05:18:00,7.493,13.179
2024-03-06 05:19:00,7.38,13.136
2024-03-06 05:20:00,7.415,13.062
2024-03-06 05:21:00,7.703,13.015
2024-03-06 05:22:00,7.616,13.047
2024-03-06 05:23:00,7.373,13.166
2024-03-06 05:24:00,7.45,12.665
2024-03-06 05:25:00,7.508,13.075
2024-03-06 05:26:00,7.667,12.908
2024-03-06 05:27:00,7.237,13.344
2024-03-06 05:28:00,7.47,13.097
2024-03-06 05:29:00,7.451,12.96
2024-03-06 05:30:00,7.336,12.731
2024-03-06 05:31:00,7.445,13.455
2024-03-06 05:32:00,7.702,12.797
2024-03-06 05:33:00,7.682,12.95
2024-03-06 05:34:00,7.446,13.51
2024-03-06 05:35:00,7.64,13.23
2024-03-06 05:36:00,7.508,13.064
2024-03-06 05:37:00,7.56,12.984
2024-03-06 05:38:00,7.645,13.044
2024-03-06 05:39:00,7.612,12.932
2024-03-06 05:40:00,7.566,13.087
2024-03-06 05:41:00,7.651,13.058
2024-03-06 05:42:00,7.303,13.541
2024-03-06 05:43:00,7.765,13.305
2024-03-06 05:44:00,7.412,12.956
2024-03-06 05:45:00,7.309,13.013
2024-03-06 05:46:00,7.346,13.082
2024-03-06 05:47:00,7.258,13.015
2024-03-06 05:48:00,7.532,13.165
2024-03-06 05:49:00,7.1,13.042
2024-03-06 05:50:00,7.707,13.161
2024-03-06 05:51:00,7.774,13.256
2024-03-06 05:52:00,7.517,13.139
2024-03-06 05:53:00,7.438,13.499
2024-03-06 05:54:00,7.32,13.084
2024-03-06 05:55:00,7.192,13.052
2024-03-06 05:56:00,7.521,13.244
2024-03-06 05:57:00,7.481,13.19
2024-03-06 05:58:00,7.15,12.99
2024-03-06 05:59:00,7.444,13.421
2024-03-06 06:00:00,7.366,13.017
2024-03-06 06:01:00,7.545,13.04
2024-03-06 06:02:00,7.328,13.293
2024-03-06 06:03:00,7.715,13.111
2024-03-06 06:04:00,7.32,13.084
2024-03-06 06:05:00,7.494,12.626
2024-03-06 06:06:00,7.421,13.194
2024-03-06 06:07:00,7.37,13.359
2024-03-06 06:08:00,7.694,13.373
2024-03-06 06:09:00,7.546,13.215
2024-03-06 06:10:00,7.604,13.59
2024-03-06 06:11:00,7.097,13.395
2024-03-06 06:12:00,7.62,13.746
2024-03-06 06:13:00,7.556,13.043
2024-03-06 06:14:00,7.416,13.13
2024-03-06 06:15:00,7.306,13.253
2024-03-06 06:16:00,7.499,13.349
2024-03-06 06:17:00,7.556,13.184
2024-03-06 06:18:00,7.504,12.991
2024-03-06 06:19:00,7.329,13.452
2024-03-06 06:20:00,7.341,13.21
2024-03-06 06:21:00,7.578,13.136
2024-03-06 06:22:00,7.505,12.947
2024-03-06 06:23:00,7.417,13.232
2024-03-06 06:24:00,7.344,13.25
2024-03-06 06:25:00,7.324,13.221
2024-03-06 06:26:00,7.354,12.759
2024-03-06 06:27:00,7.507,13.062
2024-03-06 06:28:00,7.675,13.035
2024-03-06 06:29:00,7.462,12.985
2024-03-06 06:30:00,7.625,13.151
2024-03-06 06:31:00,7.483,13.086
2024-03-06 06:32:00,7.411,13.313
2024-03-06 06:33:00,7.644,13.1
2024-03-06 06:34:00,12.724,13.1
2024-03-06 06:35:00,7.361,13.633
2024-03-06 06:36:00,7.532,
2024-03-06 06:37:00,7.403,12.775
2024-03-06 06:38:00,7.507,13.157
2024-03-06 06:39:00,7.46,13.205
2024-03-06 06:40:00,7.557,13.143
2024-03-06 06:41:00,7.502,12.952
2024-03-06 06:42:00,7.715,12.994
2024-03-06 06:43:00,7.238,13.331
2024-03-06 06:44:00,7.601,13.241
2024-03-06 06:45:00,7.413,13.287
2024-03-06 06:46:00,7.734,13.403
2024-03-06 06:47:00,7.251,13.143
2024-03-06 06:48:00,7.635,13.283
2024-03-06 06:49:00,7.574,13.272
2024-03-06 06:50:00,7.436,13.191
2024-03-06 06:51:00,7.538,13.034
2024-03-06 06:52:00,7.66,13.123
2024-03-06 06:53:00,7.348,13.039
2024-03-06 06:54:00,7.547,13.2
2024-03-06 06:55:00,,13.039
2024-03-06 06:56:00,7.668,13.384
2024-03-06 06:57:00,7.569,13.285
2024-03-06 06:58:00,7.537,12.924
2024-03-06 06:59:00,7.298,13.023
2024-03-06 07:00:00,7.43,13.038
2024-03-06 07:01:00,7.493,
2024-03-06 07:02:00,7.375,13.479
2024-03-06 07:03:00,7.437,13.184
2024-03-06 07:04:00,7.587,12.991
2024-03-06 07:05:00,7.511,13.011
2024-03-06 07:06:00,7.478,13.006
2024-03-06 07:07:00,7.23,13.554
2024-03-06 07:08:00,,13.163
2024-03-06 07:09:00,7.321,13.356
2024-03-06 07:10:00,7.355,13.4
2024-03-06 07:11:00,7.613,13.238
2024-03-06 07:12:00,7.45,13.522
2024-03-06 07:13:00,7.56,13.595
2024-03-06 07:14:00,7.284,13.327
2024-03-06 07:15:00,7.565,12.904
2024-03-06 07:16:00,7.292,13.422
2024-03-06 07:17:00,7.287,13.183
2024-03-06 07:18:00,7.491,13.117
2024-03-06 07:19:00,7.278,13.264
2024-03-06 07:20:00,7.511,13.094
2024-03-06 07:21:00,7.388,
2024-03-06 07:22:00,7.475,13.011
2024-03-06 07:23:00,7.677,13.04
2024-03-06 07:24:00,7.108,12.883
2024-03-06 07:25:00,7.471,13.222
2024-03-06 07:26:00,7.638,13.451
2024-03-06 07:27:00,7.318,12.842
2024-03-06 07:28:00,7.286,13.484
2024-03-06 07:29:00,7.557,12.845
2024-03-06 07:30:00,7.033,13.255
2024-03-06 07:31:00,7.761,13.026
2024-03-06 07:32:00,7.396,12.785
2024-03-06 07:33:00,7.213,13.25
2024-03-06 07:34:00,7.553,13.177
2024-03-06 07:35:00,7.39,13.119
2024-03-06 07:36:00,7.425,13.453
2024-03-06 07:37:00,7.554,12.953
2024-03-06 07:38:00,7.638,12.749
2024-03-06 07:39:00,7.281,13.277
2024-03-06 07:40:00,7.389,13.458
2024-03-06 07:41:00,7.196,13.052
2024-03-06 07:42:00,7.662,13.211
2024-03-06 07:43:00,7.255,12.616
2024-03-06 07:44:00,7.503,12.959
2024-03-06 07:45:00,7.428,12.755
2024-03-06 07:46:00,7.614,12.908
2024-03-06 07:47:00,7.426,13.297
2024-03-06 07:48:00,7.513,13.127
2024-03-06 07:49:00,7.261,13.274
2024-03-06 07:50:00,7.646,13.193
2024-03-06 07:51:00,7.519,13.179
2024-03-06 07:52:00,7.56,13.565
2024-03-06 07:53:00,,13.254
2024-03-06 07:54:00,7.334,12.984
2024-03-06 07:55:00,7.402,12.883
2024-03-06 07:56:00,7.531,13.437
2024-03-06 07:57:00,7.656,13.037
2024-03-06 07:58:00,7.35,13.133
2024-03-06 07:59:00,6.979,13.309
2024-03-06 08:00:00,7.647,12.777
2024-03-06 08:01:00,7.318,13.31
2024-03-06 08:02:00,7.398,13.037
2024-03-06 08:03:00,7.668,13.14
2024-03-06 08:04:00,7.314,13.068
2024-03-06 08:05:00,7.385,12.785
2024-03-06 08:06:00,7.138,
2024-03-06 08:07:00,7.145,13.211
2024-03-06 08:08:00,7.575,13.291
2024-03-06 08:09:00,7.348,13.215
2024-03-06 08:10:00,7.475,13.107
2024-03-06 08:11:00,7.541,12.931
2024-03-06 08:12:00,7.623,13.287
2024-03-06 08:13:00,7.249,12.821
2024-03-06 08:14:00,7.638,13.383
2024-03-06 08:15:00,7.011,13.008
2024-03-06 08:16:00,7.571,12.936
2024-03-06 08:17:00,7.789,12.843
2024-03-06 08:18:00,7.308,13.292
2024-03-06 08:19:00,7.079,12.934
2024-03-06 08:20:00,6.879,13.241
2024-03-06 08:21:00,7.262,13.111
2024-03-06 08:22:00,7.749,13.538
2024-03-06 08:23:00,7.244,13.088
2024-03-06 08:24:00,7.594,12.962
2024-03-06 08:25:00,7.405,13.211
2024-03-06 08:26:00,7.395,13.262
2024-03-06 08:27:00,7.301,13.208
2024-03-06 08:28:00,7.406,12.975
2024-03-06 08:29:00,7.538,13.116
2024-03-06 08:30:00,7.427,12.984
2024-03-06 08:31:00,7.292,13.192
2024-03-06 08:32:00,,12.949
2024-03-06 08:33:00,7.488,12.965
2024-03-06 08:34:00,7.572,13.066
2024-03-06 08:35:00,7.541,13.242
2024-03-06 08:36:00,7.319,13.197
2024-03-06 08:37:00,7.296,13.244
2024-03-06 08:38:00,7.685,13.164
2024-03-06 08:39:00,7.528,13.2
2024-03-06 08:40:00,7.407,12.788
2024-03-06 08:41:00,7.465,12.847
2024-03-06 08:42:00,7.443,13.227
2024-03-06 08:43:00,7.129,13.492
2024-03-06 08:44:00,7.342,13.362
2024-03-06 08:45:00,7.178,12.886
2024-03-06 08:46:00,7.282,13.06
2024-03-06 08:47:00,7.407,12.95
2024-03-06 08:48:00,7.322,12.942
2024-03-06 08:49:00,7.479,13.306
2024-03-06 08:50:00,7.345,12.931
2024-03-06 08:51:00,7.253,13.005
2024-03-06 08:52:00,7.23,13.366
2024-03-06 08:53:00,7.558,13.029
2024-03-06 08:54:00,7.417,
2024-03-06 08:55:00,7.195,12.923
2024-03-06 08:56:00,7.166,12.938
2024-03-06 08:57:00,7.377,13.127
2024-03-06 08:58:00,7.415,13.24
2024-03-06 08:59:00,7.488,12.783
2024-03-06 09:00:00,7.449,12.831
2024-03-06 09:01:00,7.245,13.243
2024-03-06 09:02:00,7.491,13.211
2024-03-06 09:03:00,,12.878
2024-03-06 09:04:00,7.316,13.142
2024-03-06 09:05:00,7.406,12.701
2024-03-06 09:06:00,7.304,13.078
2024-03-06 09:07:00,7.669,12.949
2024-03-06 09:08:00,7.064,13.16
2024-03-06 09:09:00,7.589,13.03
2024-03-06 09:10:00,7.333,13.199
2024-03-06 09:11:00,7.431,12.911
2024-03-06 09:12:00,7.215,12.861
2024-03-06 09:13:00,7.317,13.208
2024-03-06 09:14:00,7.663,12.857
2024-03-06 09:15:00,7.182,
2024-03-06 09:16:00,6.956,13.416
2024-03-06 09:17:00,7.106,13.22
2024-03-06 09:18:00,7.251,12.757
2024-03-06 09:19:00,7.354,13.252
2024-03-06 09:20:00,7.259,12.982
2024-03-06 09:21:00,7.105,13.331
2024-03-06 09:22:00,7.194,12.708
2024-03-06 09:23:00,7.366,13.065
2024-03-06 09:24:00,6.934,13.484
2024-03-06 09:25:00,7.422,12.854
2024-03-06 09:26:00,7.447,13.14
2024-03-06 09:27:00,7.444,12.818
2024-03-06 09:28:00,7.231,13.171
2024-03-06 09:29:00,7.125,13.175
2024-03-06 09:30:00,7.338,13.238
2024-03-06 09:31:00,7.382,13.048
2024-03-06 09:32:00,7.308,12.97
2024-03-06 09:33:00,7.27,13.229
2024-03-06 09:34:00,7.696,12.938
2024-03-06 09:35:00,7.416,12.799
2024-03-06 09:36:00,7.229,13.138
2024-03-06 09:37:00,7.551,13.207
2024-03-06 09:38:00,7.28,12.918
2024-03-06 09:39:00,7.62,13.174
2024-03-06 09:40:00,7.503,13.572
2024-03-06 09:41:00,7.23,12.705
2024-03-06 09:42:00,7.364,13.061
2024-03-06 09:43:00,7.112,12.752
2024-03-06 09:44:00,7.001,12.765
2024-03-06 09:45:00,7.39,12.943
2024-03-06 09:46:00,7.227,13.088
2024-03-06 09:47:00,7.153,12.599
2024-03-06 09:48:00,7.147,12.858
2024-03-06 09:49:00,7.358,13.107
2024-03-06 09:50:00,7.102,12.875
2024-03-06 09:51:00,7.189,12.497
2024-03-06 09:52:00,7.29,13.104
2024-03-06 09:53:00,7.004,12.794
2024-03-06 09:54:00,7.296,12.695
2024-03-06 09:55:00,,13.083
2024-03-06 09:56:00,7.011,12.665
2024-03-06 09:57:00,7.255,12.799
2024-03-06 09:58:00,7.281,12.899
2024-03-06 09:59:00,7.184,12.907
2024-03-06 10:00:00,7.251,13.186
2024-03-06 10:01:00,7.127,13.061
2024-03-06 10:02:00,7.223,12.912
2024-03-06 10:03:00,7.225,12.827
2024-03-06 10:04:00,7.013,13.101
2024-03-06 10:05:00,7.284,12.884
2024-03-06 10:06:00,7.05,12.921
2024-03-06 10:07:00,7.494,12.747
2024-03-06 10:08:00,7.171,12.553
2024-03-06 10:09:00,7.298,13.216
2024-03-06 10:10:00,7.397,12.502
2024-03-06 10:11:00,7.27,12.943
2024-03-06 10:12:00,7.391,13.172
2024-03-06 10:13:00,7.38,12.81
2024-03-06 10:14:00,7.167,12.632
2024-03-06 10:15:00,7.472,12.394
2024-03-06 10:16:00,7.362,12.497
2024-03-06 10:17:00,7.476,12.885
2024-03-06 10:18:00,7.17,12.95
2024-03-06 10:19:00,6.961,12.526
2024-03-06 10:20:00,7.253,12.706
2024-03-06 10:21:00,7.174,12.649
2024-03-06 10:22:00,7.085,12.669
2024-03-06 10:23:00,7.318,12.671
2024-03-06 10:24:00,7.266,12.941
2024-03-06 10:25:00,7.359,12.58
2024-03-06 10:26:00,7.176,12.552
2024-03-06 10:27:00,7.338,13.07
2024-03-06 10:28:00,7.227,12.694
2024-03-06 10:29:00,7.35,12.878
2024-03-06 10:30:00,7.28,12.798
2024-03-06 10:31:00,7.168,12.817
2024-03-06 10:32:00,7.288,12.668
2024-03-06 10:33:00,7.279,12.915
2024-03-06 10:34:00,7.093,12.381
2024-03-06 10:35:00,7.074,12.49
2024-03-06 10:36:00,7.176,13.019
2024-03-06 10:37:00,7.4,12.861
2024-03-06 10:38:00,7.188,12.722
2024-03-06 10:39:00,7.147,12.68
2024-03-06 10:40:00,7.063,12.9
2024-03-06 10:41:00,7.203,12.527
2024-03-06 10:42:00,7.287,12.87
2024-03-06 10:43:00,7.109,12.746
2024-03-06 10:44:00,7.352,12.92
2024-03-06 10:45:00,7.048,12.73
2024-03-06 10:46:00,6.989,12.795
2024-03-06 10:47:00,6.998,12.79
2024-03-06 10:48:00,7.244,12.467
2024-03-06 10:49:00,7.254,13.159
2024-03-06 10:50:00,7.061,12.72
2024-03-06 10:51:00,6.899,12.854
2024-03-06 10:52:00,7.325,12.49
2024-03-06 10:53:00,6.917,12.469
2024-03-06 10:54:00,7.171,12.401
2024-03-06 10:55:00,7.328,12.822
2024-03-06 10:56:00,7.235,12.709
2024-03-06 10:57:00,7.273,12.697
2024-03-06 10:58:00,6.955,12.813
2024-03-06 10:59:00,7.135,12.715
2024-03-06 11:00:00,7.287,12.455
2024-03-06 11:01:00,7.131,12.421
2024-03-06 11:02:00,7.172,12.457
2024-03-06 11:03:00,6.79,13.013
2024-03-06 11:04:00,6.998,12.784
2024-03-06 11:05:00,7.252,12.982
2024-03-06 11:06:00,7.244,12.51
2024-03-06 11:07:00,7.367,12.453
2024-03-06 11:08:00,7.045,12.605
2024-03-06 11:09:00,7.093,12.696
2024-03-06 11:10:00,,12.361
2024-03-06 11:11:00,7.061,12.503
2024-03-06 11:12:00,6.839,12.573
2024-03-06 11:13:00,7.155,12.311
2024-03-06 11:14:00,7.221,12.726
2024-03-06 11:15:00,7.002,12.322
2024-03-06 11:16:00,7.287,12.924
2024-03-06 11:17:00,7.182,12.559
2024-03-06 11:18:00,7.117,12.68
2024-03-06 11:19:00,6.96,
2024-03-06 11:20:00,7.322,12.379
2024-03-06 11:21:00,7.205,12.465
2024-03-06 11:22:00,6.833,12.449
2024-03-06 11:23:00,6.948,12.695
2024-03-06 11:24:00,7.019,
2024-03-06 11:25:00,7.165,12.443
2024-03-06 11:26:00,7.204,12.434
2024-03-06 11:27:00,7.085,12.698
2024-03-06 11:28:00,7.053,12.29
2024-03-06 11:29:00,6.907,12.834
2024-03-06 11:30:00,7.104,12.416
2024-03-06 11:31:00,6.791,12.411
2024-03-06 11:32:00,7.469,12.565
2024-03-06 11:33:00,6.97,12.698
2024-03-06 11:34:00,7.262,12.256
2024-03-06 11:35:00,7.112,12.589
2024-03-06 11:36:00,7.169,12.668
2024-03-06 11:37:00,7.099,12.351
2024-03-06 11:38:00,7.308,12.438
2024-03-06 11:39:00,7.107,12.072
2024-03-06 11:40:00,6.913,12.299
2024-03-06 11:41:00,7.417,12.335
2024-03-06 11:42:00,7.27,12.351
2024-03-06 11:43:00,7.401,12.269
2024-03-06 11:44:00,7.0,12.548
2024-03-06 11:45:00,6.698,12.225
2024-03-06 11:46:00,7.051,12.441
2024-03-06 11:47:00,7.042,12.461
2024-03-06 11:48:00,7.205,12.155
2024-03-06 11:49:00,7.192,12.43
2024-03-06 11:50:00,7.044,12.631
2024-03-06 11:51:00,6.732,12.627
2024-03-06 11:52:00,7.061,12.266
2024-03-06 11:53:00,7.24,12.202
2024-03-06 11:54:00,7.01,12.575
2024-03-06 11:55:00,6.795,12.537
2024-03-06 11:56:00,6.856,12.213
2024-03-06 11:57:00,6.974,12.619
2024-03-06 11:58:00,7.139,12.146
2024-03-06 11:59:00,6.743,12.158
2024-03-06 12:00:00,7.104,12.546
2024-03-06 12:01:00,7.063,
2024-03-06 12:02:00,7.103,12.156
2024-03-06 12:03:00,6.947,12.345
2024-03-06 12:04:00,6.923,12.163
2024-03-06 12:05:00,7.135,12.429
2024-03-06 12:06:00,6.785,12.099
2024-03-06 12:07:00,7.037,12.338
2024-03-06 12:08:00,,12.559
2024-03-06 12:09:00,6.728,12.252
2024-03-06 12:10:00,6.964,12.177
2024-03-06 12:11:00,6.955,12.492
2024-03-06 12:12:00,6.892,12.356
2024-03-06 12:13:00,7.005,12.004
2024-03-06 12:14:00,7.083,12.454
2024-03-06 12:15:00,6.854,12.024
2024-03-06 12:16:00,6.967,12.527
2024-03-06 12:17:00,6.862,12.432
2024-03-06 12:18:00,7.058,12.165
2024-03-06 12:19:00,7.269,12.345
2024-03-06 12:20:00,6.936,12.228
2024-03-06 12:21:00,7.043,12.165
2024-03-06 12:22:00,7.005,12.241
2024-03-06 12:23:00,7.049,12.292
2024-03-06 12:24:00,7.217,12.186
2024-03-06 12:25:00,,12.248
2024-03-06 12:26:00,6.684,12.471
2024-03-06 12:27:00,6.818,12.327
2024-03-06 12:28:00,6.788,11.885
2024-03-06 12:29:00,6.872,12.062
2024-03-06 12:30:00,6.737,12.28
2024-03-06 12:31:00,7.09,12.436
2024-03-06 12:32:00,7.059,12.217
2024-03-06 12:33:00,6.613,12.358
2024-03-06 12:34:00,6.948,12.325
2024-03-06 12:35:00,6.925,11.932
2024-03-06 12:36:00,6.765,12.28
2024-03-06 12:37:00,6.972,12.158
2024-03-06 12:38:00,6.737,12.074
2024-03-06 12:39:00,6.838,11.792
2024-03-06 12:40:00,6.904,12.137
2024-03-06 12:41:00,6.979,11.959
2024-03-06 12:42:00,6.771,12.031
2024-03-06 12:43:00,6.917,12.117
2024-03-06 12:44:00,6.751,11.778
2024-03-06 12:45:00,6.903,12.191
2024-03-06 12:46:00,6.723,12.29
2024-03-06 12:47:00,6.847,12.019
2024-03-06 12:48:00,6.93,12.013
2024-03-06 12:49:00,7.073,11.913
2024-03-06 12:50:00,6.915,12.189
2024-03-06 12:51:00,6.637,12.338
2024-03-06 12:52:00,6.821,11.904
2024-03-06 12:53:00,7.071,12.247
2024-03-06 12:54:00,7.029,12.015
2024-03-06 12:55:00,6.978,11.988
2024-03-06 12:56:00,6.814,11.907
2024-03-06 12:57:00,6.999,12.127
2024-03-06 12:58:00,6.911,11.99
2024-03-06 12:59:00,6.78,11.661
2024-03-06 13:00:00,6.642,11.948
2024-03-06 13:01:00,6.738,12.048
2024-03-06 13:02:00,6.991,12.113
2024-03-06 13:03:00,6.842,11.648
2024-03-06 13:04:00,7.139,12.289
2024-03-06 13:05:00,6.87,12.54
2024-03-06 13:06:00,6.819,12.297
2024-03-06 13:07:00,6.998,12.256
2024-03-06 13:08:00,7.008,11.889
2024-03-06 13:09:00,6.769,12.377
2024-03-06 13:10:00,6.752,11.842
2024-03-06 13:11:00,7.013,11.746
2024-03-06 13:12:00,6.826,11.972
2024-03-06 13:13:00,6.878,12.001
2024-03-06 13:14:00,6.924,12.184
2024-03-06 13:15:00,6.835,12.069
2024-03-06 13:16:00,7.001,11.907
2024-03-06 13:17:00,6.912,12.175
2024-03-06 13:18:00,6.654,11.851
2024-03-06 13:19:00,6.823,12.103
2024-03-06 13:20:00,6.892,12.017
2024-03-06 13:21:00,6.789,12.25
2024-03-06 13:22:00,6.638,12.08
2024-03-06 13:23:00,6.727,11.819
2024-03-06 13:24:00,6.755,11.789
2024-03-06 13:25:00,7.061,11.909
2024-03-06 13:26:00,6.863,11.955
2024-03-06 13:27:00,6.782,11.836
2024-03-06 13:28:00,6.708,11.895
2024-03-06 13:29:00,7.086,12.035
2024-03-06 13:30:00,6.771,11.608
2024-03-06 13:31:00,6.718,11.927
2024-03-06 13:32:00,6.884,11.871
2024-03-06 13:33:00,6.62,11.879
2024-03-06 13:34:00,6.609,11.623
2024-03-06 13:35:00,6.624,11.838
2024-03-06 13:36:00,6.644,11.666
2024-03-06 13:37:00,6.935,12.005
2024-03-06 13:38:00,6.858,11.612
2024-03-06 13:39:00,7.102,11.771
2024-03-06 13:40:00,6.787,11.799
2024-03-06 13:41:00,6.63,11.673
2024-03-06 13:42:00,6.874,11.468
2024-03-06 13:43:00,6.73,11.945
2024-03-06 13:44:00,6.55,11.661
2024-03-06 13:45:00,6.834,11.648
2024-03-06 13:46:00,6.776,11.41
2024-03-06 13:47:00,6.863,11.46
2024-03-06 13:48:00,6.7,12.052
2024-03-06 13:49:00,6.65,11.496
2024-03-06 13:50:00,,11.911
2024-03-06 13:51:00,6.861,11.809
2024-03-06 13:52:00,,11.647
2024-03-06 13:53:00,6.613,11.951
2024-03-06 13:54:00,6.951,11.597
2024-03-06 13:55:00,6.639,11.442
2024-03-06 13:56:00,6.681,11.551
2024-03-06 13:57:00,6.816,11.882
2024-03-06 13:58:00,6.663,11.564
2024-03-06 13:59:00,6.833,11.61
2024-03-06 14:00:00,6.926,11.941
2024-03-06 14:01:00,6.39,11.487
2024-03-06 14:02:00,6.654,
2024-03-06 14:03:00,6.578,11.742
2024-03-06 14:04:00,6.58,11.976
2024-03-06 14:05:00,6.638,11.988
2024-03-06 14:06:00,6.82,11.999
2024-03-06 14:07:00,6.592,11.042
2024-03-06 14:08:00,6.885,11.785
2024-03-06 14:09:00,6.606,11.799
2024-03-06 14:10:00,6.504,11.671
2024-03-06 14:11:00,6.68,
2024-03-06 14:12:00,6.615,11.794
2024-03-06 14:13:00,6.538,11.807
2024-03-06 14:14:00,6.629,11.697
2024-03-06 14:15:00,6.642,11.981
2024-03-06 14:16:00,6.969,11.697
2024-03-06 14:17:00,6.784,11.236
2024-03-06 14:18:00,6.655,11.371
2024-03-06 14:19:00,6.844,11.583
2024-03-06 14:20:00,6.725,11.605
2024-03-06 14:21:00,6.71,11.627
2024-03-06 14:22:00,6.752,11.524
2024-03-06 14:23:00,6.607,11.747
2024-03-06 14:24:00,6.637,11.655
2024-03-06 14:25:00,6.574,11.653
2024-03-06 14:26:00,6.817,11.362
2024-03-06 14:27:00,6.76,11.855
2024-03-06 14:28:00,6.833,11.509
2024-03-06 14:29:00,6.837,11.236
2024-03-06 14:30:00,6.917,11.618
2024-03-06 14:31:00,6.509,11.655
2024-03-06 14:32:00,6.721,11.755
2024-03-06 14:33:00,6.496,10.953
2024-03-06 14:34:00,6.79,11.509
2024-03-06 14:35:00,6.388,11.716
2024-03-06 14:36:00,6.64,11.633
2024-03-06 14:37:00,6.718,11.764
2024-03-06 14:38:00,6.606,11.737
2024-03-06 14:39:00,6.362,11.443
2024-03-06 14:40:00,6.605,11.791
2024-03-06 14:41:00,6.573,11.361
2024-03-06 14:42:00,6.632,11.419
2024-03-06 14:43:00,6.801,11.407
2024-03-06 14:44:00,6.725,11.923
2024-03-06 14:45:00,6.637,11.2
2024-03-06 14:46:00,6.643,11.719
2024-03-06 14:47:00,6.624,11.46
2024-03-06 14:48:00,6.872,11.692
2024-03-06 14:49:00,6.603,11.457
2024-03-06 14:50:00,6.75,11.47
2024-03-06 14:51:00,6.454,11.212
2024-03-06 14:52:00,6.744,11.262
2024-03-06 14:53:00,6.937,11.68
2024-03-06 14:54:00,6.489,11.501
2024-03-06 14:55:00,6.968,11.469
2024-03-06 14:56:00,6.638,11.129
2024-03-06 14:57:00,6.86,11.474
2024-03-06 14:58:00,6.581,11.152
2024-03-06 14:59:00,6.706,11.475
2024-03-06 15:00:00,6.762,11.541
2024-03-06 15:01:00,6.565,11.182
2024-03-06 15:02:00,6.843,11.362
2024-03-06 15:03:00,6.728,11.374
2024-03-06 15:04:00,6.938,11.447
2024-03-06 15:05:00,6.581,11.342
2024-03-06 15:06:00,6.64,11.345
2024-03-06 15:07:00,6.554,11.465
2024-03-06 15:08:00,6.614,11.71
2024-03-06 15:09:00,6.619,11.396
2024-03-06 15:10:00,6.531,11.484
2024-03-06 15:11:00,6.797,11.558
2024-03-06 15:12:00,6.715,11.368
2024-03-06 15:13:00,,11.266
2024-03-06 15:14:00,6.554,11.708
2024-03-06 15:15:00,6.964,11.573
2024-03-06 15:16:00,6.817,11.178
2024-03-06 15:17:00,6.548,
2024-03-06 15:18:00,6.775,11.383
2024-03-06 15:19:00,6.61,11.295
2024-03-06 15:20:00,6.651,11.313
2024-03-06 15:21:00,6.71,11.646
2024-03-06 15:22:00,6.782,11.095
2024-03-06 15:23:00,6.516,11.199
2024-03-06 15:24:00,6.664,11.341
2024-03-06 15:25:00,6.391,11.493
2024-03-06 15:26:00,6.754,11.316
2024-03-06 15:27:00,6.842,11.678
2024-03-06 15:28:00,6.585,11.4
2024-03-06 15:29:00,6.47,11.337
2024-03-06 15:30:00,6.557,11.183
2024-03-06 15:31:00,6.445,
2024-03-06 15:32:00,6.501,11.18
2024-03-06 15:33:00,6.754,11.404
2024-03-06 15:34:00,6.641,11.14
2024-03-06 15:35:00,6.423,11.199
2024-03-06 15:36:00,6.67,11.343
2024-03-06 15:37:00,6.468,11.384
2024-03-06 15:38:00,6.561,11.233
2024-03-06 15:39:00,6.742,11.009
2024-03-06 15:40:00,6.47,11.532
2024-03-06 15:41:00,6.692,10.937
2024-03-06 15:42:00,6.473,11.448
2024-03-06 15:43:00,6.621,11.195
2024-03-06 15:44:00,6.547,11.125
2024-03-06 15:45:00,6.673,11.27
2024-03-06 15:46:00,6.515,11.434
2024-03-06 15:47:00,6.593,11.385
2024-03-06 15:48:00,6.513,11.356
2024-03-06 15:49:00,6.626,11.059
2024-03-06 15:50:00,6.33,11.238
2024-03-06 15:51:00,6.396,11.232
2024-03-06 15:52:00,6.567,11.517
2024-03-06 15:53:00,6.515,11.497
2024-03-06 15:54:00,6.614,11.24
2024-03-06 15:55:00,6.455,11.27
2024-03-06 15:56:00,6.493,10.992
2024-03-06 15:57:00,6.574,11.493
2024-03-06 15:58:00,6.486,11.112
2024-03-06 15:59:00,6.737,11.447
2024-03-06 16:00:00,6.547,11.151
2024-03-06 16:01:00,6.452,11.538
2024-03-06 16:02:00,6.621,10.919
2024-03-06 16:03:00,6.426,11.356
2024-03-06 16:04:00,6.532,
2024-03-06 16:05:00,6.607,11.214
2024-03-06 16:06:00,6.477,11.453
2024-03-06 16:07:00,6.496,11.134
2024-03-06 16:08:00,6.663,11.176
2024-03-06 16:09:00,6.618,11.06
2024-03-06 16:10:00,6.694,11.158
2024-03-06 16:11:00,6.632,10.946
2024-03-06 16:12:00,6.601,11.537
2024-03-06 16:13:00,6.75,11.27
2024-03-06 16:14:00,6.442,10.922
2024-03-06 16:15:00,6.849,11.33
2024-03-06 16:16:00,6.473,10.772
2024-03-06 16:17:00,6.509,11.125
2024-03-06 16:18:00,6.378,11.008
2024-03-06 16:19:00,6.424,10.732
2024-03-06 16:20:00,6.663,11.242
2024-03-06 16:21:00,6.827,11.193
2024-03-06 16:22:00,6.556,11.514
2024-03-06 16:23:00,6.491,11.216
2024-03-06 16:24:00,6.631,11.48
2024-03-06 16:25:00,6.783,11.534
2024-03-06 16:26:00,6.43,11.331
2024-03-06 16:27:00,6.795,11.197
2024-03-06 16:28:00,6.461,11.206
2024-03-06 16:29:00,6.305,11.071
2024-03-06 16:30:00,6.63,11.228
2024-03-06 16:31:00,6.322,11.038
2024-03-06 16:32:00,6.558,10.93
2024-03-06 16:33:00,6.631,10.926
2024-03-06 16:34:00,6.346,11.276
2024-03-06 16:35:00,6.561,10.618
2024-03-06 16:36:00,,10.9
2024-03-06 16:37:00,6.698,11.321
2024-03-06 16:38:00,6.552,11.15
2024-03-06 16:39:00,6.516,11.135
2024-03-06 16:40:00,6.377,11.209
2024-03-06 16:41:00,6.613,10.56
2024-03-06 16:42:00,6.494,10.897
2024-03-06 16:43:00,6.682,10.81
2024-03-06 16:44:00,6.326,
2024-03-06 16:45:00,6.587,11.018
2024-03-06 16:46:00,6.461,11.164
2024-03-06 16:47:00,6.578,10.71
2024-03-06 16:48:00,6.817,10.761
2024-03-06 16:49:00,6.467,11.269
2024-03-06 16:50:00,6.724,11.1
2024-03-06 16:51:00,6.423,11.193
2024-03-06 16:52:00,6.63,11.171
2024-03-06 16:53:00,6.832,11.278
2024-03-06 16:54:00,6.517,11.07
2024-03-06 16:55:00,6.507,11.054
2024-03-06 16:56:00,6.559,11.041
2024-03-06 16:57:00,6.351,11.368
2024-03-06 16:58:00,6.511,10.772
2024-03-06 16:59:00,6.405,10.91
2024-03-06 17:00:00,6.61,11.07
2024-03-06 17:01:00,6.335,10.904
2024-03-06 17:02:00,6.586,11.356
2024-03-06 17:03:00,6.846,11.05
2024-03-06 17:04:00,6.327,10.826
2024-03-06 17:05:00,6.614,10.648
2024-03-06 17:06:00,6.213,11.227
2024-03-06 17:07:00,6.457,11.061
2024-03-06 17:08:00,6.725,11.07
2024-03-06 17:09:00,6.518,11.536
2024-03-06 17:10:00,6.486,10.965
2024-03-06 17:11:00,6.572,11.031
2024-03-06 17:12:00,6.51,11.198
2024-03-06 17:13:00,6.606,10.959
2024-03-06 17:14:00,6.271,11.151
2024-03-06 17:15:00,6.651,10.645
2024-03-06 17:16:00,6.678,10.656
2024-03-06 17:17:00,6.495,10.969
2024-03-06 17:18:00,,10.948
2024-03-06 17:19:00,6.557,
2024-03-06 17:20:00,6.359,10.978
2024-03-06 17:21:00,6.558,
2024-03-06 17:22:00,6.449,10.666
2024-03-06 17:23:00,6.559,10.762
2024-03-06 17:24:00,6.836,11.022
2024-03-06 17:25:00,6.5,10.672
2024-03-06 17:26:00,6.54,10.698
2024-03-06 17:27:00,6.32,10.736
2024-03-06 17:28:00,6.407,10.961
2024-03-06 17:29:00,6.74,10.853
2024-03-06 17:30:00,6.507,10.881
2024-03-06 17:31:00,6.467,11.356
2024-03-06 17:32:00,6.452,11.122
2024-03-06 17:33:00,6.525,10.693
2024-03-06 17:34:00,6.42,10.759
2024-03-06 17:35:00,6.385,10.703
2024-03-06 17:36:00,6.418,10.923
2024-03-06 17:37:00,6.751,10.895
2024-03-06 17:38:00,6.548,10.921
2024-03-06 17:39:00,6.558,11.003
2024-03-06 17:40:00,6.267,11.111
2024-03-06 17:41:00,6.5,10.879
2024-03-06 17:42:00,6.688,10.823
2024-03-06 17:43:00,6.614,10.735
2024-03-06 17:44:00,6.565,11.045
2024-03-06 17:45:00,6.588,10.912
2024-03-06 17:46:00,6.713,10.998
2024-03-06 17:47:00,6.424,10.764
2024-03-06 17:48:00,6.353,10.897
2024-03-06 17:49:00,6.488,11.272
2024-03-06 17:50:00,6.39,10.793
2024-03-06 17:51:00,6.393,10.748
2024-03-06 17:52:00,6.485,11.329
2024-03-06 17:53:00,6.575,10.906
2024-03-06 17:54:00,6.448,11.025
2024-03-06 17:55:00,6.807,10.861
2024-03-06 17:56:00,6.482,
2024-03-06 17:57:00,6.491,10.698
2024-03-06 17:58:00,6.331,10.995
2024-03-06 17:59:00,6.272,11.056
2024-03-06 18:00:00,6.314,10.517
2024-03-06 18:01:00,6.321,10.76
2024-03-06 18:02:00,6.59,11.131
2024-03-06 18:03:00,6.553,11.069
2024-03-06 18:04:00,6.376,11.258
2024-03-06 18:05:00,6.599,11.039
2024-03-06 18:06:00,6.695,10.687
2024-03-06 18:07:00,6.696,10.894
2024-03-06 18:08:00,6.389,10.832
2024-03-06 18:09:00,6.399,11.09
2024-03-06 18:10:00,6.419,10.799
2024-03-06 18:11:00,6.565,10.813
2024-03-06 18:12:00,6.509,11.181
2024-03-06 18:13:00,6.592,10.809
2024-03-06 18:14:00,6.246,11.037
2024-03-06 18:15:00,6.629,10.529
2024-03-06 18:16:00,6.356,10.995
2024-03-06 18:17:00,6.563,10.85
2024-03-06 18:18:00,6.506,10.824
2024-03-06 18:19:00,6.529,10.787
2024-03-06 18:20:00,6.379,10.776
2024-03-06 18:21:00,6.11,10.676
2024-03-06 18:22:00,6.528,10.725
2024-03-06 18:23:00,6.284,10.994
2024-03-06 18:24:00,6.604,10.883
2024-03-06 18:25:00,6.395,10.997
2024-03-06 18:26:00,6.271,10.424
2024-03-06 18:27:00,6.509,11.149
2024-03-06 18:28:00,6.58,10.696
2024-03-06 18:29:00,6.321,10.824
2024-03-06 18:30:00,6.446,10.941
2024-03-06 18:31:00,6.273,10.791
2024-03-06 18:32:00,6.585,10.742
2024-03-06 18:33:00,6.586,
2024-03-06 18:34:00,6.592,10.907
2024-03-06 18:35:00,6.535,10.878
2024-03-06 18:36:00,6.313,10.825
2024-03-06 18:37:00,6.514,10.899
2024-03-06 18:38:00,6.613,10.803
2024-03-06 18:39:00,6.47,10.421
2024-03-06 18:40:00,,10.972
2024-03-06 18:41:00,6.662,10.828
2024-03-06 18:42:00,6.519,10.8
2024-03-06 18:43:00,6.436,10.712
2024-03-06 18:44:00,6.594,11.002
2024-03-06 18:45:00,6.812,10.918
2024-03-06 18:46:00,6.33,10.844
2024-03-06 18:47:00,6.836,10.835
2024-03-06 18:48:00,,11.196
2024-03-06 18:49:00,6.626,10.451
2024-03-06 18:50:00,6.245,10.864
2024-03-06 18:51:00,6.268,11.099
2024-03-06 18:52:00,6.476,10.613
2024-03-06 18:53:00,6.569,10.612
2024-03-06 18:54:00,6.658,10.88
2024-03-06 18:55:00,6.761,10.978
2024-03-06 18:56:00,6.494,10.845
2024-03-06 18:57:00,6.371,10.932
2024-03-06 18:58:00,6.529,10.686
2024-03-06 18:59:00,6.734,11.098
2024-03-06 19:00:00,6.59,10.465
2024-03-06 19:01:00,6.496,10.717
2024-03-06 19:02:00,6.443,10.795
2024-03-06 19:03:00,6.589,11.093
2024-03-06 19:04:00,6.313,10.787
2024-03-06 19:05:00,6.315,10.668
2024-03-06 19:06:00,6.867,10.74
2024-03-06 19:07:00,6.81,10.431
2024-03-06 19:08:00,6.33,11.001
2024-03-06 19:09:00,6.321,10.498
2024-03-06 19:10:00,6.247,10.727
2024-03-06 19:11:00,6.545,10.768
2024-03-06 19:12:00,6.632,10.611
2024-03-06 19:13:00,6.537,11.141
2024-03-06 19:14:00,6.793,10.539
2024-03-06 19:15:00,6.567,11.162
2024-03-06 19:16:00,6.496,10.583
2024-03-06 19:17:00,6.231,10.911
2024-03-06 19:18:00,6.47,10.628
2024-03-06 19:19:00,6.449,10.681
2024-03-06 19:20:00,6.608,11.0
2024-03-06 19:21:00,6.522,10.573
2024-03-06 19:22:00,6.621,10.74
2024-03-06 19:23:00,6.408,10.567
2024-03-06 19:24:00,6.388,10.591
2024-03-06 19:25:00,6.577,10.598
2024-03-06 19:26:00,6.554,10.654
2024-03-06 19:27:00,6.383,11.036
2024-03-06 19:28:00,6.648,11.022
2024-03-06 19:29:00,6.545,10.833
2024-03-06 19:30:00,6.692,11.016
2024-03-06 19:31:00,6.43,11.125
2024-03-06 19:32:00,6.54,10.741
2024-03-06 19:33:00,6.448,10.424
2024-03-06 19:34:00,6.768,10.467
2024-03-06 19:35:00,6.578,11.284
2024-03-06 19:36:00,6.776,10.539
2024-03-06 19:37:00,6.679,10.689
2024-03-06 19:38:00,6.607,10.664
2024-03-06 19:39:00,6.522,11.019
2024-03-06 19:40:00,6.713,10.808
2024-03-06 19:41:00,6.698,10.982
2024-03-06 19:42:00,6.573,10.814
2024-03-06 19:43:00,6.665,10.987
2024-03-06 19:44:00,6.657,10.993
2024-03-06 19:45:00,6.361,10.919
2024-03-06 19:46:00,6.508,10.836
2024-03-06 19:47:00,6.578,10.681
2024-03-06 19:48:00,6.442,11.061
2024-03-06 19:49:00,6.466,10.672
2024-03-06 19:50:00,6.805,11.075
2024-03-06 19:51:00,6.464,10.949
2024-03-06 19:52:00,6.683,10.921
2024-03-06 19:53:00,6.705,11.035
2024-03-06 19:54:00,6.341,10.917
2024-03-06 19:55:00,6.453,10.887
2024-03-06 19:56:00,6.406,10.727
2024-03-06 19:57:00,6.21,10.835
2024-03-06 19:58:00,6.516,10.757
2024-03-06 19:59:00,6.554,10.832
2024-03-06 20:00:00,6.662,10.69
2024-03-06 20:01:00,6.449,10.83
2024-03-06 20:02:00,6.491,10.516
2024-03-06 20:03:00,6.507,10.812
2024-03-06 20:04:00,6.618,10.604
2024-03-06 20:05:00,6.415,10.676
2024-03-06 20:06:00,6.32,10.828
2024-03-06 20:07:00,6.669,10.957
2024-03-06 20:08:00,6.413,10.235
2024-03-06 20:09:00,6.587,11.005
2024-03-06 20:10:00,6.578,10.854
2024-03-06 20:11:00,6.835,11.187
2024-03-06 20:12:00,6.74,10.927
2024-03-06 20:13:00,6.528,10.784
2024-03-06 20:14:00,6.692,10.63
2024-03-06 20:15:00,6.436,10.887
2024-03-06 20:16:00,6.449,10.684
2024-03-06 20:17:00,6.821,10.663
2024-03-06 20:18:00,6.951,10.868
2024-03-06 20:19:00,6.401,
2024-03-06 20:20:00,6.803,10.68
2024-03-06 20:21:00,6.777,10.789
2024-03-06 20:22:00,6.606,10.904
2024-03-06 20:23:00,6.603,10.726
2024-03-06 20:24:00,6.795,11.194
2024-03-06 20:25:00,6.401,11.244
2024-03-06 20:26:00,6.542,11.09
2024-03-06 20:27:00,6.498,10.829
2024-03-06 20:28:00,6.492,10.791
2024-03-06 20:29:00,6.777,10.83
2024-03-06 20:30:00,6.835,10.708
2024-03-06 20:31:00,6.447,10.784
2024-03-06 20:32:00,6.512,10.923
2024-03-06 20:33:00,6.478,10.958
2024-03-06 20:34:00,6.542,11.206
2024-03-06 20:35:00,6.613,10.701
2024-03-06 20:36:00,6.491,11.043
2024-03-06 20:37:00,6.865,10.753
2024-03-06 20:38:00,6.488,11.204
2024-03-06 20:39:00,6.304,10.929
2024-03-06 20:40:00,6.67,10.638
2024-03-06 20:41:00,6.433,10.758
2024-03-06 20:42:00,6.717,10.894
2024-03-06 20:43:00,6.61,11.325
2024-03-06 20:44:00,6.761,11.039
2024-03-06 20:45:00,6.68,10.904
2024-03-06 20:46:00,6.799,10.759
2024-03-06 20:47:00,6.666,10.765
2024-03-06 20:48:00,6.653,10.714
2024-03-06 20:49:00,6.857,10.969
2024-03-06 20:50:00,6.331,11.36
2024-03-06 20:51:00,6.506,10.528
2024-03-06 20:52:00,,11.271
2024-03-06 20:53:00,6.781,10.866
2024-03-06 20:54:00,6.618,10.894
2024-03-06 20:55:00,6.333,10.885
2024-03-06 20:56:00,6.63,11.12
2024-03-06 20:57:00,6.741,11.01
2024-03-06 20:58:00,6.546,10.952
2024-03-06 20:59:00,6.593,10.7
2024-03-06 21:00:00,6.7,10.991
2024-03-06 21:01:00,6.684,10.928
2024-03-06 21:02:00,6.858,11.014
2024-03-06 21:03:00,6.692,10.552
2024-03-06 21:04:00,6.719,10.766
2024-03-06 21:05:00,6.694,10.995
2024-03-06 21:06:00,6.864,10.931
2024-03-06 21:07:00,6.537,11.32
2024-03-06 21:08:00,6.612,10.727
2024-03-06 21:09:00,6.485,11.066
2024-03-06 21:10:00,6.558,
2024-03-06 21:11:00,6.654,11.104
2024-03-06 21:12:00,6.734,
2024-03-06 21:13:00,6.384,10.858
2024-03-06 21:14:00,6.808,11.094
2024-03-06 21:15:00,6.421,10.927
2024-03-06 21:16:00,6.731,11.019
2024-03-06 21:17:00,6.767,11.023
2024-03-06 21:18:00,6.587,11.321
2024-03-06 21:19:00,6.724,10.48
2024-03-06 21:20:00,6.546,
2024-03-06 21:21:00,6.472,11.127
2024-03-06 21:22:00,6.606,11.292
2024-03-06 21:23:00,6.763,10.803
2024-03-06 21:24:00,6.805,11.13
2024-03-06 21:25:00,6.973,10.92
2024-03-06 21:26:00,7.016,10.937
2024-03-06 21:27:00,6.41,11.049
2024-03-06 21:28:00,6.842,11.023
2024-03-06 21:29:00,6.977,10.999
2024-03-06 21:30:00,6.898,10.75
2024-03-06 21:31:00,6.294,11.138
2024-03-06 21:32:00,6.555,11.208
2024-03-06 21:33:00,6.741,10.899
2024-03-06 21:34:00,6.735,11.002
2024-03-06 21:35:00,6.568,10.763
2024-03-06 21:36:00,6.809,10.913
2024-03-06 21:37:00,6.671,10.979
2024-03-06 21:38:00,6.938,10.938
2024-03-06 21:39:00,6.61,10.861
2024-03-06 21:40:00,6.772,11.092
2024-03-06 21:41:00,6.587,11.307
2024-03-06 21:42:00,6.726,10.972
2024-03-06 21:43:00,6.366,10.805
2024-03-06 21:44:00,6.704,10.827
2024-03-06 21:45:00,6.988,11.192
2024-03-06 21:46:00,6.588,11.031
2024-03-06 21:47:00,6.811,11.425
2024-03-06 21:48:00,7.192,11.329
2024-03-06 21:49:00,6.745,10.631
2024-03-06 21:50:00,6.716,11.396
2024-03-06 21:51:00,6.609,11.098
2024-03-06 21:52:00,6.881,11.301
2024-03-06 21:53:00,6.704,11.089
2024-03-06 21:54:00,6.658,11.278
2024-03-06 21:55:00,6.696,11.247
2024-03-06 21:56:00,6.831,11.026
2024-03-06 21:57:00,6.919,11.359
2024-03-06 21:58:00,6.65,11.203
2024-03-06 21:59:00,6.825,11.003
2024-03-06 22:00:00,6.856,11.431
2024-03-06 22:01:00,6.858,10.67
2024-03-06 22:02:00,6.639,11.288
2024-03-06 22:03:00,6.629,11.072
2024-03-06 22:04:00,6.66,11.382
2024-03-06 22:05:00,6.669,11.35
2024-03-06 22:06:00,6.639,11.184
2024-03-06 22:07:00,6.719,11.162
2024-03-06 22:08:00,6.744,11.27
2024-03-06 22:09:00,6.687,11.278
2024-03-06 22:10:00,6.749,11.179
2024-03-06 22:11:00,6.894,11.292
2024-03-06 22:12:00,6.768,11.257
2024-03-06 22:13:00,6.957,11.343
2024-03-06 22:14:00,6.751,11.097
2024-03-06 22:15:00,6.804,11.535
2024-03-06 22:16:00,6.725,10.889
2024-03-06 22:17:00,6.62,11.265
2024-03-06 22:18:00,12.557,11.183
2024-03-06 22:19:00,6.752,11.417
2024-03-06 22:20:00,6.887,11.196
2024-03-06 22:21:00,6.717,11.132
2024-03-06 22:22:00,6.889,10.961
2024-03-06 22:23:00,7.021,11.269
2024-03-06 22:24:00,6.89,10.952
2024-03-06 22:25:00,6.898,11.15
2024-03-06 22:26:00,6.42,11.522
2024-03-06 22:27:00,6.766,11.133
2024-03-06 22:28:00,,11.405
2024-03-06 22:29:00,6.807,11.035
2024-03-06 22:30:00,6.919,11.3
2024-03-06 22:31:00,6.739,
2024-03-06 22:32:00,6.502,11.129
2024-03-06 22:33:00,6.88,11.547
2024-03-06 22:34:00,6.907,11.353
2024-03-06 22:35:00,6.649,11.133
2024-03-06 22:36:00,6.991,11.491
2024-03-06 22:37:00,6.581,11.045
2024-03-06 22:38:00,6.698,11.564
2024-03-06 22:39:00,6.679,11.433
2024-03-06 22:40:00,6.756,11.15
2024-03-06 22:41:00,6.995,11.546
2024-03-06 22:42:00,6.696,11.255
2024-03-06 22:43:00,6.863,11.486
2024-03-06 22:44:00,6.884,11.238
2024-03-06 22:45:00,6.705,
2024-03-06 22:46:00,6.793,11.248
2024-03-06 22:47:00,6.644,11.598
2024-03-06 22:48:00,6.573,11.227
2024-03-06 22:49:00,6.785,11.01
2024-03-06 22:50:00,6.838,11.39
2024-03-06 22:51:00,6.823,11.204
2024-03-06 22:52:00,6.869,11.314
2024-03-06 22:53:00,6.737,11.388
2024-03-06 22:54:00,6.943,11.298
2024-03-06 22:55:00,6.574,11.406
2024-03-06 22:56:00,6.869,11.601
2024-03-06 22:57:00,6.89,10.995
2024-03-06 22:58:00,6.463,11.219
2024-03-06 22:59:00,6.778,11.503
2024-03-06 23:00:00,11.889,11.495
2024-03-06 23:01:00,6.652,11.402
2024-03-06 23:02:00,6.731,11.184
2024-03-06 23:03:00,6.697,
2024-03-06 23:04:00,6.841,11.354
2024-03-06 23:05:00,6.792,11.055
2024-03-06 23:06:00,6.713,11.426
2024-03-06 23:07:00,6.85,11.584
2024-03-06 23:08:00,6.755,11.361
2024-03-06 23:09:00,6.671,11.134
2024-03-06 23:10:00,6.789,11.484
2024-03-06 23:11:00,6.616,11.399
2024-03-06 23:12:00,6.911,11.444
2024-03-06 23:13:00,6.798,11.457
2024-03-06 23:14:00,6.845,11.319
2024-03-06 23:15:00,6.673,11.53
2024-03-06 23:16:00,6.839,11.609
2024-03-06 23:17:00,6.916,11.28
2024-03-06 23:18:00,6.661,11.68
2024-03-06 23:19:00,7.041,11.508
2024-03-06 23:20:00,6.914,11.616
2024-03-06 23:21:00,6.646,11.046
2024-03-06 23:22:00,7.089,11.671
2024-03-06 23:23:00,6.943,11.594
2024-03-06 23:24:00,6.965,11.516
2024-03-06 23:25:00,6.766,11.428
2024-03-06 23:26:00,6.844,11.433
2024-03-06 23:27:00,6.937,11.947
2024-03-06 23:28:00,6.559,11.616
2024-03-06 23:29:00,7.085,11.251
2024-03-06 23:30:00,7.026,11.451
2024-03-06 23:31:00,7.138,11.508
2024-03-06 23:32:00,6.927,11.812
2024-03-06 23:33:00,6.628,11.191
2024-03-06 23:34:00,6.746,11.49
2024-03-06 23:35:00,6.927,11.213
2024-03-06 23:36:00,6.863,11.829
2024-03-06 23:37:00,7.132,11.668
2024-03-06 23:38:00,6.854,11.179
2024-03-06 23:39:00,6.858,11.808
2024-03-06 23:40:00,6.899,11.327
2024-03-06 23:41:00,6.62,11.461
2024-03-06 23:42:00,7.12,11.514
2024-03-06 23:43:00,7.039,11.63
2024-03-06 23:44:00,6.981,11.967
2024-03-06 23:45:00,6.772,11.936
2024-03-06 23:46:00,7.103,11.564
2024-03-06 23:47:00,6.954,11.517
2024-03-06 23:48:00,6.639,11.586
2024-03-06 23:49:00,6.724,11.665
2024-03-06 23:50:00,7.174,11.859
2024-03-06 23:51:00,7.027,11.816
2024-03-06 23:52:00,6.981,11.545
2024-03-06 23:53:00,6.769,11.855
2024-03-06 23:54:00,7.204,11.619
2024-03-06 23:55:00,7.052,11.931
2024-03-06 23:56:00,7.108,11.952
2024-03-06 23:57:00,6.961,11.708
2024-03-06 23:58:00,6.841,11.387
2024-03-06 23:59:00,7.066,11.738
2024-03-07 00:00:00,6.967,11.292
2024-03-07 00:01:00,6.835,11.402
2024-03-07 00:02:00,6.956,11.56
2024-03-07 00:03:00,6.984,11.474
2024-03-07 00:04:00,7.311,11.353
2024-03-07 00:05:00,,11.403
2024-03-07 00:06:00,6.974,11.649
2024-03-07 00:07:00,7.192,12.194
2024-03-07 00:08:00,6.747,11.491
2024-03-07 00:09:00,7.123,11.302
2024-03-07 00:10:00,6.914,11.762
2024-03-07 00:11:00,6.833,11.197
2024-03-07 00:12:00,7.054,11.985
2024-03-07 00:13:00,7.033,12.01
2024-03-07 00:14:00,7.032,11.652
2024-03-07 00:15:00,,11.789
2024-03-07 00:16:00,6.945,11.967
2024-03-07 00:17:00,6.888,11.88
2024-03-07 00:18:00,7.037,11.421
2024-03-07 00:19:00,7.041,11.78
2024-03-07 00:20:00,7.232,11.47
2024-03-07 00:21:00,7.038,11.602
2024-03-07 00:22:00,6.92,11.439
2024-03-07 00:23:00,7.322,11.878
2024-03-07 00:24:00,7.092,12.016
2024-03-07 00:25:00,7.025,12.087
2024-03-07 00:26:00,7.133,11.895
2024-03-07 00:27:00,7.196,12.029
2024-03-07 00:28:00,7.12,11.991
2024-03-07 00:29:00,7.18,12.043
2024-03-07 00:30:00,6.849,11.668
2024-03-07 00:31:00,7.003,11.979
2024-03-07 00:32:00,6.799,11.585
2024-03-07 00:33:00,7.11,11.657
2024-03-07 00:34:00,7.267,11.509
2024-03-07 00:35:00,12.471,11.891
2024-03-07 00:36:00,6.83,12.096
2024-03-07 00:37:00,7.11,11.929
2024-03-07 00:38:00,7.112,11.904
2024-03-07 00:39:00,7.117,11.948
2024-03-07 00:40:00,6.925,11.89
2024-03-07 00:41:00,7.053,11.732
2024-03-07 00:42:00,7.016,11.793
2024-03-07 00:43:00,7.172,12.167
2024-03-07 00:44:00,7.135,11.978
2024-03-07 00:45:00,7.062,11.88
2024-03-07 00:46:00,7.118,11.828
2024-03-07 00:47:00,7.218,11.964
2024-03-07 00:48:00,7.102,12.084
2024-03-07 00:49:00,7.041,11.785
2024-03-07 00:50:00,7.038,12.034
2024-03-07 00:51:00,7.191,12.173
2024-03-07 00:52:00,7.233,11.716
2024-03-07 00:53:00,7.163,12.152
2024-03-07 00:54:00,6.944,11.695
2024-03-07 00:55:00,7.134,11.666
2024-03-07 00:56:00,7.074,11.903
2024-03-07 00:57:00,7.017,11.959
2024-03-07 00:58:00,,11.565
2024-03-07 00:59:00,7.016,11.781
2024-03-07 01:00:00,7.127,11.957
2024-03-07 01:01:00,7.041,11.766
2024-03-07 01:02:00,7.294,11.885
2024-03-07 01:03:00,7.191,11.977
2024-03-07 01:04:00,7.136,11.73
2024-03-07 01:05:00,7.338,12.075
2024-03-07 01:06:00,6.904,11.977
2024-03-07 01:07:00,7.05,11.816
2024-03-07 01:08:00,7.232,11.854
2024-03-07 01:09:00,7.098,11.851
2024-03-07 01:10:00,7.162,12.104
2024-03-07 01:11:00,7.041,11.845
2024-03-07 01:12:00,7.419,12.563
2024-03-07 01:13:00,7.34,12.291
2024-03-07 01:14:00,7.001,12.27
2024-03-07 01:15:00,7.01,11.836
2024-03-07 01:16:00,7.411,11.728
2024-03-07 01:17:00,6.949,12.041
2024-03-07 01:18:00,7.071,11.832
2024-03-07 01:19:00,7.284,11.794
2024-03-07 01:20:00,7.251,11.778
2024-03-07 01:21:00,6.956,11.985
2024-03-07 01:22:00,7.19,12.587
2024-03-07 01:23:00,7.619,
2024-03-07 01:24:00,7.245,12.046
2024-03-07 01:25:00,7.162,12.048
2024-03-07 01:26:00,7.419,12.028
2024-03-07 01:27:00,7.155,11.736
2024-03-07 01:28:00,7.094,12.044
2024-03-07 01:29:00,7.182,12.211
2024-03-07 01:30:00,7.151,11.986
2024-03-07 01:31:00,7.223,12.303
2024-03-07 01:32:00,7.175,12.144
2024-03-07 01:33:00,7.253,12.193
2024-03-07 01:34:00,7.04,12.28
2024-03-07 01:35:00,6.976,12.186
2024-03-07 01:36:00,7.494,12.484
2024-03-07 01:37:00,7.316,12.433
2024-03-07 01:38:00,7.12,12.048
2024-03-07 01:39:00,7.23,12.151
2024-03-07 01:40:00,7.342,12.103
2024-03-07 01:41:00,7.154,12.169
2024-03-07 01:42:00,7.428,12.231
2024-03-07 01:43:00,7.208,12.217
2024-03-07 01:44:00,7.046,11.993
2024-03-07 01:45:00,7.225,12.245
2024-03-07 01:46:00,7.113,11.978
2024-03-07 01:47:00,7.436,12.399
2024-03-07 01:48:00,7.039,12.034
2024-03-07 01:49:00,7.005,12.303
2024-03-07 01:50:00,7.352,11.978
2024-03-07 01:51:00,7.218,12.04
2024-03-07 01:52:00,7.271,12.076
2024-03-07 01:53:00,7.331,12.4
2024-03-07 01:54:00,7.186,11.964
2024-03-07 01:55:00,6.947,12.117
2024-03-07 01:56:00,7.02,12.116
2024-03-07 01:57:00,7.336,12.553
2024-03-07 01:58:00,7.16,12.067
2024-03-07 01:59:00,,12.598
2024-03-07 02:00:00,7.536,12.533
2024-03-07 02:01:00,7.367,12.491
2024-03-07 02:02:00,7.247,12.327
2024-03-07 02:03:00,7.113,12.607
2024-03-07 02:04:00,7.396,12.255
2024-03-07 02:05:00,7.034,12.481
2024-03-07 02:06:00,7.131,12.362
2024-03-07 02:07:00,7.304,
2024-03-07 02:08:00,7.065,12.185
2024-03-07 02:09:00,7.016,12.347
2024-03-07 02:10:00,7.304,12.185
2024-03-07 02:11:00,7.09,12.519
2024-03-07 02:12:00,,12.178
2024-03-07 02:13:00,7.42,12.593
2024-03-07 02:14:00,7.338,12.361
2024-03-07 02:15:00,7.321,12.017
2024-03-07 02:16:00,7.609,12.429
2024-03-07 02:17:00,7.092,12.337
2024-03-07 02:18:00,7.439,12.082
2024-03-07 02:19:00,7.143,12.446
2024-03-07 02:20:00,7.328,12.215
2024-03-07 02:21:00,7.574,12.479
2024-03-07 02:22:00,7.298,12.532
2024-03-07 02:23:00,7.092,12.36
2024-03-07 02:24:00,7.322,12.475
2024-03-07 02:25:00,7.458,12.284
2024-03-07 02:26:00,7.439,12.475
2024-03-07 02:27:00,7.418,12.531
2024-03-07 02:28:00,7.323,12.204
2024-03-07 02:29:00,7.248,12.62
2024-03-07 02:30:00,7.099,12.4
2024-03-07 02:31:00,7.538,12.427
2024-03-07 02:32:00,7.313,12.451
2024-03-07 02:33:00,7.073,12.544
2024-03-07 02:34:00,7.387,12.524
2024-03-07 02:35:00,7.218,
2024-03-07 02:36:00,7.145,12.498
2024-03-07 02:37:00,7.431,12.319
2024-03-07 02:38:00,7.196,12.849
2024-03-07 02:39:00,7.312,12.148
2024-03-07 02:40:00,7.275,12.383
2024-03-07 02:41:00,7.173,
2024-03-07 02:42:00,7.38,12.787
2024-03-07 02:43:00,7.383,12.365
2024-03-07 02:44:00,7.581,12.691
2024-03-07 02:45:00,7.429,12.823
2024-03-07 02:46:00,7.157,12.387
2024-03-07 02:47:00,7.19,12.553
2024-03-07 02:48:00,7.352,12.75
2024-03-07 02:49:00,7.444,12.556
2024-03-07 02:50:00,7.56,12.344
2024-03-07 02:51:00,7.174,12.574
2024-03-07 02:52:00,7.583,12.773
2024-03-07 02:53:00,7.488,12.691
2024-03-07 02:54:00,7.354,12.565
2024-03-07 02:55:00,7.262,12.603
2024-03-07 02:56:00,7.374,12.633
2024-03-07 02:57:00,7.188,12.474
2024-03-07 02:58:00,7.385,12.272
2024-03-07 02:59:00,7.345,12.519
2024-03-07 03:00:00,7.064,12.392
2024-03-07 03:01:00,7.308,12.512
2024-03-07 03:02:00,7.476,12.444
2024-03-07 03:03:00,7.327,13.177
2024-03-07 03:04:00,7.303,12.565
2024-03-07 03:05:00,7.566,12.435
2024-03-07 03:06:00,7.439,12.601
2024-03-07 03:07:00,7.423,12.327
2024-03-07 03:08:00,7.408,12.511
2024-03-07 03:09:00,7.145,12.892
2024-03-07 03:10:00,7.459,12.751
2024-03-07 03:11:00,7.319,12.38
2024-03-07 03:12:00,7.241,12.704
2024-03-07 03:13:00,7.625,12.625
2024-03-07 03:14:00,7.139,12.746
2024-03-07 03:15:00,7.322,12.444
2024-03-07 03:16:00,7.554,12.437
2024-03-07 03:17:00,,12.732
2024-03-07 03:18:00,7.054,12.685
2024-03-07 03:19:00,7.48,12.697
2024-03-07 03:20:00,7.469,12.703
2024-03-07 03:21:00,7.39,12.567
2024-03-07 03:22:00,7.169,12.781
2024-03-07 03:23:00,7.412,12.552
2024-03-07 03:24:00,7.332,12.645
2024-03-07 03:25:00,7.384,12.445
2024-03-07 03:26:00,7.423,12.651
2024-03-07 03:27:00,7.368,12.712
2024-03-07 03:28:00,7.481,12.856
2024-03-07 03:29:00,7.297,12.927
2024-03-07 03:30:00,7.398,13.056
2024-03-07 03:31:00,7.393,12.805
2024-03-07 03:32:00,7.384,12.799
2024-03-07 03:33:00,7.435,12.464
2024-03-07 03:34:00,7.501,12.394
2024-03-07 03:35:00,7.319,12.516
2024-03-07 03:36:00,7.253,
2024-03-07 03:37:00,7.641,12.743
2024-03-07 03:38:00,7.009,12.631
2024-03-07 03:39:00,7.541,12.982
2024-03-07 03:40:00,7.469,12.534
2024-03-07 03:41:00,7.416,12.56
2024-03-07 03:42:00,,12.454
2024-03-07 03:43:00,7.456,12.345
2024-03-07 03:44:00,7.426,13.001
2024-03-07 03:45:00,7.137,12.875
2024-03-07 03:46:00,7.291,12.525
2024-03-07 03:47:00,7.257,12.563
2024-03-07 03:48:00,7.382,13.153
2024-03-07 03:49:00,7.537,12.768
2024-03-07 03:50:00,7.259,12.888
2024-03-07 03:51:00,7.629,12.706
2024-03-07 03:52:00,7.644,12.537
2024-03-07 03:53:00,7.269,12.872
2024-03-07 03:54:00,7.07,12.851
2024-03-07 03:55:00,7.493,12.718
2024-03-07 03:56:00,7.49,12.679
2024-03-07 03:57:00,7.642,12.84
2024-03-07 03:58:00,7.548,12.949
2024-03-07 03:59:00,7.348,13.09
2024-03-07 04:00:00,7.218,12.664
2024-03-07 04:01:00,7.419,12.584
2024-03-07 04:02:00,7.382,12.748
2024-03-07 04:03:00,7.283,12.758
2024-03-07 04:04:00,7.237,12.93
2024-03-07 04:05:00,7.543,13.005
2024-03-07 04:06:00,7.642,12.832
2024-03-07 04:07:00,7.535,13.155
2024-03-07 04:08:00,7.381,13.5
2024-03-07 04:09:00,7.577,12.808
2024-03-07 04:10:00,7.625,12.772
2024-03-07 04:11:00,7.524,12.343
2024-03-07 04:12:00,7.212,12.414
2024-03-07 04:13:00,7.685,13.087
2024-03-07 04:14:00,7.498,13.059
2024-03-07 04:15:00,7.683,12.469
2024-03-07 04:16:00,7.435,12.753
2024-03-07 04:17:00,7.67,12.779
2024-03-07 04:18:00,7.399,13.139
2024-03-07 04:19:00,7.459,12.66
2024-03-07 04:20:00,7.335,13.079
2024-03-07 04:21:00,7.765,13.002
2024-03-07 04:22:00,7.201,13.182
2024-03-07 04:23:00,7.228,12.88
2024-03-07 04:24:00,7.476,13.185
2024-03-07 04:25:00,7.386,13.152
2024-03-07 04:26:00,7.699,12.816
2024-03-07 04:27:00,7.264,12.801
2024-03-07 04:28:00,7.757,13.399
2024-03-07 04:29:00,7.464,12.833
2024-03-07 04:30:00,7.521,13.253
2024-03-07 04:31:00,7.143,12.972
2024-03-07 04:32:00,7.16,12.981
2024-03-07 04:33:00,7.581,13.151
2024-03-07 04:34:00,7.231,12.722
2024-03-07 04:35:00,,13.044
2024-03-07 04:36:00,7.063,12.752
2024-03-07 04:37:00,7.54,12.906
2024-03-07 04:38:00,7.494,13.342
2024-03-07 04:39:00,7.527,12.92
2024-03-07 04:40:00,7.483,13.065
2024-03-07 04:41:00,7.383,12.827
2024-03-07 04:42:00,7.475,13.119
2024-03-07 04:43:00,7.461,12.778
2024-03-07 04:44:00,7.335,13.121
2024-03-07 04:45:00,7.565,13.354
2024-03-07 04:46:00,7.562,12.545
2024-03-07 04:47:00,,13.227
2024-03-07 04:48:00,7.378,12.945
2024-03-07 04:49:00,7.817,12.607
2024-03-07 04:50:00,7.753,13.196
2024-03-07 04:51:00,7.624,13.012
2024-03-07 04:52:00,7.696,12.962
2024-03-07 04:53:00,7.677,13.001
2024-03-07 04:54:00,7.543,13.268
2024-03-07 04:55:00,7.518,12.825
2024-03-07 04:56:00,7.673,12.986
2024-03-07 04:57:00,7.561,12.782
2024-03-07 04:58:00,7.631,13.065
2024-03-07 04:59:00,7.55,13.002
2024-03-07 05:00:00,7.424,13.393
2024-03-07 05:01:00,7.582,12.541
2024-03-07 05:02:00,13.023,13.149
2024-03-07 05:03:00,7.62,13.113
2024-03-07 05:04:00,7.325,12.814
2024-03-07 05:05:00,7.597,12.768
2024-03-07 05:06:00,7.709,13.114
2024-03-07 05:07:00,7.747,13.107
2024-03-07 05:08:00,7.334,13.428
2024-03-07 05:09:00,7.54,12.775
2024-03-07 05:10:00,7.651,13.075
2024-03-07 05:11:00,7.748,12.973
2024-03-07 05:12:00,7.348,13.29
2024-03-07 05:13:00,7.575,13.111
2024-03-07 05:14:00,7.296,
2024-03-07 05:15:00,7.21,12.978
2024-03-07 05:16:00,7.262,
2024-03-07 05:17:00,7.339,13.312
2024-03-07 05:18:00,7.556,13.161
2024-03-07 05:19:00,,13.027
2024-03-07 05:20:00,7.622,12.935
2024-03-07 05:21:00,7.58,13.342
2024-03-07 05:22:00,7.408,12.872
2024-03-07 05:23:00,7.43,13.021
2024-03-07 05:24:00,7.429,12.989
2024-03-07 05:25:00,7.525,13.262
2024-03-07 05:26:00,7.703,13.102
2024-03-07 05:27:00,7.148,13.169
2024-03-07 05:28:00,11.688,13.002
2024-03-07 05:29:00,7.291,13.054
2024-03-07 05:30:00,7.423,12.691
2024-03-07 05:31:00,7.821,12.817
2024-03-07 05:32:00,7.432,13.215
2024-03-07 05:33:00,7.562,12.764
2024-03-07 05:34:00,7.488,13.337
2024-03-07 05:35:00,7.476,13.424
2024-03-07 05:36:00,7.518,13.083
2024-03-07 05:37:00,7.379,12.962
2024-03-07 05:38:00,7.579,12.979
2024-03-07 05:39:00,7.497,13.205
2024-03-07 05:40:00,7.372,12.72
2024-03-07 05:41:00,7.572,12.987
2024-03-07 05:42:00,7.596,13.145
2024-03-07 05:43:00,7.411,13.266
2024-03-07 05:44:00,7.63,12.668
2024-03-07 05:45:00,7.446,13.342
2024-03-07 05:46:00,7.768,13.204
2024-03-07 05:47:00,7.614,13.23
2024-03-07 05:48:00,7.602,13.275
2024-03-07 05:49:00,7.491,13.254
2024-03-07 05:50:00,7.61,13.213
2024-03-07 05:51:00,7.414,12.795
2024-03-07 05:52:00,7.63,12.835
2024-03-07 05:53:00,7.531,12.992
2024-03-07 05:54:00,7.322,13.428
2024-03-07 05:55:00,7.532,12.761
2024-03-07 05:56:00,7.707,13.424
2024-03-07 05:57:00,7.41,13.157
2024-03-07 05:58:00,,13.064
2024-03-07 05:59:00,7.382,12.992
2024-03-07 06:00:00,7.336,13.052
2024-03-07 06:01:00,7.409,13.039
2024-03-07 06:02:00,7.448,13.071
2024-03-07 06:03:00,7.635,12.831
2024-03-07 06:04:00,7.639,13.1
2024-03-07 06:05:00,7.587,13.08
2024-03-07 06:06:00,7.743,13.429
2024-03-07 06:07:00,7.7,12.844
2024-03-07 06:08:00,7.352,13.278
2024-03-07 06:09:00,7.569,12.913
2024-03-07 06:10:00,7.176,13.177
2024-03-07 06:11:00,7.367,13.168
2024-03-07 06:12:00,7.552,13.317
2024-03-07 06:13:00,7.413,13.503
2024-03-07 06:14:00,7.482,12.777
2024-03-07 06:15:00,7.368,13.109
2024-03-07 06:16:00,7.426,12.905
2024-03-07 06:17:00,7.29,13.119
2024-03-07 06:18:00,7.616,12.864
2024-03-07 06:19:00,7.523,13.443
2024-03-07 06:20:00,7.456,13.415
2024-03-07 06:21:00,7.632,13.34
2024-03-07 06:22:00,7.453,12.894
2024-03-07 06:23:00,7.148,13.441
2024-03-07 06:24:00,7.68,12.991
2024-03-07 06:25:00,7.228,13.141
2024-03-07 06:26:00,7.543,13.099
2024-03-07 06:27:00,7.595,13.048
2024-03-07 06:28:00,7.66,13.223
2024-03-07 06:29:00,7.318,12.888
2024-03-07 06:30:00,7.525,13.19
2024-03-07 06:31:00,7.63,13.321
2024-03-07 06:32:00,7.581,13.441
2024-03-07 06:33:00,7.63,13.247
2024-03-07 06:34:00,7.536,13.111
2024-03-07 06:35:00,7.348,13.596
2024-03-07 06:36:00,7.493,13.048
2024-03-07 06:37:00,7.548,13.294
2024-03-07 06:38:00,7.619,13.074
2024-03-07 06:39:00,7.754,13.332
2024-03-07 06:40:00,7.309,13.326
2024-03-07 06:41:00,7.684,13.246
2024-03-07 06:42:00,7.36,13.459
2024-03-07 06:43:00,7.486,13.199
2024-03-07 06:44:00,7.33,13.375
2024-03-07 06:45:00,7.379,13.155
2024-03-07 06:46:00,7.387,13.118
2024-03-07 06:47:00,7.552,12.906
2024-03-07 06:48:00,7.486,13.027
2024-03-07 06:49:00,7.6,13.546
2024-03-07 06:50:00,7.591,13.333
2024-03-07 06:51:00,7.667,13.238
2024-03-07 06:52:00,7.522,13.045
2024-03-07 06:53:00,7.572,13.116
2024-03-07 06:54:00,7.527,13.294
2024-03-07 06:55:00,7.713,12.877
2024-03-07 06:56:00,7.435,13.439
2024-03-07 06:57:00,7.713,13.169
2024-03-07 06:58:00,7.524,13.429
2024-03-07 06:59:00,7.497,13.15
2024-03-07 07:00:00,7.656,13.116
2024-03-07 07:01:00,7.35,13.238
2024-03-07 07:02:00,7.392,13.289
2024-03-07 07:03:00,7.389,13.29
2024-03-07 07:04:00,7.445,12.997
2024-03-07 07:05:00,7.417,13.408
2024-03-07 07:06:00,7.551,13.235
2024-03-07 07:07:00,7.267,13.448
2024-03-07 07:08:00,7.555,13.25
2024-03-07 07:09:00,7.393,13.046
2024-03-07 07:10:00,7.505,13.073
2024-03-07 07:11:00,7.183,13.433
2024-03-07 07:12:00,7.526,12.828
2024-03-07 07:13:00,7.478,12.999
2024-03-07 07:14:00,7.374,13.3
2024-03-07 07:15:00,7.647,13.336
2024-03-07 07:16:00,7.5,13.595
2024-03-07 07:17:00,7.678,13.443
2024-03-07 07:18:00,7.417,12.905
2024-03-07 07:19:00,7.175,12.924
2024-03-07 07:20:00,7.557,13.343
2024-03-07 07:21:00,7.512,12.978
2024-03-07 07:22:00,7.43,13.091
2024-03-07 07:23:00,7.64,12.838
2024-03-07 07:24:00,7.306,13.294
2024-03-07 07:25:00,7.562,13.237
2024-03-07 07:26:00,7.299,13.374
2024-03-07 07:27:00,7.325,13.352
2024-03-07 07:28:00,7.662,13.233
2024-03-07 07:29:00,7.495,13.298
2024-03-07 07:30:00,7.23,13.393
2024-03-07 07:31:00,7.359,13.14
2024-03-07 07:32:00,7.417,13.067
2024-03-07 07:33:00,7.51,13.066
2024-03-07 07:34:00,7.429,12.959
2024-03-07 07:35:00,7.302,13.194
2024-03-07 07:36:00,7.481,12.718
2024-03-07 07:37:00,7.537,13.324
2024-03-07 07:38:00,7.856,13.509
2024-03-07 07:39:00,7.586,13.078
2024-03-07 07:40:00,7.203,13.176
2024-03-07 07:41:00,7.554,13.205
2024-03-07 07:42:00,7.436,13.356
2024-03-07 07:43:00,7.442,13.385
2024-03-07 07:44:00,7.424,13.065
2024-03-07 07:45:00,7.4,13.277
2024-03-07 07:46:00,7.218,13.02
2024-03-07 07:47:00,7.406,13.248
2024-03-07 07:48:00,7.456,
2024-03-07 07:49:00,7.389,13.034
2024-03-07 07:50:00,7.37,13.188
2024-03-07 07:51:00,7.429,13.339
2024-03-07 07:52:00,7.263,12.637
2024-03-07 07:53:00,7.495,13.189
2024-03-07 07:54:00,7.449,13.115
2024-03-07 07:55:00,7.258,13.37
2024-03-07 07:56:00,7.489,12.496
2024-03-07 07:57:00,7.409,13.157
2024-03-07 07:58:00,7.279,13.174
2024-03-07 07:59:00,7.375,12.996
2024-03-07 08:00:00,7.355,13.429
2024-03-07 08:01:00,7.412,13.253
2024-03-07 08:02:00,7.341,12.937
2024-03-07 08:03:00,7.063,13.075
2024-03-07 08:04:00,7.461,13.147
2024-03-07 08:05:00,7.521,13.257
2024-03-07 08:06:00,7.412,13.25
2024-03-07 08:07:00,7.414,13.295
2024-03-07 08:08:00,7.366,13.019
2024-03-07 08:09:00,7.252,13.484
2024-03-07 08:10:00,7.444,13.03
2024-03-07 08:11:00,7.646,13.036
2024-03-07 08:12:00,7.464,12.986
2024-03-07 08:13:00,7.054,13.307
2024-03-07 08:14:00,7.326,13.072
2024-03-07 08:15:00,7.437,13.163
2024-03-07 08:16:00,7.628,13.429
2024-03-07 08:17:00,7.582,13.269
2024-03-07 08:18:00,7.533,13.271
2024-03-07 08:19:00,7.345,12.974
2024-03-07 08:20:00,7.4,13.679
2024-03-07 08:21:00,7.289,13.425
2024-03-07 08:22:00,7.533,13.272
2024-03-07 08:23:00,7.485,13.187
2024-03-07 08:24:00,7.582,12.998
2024-03-07 08:25:00,7.131,13.072
2024-03-07 08:26:00,,13.267
2024-03-07 08:27:00,7.356,13.185
2024-03-07 08:28:00,,13.295
2024-03-07 08:29:00,7.324,13.217
2024-03-07 08:30:00,7.129,12.864
2024-03-07 08:31:00,7.562,13.165
2024-03-07 08:32:00,7.432,13.43
2024-03-07 08:33:00,7.493,13.373
2024-03-07 08:34:00,7.296,13.033
2024-03-07 08:35:00,7.228,13.029
2024-03-07 08:36:00,12.562,13.29
2024-03-07 08:37:00,7.366,13.044
2024-03-07 08:38:00,7.206,12.931
2024-03-07 08:39:00,7.283,12.765
2024-03-07 08:40:00,7.485,13.426
2024-03-07 08:41:00,7.636,12.832
2024-03-07 08:42:00,7.512,12.859
2024-03-07 08:43:00,7.371,12.946
2024-03-07 08:44:00,7.269,13.153
2024-03-07 08:45:00,7.511,13.308
2024-03-07 08:46:00,7.503,12.794
2024-03-07 08:47:00,7.638,12.946
2024-03-07 08:48:00,7.559,13.157
2024-03-07 08:49:00,7.514,13.358
2024-03-07 08:50:00,7.55,12.937
2024-03-07 08:51:00,7.29,13.156
2024-03-07 08:52:00,7.218,12.93
2024-03-07 08:53:00,7.193,12.824
2024-03-07 08:54:00,7.212,13.005
2024-03-07 08:55:00,7.306,13.031
2024-03-07 08:56:00,7.46,13.113
2024-03-07 08:57:00,7.407,13.267
2024-03-07 08:58:00,7.388,12.598
2024-03-07 08:59:00,7.24,13.084
2024-03-07 09:00:00,7.267,13.414
2024-03-07 09:01:00,7.338,12.791
2024-03-07 09:02:00,7.538,13.459
2024-03-07 09:03:00,7.281,13.051
2024-03-07 09:04:00,7.343,13.231
2024-03-07 09:05:00,7.045,13.29
2024-03-07 09:06:00,6.998,13.023
2024-03-07 09:07:00,7.224,13.109
2024-03-07 09:08:00,7.411,13.047
2024-03-07 09:09:00,7.236,13.374
2024-03-07 09:10:00,7.411,13.139
2024-03-07 09:11:00,7.193,12.962
2024-03-07 09:12:00,7.391,13.023
2024-03-07 09:13:00,7.714,12.85
2024-03-07 09:14:00,7.649,13.15
2024-03-07 09:15:00,7.593,12.858
2024-03-07 09:16:00,7.293,13.139
2024-03-07 09:17:00,7.277,13.073
2024-03-07 09:18:00,7.374,12.828
2024-03-07 09:19:00,7.098,13.196
2024-03-07 09:20:00,7.358,13.099
2024-03-07 09:21:00,7.286,13.14
2024-03-07 09:22:00,7.306,12.988
2024-03-07 09:23:00,7.274,13.244
2024-03-07 09:24:00,7.468,12.911
2024-03-07 09:25:00,,12.977
2024-03-07 09:26:00,7.346,13.232
2024-03-07 09:27:00,7.357,13.043
2024-03-07 09:28:00,7.386,12.935
2024-03-07 09:29:00,7.697,12.536
2024-03-07 09:30:00,7.487,13.275
2024-03-07 09:31:00,7.312,13.164
2024-03-07 09:32:00,7.122,12.787
2024-03-07 09:33:00,7.359,13.153
2024-03-07 09:34:00,7.288,13.001
2024-03-07 09:35:00,7.259,12.916
2024-03-07 09:36:00,7.292,12.989
2024-03-07 09:37:00,7.189,12.825
2024-03-07 09:38:00,7.298,13.136
2024-03-07 09:39:00,7.305,12.912
2024-03-07 09:40:00,7.371,12.886
2024-03-07 09:41:00,7.404,12.891
2024-03-07 09:42:00,7.151,12.849
2024-03-07 09:43:00,7.105,12.849
2024-03-07 09:44:00,7.619,12.94
2024-03-07 09:45:00,7.479,12.794
2024-03-07 09:46:00,7.378,12.74
2024-03-07 09:47:00,7.465,13.123
2024-03-07 09:48:00,7.495,12.872
2024-03-07 09:49:00,7.173,13.161
2024-03-07 09:50:00,7.022,12.577
2024-03-07 09:51:00,7.36,12.9
2024-03-07 09:52:00,7.214,12.827
2024-03-07 09:53:00,7.266,12.635
2024-03-07 09:54:00,7.196,13.068
2024-03-07 09:55:00,7.307,12.921
2024-03-07 09:56:00,7.2,12.78
2024-03-07 09:57:00,7.374,13.011
2024-03-07 09:58:00,7.32,12.968
2024-03-07 09:59:00,7.284,13.069
2024-03-07 10:00:00,7.147,12.747
2024-03-07 10:01:00,7.168,12.818
2024-03-07 10:02:00,7.035,12.71
2024-03-07 10:03:00,6.908,12.874
2024-03-07 10:04:00,7.06,12.942
2024-03-07 10:05:00,7.132,12.945
2024-03-07 10:06:00,7.399,12.852
2024-03-07 10:07:00,6.996,12.862
2024-03-07 10:08:00,7.281,12.828
2024-03-07 10:09:00,7.499,12.663
2024-03-07 10:10:00,7.199,12.944
2024-03-07 10:11:00,7.533,12.847
2024-03-07 10:12:00,7.193,12.795
2024-03-07 10:13:00,7.167,
2024-03-07 10:14:00,7.081,12.904
2024-03-07 10:15:00,6.945,12.53
2024-03-07 10:16:00,7.345,12.97
2024-03-07 10:17:00,7.4,12.854
2024-03-07 10:18:00,6.942,12.786
2024-03-07 10:19:00,7.097,12.964
2024-03-07 10:20:00,7.342,12.971
2024-03-07 10:21:00,7.079,12.766
2024-03-07 10:22:00,7.27,12.804
2024-03-07 10:23:00,7.013,13.279
2024-03-07 10:24:00,6.93,12.536
2024-03-07 10:25:00,7.111,12.618
2024-03-07 10:26:00,7.256,12.635
2024-03-07 10:27:00,7.117,12.732
2024-03-07 10:28:00,7.267,13.025
2024-03-07 10:29:00,7.312,12.889
2024-03-07 10:30:00,7.277,13.013
2024-03-07 10:31:00,7.219,12.683
2024-03-07 10:32:00,7.081,12.697
2024-03-07 10:33:00,7.133,13.113
2024-03-07 10:34:00,7.293,12.865
2024-03-07 10:35:00,7.5,12.764
2024-03-07 10:36:00,,12.774
2024-03-07 10:37:00,6.99,12.716
2024-03-07 10:38:00,7.339,12.784
2024-03-07 10:39:00,7.12,12.802
2024-03-07 10:40:00,7.211,12.91
2024-03-07 10:41:00,,12.393
2024-03-07 10:42:00,7.259,12.844
2024-03-07 10:43:00,7.046,12.759
2024-03-07 10:44:00,7.302,12.796
2024-03-07 10:45:00,7.083,12.464
2024-03-07 10:46:00,7.376,12.89
2024-03-07 10:47:00,7.215,12.458
2024-03-07 10:48:00,7.027,12.901
2024-03-07 10:49:00,7.024,12.779
2024-03-07 10:50:00,7.292,12.798
2024-03-07 10:51:00,6.946,12.502
2024-03-07 10:52:00,7.295,12.701
2024-03-07 10:53:00,7.044,12.509
2024-03-07 10:54:00,7.317,12.872
2024-03-07 10:55:00,6.968,12.442
2024-03-07 10:56:00,7.095,
2024-03-07 10:57:00,7.184,12.354
2024-03-07 10:58:00,7.151,12.873
2024-03-07 10:59:00,7.167,12.794
2024-03-07 11:00:00,7.297,12.657
2024-03-07 11:01:00,6.925,12.66
2024-03-07 11:02:00,7.209,12.364
2024-03-07 11:03:00,7.21,12.586
2024-03-07 11:04:00,7.214,12.504
2024-03-07 11:05:00,7.166,12.542
2024-03-07 11:06:00,7.369,12.851
2024-03-07 11:07:00,7.236,12.643
2024-03-07 11:08:00,7.091,12.585
2024-03-07 11:09:00,7.172,12.736
2024-03-07 11:10:00,7.177,12.318
2024-03-07 11:11:00,7.251,12.722
2024-03-07 11:12:00,7.43,12.55
2024-03-07 11:13:00,7.214,12.856
2024-03-07 11:14:00,7.26,12.462
2024-03-07 11:15:00,7.299,12.653
2024-03-07 11:16:00,7.018,12.31
2024-03-07 11:17:00,7.222,12.659
2024-03-07 11:18:00,7.169,12.587
2024-03-07 11:19:00,,12.435
2024-03-07 11:20:00,6.954,12.575
2024-03-07 11:21:00,7.169,12.681
2024-03-07 11:22:00,6.996,12.528
2024-03-07 11:23:00,7.285,12.61
2024-03-07 11:24:00,6.958,12.604
2024-03-07 11:25:00,6.967,12.465
2024-03-07 11:26:00,7.401,12.386
2024-03-07 11:27:00,7.207,12.165
2024-03-07 11:28:00,7.087,12.617
2024-03-07 11:29:00,6.935,12.575
2024-03-07 11:30:00,6.943,12.435
2024-03-07 11:31:00,6.929,12.424
2024-03-07 11:32:00,7.18,12.391
2024-03-07 11:33:00,6.929,12.16
2024-03-07 11:34:00,6.853,12.374
2024-03-07 11:35:00,7.023,12.224
2024-03-07 11:36:00,7.132,12.299
2024-03-07 11:37:00,6.935,12.795
2024-03-07 11:38:00,7.043,12.457
2024-03-07 11:39:00,7.135,12.377
2024-03-07 11:40:00,6.757,12.427
2024-03-07 11:41:00,7.121,12.58
2024-03-07 11:42:00,7.169,12.472
2024-03-07 11:43:00,6.994,12.481
2024-03-07 11:44:00,7.368,12.213
2024-03-07 11:45:00,7.044,12.612
2024-03-07 11:46:00,7.031,12.139
2024-03-07 11:47:00,7.299,12.53
2024-03-07 11:48:00,6.996,12.439
2024-03-07 11:49:00,6.881,12.434
2024-03-07 11:50:00,6.829,12.489
2024-03-07 11:51:00,7.062,12.442
2024-03-07 11:52:00,7.086,12.584
2024-03-07 11:53:00,7.177,12.141
2024-03-07 11:54:00,6.898,12.439
2024-03-07 11:55:00,7.126,12.116
2024-03-07 11:56:00,7.08,12.311
2024-03-07 11:57:00,6.913,12.129
2024-03-07 11:58:00,6.82,12.651
2024-03-07 11:59:00,7.122,12.389
2024-03-07 12:00:00,7.123,12.181
2024-03-07 12:01:00,6.778,12.523
2024-03-07 12:02:00,6.788,12.447
2024-03-07 12:03:00,6.945,12.093
2024-03-07 12:04:00,7.076,12.12
2024-03-07 12:05:00,6.915,12.495
2024-03-07 12:06:00,6.984,12.127
2024-03-07 12:07:00,7.117,12.238
2024-03-07 12:08:00,6.967,12.23
2024-03-07 12:09:00,6.948,12.503
2024-03-07 12:10:00,7.093,12.306
2024-03-07 12:11:00,6.808,12.334
2024-03-07 12:12:00,7.12,12.333
2024-03-07 12:13:00,6.968,12.119
2024-03-07 12:14:00,6.993,12.127
2024-03-07 12:15:00,6.819,12.369
2024-03-07 12:16:00,6.727,12.451
2024-03-07 12:17:00,7.03,12.201
2024-03-07 12:18:00,6.928,12.158
2024-03-07 12:19:00,6.971,12.208
2024-03-07 12:20:00,6.951,12.438
2024-03-07 12:21:00,7.002,12.309
2024-03-07 12:22:00,6.732,12.598
2024-03-07 12:23:00,7.37,12.296
2024-03-07 12:24:00,6.819,11.973
2024-03-07 12:25:00,7.138,12.626
2024-03-07 12:26:00,6.725,12.678
2024-03-07 12:27:00,6.939,11.662
2024-03-07 12:28:00,7.101,12.209
2024-03-07 12:29:00,6.859,11.92
2024-03-07 12:30:00,6.944,12.207
2024-03-07 12:31:00,6.577,12.13
2024-03-07 12:32:00,6.798,12.01
2024-03-07 12:33:00,7.08,12.519
2024-03-07 12:34:00,7.07,12.081
2024-03-07 12:35:00,6.825,12.247
2024-03-07 12:36:00,6.903,11.94
2024-03-07 12:37:00,7.181,12.437
2024-03-07 12:38:00,7.057,12.169
2024-03-07 12:39:00,6.929,12.276
2024-03-07 12:40:00,6.772,12.175
2024-03-07 12:41:00,6.881,12.141
2024-03-07 12:42:00,6.592,11.982
2024-03-07 12:43:00,6.965,11.89
2024-03-07 12:44:00,6.966,12.083
2024-03-07 12:45:00,6.565,12.144
2024-03-07 12:46:00,6.774,11.993
2024-03-07 12:47:00,6.964,12.398
2024-03-07 12:48:00,6.983,11.782
2024-03-07 12:49:00,7.007,12.109
2024-03-07 12:50:00,6.821,11.82
2024-03-07 12:51:00,6.974,12.48
2024-03-07 12:52:00,7.12,12.176
2024-03-07 12:53:00,6.988,11.996
2024-03-07 12:54:00,6.825,12.103
2024-03-07 12:55:00,6.884,11.886
2024-03-07 12:56:00,7.031,11.852
2024-03-07 12:57:00,6.814,12.369
2024-03-07 12:58:00,6.936,12.215
2024-03-07 12:59:00,6.924,12.164
2024-03-07 13:00:00,6.848,11.97
2024-03-07 13:01:00,6.782,
2024-03-07 13:02:00,7.004,12.302
2024-03-07 13:03:00,7.233,12.156
2024-03-07 13:04:00,6.863,11.536
2024-03-07 13:05:00,6.834,12.397
2024-03-07 13:06:00,6.803,11.799
2024-03-07 13:07:00,6.781,11.961
2024-03-07 13:08:00,6.91,
2024-03-07 13:09:00,12.919,11.843
2024-03-07 13:10:00,6.894,12.184
2024-03-07 13:11:00,7.004,12.012
2024-03-07 13:12:00,6.854,11.992
2024-03-07 13:13:00,7.008,12.092
2024-03-07 13:14:00,6.845,11.675
2024-03-07 13:15:00,7.011,12.24
2024-03-07 13:16:00,6.978,12.178
2024-03-07 13:17:00,6.739,11.926
2024-03-07 13:18:00,7.031,11.631
2024-03-07 13:19:00,6.616,11.913
2024-03-07 13:20:00,6.954,11.602
2024-03-07 13:21:00,6.956,11.795
2024-03-07 13:22:00,6.777,11.796
2024-03-07 13:23:00,7.009,12.11
2024-03-07 13:24:00,6.718,12.134
2024-03-07 13:25:00,6.609,12.004
2024-03-07 13:26:00,6.917,11.397
2024-03-07 13:27:00,6.77,11.862
2024-03-07 13:28:00,6.776,11.912
2024-03-07 13:29:00,6.809,11.83
2024-03-07 13:30:00,6.742,12.056
2024-03-07 13:31:00,6.918,12.099
2024-03-07 13:32:00,,
2024-03-07 13:33:00,6.964,11.973
2024-03-07 13:34:00,6.881,11.827
2024-03-07 13:35:00,6.524,11.632
2024-03-07 13:36:00,6.785,12.222
2024-03-07 13:37:00,6.872,11.678
2024-03-07 13:38:00,6.722,11.936
2024-03-07 13:39:00,6.921,12.123
2024-03-07 13:40:00,6.495,11.895
2024-03-07 13:41:00,6.781,11.626
2024-03-07 13:42:00,7.284,11.725
2024-03-07 13:43:00,6.943,11.51
2024-03-07 13:44:00,6.829,11.641
2024-03-07 13:45:00,6.821,11.902
2024-03-07 13:46:00,7.057,12.018
2024-03-07 13:47:00,6.983,11.95
2024-03-07 13:48:00,6.745,12.016
2024-03-07 13:49:00,6.575,11.694
2024-03-07 13:50:00,6.967,11.763
2024-03-07 13:51:00,6.682,11.6
2024-03-07 13:52:00,7.025,11.958
2024-03-07 13:53:00,7.198,11.772
2024-03-07 13:54:00,7.026,11.449
2024-03-07 13:55:00,6.895,12.091
2024-03-07 13:56:00,6.699,11.613
2024-03-07 13:57:00,,12.156
2024-03-07 13:58:00,6.684,11.716
2024-03-07 13:59:00,6.937,11.861
2024-03-07 14:00:00,7.082,11.756
2024-03-07 14:01:00,6.747,11.484
2024-03-07 14:02:00,6.622,11.942
2024-03-07 14:03:00,6.511,11.793
2024-03-07 14:04:00,6.514,12.013
2024-03-07 14:05:00,6.951,11.467
2024-03-07 14:06:00,6.839,11.565
2024-03-07 14:07:00,6.768,11.726
2024-03-07 14:08:00,6.897,11.742
2024-03-07 14:09:00,6.634,11.91
2024-03-07 14:10:00,6.463,11.558
2024-03-07 14:11:00,6.806,11.85
2024-03-07 14:12:00,6.832,11.775
2024-03-07 14:13:00,6.839,11.485
2024-03-07 14:14:00,6.705,11.818
2024-03-07 14:15:00,6.67,11.917
2024-03-07 14:16:00,6.714,11.849
2024-03-07 14:17:00,6.816,12.062
2024-03-07 14:18:00,6.642,11.948
2024-03-07 14:19:00,6.97,11.417
2024-03-07 14:20:00,6.72,11.986
2024-03-07 14:21:00,6.512,11.614
2024-03-07 14:22:00,6.777,11.421
2024-03-07 14:23:00,6.811,11.948
2024-03-07 14:24:00,6.635,11.481
2024-03-07 14:25:00,6.577,11.498
2024-03-07 14:26:00,6.437,11.543
2024-03-07 14:27:00,6.836,11.634
2024-03-07 14:28:00,6.871,11.831
2024-03-07 14:29:00,6.451,11.442
2024-03-07 14:30:00,,11.511
2024-03-07 14:31:00,6.637,11.43
2024-03-07 14:32:00,6.882,11.217
2024-03-07 14:33:00,6.769,11.46
2024-03-07 14:34:00,6.789,12.157
2024-03-07 14:35:00,7.121,11.665
2024-03-07 14:36:00,6.762,11.848
2024-03-07 14:37:00,6.505,11.394
2024-03-07 14:38:00,6.738,11.964
2024-03-07 14:39:00,6.828,11.63
2024-03-07 14:40:00,6.99,11.709
2024-03-07 14:41:00,6.725,11.709
2024-03-07 14:42:00,6.67,11.381
2024-03-07 14:43:00,6.729,11.621
2024-03-07 14:44:00,6.715,11.299
2024-03-07 14:45:00,6.759,11.398
2024-03-07 14:46:00,6.522,11.405
2024-03-07 14:47:00,6.697,11.552
2024-03-07 14:48:00,6.652,11.592
2024-03-07 14:49:00,6.632,11.35
2024-03-07 14:50:00,6.744,11.551
2024-03-07 14:51:00,6.561,11.273
2024-03-07 14:52:00,6.804,11.186
2024-03-07 14:53:00,6.846,11.457
2024-03-07 14:54:00,6.638,11.491
2024-03-07 14:55:00,6.797,11.392
2024-03-07 14:56:00,6.616,11.76
2024-03-07 14:57:00,6.476,11.532
2024-03-07 14:58:00,6.633,11.614
2024-03-07 14:59:00,6.611,11.397
2024-03-07 15:00:00,6.778,10.991
2024-03-07 15:01:00,6.669,11.58
2024-03-07 15:02:00,6.419,11.554
2024-03-07 15:03:00,6.706,11.518
2024-03-07 15:04:00,6.334,11.4
2024-03-07 15:05:00,6.472,11.351
2024-03-07 15:06:00,6.652,11.375
2024-03-07 15:07:00,6.491,11.39
2024-03-07 15:08:00,6.608,11.602
2024-03-07 15:09:00,6.583,11.389
2024-03-07 15:10:00,6.551,11.64
2024-03-07 15:11:00,6.777,
2024-03-07 15:12:00,6.463,11.284
2024-03-07 15:13:00,6.634,
2024-03-07 15:14:00,6.578,11.565
2024-03-07 15:15:00,6.524,11.472
2024-03-07 15:16:00,6.695,11.445
2024-03-07 15:17:00,6.654,11.669
2024-03-07 15:18:00,6.328,11.346
2024-03-07 15:19:00,6.624,11.219
2024-03-07 15:20:00,6.737,11.154
2024-03-07 15:21:00,6.683,11.529
2024-03-07 15:22:00,6.763,11.379
2024-03-07 15:23:00,6.79,11.009
2024-03-07 15:24:00,6.715,11.437
2024-03-07 15:25:00,6.889,11.332
2024-03-07 15:26:00,6.72,11.229
2024-03-07 15:27:00,6.466,11.324
2024-03-07 15:28:00,6.781,11.442
2024-03-07 15:29:00,6.513,11.418
2024-03-07 15:30:00,6.67,11.188
2024-03-07 15:31:00,6.765,11.266
2024-03-07 15:32:00,6.24,11.36
2024-03-07 15:33:00,6.713,11.049
2024-03-07 15:34:00,6.705,11.283
2024-03-07 15:35:00,6.438,11.576
2024-03-07 15:36:00,6.788,11.164
2024-03-07 15:37:00,6.561,10.804
2024-03-07 15:38:00,6.57,11.285
2024-03-07 15:39:00,6.541,11.286
2024-03-07 15:40:00,6.445,11.167
2024-03-07 15:41:00,6.394,11.103
2024-03-07 15:42:00,6.595,11.412
2024-03-07 15:43:00,6.658,11.558
2024-03-07 15:44:00,6.463,10.94
2024-03-07 15:45:00,6.704,11.52
2024-03-07 15:46:00,6.554,11.284
2024-03-07 15:47:00,6.217,10.964
2024-03-07 15:48:00,6.359,10.951
2024-03-07 15:49:00,6.662,11.504
2024-03-07 15:50:00,6.335,11.495
2024-03-07 15:51:00,6.433,11.249
2024-03-07 15:52:00,6.584,11.2
2024-03-07 15:53:00,6.44,11.525
2024-03-07 15:54:00,6.777,11.272
2024-03-07 15:55:00,,11.187
2024-03-07 15:56:00,6.388,11.497
2024-03-07 15:57:00,6.333,11.18
2024-03-07 15:58:00,6.708,11.178
2024-03-07 15:59:00,6.553,11.002
2024-03-07 16:00:00,6.612,11.124
2024-03-07 16:01:00,6.841,11.345
2024-03-07 16:02:00,6.815,11.045
2024-03-07 16:03:00,6.859,11.225
2024-03-07 16:04:00,6.585,11.272
2024-03-07 16:05:00,6.405,11.139
2024-03-07 16:06:00,6.552,11.198
2024-03-07 16:07:00,6.455,11.408
2024-03-07 16:08:00,6.554,11.244
2024-03-07 16:09:00,6.316,11.363
2024-03-07 16:10:00,6.621,11.009
2024-03-07 16:11:00,6.806,11.121
2024-03-07 16:12:00,6.299,11.052
2024-03-07 16:13:00,6.52,10.912
2024-03-07 16:14:00,6.408,11.232
2024-03-07 16:15:00,6.428,11.232
2024-03-07 16:16:00,6.442,11.368
2024-03-07 16:17:00,6.592,11.507
2024-03-07 16:18:00,6.451,11.108
2024-03-07 16:19:00,6.371,10.992
2024-03-07 16:20:00,6.736,11.632
2024-03-07 16:21:00,6.661,11.027
2024-03-07 16:22:00,6.724,11.287
2024-03-07 16:23:00,6.745,10.863
2024-03-07 16:24:00,6.578,10.993
2024-03-07 16:25:00,6.605,10.847
2024-03-07 16:26:00,6.694,11.194
2024-03-07 16:27:00,6.636,10.791
2024-03-07 16:28:00,6.487,11.025
2024-03-07 16:29:00,6.511,11.419
2024-03-07 16:30:00,6.403,
2024-03-07 16:31:00,6.554,11.171
2024-03-07 16:32:00,6.577,11.04
2024-03-07 16:33:00,6.683,11.24
2024-03-07 16:34:00,6.513,11.025
2024-03-07 16:35:00,6.704,11.234
2024-03-07 16:36:00,6.441,11.181
2024-03-07 16:37:00,6.4,10.814
2024-03-07 16:38:00,6.173,11.435
2024-03-07 16:39:00,13.119,10.807
2024-03-07 16:40:00,6.7,11.167
2024-03-07 16:41:00,6.53,11.026
2024-03-07 16:42:00,6.401,11.04
2024-03-07 16:43:00,6.527,10.699
2024-03-07 16:44:00,6.526,11.178
2024-03-07 16:45:00,6.445,11.048
2024-03-07 16:46:00,6.339,10.833
2024-03-07 16:47:00,6.419,11.082
2024-03-07 16:48:00,6.617,11.234
2024-03-07 16:49:00,6.45,10.602
2024-03-07 16:50:00,6.845,10.96
2024-03-07 16:51:00,6.69,11.122
2024-03-07 16:52:00,6.524,11.09
2024-03-07 16:53:00,6.483,10.898
2024-03-07 16:54:00,6.605,11.027
2024-03-07 16:55:00,,11.355
2024-03-07 16:56:00,6.505,10.709
2024-03-07 16:57:00,6.434,10.816
2024-03-07 16:58:00,6.508,10.995
2024-03-07 16:59:00,6.346,10.984
2024-03-07 17:00:00,6.231,10.922
2024-03-07 17:01:00,6.366,10.77
2024-03-07 17:02:00,6.405,10.999
2024-03-07 17:03:00,6.523,10.701
2024-03-07 17:04:00,6.242,10.911
2024-03-07 17:05:00,6.355,11.128
2024-03-07 17:06:00,6.333,11.051
2024-03-07 17:07:00,6.652,10.963
2024-03-07 17:08:00,6.589,10.698
2024-03-07 17:09:00,6.345,10.898
2024-03-07 17:10:00,6.485,10.93
2024-03-07 17:11:00,6.328,11.123
2024-03-07 17:12:00,6.73,10.764
2024-03-07 17:13:00,6.646,11.212
2024-03-07 17:14:00,6.554,10.983
2024-03-07 17:15:00,6.574,10.712
2024-03-07 17:16:00,6.457,10.724
2024-03-07 17:17:00,6.385,11.143
2024-03-07 17:18:00,6.335,10.821
2024-03-07 17:19:00,6.465,11.227
2024-03-07 17:20:00,6.611,10.983
2024-03-07 17:21:00,6.358,10.933
2024-03-07 17:22:00,6.649,11.087
2024-03-07 17:23:00,6.479,10.905
2024-03-07 17:24:00,6.492,11.125
2024-03-07 17:25:00,6.596,11.082
2024-03-07 17:26:00,,11.201
2024-03-07 17:27:00,6.403,10.705
2024-03-07 17:28:00,6.71,10.711
2024-03-07 17:29:00,6.41,11.076
2024-03-07 17:30:00,6.701,10.74
2024-03-07 17:31:00,6.182,10.683
2024-03-07 17:32:00,6.5,10.85
2024-03-07 17:33:00,6.786,11.053
2024-03-07 17:34:00,6.328,10.855
2024-03-07 17:35:00,6.31,11.033
2024-03-07 17:36:00,6.626,10.904
2024-03-07 17:37:00,6.37,
2024-03-07 17:38:00,6.541,10.568
2024-03-07 17:39:00,6.819,10.458
2024-03-07 17:40:00,6.229,10.737
2024-03-07 17:41:00,6.311,11.201
2024-03-07 17:42:00,,10.481
2024-03-07 17:43:00,6.471,10.871
2024-03-07 17:44:00,6.515,10.82
2024-03-07 17:45:00,6.46,11.006
2024-03-07 17:46:00,6.455,10.98
2024-03-07 17:47:00,6.415,10.913
2024-03-07 17:48:00,6.562,10.858
2024-03-07 17:49:00,6.562,10.627
2024-03-07 17:50:00,6.227,11.11
2024-03-07 17:51:00,6.561,10.9
2024-03-07 17:52:00,6.507,10.817
2024-03-07 17:53:00,6.541,11.103
2024-03-07 17:54:00,6.376,10.783
2024-03-07 17:55:00,6.727,10.878
2024-03-07 17:56:00,6.531,10.786
2024-03-07 17:57:00,6.489,10.948
2024-03-07 17:58:00,6.314,10.346
2024-03-07 17:59:00,6.487,10.812
2024-03-07 18:00:00,6.638,11.022
2024-03-07 18:01:00,6.355,10.814
2024-03-07 18:02:00,6.459,10.645
2024-03-07 18:03:00,6.472,11.006
2024-03-07 18:04:00,6.48,11.044
2024-03-07 18:05:00,6.442,10.937
2024-03-07 18:06:00,6.663,10.84
2024-03-07 18:07:00,6.666,10.87
2024-03-07 18:08:00,6.529,10.824
2024-03-07 18:09:00,6.511,10.971
2024-03-07 18:10:00,6.398,10.904
2024-03-07 18:11:00,6.245,10.564
2024-03-07 18:12:00,6.286,10.468
2024-03-07 18:13:00,6.834,10.644
2024-03-07 18:14:00,6.319,10.918
2024-03-07 18:15:00,6.765,10.987
2024-03-07 18:16:00,6.444,10.864
2024-03-07 18:17:00,6.465,10.918
2024-03-07 18:18:00,6.251,10.932
2024-03-07 18:19:00,6.511,10.39
2024-03-07 18:20:00,6.508,10.757
2024-03-07 18:21:00,6.428,11.023
2024-03-07 18:22:00,6.661,10.925
2024-03-07 18:23:00,6.701,10.83
2024-03-07 18:24:00,6.485,10.777
2024-03-07 18:25:00,6.917,10.993
2024-03-07 18:26:00,6.514,10.665
2024-03-07 18:27:00,6.492,11.245
2024-03-07 18:28:00,6.431,10.721
2024-03-07 18:29:00,6.391,11.037
2024-03-07 18:30:00,6.396,10.646
2024-03-07 18:31:00,6.468,10.961
2024-03-07 18:32:00,6.576,10.876
2024-03-07 18:33:00,6.378,10.538
2024-03-07 18:34:00,6.531,10.798
2024-03-07 18:35:00,6.436,10.878
2024-03-07 18:36:00,6.376,10.938
2024-03-07 18:37:00,6.589,10.685
2024-03-07 18:38:00,6.443,10.652
2024-03-07 18:39:00,6.586,10.625
2024-03-07 18:40:00,6.475,10.858
2024-03-07 18:41:00,6.298,10.64
2024-03-07 18:42:00,6.572,10.879
2024-03-07 18:43:00,6.603,11.009
2024-03-07 18:44:00,6.39,11.042
2024-03-07 18:45:00,6.479,10.672
2024-03-07 18:46:00,6.591,10.842
2024-03-07 18:47:00,6.643,10.895
2024-03-07 18:48:00,6.72,10.874
2024-03-07 18:49:00,6.662,10.927
2024-03-07 18:50:00,6.665,10.975
2024-03-07 18:51:00,6.281,10.54
2024-03-07 18:52:00,6.326,10.676
2024-03-07 18:53:00,6.227,10.519
2024-03-07 18:54:00,6.45,10.749
2024-03-07 18:55:00,6.45,10.73
2024-03-07 18:56:00,6.399,10.889
2024-03-07 18:57:00,6.441,10.797
2024-03-07 18:58:00,6.377,10.916
2024-03-07 18:59:00,6.396,10.862
2024-03-07 19:00:00,6.579,10.698
2024-03-07 19:01:00,6.701,11.013
2024-03-07 19:02:00,6.433,10.993
2024-03-07 19:03:00,6.583,10.947
2024-03-07 19:04:00,6.326,10.451
2024-03-07 19:05:00,7.03,11.167
2024-03-07 19:06:00,6.555,10.709
2024-03-07 19:07:00,6.391,10.673
2024-03-07 19:08:00,6.538,10.786
2024-03-07 19:09:00,6.459,10.821
2024-03-07 19:10:00,6.525,10.707
2024-03-07 19:11:00,6.418,10.727
2024-03-07 19:12:00,6.815,10.419
2024-03-07 19:13:00,6.447,10.891
2024-03-07 19:14:00,6.66,10.655
2024-03-07 19:15:00,6.502,10.563
2024-03-07 19:16:00,6.48,10.776
2024-03-07 19:17:00,6.501,10.876
2024-03-07 19:18:00,6.295,
2024-03-07 19:19:00,,10.778
2024-03-07 19:20:00,6.767,11.009
2024-03-07 19:21:00,6.621,10.676
2024-03-07 19:22:00,6.42,10.857
2024-03-07 19:23:00,6.626,10.732
2024-03-07 19:24:00,6.638,11.057
2024-03-07 19:25:00,6.589,10.869
2024-03-07 19:26:00,6.46,10.748
2024-03-07 19:27:00,6.509,11.054
2024-03-07 19:28:00,6.49,11.051
2024-03-07 19:29:00,6.666,10.847
2024-03-07 19:30:00,6.579,10.515
2024-03-07 19:31:00,6.45,
2024-03-07 19:32:00,6.517,10.713
2024-03-07 19:33:00,6.311,10.56
2024-03-07 19:34:00,6.459,10.28
2024-03-07 19:35:00,6.475,11.171
2024-03-07 19:36:00,6.546,10.547
2024-03-07 19:37:00,6.438,10.981
2024-03-07 19:38:00,6.463,11.046
2024-03-07 19:39:00,6.576,10.871
2024-03-07 19:40:00,6.375,10.652
2024-03-07 19:41:00,6.7,11.142
2024-03-07 19:42:00,6.469,10.998
2024-03-07 19:43:00,6.455,10.994
2024-03-07 19:44:00,6.591,10.869
2024-03-07 19:45:00,6.411,10.796
2024-03-07 19:46:00,6.608,10.968
2024-03-07 19:47:00,6.491,11.152
2024-03-07 19:48:00,6.318,10.805
2024-03-07 19:49:00,6.626,11.111
2024-03-07 19:50:00,6.845,10.908
2024-03-07 19:51:00,6.351,11.257
2024-03-07 19:52:00,6.525,11.012
2024-03-07 19:53:00,6.79,10.729
2024-03-07 19:54:00,6.705,11.094
2024-03-07 19:55:00,6.425,
2024-03-07 19:56:00,6.848,10.835
2024-03-07 19:57:00,6.593,10.383
2024-03-07 19:58:00,6.376,10.71
2024-03-07 19:59:00,6.505,11.274
2024-03-07 20:00:00,6.805,11.051
2024-03-07 20:01:00,6.752,10.897
2024-03-07 20:02:00,6.732,10.934
2024-03-07 20:03:00,6.441,10.959
2024-03-07 20:04:00,6.334,10.841
2024-03-07 20:05:00,6.504,11.096
2024-03-07 20:06:00,6.443,10.578
2024-03-07 20:07:00,6.691,10.719
2024-03-07 20:08:00,6.539,11.031
2024-03-07 20:09:00,6.659,10.792
2024-03-07 20:10:00,6.71,10.562
2024-03-07 20:11:00,6.621,10.974
2024-03-07 20:12:00,6.488,11.119
2024-03-07 20:13:00,6.601,11.13
2024-03-07 20:14:00,6.697,11.418
2024-03-07 20:15:00,6.409,10.755
2024-03-07 20:16:00,6.574,10.736
2024-03-07 20:17:00,6.497,10.758
2024-03-07 20:18:00,6.647,10.965
2024-03-07 20:19:00,6.594,11.063
2024-03-07 20:20:00,6.496,10.685
2024-03-07 20:21:00,6.631,10.492
2024-03-07 20:22:00,6.585,10.479
2024-03-07 20:23:00,6.723,10.854
2024-03-07 20:24:00,6.652,10.767
2024-03-07 20:25:00,6.462,10.579
2024-03-07 20:26:00,6.406,10.636
2024-03-07 20:27:00,6.8,10.801
2024-03-07 20:28:00,6.621,10.812
2024-03-07 20:29:00,6.531,10.458
2024-03-07 20:30:00,6.273,10.408
2024-03-07 20:31:00,6.323,10.925
2024-03-07 20:32:00,6.664,11.026
2024-03-07 20:33:00,6.69,10.625
2024-03-07 20:34:00,6.707,10.929
2024-03-07 20:35:00,6.638,10.825
2024-03-07 20:36:00,6.373,11.208
2024-03-07 20:37:00,6.557,10.716
2024-03-07 20:38:00,6.795,10.873
2024-03-07 20:39:00,6.704,10.825
2024-03-07 20:40:00,6.647,11.096
2024-03-07 20:41:00,6.792,10.975
2024-03-07 20:42:00,6.743,
2024-03-07 20:43:00,6.56,10.881
2024-03-07 20:44:00,6.462,10.495
2024-03-07 20:45:00,6.448,11.075
2024-03-07 20:46:00,6.776,10.837
2024-03-07 20:47:00,6.585,10.834
2024-03-07 20:48:00,6.358,11.21
2024-03-07 20:49:00,6.493,10.771
2024-03-07 20:50:00,6.609,10.897
2024-03-07 20:51:00,6.86,11.142
2024-03-07 20:52:00,6.569,10.801
2024-03-07 20:53:00,11.804,10.832
2024-03-07 20:54:00,6.536,10.745
2024-03-07 20:55:00,6.65,10.795
2024-03-07 20:56:00,6.591,11.062
2024-03-07 20:57:00,6.566,11.099
2024-03-07 20:58:00,6.64,11.364
2024-03-07 20:59:00,6.698,10.988
2024-03-07 21:00:00,6.39,10.852
2024-03-07 21:01:00,6.695,11.122
2024-03-07 21:02:00,6.268,10.495
2024-03-07 21:03:00,6.548,10.883
2024-03-07 21:04:00,6.802,10.705
2024-03-07 21:05:00,6.369,11.164
2024-03-07 21:06:00,6.613,11.067
2024-03-07 21:07:00,6.61,11.081
2024-03-07 21:08:00,6.749,10.718
2024-03-07 21:09:00,6.534,10.845
2024-03-07 21:10:00,6.768,10.963
2024-03-07 21:11:00,6.811,
2024-03-07 21:12:00,6.646,10.844
2024-03-07 21:13:00,6.421,10.772
2024-03-07 21:14:00,,11.497
2024-03-07 21:15:00,,11.156
2024-03-07 21:16:00,6.837,10.973
2024-03-07 21:17:00,6.974,10.89
2024-03-07 21:18:00,6.603,11.281
2024-03-07 21:19:00,6.577,10.976
2024-03-07 21:20:00,6.808,10.787
2024-03-07 21:21:00,6.475,10.777
2024-03-07 21:22:00,6.817,10.992
2024-03-07 21:23:00,6.669,11.186
2024-03-07 21:24:00,6.839,11.35
2024-03-07 21:25:00,,10.891
2024-03-07 21:26:00,6.83,11.187
2024-03-07 21:27:00,6.846,11.151
2024-03-07 21:28:00,7.08,10.85
2024-03-07 21:29:00,6.578,10.929
2024-03-07 21:30:00,6.6,11.008
2024-03-07 21:31:00,6.683,10.949
2024-03-07 21:32:00,6.657,11.079
2024-03-07 21:33:00,6.79,11.332
2024-03-07 21:34:00,6.853,10.907
2024-03-07 21:35:00,6.804,11.378
2024-03-07 21:36:00,6.942,10.95
2024-03-07 21:37:00,6.75,11.072
2024-03-07 21:38:00,6.78,11.158
2024-03-07 21:39:00,6.591,10.969
2024-03-07 21:40:00,6.641,10.988
2024-03-07 21:41:00,6.812,11.094
2024-03-07 21:42:00,6.532,10.93
2024-03-07 21:43:00,6.733,11.401
2024-03-07 21:44:00,6.818,10.992
2024-03-07 21:45:00,6.562,10.997
2024-03-07 21:46:00,6.725,11.096
2024-03-07 21:47:00,6.761,10.713
2024-03-07 21:48:00,6.651,11.365
2024-03-07 21:49:00,6.833,11.487
2024-03-07 21:50:00,6.649,11.365
2024-03-07 21:51:00,6.675,11.021
2024-03-07 21:52:00,6.834,10.891
2024-03-07 21:53:00,,11.219
2024-03-07 21:54:00,6.689,11.071
2024-03-07 21:55:00,6.669,10.975
2024-03-07 21:56:00,6.681,11.44
2024-03-07 21:57:00,6.742,11.079
2024-03-07 21:58:00,6.855,10.894
2024-03-07 21:59:00,6.643,10.573
2024-03-07 22:00:00,6.698,11.138
2024-03-07 22:01:00,6.69,11.018
2024-03-07 22:02:00,6.805,10.933
2024-03-07 22:03:00,7.018,11.29
2024-03-07 22:04:00,,11.31
2024-03-07 22:05:00,6.748,11.191
2024-03-07 22:06:00,6.843,10.997
2024-03-07 22:07:00,7.006,10.995
2024-03-07 22:08:00,6.783,11.381
2024-03-07 22:09:00,6.795,10.995
2024-03-07 22:10:00,6.492,11.205
2024-03-07 22:11:00,6.983,10.959
2024-03-07 22:12:00,6.942,11.074
2024-03-07 22:13:00,6.661,10.816
2024-03-07 22:14:00,6.8,11.113
2024-03-07 22:15:00,6.776,11.023
2024-03-07 22:16:00,6.602,
2024-03-07 22:17:00,6.772,11.362
2024-03-07 22:18:00,6.597,10.99
2024-03-07 22:19:00,6.791,10.997
2024-03-07 22:20:00,6.705,10.857
2024-03-07 22:21:00,6.841,11.279
2024-03-07 22:22:00,6.713,11.468
2024-03-07 22:23:00,6.646,11.231
2024-03-07 22:24:00,6.559,11.089
2024-03-07 22:25:00,6.766,11.126
2024-03-07 22:26:00,6.578,11.45
2024-03-07 22:27:00,6.58,11.166
2024-03-07 22:28:00,6.946,11.3
2024-03-07 22:29:00,6.622,11.271
2024-03-07 22:30:00,6.812,11.216
2024-03-07 22:31:00,,11.096
2024-03-07 22:32:00,6.994,11.388
2024-03-07 22:33:00,6.683,11.391
2024-03-07 22:34:00,6.785,10.998
2024-03-07 22:35:00,6.498,11.149
2024-03-07 22:36:00,6.744,11.244
2024-03-07 22:37:00,6.887,11.303
2024-03-07 22:38:00,6.847,11.116
2024-03-07 22:39:00,6.903,11.132
2024-03-07 22:40:00,6.858,11.073
2024-03-07 22:41:00,6.778,11.024
2024-03-07 22:42:00,6.541,11.055
2024-03-07 22:43:00,6.872,11.231
2024-03-07 22:44:00,6.888,11.093
2024-03-07 22:45:00,6.776,11.331
2024-03-07 22:46:00,6.871,11.48
2024-03-07 22:47:00,6.691,11.004
2024-03-07 22:48:00,6.735,11.473
2024-03-07 22:49:00,6.69,11.778
2024-03-07 22:50:00,6.794,11.159
2024-03-07 22:51:00,6.904,10.845
2024-03-07 22:52:00,6.88,11.311
2024-03-07 22:53:00,6.676,11.087
2024-03-07 22:54:00,6.673,11.068
2024-03-07 22:55:00,6.836,11.16
2024-03-07 22:56:00,6.782,10.911
2024-03-07 22:57:00,6.986,11.029
2024-03-07 22:58:00,6.811,11.345
2024-03-07 22:59:00,6.495,11.304
2024-03-07 23:00:00,6.956,11.327
2024-03-07 23:01:00,6.817,11.441
2024-03-07 23:02:00,,11.421
2024-03-07 23:03:00,7.072,11.362
2024-03-07 23:04:00,6.925,11.021
2024-03-07 23:05:00,6.786,11.803
2024-03-07 23:06:00,6.915,11.767
2024-03-07 23:07:00,6.886,11.502
2024-03-07 23:08:00,6.703,11.679
2024-03-07 23:09:00,6.768,11.342
2024-03-07 23:10:00,6.857,11.438
2024-03-07 23:11:00,6.639,11.451
2024-03-07 23:12:00,6.97,11.354
2024-03-07 23:13:00,6.756,11.117
2024-03-07 23:14:00,6.966,11.293
2024-03-07 23:15:00,6.689,11.294
2024-03-07 23:16:00,6.806,11.657
2024-03-07 23:17:00,6.822,11.553
2024-03-07 23:18:00,7.011,11.497
2024-03-07 23:19:00,6.92,11.354
2024-03-07 23:20:00,7.026,11.74
2024-03-07 23:21:00,7.035,11.171
2024-03-07 23:22:00,6.867,11.375
2024-03-07 23:23:00,6.627,11.25
2024-03-07 23:24:00,6.837,11.827
2024-03-07 23:25:00,7.073,11.617
2024-03-07 23:26:00,6.683,11.475
2024-03-07 23:27:00,6.74,11.682
2024-03-07 23:28:00,6.946,11.552
2024-03-07 23:29:00,7.066,11.375
2024-03-07 23:30:00,6.788,11.669
2024-03-07 23:31:00,6.946,11.414
2024-03-07 23:32:00,7.256,11.499
2024-03-07 23:33:00,6.506,11.306
2024-03-07 23:34:00,6.829,11.65
2024-03-07 23:35:00,7.188,11.882
2024-03-07 23:36:00,7.087,11.305
2024-03-07 23:37:00,6.714,11.493
2024-03-07 23:38:00,,11.751
2024-03-07 23:39:00,7.016,11.916
2024-03-07 23:40:00,6.928,11.447
2024-03-07 23:41:00,7.138,11.603
2024-03-07 23:42:00,7.097,11.527
2024-03-07 23:43:00,6.946,11.636
2024-03-07 23:44:00,6.947,11.514
2024-03-07 23:45:00,6.807,11.575
2024-03-07 23:46:00,7.054,11.764
2024-03-07 23:47:00,7.027,11.883
2024-03-07 23:48:00,6.999,11.812
2024-03-07 23:49:00,6.927,11.481
2024-03-07 23:50:00,6.901,12.147
2024-03-07 23:51:00,6.648,11.698
2024-03-07 23:52:00,7.294,11.39
2024-03-07 23:53:00,7.014,11.702
2024-03-07 23:54:00,6.873,11.408
2024-03-07 23:55:00,6.848,11.636
2024-03-07 23:56:00,6.915,11.776
2024-03-07 23:57:00,6.974,11.712
2024-03-07 23:58:00,6.888,11.57
2024-03-07 23:59:00,6.816,11.21
