timestamp,pump1_flow_m3h,pump2_flow_m3h,pump3_flow_m3h
2024-03-01 00:00:00,36.01,37.71,38.51
2024-03-01 00:00:30,38.82,37.51,39.23
2024-03-01 00:01:00,38.28,38.19,38.31
2024-03-01 00:01:30,38.4,38.48,40.14
2024-03-01 00:02:00,42.32,38.13,38.8
2024-03-01 00:02:30,38.82,36.43,39.52
2024-03-01 00:03:00,39.17,37.41,39.12
2024-03-01 00:03:30,41.02,35.63,40.85
2024-03-01 00:04:00,40.18,38.54,38.82
2024-03-01 00:04:30,39.19,38.31,40.96
2024-03-01 00:05:00,40.67,37.07,39.25
2024-03-01 00:05:30,38.4,38.13,38.22
2024-03-01 00:06:00,40.33,37.97,40.45
2024-03-01 00:06:30,,37.88,40.43
2024-03-01 00:07:00,40.81,38.74,39.2
2024-03-01 00:07:30,39.2,38.65,41.67
2024-03-01 00:08:00,39.31,38.34,39.09
2024-03-01 00:08:30,40.38,36.19,39.67
2024-03-01 00:09:00,39.49,38.81,38.97
2024-03-01 00:09:30,40.0,38.63,40.09
2024-03-01 00:10:00,39.48,38.45,44.28
2024-03-01 00:10:30,38.55,39.69,40.88
2024-03-01 00:11:00,41.26,39.78,44.72
2024-03-01 00:11:30,40.2,37.2,40.39
2024-03-01 00:12:00,38.88,38.47,40.59
2024-03-01 00:12:30,40.35,37.53,39.44
2024-03-01 00:13:00,40.16,38.96,41.17
2024-03-01 00:13:30,39.2,38.11,39.37
2024-03-01 00:14:00,39.73,39.05,40.79
2024-03-01 00:14:30,38.7,38.2,37.96
2024-03-01 00:15:00,41.3,39.93,40.59
2024-03-01 00:15:30,39.24,38.54,38.04
2024-03-01 00:16:00,41.94,38.0,40.58
2024-03-01 00:16:30,39.35,38.5,40.41
2024-03-01 00:17:00,39.9,39.02,41.15
2024-03-01 00:17:30,38.06,36.38,42.06
2024-03-01 00:18:00,40.65,39.74,39.02
2024-03-01 00:18:30,40.11,39.01,39.37
2024-03-01 00:19:00,40.54,39.53,41.19
2024-03-01 00:19:30,39.16,39.06,40.75
2024-03-01 00:20:00,40.88,37.95,40.7
2024-03-01 00:20:30,40.55,37.16,42.74
2024-03-01 00:21:00,40.09,38.98,42.56
2024-03-01 00:21:30,40.41,40.68,42.34
2024-03-01 00:22:00,40.87,37.97,39.93
2024-03-01 00:22:30,41.0,41.19,43.13
2024-03-01 00:23:00,42.72,38.62,40.53
2024-03-01 00:23:30,41.82,39.29,41.34
2024-03-01 00:24:00,39.32,40.07,40.3
2024-03-01 00:24:30,40.15,37.58,41.77
2024-03-01 00:25:00,39.66,39.0,37.83
2024-03-01 00:25:30,39.91,39.39,41.37
2024-03-01 00:26:00,36.57,39.63,43.32
2024-03-01 00:26:30,40.83,38.44,41.69
2024-03-01 00:27:00,43.4,38.83,42.04
2024-03-01 00:27:30,,39.64,42.54
2024-03-01 00:28:00,39.42,39.5,41.02
2024-03-01 00:28:30,40.63,38.58,40.53
2024-03-01 00:29:00,41.33,40.52,43.55
2024-03-01 00:29:30,38.26,38.45,42.01
2024-03-01 00:30:00,39.66,38.46,40.63
2024-03-01 00:30:30,39.94,,40.26
2024-03-01 00:31:00,39.59,39.32,43.84
2024-03-01 00:31:30,40.05,39.83,
2024-03-01 00:32:00,41.31,39.78,42.0
2024-03-01 00:32:30,,39.56,41.91
2024-03-01 00:33:00,41.11,40.87,42.12
2024-03-01 00:33:30,41.2,39.56,41.16
2024-03-01 00:34:00,41.08,40.08,41.74
2024-03-01 00:34:30,40.75,40.76,41.25
2024-03-01 00:35:00,38.9,40.65,42.12
2024-03-01 00:35:30,39.23,39.56,41.38
2024-03-01 00:36:00,41.11,39.88,41.98
2024-03-01 00:36:30,41.55,40.44,
2024-03-01 00:37:00,41.61,39.63,43.83
2024-03-01 00:37:30,41.7,41.64,40.13
2024-03-01 00:38:00,40.35,39.35,40.81
2024-03-01 00:38:30,41.49,38.7,43.09
2024-03-01 00:39:00,39.1,40.92,41.75
2024-03-01 00:39:30,,39.88,
2024-03-01 00:40:00,41.84,42.24,40.37
2024-03-01 00:40:30,41.07,40.04,44.54
2024-03-01 00:41:00,40.34,41.4,42.31
2024-03-01 00:41:30,42.57,39.63,41.43
2024-03-01 00:42:00,41.22,40.32,40.74
2024-03-01 00:42:30,41.31,40.18,41.57
2024-03-01 00:43:00,42.42,40.18,40.79
2024-03-01 00:43:30,41.09,39.5,41.49
2024-03-01 00:44:00,42.74,39.8,44.76
2024-03-01 00:44:30,43.66,40.74,41.7
2024-03-01 00:45:00,40.77,40.93,40.89
2024-03-01 00:45:30,41.39,41.42,43.48
2024-03-01 00:46:00,41.78,41.8,44.46
2024-03-01 00:46:30,42.12,38.83,
2024-03-01 00:47:00,41.13,41.28,43.21
2024-03-01 00:47:30,41.34,40.73,42.86
2024-03-01 00:48:00,44.48,39.96,42.54
2024-03-01 00:48:30,42.44,40.13,42.82
2024-03-01 00:49:00,41.7,39.36,44.48
2024-03-01 00:49:30,42.25,41.57,43.22
2024-03-01 00:50:00,42.65,39.66,45.01
2024-03-01 00:50:30,41.09,38.82,
2024-03-01 00:51:00,39.68,,43.6
2024-03-01 00:51:30,42.07,40.11,43.26
2024-03-01 00:52:00,43.22,41.37,42.5
2024-03-01 00:52:30,40.95,40.23,44.74
2024-03-01 00:53:00,41.68,38.06,40.78
2024-03-01 00:53:30,40.49,41.28,41.99
2024-03-01 00:54:00,40.98,40.61,43.92
2024-03-01 00:54:30,41.15,41.16,40.43
2024-03-01 00:55:00,43.05,40.19,41.66
2024-03-01 00:55:30,42.67,40.88,41.62
2024-03-01 00:56:00,40.35,38.97,40.33
2024-03-01 00:56:30,43.91,41.83,43.44
2024-03-01 00:57:00,41.19,42.62,41.45
2024-03-01 00:57:30,38.68,41.84,43.41
2024-03-01 00:58:00,40.86,38.91,42.96
2024-03-01 00:58:30,43.38,40.37,42.6
2024-03-01 00:59:00,41.68,40.95,43.05
2024-03-01 00:59:30,43.48,40.6,42.38
2024-03-01 01:00:00,43.4,40.64,42.64
2024-03-01 01:00:30,42.6,40.94,43.88
2024-03-01 01:01:00,42.7,41.2,43.67
2024-03-01 01:01:30,42.21,41.08,43.11
2024-03-01 01:02:00,44.38,40.13,44.69
2024-03-01 01:02:30,41.09,40.46,42.63
2024-03-01 01:03:00,44.0,40.88,43.67
2024-03-01 01:03:30,43.43,40.54,44.8
2024-03-01 01:04:00,41.4,43.15,41.46
2024-03-01 01:04:30,42.01,41.13,44.56
2024-03-01 01:05:00,43.3,39.92,41.96
2024-03-01 01:05:30,,41.54,46.58
2024-03-01 01:06:00,41.58,41.94,43.93
2024-03-01 01:06:30,40.98,40.46,44.33
2024-03-01 01:07:00,42.33,39.95,43.06
2024-03-01 01:07:30,41.23,42.22,41.2
2024-03-01 01:08:00,40.92,43.08,43.29
2024-03-01 01:08:30,41.43,42.6,42.88
2024-03-01 01:09:00,40.8,41.52,46.49
2024-03-01 01:09:30,42.88,40.9,43.88
2024-03-01 01:10:00,40.42,41.7,42.42
2024-03-01 01:10:30,42.88,41.93,45.0
2024-03-01 01:11:00,41.49,41.79,44.6
2024-03-01 01:11:30,42.38,41.47,42.77
2024-03-01 01:12:00,43.38,41.3,
2024-03-01 01:12:30,43.32,40.06,40.72
2024-03-01 01:13:00,42.71,41.93,40.39
2024-03-01 01:13:30,41.83,42.99,43.71
2024-03-01 01:14:00,42.48,41.7,43.42
2024-03-01 01:14:30,44.57,42.24,42.96
2024-03-01 01:15:00,43.32,41.61,42.8
2024-03-01 01:15:30,41.65,41.2,41.38
2024-03-01 01:16:00,40.55,41.21,43.9
2024-03-01 01:16:30,42.59,42.88,43.91
2024-03-01 01:17:00,43.85,41.7,43.47
2024-03-01 01:17:30,44.59,41.18,44.76
2024-03-01 01:18:00,,41.66,43.71
2024-03-01 01:18:30,42.74,42.35,42.85
2024-03-01 01:19:00,44.81,42.42,44.51
2024-03-01 01:19:30,43.54,40.46,42.4
2024-03-01 01:20:00,42.72,41.96,47.58
2024-03-01 01:20:30,41.86,42.91,45.15
2024-03-01 01:21:00,45.87,42.44,43.06
2024-03-01 01:21:30,42.23,40.39,44.35
2024-03-01 01:22:00,43.86,41.21,47.68
2024-03-01 01:22:30,43.03,41.29,45.74
2024-03-01 01:23:00,42.82,43.37,44.96
2024-03-01 01:23:30,45.07,41.32,44.85
2024-03-01 01:24:00,42.46,42.38,45.17
2024-03-01 01:24:30,,40.27,43.33
2024-03-01 01:25:00,44.36,41.35,42.75
2024-03-01 01:25:30,42.86,41.11,44.46
2024-03-01 01:26:00,43.93,42.96,44.02
2024-03-01 01:26:30,41.93,41.44,44.64
2024-03-01 01:27:00,43.59,42.21,43.88
2024-03-01 01:27:30,45.71,40.72,44.32
2024-03-01 01:28:00,45.56,42.93,47.48
2024-03-01 01:28:30,42.44,41.41,47.39
2024-03-01 01:29:00,42.92,43.12,44.3
2024-03-01 01:29:30,43.24,42.06,42.44
2024-03-01 01:30:00,45.82,42.71,46.35
2024-03-01 01:30:30,43.83,44.85,45.34
2024-03-01 01:31:00,43.75,42.44,43.94
2024-03-01 01:31:30,42.3,41.47,46.17
2024-03-01 01:32:00,45.4,43.29,43.71
2024-03-01 01:32:30,44.45,42.95,45.34
2024-03-01 01:33:00,44.87,41.55,44.81
2024-03-01 01:33:30,45.54,42.62,42.39
2024-03-01 01:34:00,42.18,43.49,44.67
2024-03-01 01:34:30,43.6,42.92,45.96
2024-03-01 01:35:00,45.72,42.1,40.98
2024-03-01 01:35:30,44.23,41.08,44.27
2024-03-01 01:36:00,43.77,44.3,46.33
2024-03-01 01:36:30,43.46,42.31,44.52
2024-03-01 01:37:00,45.55,42.94,45.66
2024-03-01 01:37:30,42.52,43.36,47.02
2024-03-01 01:38:00,44.12,43.81,46.74
2024-03-01 01:38:30,44.59,43.26,46.56
2024-03-01 01:39:00,42.78,43.27,45.96
2024-03-01 01:39:30,46.09,42.16,43.16
2024-03-01 01:40:00,44.48,42.55,43.69
2024-03-01 01:40:30,45.21,43.34,47.22
2024-03-01 01:41:00,44.67,43.3,46.12
2024-03-01 01:41:30,44.11,44.19,47.7
2024-03-01 01:42:00,46.34,43.04,43.19
2024-03-01 01:42:30,45.17,42.64,46.12
2024-03-01 01:43:00,45.12,42.24,45.88
2024-03-01 01:43:30,43.73,43.33,46.03
2024-03-01 01:44:00,43.32,42.61,48.45
2024-03-01 01:44:30,43.9,42.85,43.0
2024-03-01 01:45:00,44.26,42.7,46.71
2024-03-01 01:45:30,46.84,42.93,
2024-03-01 01:46:00,44.44,43.21,45.62
2024-03-01 01:46:30,44.84,43.15,45.35
2024-03-01 01:47:00,44.69,42.61,44.61
2024-03-01 01:47:30,44.27,43.36,44.77
2024-03-01 01:48:00,44.91,43.69,46.34
2024-03-01 01:48:30,45.85,44.38,43.33
2024-03-01 01:49:00,45.92,41.47,44.77
2024-03-01 01:49:30,42.87,43.13,45.76
2024-03-01 01:50:00,44.87,43.45,46.65
2024-03-01 01:50:30,44.93,44.14,46.45
2024-03-01 01:51:00,45.51,44.25,43.99
2024-03-01 01:51:30,44.21,42.9,44.15
2024-03-01 01:52:00,44.99,42.98,45.44
2024-03-01 01:52:30,45.11,43.01,42.18
2024-03-01 01:53:00,46.53,44.67,46.64
2024-03-01 01:53:30,44.39,43.43,44.78
2024-03-01 01:54:00,44.15,42.31,45.13
2024-03-01 01:54:30,46.41,44.1,48.13
2024-03-01 01:55:00,46.68,43.03,45.54
2024-03-01 01:55:30,44.68,43.32,45.18
2024-03-01 01:56:00,44.13,41.74,43.5
2024-03-01 01:56:30,43.64,42.78,45.24
2024-03-01 01:57:00,48.47,44.57,44.6
2024-03-01 01:57:30,43.57,44.13,48.55
2024-03-01 01:58:00,47.28,45.36,48.34
2024-03-01 01:58:30,44.65,46.07,45.32
2024-03-01 01:59:00,45.27,46.18,45.26
2024-03-01 01:59:30,43.93,43.56,46.79
2024-03-01 02:00:00,46.32,42.64,45.62
2024-03-01 02:00:30,46.07,44.87,47.95
2024-03-01 02:01:00,45.94,44.43,46.0
2024-03-01 02:01:30,45.91,43.23,46.58
2024-03-01 02:02:00,44.91,42.8,48.63
2024-03-01 02:02:30,46.99,43.91,47.4
2024-03-01 02:03:00,45.18,46.31,45.38
2024-03-01 02:03:30,44.02,43.04,45.56
2024-03-01 02:04:00,46.7,44.56,46.54
2024-03-01 02:04:30,47.07,43.69,45.65
2024-03-01 02:05:00,43.97,43.89,46.13
2024-03-01 02:05:30,45.29,44.28,46.49
2024-03-01 02:06:00,44.02,43.88,49.43
2024-03-01 02:06:30,45.14,44.82,46.29
2024-03-01 02:07:00,45.82,42.38,45.84
2024-03-01 02:07:30,46.54,43.69,
2024-03-01 02:08:00,44.65,45.34,47.79
2024-03-01 02:08:30,47.47,45.37,46.77
2024-03-01 02:09:00,45.51,43.07,46.68
2024-03-01 02:09:30,44.18,44.11,47.49
2024-03-01 02:10:00,44.73,46.36,44.32
2024-03-01 02:10:30,43.68,44.32,44.55
2024-03-01 02:11:00,,44.0,46.62
2024-03-01 02:11:30,43.42,44.19,46.01
2024-03-01 02:12:00,45.33,44.03,48.49
2024-03-01 02:12:30,47.26,44.95,47.95
2024-03-01 02:13:00,44.81,43.32,46.76
2024-03-01 02:13:30,44.63,44.79,47.08
2024-03-01 02:14:00,45.66,45.36,47.02
2024-03-01 02:14:30,45.79,46.42,49.91
2024-03-01 02:15:00,45.86,45.09,46.29
2024-03-01 02:15:30,46.89,45.61,46.81
2024-03-01 02:16:00,43.81,43.77,49.09
2024-03-01 02:16:30,45.97,44.56,46.89
2024-03-01 02:17:00,45.58,45.99,45.25
2024-03-01 02:17:30,47.77,45.92,45.99
2024-03-01 02:18:00,46.09,43.06,46.43
2024-03-01 02:18:30,45.05,43.29,47.34
2024-03-01 02:19:00,47.58,47.27,47.37
2024-03-01 02:19:30,44.91,,46.18
2024-03-01 02:20:00,47.58,44.7,47.61
2024-03-01 02:20:30,45.35,45.29,47.21
2024-03-01 02:21:00,46.0,45.29,47.87
2024-03-01 02:21:30,47.09,47.09,47.36
2024-03-01 02:22:00,46.4,43.17,48.26
2024-03-01 02:22:30,46.86,44.46,48.11
2024-03-01 02:23:00,48.11,43.24,
2024-03-01 02:23:30,47.17,45.37,46.8
2024-03-01 02:24:00,47.67,46.18,48.84
2024-03-01 02:24:30,45.15,45.83,46.43
2024-03-01 02:25:00,45.15,45.55,46.81
2024-03-01 02:25:30,47.22,44.86,49.12
2024-03-01 02:26:00,49.34,44.52,47.8
2024-03-01 02:26:30,47.17,45.91,47.15
2024-03-01 02:27:00,47.22,45.66,46.48
2024-03-01 02:27:30,47.27,44.82,48.26
2024-03-01 02:28:00,46.91,45.86,45.37
2024-03-01 02:28:30,46.07,,48.08
2024-03-01 02:29:00,46.43,45.82,46.62
2024-03-01 02:29:30,45.61,43.5,48.26
2024-03-01 02:30:00,47.18,45.15,46.7
2024-03-01 02:30:30,46.43,45.27,47.37
2024-03-01 02:31:00,45.86,44.58,48.37
2024-03-01 02:31:30,47.37,46.04,45.52
2024-03-01 02:32:00,47.13,43.75,50.66
2024-03-01 02:32:30,48.24,45.4,48.72
2024-03-01 02:33:00,45.22,46.1,48.16
2024-03-01 02:33:30,47.36,48.11,46.38
2024-03-01 02:34:00,50.36,46.41,44.66
2024-03-01 02:34:30,45.7,44.83,48.48
2024-03-01 02:35:00,47.29,46.57,
2024-03-01 02:35:30,48.81,45.4,47.17
2024-03-01 02:36:00,46.32,46.07,47.88
2024-03-01 02:36:30,46.59,45.83,45.95
2024-03-01 02:37:00,48.67,46.44,48.29
2024-03-01 02:37:30,46.02,45.61,47.8
2024-03-01 02:38:00,48.45,45.1,49.95
2024-03-01 02:38:30,47.46,45.59,47.39
2024-03-01 02:39:00,45.1,45.55,49.53
2024-03-01 02:39:30,47.37,44.66,47.94
2024-03-01 02:40:00,48.98,45.92,45.89
2024-03-01 02:40:30,47.86,45.13,49.82
2024-03-01 02:41:00,47.38,46.72,48.53
2024-03-01 02:41:30,46.32,44.68,47.32
2024-03-01 02:42:00,47.75,46.16,46.35
2024-03-01 02:42:30,47.85,46.78,50.13
2024-03-01 02:43:00,46.63,45.72,48.97
2024-03-01 02:43:30,46.09,44.99,49.66
2024-03-01 02:44:00,48.05,46.06,48.0
2024-03-01 02:44:30,48.05,47.21,50.17
2024-03-01 02:45:00,47.74,45.78,46.28
2024-03-01 02:45:30,48.39,46.26,47.61
2024-03-01 02:46:00,45.84,47.92,47.69
2024-03-01 02:46:30,49.01,47.44,51.81
2024-03-01 02:47:00,45.5,47.0,50.19
2024-03-01 02:47:30,47.41,45.76,48.05
2024-03-01 02:48:00,49.07,46.7,46.35
2024-03-01 02:48:30,46.92,44.77,46.06
2024-03-01 02:49:00,49.24,45.87,49.54
2024-03-01 02:49:30,50.43,45.78,47.95
2024-03-01 02:50:00,48.2,46.46,48.39
2024-03-01 02:50:30,47.01,45.58,50.91
2024-03-01 02:51:00,45.14,46.94,47.58
2024-03-01 02:51:30,45.74,45.97,48.86
2024-03-01 02:52:00,46.4,48.07,49.56
2024-03-01 02:52:30,47.19,46.31,48.5
2024-03-01 02:53:00,48.06,47.36,49.71
2024-03-01 02:53:30,48.04,45.45,47.55
2024-03-01 02:54:00,47.92,47.07,51.81
2024-03-01 02:54:30,47.46,45.07,
2024-03-01 02:55:00,47.88,47.19,48.71
2024-03-01 02:55:30,50.3,45.73,50.71
2024-03-01 02:56:00,47.36,47.15,47.84
2024-03-01 02:56:30,48.57,47.24,52.14
2024-03-01 02:57:00,49.25,47.92,49.08
2024-03-01 02:57:30,47.75,48.19,47.66
2024-03-01 02:58:00,47.35,47.01,50.48
2024-03-01 02:58:30,47.8,47.48,49.16
2024-03-01 02:59:00,49.6,46.0,49.49
2024-03-01 02:59:30,48.45,47.29,51.31
2024-03-01 03:00:00,49.25,48.41,48.75
2024-03-01 03:00:30,47.77,47.65,50.57
2024-03-01 03:01:00,45.81,47.2,47.65
2024-03-01 03:01:30,48.14,47.5,49.47
2024-03-01 03:02:00,48.29,46.98,48.99
2024-03-01 03:02:30,46.39,46.99,47.27
2024-03-01 03:03:00,47.5,45.6,48.7
2024-03-01 03:03:30,48.35,46.99,48.21
2024-03-01 03:04:00,50.31,45.73,52.44
2024-03-01 03:04:30,48.96,47.73,49.45
2024-03-01 03:05:00,51.53,47.84,49.18
2024-03-01 03:05:30,50.02,49.05,53.34
2024-03-01 03:06:00,49.61,46.85,50.37
2024-03-01 03:06:30,51.56,47.29,48.44
2024-03-01 03:07:00,47.95,49.27,51.32
2024-03-01 03:07:30,50.64,46.62,49.43
2024-03-01 03:08:00,51.25,45.91,49.47
2024-03-01 03:08:30,48.21,,49.76
2024-03-01 03:09:00,49.11,46.27,50.13
2024-03-01 03:09:30,48.43,46.86,49.37
2024-03-01 03:10:00,49.41,48.75,48.49
2024-03-01 03:10:30,49.75,46.4,50.05
2024-03-01 03:11:00,,48.77,49.65
2024-03-01 03:11:30,49.38,47.73,47.79
2024-03-01 03:12:00,48.03,45.15,50.64
2024-03-01 03:12:30,48.44,47.63,49.69
2024-03-01 03:13:00,50.23,45.79,49.1
2024-03-01 03:13:30,48.39,48.06,52.67
2024-03-01 03:14:00,51.05,48.74,46.09
2024-03-01 03:14:30,47.8,47.64,50.79
2024-03-01 03:15:00,50.18,47.9,
2024-03-01 03:15:30,50.14,46.66,47.99
2024-03-01 03:16:00,49.88,48.23,50.68
2024-03-01 03:16:30,49.41,48.66,50.91
2024-03-01 03:17:00,45.57,46.54,51.74
2024-03-01 03:17:30,50.13,48.19,51.74
2024-03-01 03:18:00,49.17,49.6,50.69
2024-03-01 03:18:30,47.31,46.47,50.28
2024-03-01 03:19:00,48.7,48.44,50.89
2024-03-01 03:19:30,50.14,48.41,50.63
2024-03-01 03:20:00,48.48,49.5,49.77
2024-03-01 03:20:30,48.97,47.48,48.63
2024-03-01 03:21:00,49.7,46.4,50.11
2024-03-01 03:21:30,49.52,48.04,53.03
2024-03-01 03:22:00,48.53,49.05,51.28
2024-03-01 03:22:30,49.68,48.35,52.06
2024-03-01 03:23:00,50.4,47.11,49.92
2024-03-01 03:23:30,52.26,47.56,50.86
2024-03-01 03:24:00,49.37,47.29,52.6
2024-03-01 03:24:30,47.81,48.85,50.95
2024-03-01 03:25:00,50.96,47.26,52.95
2024-03-01 03:25:30,49.84,48.28,49.9
2024-03-01 03:26:00,49.87,48.12,50.47
2024-03-01 03:26:30,49.69,46.84,50.02
2024-03-01 03:27:00,50.19,49.53,51.92
2024-03-01 03:27:30,50.7,48.91,54.01
2024-03-01 03:28:00,50.14,46.12,51.14
2024-03-01 03:28:30,50.33,49.81,51.79
2024-03-01 03:29:00,50.13,49.5,50.89
2024-03-01 03:29:30,48.22,46.82,47.05
2024-03-01 03:30:00,50.12,48.94,50.96
2024-03-01 03:30:30,46.33,48.07,50.99
2024-03-01 03:31:00,49.35,48.73,49.95
2024-03-01 03:31:30,48.88,50.25,49.97
2024-03-01 03:32:00,48.77,46.86,48.75
2024-03-01 03:32:30,50.21,50.33,49.24
2024-03-01 03:33:00,50.66,46.87,49.82
2024-03-01 03:33:30,51.51,47.29,51.08
2024-03-01 03:34:00,47.97,48.27,51.44
2024-03-01 03:34:30,51.97,49.55,
2024-03-01 03:35:00,50.01,51.04,51.14
2024-03-01 03:35:30,50.07,47.61,50.05
2024-03-01 03:36:00,51.28,48.32,48.09
2024-03-01 03:36:30,50.3,49.52,51.33
2024-03-01 03:37:00,48.59,48.16,46.9
2024-03-01 03:37:30,50.27,48.35,50.52
2024-03-01 03:38:00,49.03,49.88,54.13
2024-03-01 03:38:30,50.12,46.57,52.22
2024-03-01 03:39:00,51.52,48.41,51.94
2024-03-01 03:39:30,50.0,49.21,52.08
2024-03-01 03:40:00,50.21,47.98,48.2
2024-03-01 03:40:30,49.63,48.13,51.04
2024-03-01 03:41:00,51.24,48.05,51.73
2024-03-01 03:41:30,50.89,47.15,50.52
2024-03-01 03:42:00,47.59,46.78,51.58
2024-03-01 03:42:30,50.63,50.72,50.76
2024-03-01 03:43:00,50.17,49.09,51.45
2024-03-01 03:43:30,51.57,48.27,50.81
2024-03-01 03:44:00,48.47,48.51,50.91
2024-03-01 03:44:30,53.15,48.18,52.24
2024-03-01 03:45:00,52.72,50.83,53.63
2024-03-01 03:45:30,52.6,49.35,53.5
2024-03-01 03:46:00,48.56,47.58,51.06
2024-03-01 03:46:30,49.97,49.22,52.75
2024-03-01 03:47:00,49.68,49.74,51.1
2024-03-01 03:47:30,51.32,48.3,52.52
2024-03-01 03:48:00,50.88,48.18,52.07
2024-03-01 03:48:30,50.77,49.53,50.74
2024-03-01 03:49:00,50.34,48.3,50.01
2024-03-01 03:49:30,52.01,47.7,53.38
2024-03-01 03:50:00,51.38,49.22,52.65
2024-03-01 03:50:30,50.12,,53.15
2024-03-01 03:51:00,52.18,49.65,52.01
2024-03-01 03:51:30,50.66,51.35,50.45
2024-03-01 03:52:00,51.23,48.84,53.1
2024-03-01 03:52:30,52.7,48.98,51.0
2024-03-01 03:53:00,51.01,49.77,52.03
2024-03-01 03:53:30,51.63,49.7,50.5
2024-03-01 03:54:00,50.16,48.46,
2024-03-01 03:54:30,53.61,48.32,52.95
2024-03-01 03:55:00,50.47,48.58,53.22
2024-03-01 03:55:30,53.03,49.0,51.0
2024-03-01 03:56:00,51.5,48.56,50.9
2024-03-01 03:56:30,51.78,51.13,49.54
2024-03-01 03:57:00,49.59,49.71,52.25
2024-03-01 03:57:30,50.24,49.71,48.23
2024-03-01 03:58:00,50.77,49.37,51.77
2024-03-01 03:58:30,53.68,50.27,50.23
2024-03-01 03:59:00,51.04,51.09,55.41
2024-03-01 03:59:30,50.0,50.74,52.59
2024-03-01 04:00:00,48.62,51.05,51.13
2024-03-01 04:00:30,51.89,47.94,52.89
2024-03-01 04:01:00,50.08,48.73,51.77
2024-03-01 04:01:30,51.38,49.83,50.42
2024-03-01 04:02:00,51.62,49.39,52.53
2024-03-01 04:02:30,50.9,47.85,53.96
2024-03-01 04:03:00,51.64,50.21,52.5
2024-03-01 04:03:30,54.08,49.05,53.48
2024-03-01 04:04:00,48.47,49.52,52.67
2024-03-01 04:04:30,52.32,51.26,51.74
2024-03-01 04:05:00,50.97,50.21,49.72
2024-03-01 04:05:30,52.08,51.06,55.42
2024-03-01 04:06:00,51.96,49.85,52.08
2024-03-01 04:06:30,51.09,49.82,53.4
2024-03-01 04:07:00,52.23,48.08,54.09
2024-03-01 04:07:30,54.71,50.44,52.38
2024-03-01 04:08:00,53.25,49.64,53.41
2024-03-01 04:08:30,49.49,49.66,51.36
2024-03-01 04:09:00,50.09,47.26,49.2
2024-03-01 04:09:30,50.87,,54.41
2024-03-01 04:10:00,50.77,49.4,54.25
2024-03-01 04:10:30,52.53,48.51,52.14
2024-03-01 04:11:00,51.0,49.83,54.92
2024-03-01 04:11:30,53.06,48.42,53.51
2024-03-01 04:12:00,53.77,52.21,52.14
2024-03-01 04:12:30,50.89,48.65,50.82
2024-03-01 04:13:00,52.39,49.84,54.39
2024-03-01 04:13:30,50.58,50.2,53.05
2024-03-01 04:14:00,51.6,50.79,53.67
2024-03-01 04:14:30,51.72,49.65,
2024-03-01 04:15:00,51.97,49.3,53.9
2024-03-01 04:15:30,51.95,48.95,50.51
2024-03-01 04:16:00,50.83,50.27,52.14
2024-03-01 04:16:30,50.8,51.17,51.39
2024-03-01 04:17:00,50.45,50.16,51.18
2024-03-01 04:17:30,51.81,50.56,52.8
2024-03-01 04:18:00,53.02,50.69,53.73
2024-03-01 04:18:30,50.49,51.38,56.06
2024-03-01 04:19:00,51.67,49.78,56.26
2024-03-01 04:19:30,51.3,50.89,51.76
2024-03-01 04:20:00,51.82,,53.73
2024-03-01 04:20:30,51.4,50.09,53.8
2024-03-01 04:21:00,53.84,49.09,53.09
2024-03-01 04:21:30,53.36,51.4,52.19
2024-03-01 04:22:00,52.33,49.59,51.99
2024-03-01 04:22:30,51.32,49.74,55.89
2024-03-01 04:23:00,55.03,50.59,51.55
2024-03-01 04:23:30,53.07,51.67,54.37
2024-03-01 04:24:00,50.66,51.2,54.0
2024-03-01 04:24:30,53.52,50.33,54.42
2024-03-01 04:25:00,52.21,50.55,54.01
2024-03-01 04:25:30,50.44,51.21,54.99
2024-03-01 04:26:00,52.4,49.2,53.08
2024-03-01 04:26:30,51.37,51.27,52.09
2024-03-01 04:27:00,54.78,49.64,52.42
2024-03-01 04:27:30,53.21,49.62,53.04
2024-03-01 04:28:00,54.04,50.76,53.46
2024-03-01 04:28:30,53.33,51.17,50.27
2024-03-01 04:29:00,53.69,50.76,54.21
2024-03-01 04:29:30,51.81,49.74,53.13
2024-03-01 04:30:00,52.6,51.38,52.86
2024-03-01 04:30:30,53.3,51.87,55.74
2024-03-01 04:31:00,55.39,51.11,54.05
2024-03-01 04:31:30,53.93,52.09,
2024-03-01 04:32:00,53.42,51.23,53.66
2024-03-01 04:32:30,50.73,52.18,
2024-03-01 04:33:00,53.62,49.48,52.86
2024-03-01 04:33:30,50.22,52.54,53.08
2024-03-01 04:34:00,53.86,52.41,54.01
2024-03-01 04:34:30,53.06,51.46,53.26
2024-03-01 04:35:00,49.33,51.94,50.27
2024-03-01 04:35:30,53.09,50.76,54.21
2024-03-01 04:36:00,52.78,50.54,52.67
2024-03-01 04:36:30,50.99,52.02,54.86
2024-03-01 04:37:00,51.62,51.98,52.57
2024-03-01 04:37:30,53.92,49.6,54.51
2024-03-01 04:38:00,53.4,51.76,53.45
2024-03-01 04:38:30,51.98,51.69,52.92
2024-03-01 04:39:00,53.72,51.16,52.64
2024-03-01 04:39:30,53.94,50.01,53.62
2024-03-01 04:40:00,51.91,50.64,53.08
2024-03-01 04:40:30,51.89,49.82,53.64
2024-03-01 04:41:00,50.83,52.46,53.9
2024-03-01 04:41:30,52.78,50.76,52.44
2024-03-01 04:42:00,51.67,50.69,55.56
2024-03-01 04:42:30,52.09,,53.22
2024-03-01 04:43:00,53.67,51.82,52.22
2024-03-01 04:43:30,52.35,50.26,54.18
2024-03-01 04:44:00,52.63,51.84,55.83
2024-03-01 04:44:30,55.14,52.33,
2024-03-01 04:45:00,53.57,51.93,55.33
2024-03-01 04:45:30,53.16,51.28,54.64
2024-03-01 04:46:00,52.17,51.29,53.5
2024-03-01 04:46:30,54.28,51.94,54.88
2024-03-01 04:47:00,52.79,52.31,57.84
2024-03-01 04:47:30,53.54,51.45,52.33
2024-03-01 04:48:00,51.91,52.33,54.83
2024-03-01 04:48:30,52.45,51.44,53.07
2024-03-01 04:49:00,53.62,50.09,51.75
2024-03-01 04:49:30,52.13,52.69,52.95
2024-03-01 04:50:00,54.33,51.84,
2024-03-01 04:50:30,52.28,52.42,53.41
2024-03-01 04:51:00,54.61,51.91,55.42
2024-03-01 04:51:30,54.05,49.83,54.67
2024-03-01 04:52:00,52.39,51.75,52.16
2024-03-01 04:52:30,54.32,51.8,51.27
2024-03-01 04:53:00,53.72,53.1,55.15
2024-03-01 04:53:30,54.61,51.06,53.93
2024-03-01 04:54:00,53.18,51.79,54.27
2024-03-01 04:54:30,55.45,52.24,51.94
2024-03-01 04:55:00,52.26,50.91,52.28
2024-03-01 04:55:30,52.15,51.69,53.87
2024-03-01 04:56:00,52.5,52.45,55.69
2024-03-01 04:56:30,52.2,51.77,54.74
2024-03-01 04:57:00,52.58,51.05,54.69
2024-03-01 04:57:30,53.78,51.47,54.06
2024-03-01 04:58:00,53.19,52.83,55.42
2024-03-01 04:58:30,54.26,53.06,54.15
2024-03-01 04:59:00,53.51,51.85,52.56
2024-03-01 04:59:30,51.97,52.05,54.46
2024-03-01 05:00:00,54.56,50.89,56.42
2024-03-01 05:00:30,53.1,52.86,52.66
2024-03-01 05:01:00,51.77,52.52,57.58
2024-03-01 05:01:30,54.83,51.97,53.6
2024-03-01 05:02:00,54.23,50.14,57.2
2024-03-01 05:02:30,52.79,53.32,53.51
2024-03-01 05:03:00,52.5,55.66,52.46
2024-03-01 05:03:30,52.92,50.86,57.08
2024-03-01 05:04:00,51.65,51.27,55.76
2024-03-01 05:04:30,53.42,53.02,53.52
2024-03-01 05:05:00,55.55,51.4,54.99
2024-03-01 05:05:30,52.74,51.86,55.39
2024-03-01 05:06:00,53.56,52.64,55.19
2024-03-01 05:06:30,51.73,51.09,56.2
2024-03-01 05:07:00,52.97,51.11,56.14
2024-03-01 05:07:30,55.57,52.74,53.04
2024-03-01 05:08:00,55.13,51.93,55.92
2024-03-01 05:08:30,55.47,51.11,52.74
2024-03-01 05:09:00,52.48,52.23,52.94
2024-03-01 05:09:30,53.92,52.14,55.11
2024-03-01 05:10:00,55.13,53.92,57.66
2024-03-01 05:10:30,56.4,52.19,55.34
2024-03-01 05:11:00,53.69,53.43,50.89
2024-03-01 05:11:30,54.15,52.05,55.91
2024-03-01 05:12:00,53.09,53.87,56.12
2024-03-01 05:12:30,55.31,51.43,56.08
2024-03-01 05:13:00,53.83,53.35,54.6
2024-03-01 05:13:30,54.23,52.95,58.46
2024-03-01 05:14:00,54.23,52.87,54.34
2024-03-01 05:14:30,55.06,,54.79
2024-03-01 05:15:00,54.22,51.43,54.74
2024-03-01 05:15:30,54.63,52.12,55.09
2024-03-01 05:16:00,56.61,51.26,53.9
2024-03-01 05:16:30,52.55,53.06,53.95
2024-03-01 05:17:00,55.6,51.66,55.08
2024-03-01 05:17:30,54.98,54.15,55.08
2024-03-01 05:18:00,56.21,53.24,56.22
2024-03-01 05:18:30,55.74,52.22,58.34
2024-03-01 05:19:00,53.96,51.41,55.1
2024-03-01 05:19:30,54.0,53.35,55.23
2024-03-01 05:20:00,53.73,54.56,
2024-03-01 05:20:30,54.33,53.64,56.36
2024-03-01 05:21:00,54.39,51.97,57.31
2024-03-01 05:21:30,57.87,52.36,51.91
2024-03-01 05:22:00,54.25,53.01,56.31
2024-03-01 05:22:30,54.65,51.92,54.09
2024-03-01 05:23:00,54.89,53.56,55.61
2024-03-01 05:23:30,54.73,,57.12
2024-03-01 05:24:00,53.96,51.79,56.25
2024-03-01 05:24:30,52.24,55.03,55.19
2024-03-01 05:25:00,53.98,52.38,56.02
2024-03-01 05:25:30,54.37,52.22,55.75
2024-03-01 05:26:00,55.19,52.14,57.35
2024-03-01 05:26:30,55.58,52.08,56.49
2024-03-01 05:27:00,53.69,53.46,55.51
2024-03-01 05:27:30,55.03,54.34,53.75
2024-03-01 05:28:00,53.99,52.31,55.73
2024-03-01 05:28:30,55.34,52.12,55.78
2024-03-01 05:29:00,54.16,52.91,54.64
2024-03-01 05:29:30,55.41,53.27,54.93
2024-03-01 05:30:00,55.64,53.5,56.68
2024-03-01 05:30:30,56.14,,57.85
2024-03-01 05:31:00,54.57,53.79,55.36
2024-03-01 05:31:30,54.06,53.65,59.0
2024-03-01 05:32:00,54.36,53.63,53.74
2024-03-01 05:32:30,52.66,53.58,55.88
2024-03-01 05:33:00,57.6,53.32,57.04
2024-03-01 05:33:30,54.26,53.93,56.81
2024-03-01 05:34:00,54.57,52.86,57.26
2024-03-01 05:34:30,53.16,54.06,56.88
2024-03-01 05:35:00,55.32,53.48,59.07
2024-03-01 05:35:30,53.27,53.31,56.21
2024-03-01 05:36:00,53.46,53.49,55.44
2024-03-01 05:36:30,57.55,52.1,54.91
2024-03-01 05:37:00,53.52,53.28,55.43
2024-03-01 05:37:30,53.28,53.98,56.72
2024-03-01 05:38:00,53.61,52.78,56.26
2024-03-01 05:38:30,56.14,53.13,53.92
2024-03-01 05:39:00,51.98,54.7,55.32
2024-03-01 05:39:30,54.22,51.85,54.6
2024-03-01 05:40:00,54.53,53.34,55.53
2024-03-01 05:40:30,55.11,52.02,54.89
2024-03-01 05:41:00,54.79,54.08,55.53
2024-03-01 05:41:30,55.84,54.21,58.76
2024-03-01 05:42:00,54.84,54.38,54.04
2024-03-01 05:42:30,55.31,54.48,56.28
2024-03-01 05:43:00,56.39,50.79,54.81
2024-03-01 05:43:30,56.94,51.73,56.32
2024-03-01 05:44:00,52.59,52.51,57.82
2024-03-01 05:44:30,56.38,53.15,56.49
2024-03-01 05:45:00,56.86,52.47,55.74
2024-03-01 05:45:30,54.85,53.01,55.98
2024-03-01 05:46:00,55.23,55.32,57.02
2024-03-01 05:46:30,54.32,53.38,55.94
2024-03-01 05:47:00,56.64,53.24,55.9
2024-03-01 05:47:30,58.07,53.01,56.86
2024-03-01 05:48:00,55.19,54.88,56.73
2024-03-01 05:48:30,56.37,53.82,57.03
2024-03-01 05:49:00,55.97,54.22,56.91
2024-03-01 05:49:30,56.26,52.83,57.53
2024-03-01 05:50:00,54.49,52.64,56.4
2024-03-01 05:50:30,57.34,54.11,57.38
2024-03-01 05:51:00,56.08,55.4,56.15
2024-03-01 05:51:30,55.0,53.81,54.75
2024-03-01 05:52:00,57.6,52.4,57.14
2024-03-01 05:52:30,53.82,52.51,58.37
2024-03-01 05:53:00,55.79,53.07,56.05
2024-03-01 05:53:30,55.94,51.46,57.49
2024-03-01 05:54:00,56.12,56.6,56.35
2024-03-01 05:54:30,55.23,51.72,54.41
2024-03-01 05:55:00,55.13,52.9,56.13
2024-03-01 05:55:30,55.14,54.73,56.5
2024-03-01 05:56:00,56.67,53.12,56.94
2024-03-01 05:56:30,52.9,55.49,57.03
2024-03-01 05:57:00,57.07,54.31,55.92
2024-03-01 05:57:30,55.47,53.34,58.36
2024-03-01 05:58:00,55.21,53.42,58.23
2024-03-01 05:58:30,55.9,55.38,56.73
2024-03-01 05:59:00,56.58,54.47,54.47
2024-03-01 05:59:30,55.22,,55.37
2024-03-01 06:00:00,56.36,52.66,57.51
2024-03-01 06:00:30,,54.15,58.28
2024-03-01 06:01:00,54.28,55.42,57.35
2024-03-01 06:01:30,53.79,52.15,57.09
2024-03-01 06:02:00,56.12,53.15,57.26
2024-03-01 06:02:30,55.8,52.64,55.85
2024-03-01 06:03:00,53.85,54.17,57.69
2024-03-01 06:03:30,55.94,51.28,55.7
2024-03-01 06:04:00,58.36,54.69,57.28
2024-03-01 06:04:30,57.15,54.74,57.16
2024-03-01 06:05:00,55.96,52.81,55.53
2024-03-01 06:05:30,55.86,53.37,55.09
2024-03-01 06:06:00,54.32,53.18,58.55
2024-03-01 06:06:30,55.47,53.77,55.98
2024-03-01 06:07:00,54.23,54.62,56.85
2024-03-01 06:07:30,54.29,52.33,56.11
2024-03-01 06:08:00,57.6,55.82,58.43
2024-03-01 06:08:30,54.24,53.98,56.84
2024-03-01 06:09:00,56.84,53.39,56.18
2024-03-01 06:09:30,54.45,53.73,55.42
2024-03-01 06:10:00,55.06,53.33,56.07
2024-03-01 06:10:30,56.6,54.56,57.15
2024-03-01 06:11:00,53.94,56.23,
2024-03-01 06:11:30,55.3,54.45,56.28
2024-03-01 06:12:00,55.38,54.45,55.34
2024-03-01 06:12:30,56.53,52.45,56.19
2024-03-01 06:13:00,55.14,53.06,58.73
2024-03-01 06:13:30,55.08,54.66,56.76
2024-03-01 06:14:00,56.02,53.03,59.89
2024-03-01 06:14:30,57.4,55.66,57.85
2024-03-01 06:15:00,54.99,55.32,56.61
2024-03-01 06:15:30,56.38,55.34,54.48
2024-03-01 06:16:00,56.3,53.09,55.9
2024-03-01 06:16:30,55.12,54.04,57.18
2024-03-01 06:17:00,54.94,53.21,53.97
2024-03-01 06:17:30,56.35,55.03,57.4
2024-03-01 06:18:00,54.67,54.11,58.32
2024-03-01 06:18:30,55.44,53.51,56.92
2024-03-01 06:19:00,56.51,55.48,57.52
2024-03-01 06:19:30,55.77,55.02,57.27
2024-03-01 06:20:00,56.68,56.03,55.07
2024-03-01 06:20:30,56.34,52.85,59.29
2024-03-01 06:21:00,57.06,53.46,57.79
2024-03-01 06:21:30,55.26,53.89,58.08
2024-03-01 06:22:00,57.64,53.5,57.85
2024-03-01 06:22:30,56.87,54.16,55.14
2024-03-01 06:23:00,56.34,55.06,
2024-03-01 06:23:30,57.76,54.78,57.46
2024-03-01 06:24:00,54.68,53.85,58.24
2024-03-01 06:24:30,55.17,53.83,57.0
2024-03-01 06:25:00,54.49,55.84,56.77
2024-03-01 06:25:30,55.35,54.64,59.15
2024-03-01 06:26:00,56.0,54.32,54.48
2024-03-01 06:26:30,55.16,55.66,58.96
2024-03-01 06:27:00,56.22,54.11,58.82
2024-03-01 06:27:30,56.63,54.04,59.46
2024-03-01 06:28:00,53.83,55.04,57.69
2024-03-01 06:28:30,57.19,55.09,57.23
2024-03-01 06:29:00,55.83,55.21,
2024-03-01 06:29:30,55.76,54.95,55.37
2024-03-01 06:30:00,58.08,54.82,58.24
2024-03-01 06:30:30,55.17,54.35,55.85
2024-03-01 06:31:00,56.57,56.19,58.14
2024-03-01 06:31:30,55.41,56.48,60.3
2024-03-01 06:32:00,57.03,52.3,58.96
2024-03-01 06:32:30,55.2,53.5,56.62
2024-03-01 06:33:00,56.99,54.92,58.34
2024-03-01 06:33:30,57.32,,56.24
2024-03-01 06:34:00,55.64,53.8,57.28
2024-03-01 06:34:30,57.61,55.2,58.19
2024-03-01 06:35:00,57.36,52.85,55.96
2024-03-01 06:35:30,55.62,55.07,57.06
2024-03-01 06:36:00,57.62,53.96,56.29
2024-03-01 06:36:30,57.29,53.5,55.94
2024-03-01 06:37:00,58.18,54.56,55.88
2024-03-01 06:37:30,56.84,54.15,
2024-03-01 06:38:00,55.25,53.75,59.75
2024-03-01 06:38:30,55.22,54.46,58.42
2024-03-01 06:39:00,57.24,57.27,
2024-03-01 06:39:30,56.39,54.86,57.76
2024-03-01 06:40:00,55.56,54.32,59.05
2024-03-01 06:40:30,55.12,54.43,57.86
2024-03-01 06:41:00,57.78,54.73,58.0
2024-03-01 06:41:30,57.93,54.1,56.0
2024-03-01 06:42:00,58.09,55.58,59.11
2024-03-01 06:42:30,58.95,55.88,56.75
2024-03-01 06:43:00,57.7,55.01,60.15
2024-03-01 06:43:30,56.12,55.39,56.67
2024-03-01 06:44:00,58.51,56.09,56.4
2024-03-01 06:44:30,56.8,55.36,57.7
2024-03-01 06:45:00,57.14,54.19,56.92
2024-03-01 06:45:30,56.35,54.53,57.19
2024-03-01 06:46:00,57.14,55.58,59.53
2024-03-01 06:46:30,57.38,55.32,58.83
2024-03-01 06:47:00,56.64,54.9,59.29
2024-03-01 06:47:30,54.42,54.92,56.68
2024-03-01 06:48:00,56.02,52.45,56.91
2024-03-01 06:48:30,57.8,53.63,57.71
2024-03-01 06:49:00,55.29,55.26,57.52
2024-03-01 06:49:30,57.23,56.3,57.78
2024-03-01 06:50:00,55.47,54.19,58.39
2024-03-01 06:50:30,58.38,56.18,55.34
2024-03-01 06:51:00,53.22,54.84,58.43
2024-03-01 06:51:30,57.31,54.79,58.97
2024-03-01 06:52:00,57.84,54.87,57.7
2024-03-01 06:52:30,56.7,53.78,56.78
2024-03-01 06:53:00,57.36,52.25,
2024-03-01 06:53:30,54.16,55.15,60.32
2024-03-01 06:54:00,57.04,54.34,58.2
2024-03-01 06:54:30,56.94,56.74,58.74
2024-03-01 06:55:00,56.66,55.1,54.88
2024-03-01 06:55:30,55.98,55.87,58.17
2024-03-01 06:56:00,55.24,54.93,56.45
2024-03-01 06:56:30,57.46,53.93,58.74
2024-03-01 06:57:00,57.42,53.76,56.0
2024-03-01 06:57:30,55.25,56.09,56.72
2024-03-01 06:58:00,54.54,55.21,55.92
2024-03-01 06:58:30,55.13,55.45,55.58
2024-03-01 06:59:00,54.69,55.89,55.9
2024-03-01 06:59:30,56.39,53.99,58.64
2024-03-01 07:00:00,55.59,54.45,59.16
2024-03-01 07:00:30,58.12,57.51,55.65
2024-03-01 07:01:00,56.26,56.07,
2024-03-01 07:01:30,56.8,55.68,55.94
2024-03-01 07:02:00,58.05,53.97,58.43
2024-03-01 07:02:30,56.73,56.01,57.89
2024-03-01 07:03:00,57.03,55.64,57.53
2024-03-01 07:03:30,56.47,53.69,57.89
2024-03-01 07:04:00,54.94,54.72,57.46
2024-03-01 07:04:30,57.16,54.73,59.63
2024-03-01 07:05:00,56.4,54.99,57.16
2024-03-01 07:05:30,57.21,53.66,58.13
2024-03-01 07:06:00,55.52,55.84,58.13
2024-03-01 07:06:30,56.83,53.33,58.72
2024-03-01 07:07:00,55.78,56.64,59.48
2024-03-01 07:07:30,56.26,53.73,58.44
2024-03-01 07:08:00,56.34,53.98,59.24
2024-03-01 07:08:30,54.51,55.17,58.05
2024-03-01 07:09:00,57.91,56.85,58.19
2024-03-01 07:09:30,,,58.59
2024-03-01 07:10:00,57.29,54.66,57.63
2024-03-01 07:10:30,57.24,,55.97
2024-03-01 07:11:00,53.93,53.41,56.47
2024-03-01 07:11:30,56.09,55.94,59.1
2024-03-01 07:12:00,55.99,55.49,60.87
2024-03-01 07:12:30,56.85,55.61,57.44
2024-03-01 07:13:00,53.87,56.19,57.52
2024-03-01 07:13:30,55.73,55.51,59.24
2024-03-01 07:14:00,56.56,55.78,57.97
2024-03-01 07:14:30,56.07,54.88,57.9
2024-03-01 07:15:00,57.21,53.04,57.9
2024-03-01 07:15:30,58.35,54.8,59.41
2024-03-01 07:16:00,59.66,54.44,58.2
2024-03-01 07:16:30,56.64,54.82,58.05
2024-03-01 07:17:00,57.53,54.32,59.45
2024-03-01 07:17:30,56.43,53.97,58.27
2024-03-01 07:18:00,55.5,55.68,60.52
2024-03-01 07:18:30,58.75,54.07,58.49
2024-03-01 07:19:00,57.58,,58.25
2024-03-01 07:19:30,56.54,54.33,58.83
2024-03-01 07:20:00,57.7,54.93,58.78
2024-03-01 07:20:30,56.64,54.54,58.23
2024-03-01 07:21:00,56.7,55.03,57.75
2024-03-01 07:21:30,57.66,56.8,57.43
2024-03-01 07:22:00,57.79,53.98,58.99
2024-03-01 07:22:30,56.03,54.64,58.37
2024-03-01 07:23:00,57.49,53.33,60.75
2024-03-01 07:23:30,56.48,54.62,58.09
2024-03-01 07:24:00,57.05,55.71,59.51
2024-03-01 07:24:30,55.94,54.43,59.48
2024-03-01 07:25:00,56.89,56.17,59.22
2024-03-01 07:25:30,57.73,55.53,57.49
2024-03-01 07:26:00,56.2,55.52,57.92
2024-03-01 07:26:30,57.99,54.54,58.28
2024-03-01 07:27:00,57.43,56.0,56.46
2024-03-01 07:27:30,55.97,53.75,55.41
2024-03-01 07:28:00,56.82,55.2,58.94
2024-03-01 07:28:30,57.75,55.0,58.18
2024-03-01 07:29:00,55.53,55.73,57.27
2024-03-01 07:29:30,57.2,54.66,56.21
2024-03-01 07:30:00,57.83,54.89,
2024-03-01 07:30:30,56.47,55.38,
2024-03-01 07:31:00,57.57,54.09,54.53
2024-03-01 07:31:30,56.33,53.78,57.56
2024-03-01 07:32:00,56.98,55.52,57.78
2024-03-01 07:32:30,56.11,55.76,57.9
2024-03-01 07:33:00,56.47,55.52,57.73
2024-03-01 07:33:30,57.32,55.88,57.36
2024-03-01 07:34:00,56.65,54.3,54.02
2024-03-01 07:34:30,56.07,56.64,57.41
2024-03-01 07:35:00,57.98,54.15,58.61
2024-03-01 07:35:30,57.68,54.25,58.98
2024-03-01 07:36:00,56.91,56.94,56.66
2024-03-01 07:36:30,58.34,53.26,56.93
2024-03-01 07:37:00,55.74,55.81,58.33
2024-03-01 07:37:30,57.18,55.08,60.06
2024-03-01 07:38:00,57.42,53.87,58.15
2024-03-01 07:38:30,56.19,55.24,55.76
2024-03-01 07:39:00,55.97,56.5,58.07
2024-03-01 07:39:30,55.06,55.27,61.38
2024-03-01 07:40:00,57.69,56.83,57.69
2024-03-01 07:40:30,54.82,56.26,58.1
2024-03-01 07:41:00,56.34,56.52,57.35
2024-03-01 07:41:30,57.13,54.7,59.17
2024-03-01 07:42:00,55.17,56.03,59.0
2024-03-01 07:42:30,56.32,54.01,62.45
2024-03-01 07:43:00,58.81,54.25,56.56
2024-03-01 07:43:30,,55.6,60.04
2024-03-01 07:44:00,55.83,55.58,58.53
2024-03-01 07:44:30,56.91,53.26,57.39
2024-03-01 07:45:00,59.73,54.55,57.79
2024-03-01 07:45:30,57.24,54.07,58.4
2024-03-01 07:46:00,56.58,56.67,58.43
2024-03-01 07:46:30,54.69,54.0,59.65
2024-03-01 07:47:00,56.68,55.1,59.83
2024-03-01 07:47:30,56.77,57.0,58.15
2024-03-01 07:48:00,54.5,54.85,61.81
2024-03-01 07:48:30,57.39,53.63,60.12
2024-03-01 07:49:00,55.55,54.77,60.09
2024-03-01 07:49:30,58.23,54.89,57.79
2024-03-01 07:50:00,57.58,55.03,57.05
2024-03-01 07:50:30,56.94,56.96,58.39
2024-03-01 07:51:00,57.24,55.69,58.06
2024-03-01 07:51:30,54.96,55.09,60.14
2024-03-01 07:52:00,57.62,55.96,57.91
2024-03-01 07:52:30,56.59,55.75,58.15
2024-03-01 07:53:00,55.27,54.49,57.3
2024-03-01 07:53:30,56.19,56.24,57.71
2024-03-01 07:54:00,57.48,56.05,57.6
2024-03-01 07:54:30,56.1,55.61,58.47
2024-03-01 07:55:00,60.68,54.56,57.47
2024-03-01 07:55:30,56.14,55.12,58.41
2024-03-01 07:56:00,57.19,57.49,59.16
2024-03-01 07:56:30,56.08,54.18,59.28
2024-03-01 07:57:00,56.43,54.43,59.25
2024-03-01 07:57:30,57.21,55.63,57.37
2024-03-01 07:58:00,56.96,55.24,58.34
2024-03-01 07:58:30,56.59,53.23,57.86
2024-03-01 07:59:00,57.96,56.61,57.99
2024-03-01 07:59:30,58.18,54.77,60.15
2024-03-01 08:00:00,57.19,54.11,58.83
2024-03-01 08:00:30,57.73,53.53,56.95
2024-03-01 08:01:00,56.14,53.96,58.14
2024-03-01 08:01:30,57.7,54.99,56.27
2024-03-01 08:02:00,58.88,57.14,56.55
2024-03-01 08:02:30,57.94,53.83,59.69
2024-03-01 08:03:00,57.24,55.17,56.6
2024-03-01 08:03:30,55.79,55.94,56.97
2024-03-01 08:04:00,58.64,54.99,58.84
2024-03-01 08:04:30,57.9,55.68,57.49
2024-03-01 08:05:00,56.06,55.61,58.01
2024-03-01 08:05:30,57.97,54.54,59.16
2024-03-01 08:06:00,56.24,55.7,
2024-03-01 08:06:30,55.82,55.51,59.4
2024-03-01 08:07:00,56.71,55.59,60.26
2024-03-01 08:07:30,56.74,56.22,58.38
2024-03-01 08:08:00,58.32,54.71,60.3
2024-03-01 08:08:30,54.89,55.16,57.12
2024-03-01 08:09:00,55.49,56.58,59.56
2024-03-01 08:09:30,57.74,55.77,58.94
2024-03-01 08:10:00,55.84,54.57,62.28
2024-03-01 08:10:30,56.08,57.08,58.79
2024-03-01 08:11:00,58.16,57.46,58.32
2024-03-01 08:11:30,57.63,55.21,57.01
2024-03-01 08:12:00,56.95,55.85,59.42
2024-03-01 08:12:30,58.4,54.56,58.48
2024-03-01 08:13:00,55.51,55.46,57.96
2024-03-01 08:13:30,57.15,55.42,58.11
2024-03-01 08:14:00,55.62,56.16,57.64
2024-03-01 08:14:30,56.9,53.77,59.51
2024-03-01 08:15:00,56.89,56.89,59.21
2024-03-01 08:15:30,56.46,55.6,58.4
2024-03-01 08:16:00,58.67,56.18,58.25
2024-03-01 08:16:30,57.24,56.48,59.76
2024-03-01 08:17:00,58.63,56.99,59.0
2024-03-01 08:17:30,58.79,54.72,59.86
2024-03-01 08:18:00,57.06,55.66,58.98
2024-03-01 08:18:30,55.85,55.21,59.84
2024-03-01 08:19:00,59.42,56.01,58.99
2024-03-01 08:19:30,56.75,54.97,58.9
2024-03-01 08:20:00,56.65,54.19,56.81
2024-03-01 08:20:30,57.95,54.19,57.39
2024-03-01 08:21:00,56.99,54.7,58.87
2024-03-01 08:21:30,59.04,54.83,58.11
2024-03-01 08:22:00,57.76,54.1,56.2
2024-03-01 08:22:30,55.96,55.38,60.16
2024-03-01 08:23:00,59.14,55.1,59.32
2024-03-01 08:23:30,57.29,54.84,57.53
2024-03-01 08:24:00,56.72,,57.87
2024-03-01 08:24:30,57.29,54.98,58.18
2024-03-01 08:25:00,55.41,55.41,59.73
2024-03-01 08:25:30,54.98,55.34,59.55
2024-03-01 08:26:00,57.85,56.27,60.87
2024-03-01 08:26:30,56.01,54.0,57.02
2024-03-01 08:27:00,56.11,56.98,58.93
2024-03-01 08:27:30,57.5,53.11,56.96
2024-03-01 08:28:00,57.28,54.17,58.27
2024-03-01 08:28:30,58.39,54.89,60.6
2024-03-01 08:29:00,56.19,55.89,58.46
2024-03-01 08:29:30,55.6,54.1,56.35
2024-03-01 08:30:00,56.23,55.25,59.75
2024-03-01 08:30:30,57.73,55.24,58.82
2024-03-01 08:31:00,57.4,57.22,56.21
2024-03-01 08:31:30,55.43,55.62,56.61
2024-03-01 08:32:00,55.66,56.02,56.25
2024-03-01 08:32:30,56.85,52.5,58.39
2024-03-01 08:33:00,58.16,56.01,58.34
2024-03-01 08:33:30,54.56,54.14,61.11
2024-03-01 08:34:00,56.6,56.13,59.07
2024-03-01 08:34:30,57.52,54.07,56.67
2024-03-01 08:35:00,56.99,54.02,58.46
2024-03-01 08:35:30,56.04,54.61,58.61
2024-03-01 08:36:00,55.57,55.73,57.4
2024-03-01 08:36:30,56.8,53.95,58.7
2024-03-01 08:37:00,53.23,55.88,56.48
2024-03-01 08:37:30,55.32,56.34,58.79
2024-03-01 08:38:00,56.07,53.89,57.16
2024-03-01 08:38:30,59.16,54.61,57.97
2024-03-01 08:39:00,56.37,54.13,58.28
2024-03-01 08:39:30,56.56,54.67,56.34
2024-03-01 08:40:00,56.38,55.61,57.87
2024-03-01 08:40:30,56.37,54.2,59.63
2024-03-01 08:41:00,56.55,55.52,59.67
2024-03-01 08:41:30,,55.78,59.26
2024-03-01 08:42:00,56.75,55.4,57.17
2024-03-01 08:42:30,57.39,54.13,58.79
2024-03-01 08:43:00,53.8,53.36,56.97
2024-03-01 08:43:30,57.85,55.55,57.66
2024-03-01 08:44:00,58.57,54.26,58.66
2024-03-01 08:44:30,,54.72,57.39
2024-03-01 08:45:00,56.94,54.59,57.6
2024-03-01 08:45:30,56.02,55.19,57.54
2024-03-01 08:46:00,57.24,55.08,55.97
2024-03-01 08:46:30,58.54,54.38,57.18
2024-03-01 08:47:00,56.23,54.92,
2024-03-01 08:47:30,56.7,54.43,59.39
2024-03-01 08:48:00,56.6,55.2,58.98
2024-03-01 08:48:30,55.55,55.17,58.73
2024-03-01 08:49:00,55.24,55.69,57.72
2024-03-01 08:49:30,59.34,55.1,58.01
2024-03-01 08:50:00,56.19,55.68,58.55
2024-03-01 08:50:30,57.96,54.77,59.89
2024-03-01 08:51:00,57.03,53.53,55.92
2024-03-01 08:51:30,56.85,55.01,55.43
2024-03-01 08:52:00,58.19,57.0,
2024-03-01 08:52:30,58.04,56.02,58.7
2024-03-01 08:53:00,57.07,55.52,58.68
2024-03-01 08:53:30,55.83,55.1,58.36
2024-03-01 08:54:00,56.34,53.37,58.18
2024-03-01 08:54:30,56.98,57.12,54.82
2024-03-01 08:55:00,57.25,56.09,58.0
2024-03-01 08:55:30,55.68,56.83,56.36
2024-03-01 08:56:00,56.85,55.34,58.71
2024-03-01 08:56:30,54.92,55.47,58.07
2024-03-01 08:57:00,56.92,54.0,57.93
2024-03-01 08:57:30,56.98,54.68,59.03
2024-03-01 08:58:00,56.14,54.82,60.31
2024-03-01 08:58:30,58.51,,58.65
2024-03-01 08:59:00,57.23,54.22,57.99
2024-03-01 08:59:30,58.88,55.6,57.63
2024-03-01 09:00:00,55.24,55.26,59.12
2024-03-01 09:00:30,58.24,53.55,58.74
2024-03-01 09:01:00,56.51,54.77,55.89
2024-03-01 09:01:30,58.5,53.54,59.37
2024-03-01 09:02:00,55.59,54.32,55.47
2024-03-01 09:02:30,57.64,54.19,58.33
2024-03-01 09:03:00,57.26,54.87,57.82
2024-03-01 09:03:30,56.59,54.61,59.48
2024-03-01 09:04:00,57.43,54.9,60.12
2024-03-01 09:04:30,56.89,53.0,60.21
2024-03-01 09:05:00,57.47,54.02,57.68
2024-03-01 09:05:30,55.12,54.24,58.06
2024-03-01 09:06:00,56.22,55.26,57.75
2024-03-01 09:06:30,54.36,55.99,
2024-03-01 09:07:00,54.62,54.86,58.39
2024-03-01 09:07:30,57.52,55.63,56.39
2024-03-01 09:08:00,57.51,53.27,58.58
2024-03-01 09:08:30,55.85,55.84,59.06
2024-03-01 09:09:00,54.69,54.35,56.57
2024-03-01 09:09:30,55.92,54.9,58.53
2024-03-01 09:10:00,54.65,52.64,59.19
2024-03-01 09:10:30,56.44,51.5,59.12
2024-03-01 09:11:00,56.18,55.53,55.79
2024-03-01 09:11:30,54.79,54.19,
2024-03-01 09:12:00,55.25,55.04,56.31
2024-03-01 09:12:30,55.44,54.64,58.58
2024-03-01 09:13:00,57.19,54.91,58.48
2024-03-01 09:13:30,56.27,54.47,57.65
2024-03-01 09:14:00,55.62,55.38,56.25
2024-03-01 09:14:30,53.21,53.18,60.54
2024-03-01 09:15:00,57.94,54.41,56.9
2024-03-01 09:15:30,55.22,53.81,56.37
2024-03-01 09:16:00,57.61,55.08,
2024-03-01 09:16:30,55.61,55.98,
2024-03-01 09:17:00,53.9,51.92,56.95
2024-03-01 09:17:30,55.83,55.26,55.51
2024-03-01 09:18:00,56.58,56.29,56.88
2024-03-01 09:18:30,56.71,55.78,57.95
2024-03-01 09:19:00,57.58,54.12,53.76
2024-03-01 09:19:30,57.99,53.4,58.33
2024-03-01 09:20:00,56.02,56.0,56.36
2024-03-01 09:20:30,56.69,54.96,56.4
2024-03-01 09:21:00,57.14,55.25,60.31
2024-03-01 09:21:30,56.74,52.85,60.04
2024-03-01 09:22:00,56.1,54.29,58.81
2024-03-01 09:22:30,55.4,53.84,57.01
2024-03-01 09:23:00,54.01,54.3,60.08
2024-03-01 09:23:30,57.24,54.04,58.32
2024-03-01 09:24:00,55.66,53.08,55.96
2024-03-01 09:24:30,54.9,54.32,57.55
2024-03-01 09:25:00,55.98,53.8,56.98
2024-03-01 09:25:30,55.8,52.8,58.49
2024-03-01 09:26:00,56.26,52.61,58.03
2024-03-01 09:26:30,55.45,53.49,55.51
2024-03-01 09:27:00,56.72,55.12,55.17
2024-03-01 09:27:30,57.07,53.13,54.33
2024-03-01 09:28:00,54.42,54.32,56.58
2024-03-01 09:28:30,54.4,52.62,57.73
2024-03-01 09:29:00,54.65,54.49,56.67
2024-03-01 09:29:30,54.89,54.16,57.56
2024-03-01 09:30:00,55.19,53.01,54.12
2024-03-01 09:30:30,57.53,56.0,56.42
2024-03-01 09:31:00,55.67,51.92,55.81
2024-03-01 09:31:30,56.36,53.46,56.07
2024-03-01 09:32:00,55.22,52.31,57.75
2024-03-01 09:32:30,55.63,53.31,58.1
2024-03-01 09:33:00,56.11,55.23,56.73
2024-03-01 09:33:30,55.82,55.01,57.62
2024-03-01 09:34:00,54.95,53.66,57.55
2024-03-01 09:34:30,55.92,56.56,56.92
2024-03-01 09:35:00,56.41,54.66,57.92
2024-03-01 09:35:30,55.79,52.31,55.28
2024-03-01 09:36:00,54.22,54.26,56.97
2024-03-01 09:36:30,56.77,55.03,54.92
2024-03-01 09:37:00,55.88,53.25,57.67
2024-03-01 09:37:30,56.73,54.33,54.58
2024-03-01 09:38:00,56.12,54.09,58.27
2024-03-01 09:38:30,55.74,53.07,54.77
2024-03-01 09:39:00,55.36,53.84,57.2
2024-03-01 09:39:30,57.06,53.34,57.57
2024-03-01 09:40:00,56.13,53.18,56.41
2024-03-01 09:40:30,56.89,53.05,56.24
2024-03-01 09:41:00,57.06,52.9,57.55
2024-03-01 09:41:30,54.95,52.87,56.3
2024-03-01 09:42:00,54.23,52.53,59.1
2024-03-01 09:42:30,55.61,54.33,58.11
2024-03-01 09:43:00,56.91,54.2,56.97
2024-03-01 09:43:30,55.95,53.44,54.45
2024-03-01 09:44:00,56.19,53.97,57.67
2024-03-01 09:44:30,59.63,53.25,55.79
2024-03-01 09:45:00,56.66,55.18,58.17
2024-03-01 09:45:30,57.45,54.35,55.84
2024-03-01 09:46:00,54.7,53.91,58.36
2024-03-01 09:46:30,56.23,55.88,57.62
2024-03-01 09:47:00,56.85,53.19,58.74
2024-03-01 09:47:30,55.18,56.54,56.27
2024-03-01 09:48:00,57.03,55.14,56.7
2024-03-01 09:48:30,55.41,52.85,57.78
2024-03-01 09:49:00,55.18,54.11,56.35
2024-03-01 09:49:30,56.28,55.5,56.38
2024-03-01 09:50:00,55.01,53.8,56.61
2024-03-01 09:50:30,54.44,53.73,58.26
2024-03-01 09:51:00,54.42,53.25,57.26
2024-03-01 09:51:30,55.45,54.85,53.38
2024-03-01 09:52:00,54.51,53.44,57.78
2024-03-01 09:52:30,55.35,54.03,55.17
2024-03-01 09:53:00,54.09,54.77,
2024-03-01 09:53:30,54.38,53.81,58.3
2024-03-01 09:54:00,55.64,53.89,54.56
2024-03-01 09:54:30,55.2,53.69,56.83
2024-03-01 09:55:00,54.83,53.2,53.55
2024-03-01 09:55:30,56.43,53.48,56.82
2024-03-01 09:56:00,57.63,53.25,55.86
2024-03-01 09:56:30,56.22,53.77,57.03
2024-03-01 09:57:00,55.77,55.17,55.78
2024-03-01 09:57:30,55.12,52.58,56.02
2024-03-01 09:58:00,55.54,53.53,52.9
2024-03-01 09:58:30,55.31,54.72,57.42
2024-03-01 09:59:00,55.11,53.66,57.94
2024-03-01 09:59:30,54.76,54.66,53.42
2024-03-01 10:00:00,54.42,53.4,53.89
2024-03-01 10:00:30,55.38,54.03,55.43
2024-03-01 10:01:00,54.42,53.1,54.74
2024-03-01 10:01:30,55.04,53.57,57.55
2024-03-01 10:02:00,57.1,,56.01
2024-03-01 10:02:30,55.51,55.87,56.45
2024-03-01 10:03:00,55.35,53.65,56.31
2024-03-01 10:03:30,54.08,54.36,57.18
2024-03-01 10:04:00,53.98,52.87,57.23
2024-03-01 10:04:30,56.71,54.34,59.16
2024-03-01 10:05:00,53.83,53.6,55.47
2024-03-01 10:05:30,53.25,53.68,56.02
2024-03-01 10:06:00,54.6,54.52,54.87
2024-03-01 10:06:30,57.27,54.81,58.89
2024-03-01 10:07:00,51.63,53.3,57.5
2024-03-01 10:07:30,56.22,54.02,55.49
2024-03-01 10:08:00,55.68,52.98,56.95
2024-03-01 10:08:30,54.92,55.31,55.89
2024-03-01 10:09:00,54.81,53.88,55.7
2024-03-01 10:09:30,55.57,53.58,55.01
2024-03-01 10:10:00,55.74,50.94,54.17
2024-03-01 10:10:30,54.8,53.75,55.92
2024-03-01 10:11:00,55.45,53.48,55.0
2024-03-01 10:11:30,56.6,54.03,59.05
2024-03-01 10:12:00,52.67,54.13,54.31
2024-03-01 10:12:30,53.35,53.81,53.69
2024-03-01 10:13:00,53.65,52.91,55.65
2024-03-01 10:13:30,54.2,51.81,55.54
2024-03-01 10:14:00,55.81,54.32,55.98
2024-03-01 10:14:30,56.12,52.35,56.97
2024-03-01 10:15:00,53.68,54.24,54.97
2024-03-01 10:15:30,54.48,54.22,58.75
2024-03-01 10:16:00,53.24,52.61,54.73
2024-03-01 10:16:30,55.71,52.1,58.08
2024-03-01 10:17:00,55.65,54.9,57.11
2024-03-01 10:17:30,54.8,52.18,56.69
2024-03-01 10:18:00,56.75,52.19,56.93
2024-03-01 10:18:30,56.42,54.98,53.93
2024-03-01 10:19:00,53.73,51.47,54.65
2024-03-01 10:19:30,55.76,53.54,56.09
2024-03-01 10:20:00,54.22,53.64,57.08
2024-03-01 10:20:30,53.67,52.97,54.36
2024-03-01 10:21:00,55.12,52.71,58.34
2024-03-01 10:21:30,55.93,52.99,55.91
2024-03-01 10:22:00,55.02,53.56,54.4
2024-03-01 10:22:30,55.72,52.72,59.04
2024-03-01 10:23:00,53.26,52.73,55.12
2024-03-01 10:23:30,54.04,53.31,56.9
2024-03-01 10:24:00,53.67,53.4,55.19
2024-03-01 10:24:30,56.71,54.72,53.99
2024-03-01 10:25:00,57.04,52.47,56.85
2024-03-01 10:25:30,55.95,53.73,57.29
2024-03-01 10:26:00,54.57,52.9,55.35
2024-03-01 10:26:30,55.6,54.31,55.03
2024-03-01 10:27:00,54.78,52.04,54.4
2024-03-01 10:27:30,53.69,53.96,53.99
2024-03-01 10:28:00,53.92,51.58,55.25
2024-03-01 10:28:30,54.3,54.1,54.03
2024-03-01 10:29:00,54.49,52.2,53.94
2024-03-01 10:29:30,55.09,51.66,55.88
2024-03-01 10:30:00,55.07,51.73,56.94
2024-03-01 10:30:30,54.5,52.37,54.91
2024-03-01 10:31:00,56.12,51.27,56.85
2024-03-01 10:31:30,52.66,52.3,55.59
2024-03-01 10:32:00,52.9,52.24,59.5
2024-03-01 10:32:30,53.74,51.34,53.92
2024-03-01 10:33:00,55.49,52.53,55.61
2024-03-01 10:33:30,56.25,52.34,54.64
2024-03-01 10:34:00,54.74,51.8,54.62
2024-03-01 10:34:30,55.57,51.73,56.7
2024-03-01 10:35:00,54.53,52.13,54.66
2024-03-01 10:35:30,54.96,52.82,53.21
2024-03-01 10:36:00,53.74,53.15,56.0
2024-03-01 10:36:30,54.23,52.54,56.48
2024-03-01 10:37:00,56.54,52.98,56.29
2024-03-01 10:37:30,53.91,51.83,57.0
2024-03-01 10:38:00,54.13,52.34,54.44
2024-03-01 10:38:30,55.25,52.71,54.95
2024-03-01 10:39:00,53.94,53.14,54.89
2024-03-01 10:39:30,54.23,51.46,56.67
2024-03-01 10:40:00,54.54,52.13,53.33
2024-03-01 10:40:30,54.94,53.14,53.8
2024-03-01 10:41:00,53.38,51.04,55.7
2024-03-01 10:41:30,56.34,53.29,54.46
2024-03-01 10:42:00,52.57,52.36,
2024-03-01 10:42:30,52.63,50.79,54.5
2024-03-01 10:43:00,51.68,51.52,56.39
2024-03-01 10:43:30,53.44,51.24,52.41
2024-03-01 10:44:00,53.77,53.0,54.23
2024-03-01 10:44:30,53.29,52.48,56.34
2024-03-01 10:45:00,55.39,52.51,55.28
2024-03-01 10:45:30,51.91,51.63,54.39
2024-03-01 10:46:00,54.88,53.05,56.39
2024-03-01 10:46:30,54.04,51.52,54.57
2024-03-01 10:47:00,54.86,52.1,55.94
2024-03-01 10:47:30,54.79,50.64,54.23
2024-03-01 10:48:00,56.22,53.56,54.44
2024-03-01 10:48:30,52.76,52.56,54.21
2024-03-01 10:49:00,54.59,51.94,
2024-03-01 10:49:30,54.2,51.97,54.27
2024-03-01 10:50:00,52.34,52.57,53.13
2024-03-01 10:50:30,54.86,51.84,54.69
2024-03-01 10:51:00,53.89,52.23,53.93
2024-03-01 10:51:30,55.89,51.91,56.02
2024-03-01 10:52:00,53.97,52.91,54.11
2024-03-01 10:52:30,52.94,52.32,54.77
2024-03-01 10:53:00,53.75,52.02,54.1
2024-03-01 10:53:30,53.38,52.62,54.74
2024-03-01 10:54:00,53.5,50.93,54.31
2024-03-01 10:54:30,53.02,52.22,53.69
2024-03-01 10:55:00,57.91,52.36,52.56
2024-03-01 10:55:30,53.17,51.75,54.34
2024-03-01 10:56:00,53.58,51.7,52.92
2024-03-01 10:56:30,52.17,52.27,53.75
2024-03-01 10:57:00,52.74,53.24,54.78
2024-03-01 10:57:30,55.13,51.48,54.55
2024-03-01 10:58:00,53.21,51.99,56.2
2024-03-01 10:58:30,53.32,50.15,51.83
2024-03-01 10:59:00,54.62,52.08,54.91
2024-03-01 10:59:30,53.4,50.68,57.07
2024-03-01 11:00:00,53.7,51.3,54.99
2024-03-01 11:00:30,52.85,53.54,53.05
2024-03-01 11:01:00,53.78,52.68,55.1
2024-03-01 11:01:30,54.28,51.17,52.32
2024-03-01 11:02:00,53.27,51.45,55.83
2024-03-01 11:02:30,52.19,52.09,56.6
2024-03-01 11:03:00,52.31,51.87,56.37
2024-03-01 11:03:30,53.36,49.83,54.51
2024-03-01 11:04:00,54.12,52.3,54.15
2024-03-01 11:04:30,53.81,50.95,54.99
2024-03-01 11:05:00,53.85,50.91,53.75
2024-03-01 11:05:30,55.27,52.12,52.79
2024-03-01 11:06:00,52.59,50.69,53.51
2024-03-01 11:06:30,53.23,52.48,54.12
2024-03-01 11:07:00,52.69,51.47,53.46
2024-03-01 11:07:30,55.53,51.9,59.08
2024-03-01 11:08:00,51.81,53.06,56.03
2024-03-01 11:08:30,52.72,50.03,55.56
2024-03-01 11:09:00,54.72,51.29,53.94
2024-03-01 11:09:30,54.17,52.68,55.11
2024-03-01 11:10:00,52.29,50.14,55.73
2024-03-01 11:10:30,52.7,50.85,54.39
2024-03-01 11:11:00,51.75,52.14,
2024-03-01 11:11:30,53.71,51.28,56.07
2024-03-01 11:12:00,53.71,51.59,52.74
2024-03-01 11:12:30,51.88,50.89,54.14
2024-03-01 11:13:00,53.09,51.44,54.98
2024-03-01 11:13:30,52.04,52.07,54.92
2024-03-01 11:14:00,51.67,52.04,54.71
2024-03-01 11:14:30,52.95,50.27,54.73
2024-03-01 11:15:00,53.16,51.67,56.69
2024-03-01 11:15:30,52.22,50.86,52.43
2024-03-01 11:16:00,50.25,49.53,54.27
2024-03-01 11:16:30,52.57,51.19,53.53
2024-03-01 11:17:00,53.8,50.7,51.42
2024-03-01 11:17:30,55.52,50.98,55.2
2024-03-01 11:18:00,52.81,50.87,54.26
2024-03-01 11:18:30,54.32,50.15,50.39
2024-03-01 11:19:00,53.3,50.29,52.35
2024-03-01 11:19:30,52.89,51.71,53.31
2024-03-01 11:20:00,49.52,49.96,54.34
2024-03-01 11:20:30,52.91,49.56,53.29
2024-03-01 11:21:00,,52.46,54.1
2024-03-01 11:21:30,49.71,49.88,54.55
2024-03-01 11:22:00,52.29,52.69,55.29
2024-03-01 11:22:30,52.4,49.31,52.34
2024-03-01 11:23:00,51.87,51.17,53.7
2024-03-01 11:23:30,50.7,49.68,52.67
2024-03-01 11:24:00,52.03,51.56,51.24
2024-03-01 11:24:30,50.28,50.64,51.58
2024-03-01 11:25:00,,49.44,52.17
2024-03-01 11:25:30,52.51,50.64,53.89
2024-03-01 11:26:00,52.94,50.59,53.03
2024-03-01 11:26:30,54.22,50.54,53.67
2024-03-01 11:27:00,52.25,49.88,54.26
2024-03-01 11:27:30,50.24,51.28,54.41
2024-03-01 11:28:00,50.98,49.67,52.68
2024-03-01 11:28:30,50.82,51.05,50.76
2024-03-01 11:29:00,52.94,48.69,54.09
2024-03-01 11:29:30,50.85,50.15,53.85
2024-03-01 11:30:00,51.54,51.63,52.38
2024-03-01 11:30:30,51.3,51.58,50.56
2024-03-01 11:31:00,51.92,49.56,51.75
2024-03-01 11:31:30,50.92,49.78,53.79
2024-03-01 11:32:00,53.23,51.15,55.36
2024-03-01 11:32:30,52.55,50.02,51.35
2024-03-01 11:33:00,50.97,49.86,51.24
2024-03-01 11:33:30,51.84,49.54,50.12
2024-03-01 11:34:00,53.52,51.57,51.44
2024-03-01 11:34:30,54.4,51.27,51.53
2024-03-01 11:35:00,50.69,49.18,55.54
2024-03-01 11:35:30,50.49,51.92,52.29
2024-03-01 11:36:00,52.83,51.1,52.72
2024-03-01 11:36:30,52.16,50.39,50.82
2024-03-01 11:37:00,51.95,49.6,53.7
2024-03-01 11:37:30,51.41,50.77,53.52
2024-03-01 11:38:00,49.82,47.72,50.79
2024-03-01 11:38:30,50.09,49.15,51.15
2024-03-01 11:39:00,50.74,51.03,52.91
2024-03-01 11:39:30,50.09,49.54,51.27
2024-03-01 11:40:00,52.28,49.85,50.4
2024-03-01 11:40:30,52.44,50.32,51.58
2024-03-01 11:41:00,51.22,50.81,51.58
2024-03-01 11:41:30,54.78,50.83,54.84
2024-03-01 11:42:00,50.14,49.15,51.59
2024-03-01 11:42:30,51.85,50.04,52.93
2024-03-01 11:43:00,51.75,50.23,50.39
2024-03-01 11:43:30,50.02,50.78,51.42
2024-03-01 11:44:00,52.77,48.96,54.51
2024-03-01 11:44:30,53.22,50.35,51.56
2024-03-01 11:45:00,49.22,49.92,52.78
2024-03-01 11:45:30,52.6,49.72,52.05
2024-03-01 11:46:00,52.24,48.51,52.65
2024-03-01 11:46:30,51.25,48.6,52.07
2024-03-01 11:47:00,51.9,50.91,50.9
2024-03-01 11:47:30,51.78,49.82,
2024-03-01 11:48:00,52.3,49.93,51.5
2024-03-01 11:48:30,51.34,50.19,51.3
2024-03-01 11:49:00,49.63,51.39,48.82
2024-03-01 11:49:30,51.06,51.18,51.55
2024-03-01 11:50:00,49.56,48.9,54.5
2024-03-01 11:50:30,50.15,51.4,53.67
2024-03-01 11:51:00,50.0,48.22,51.41
2024-03-01 11:51:30,50.6,49.47,55.11
2024-03-01 11:52:00,50.71,50.53,52.81
2024-03-01 11:52:30,51.44,49.15,52.24
2024-03-01 11:53:00,48.66,51.27,52.96
2024-03-01 11:53:30,51.48,48.45,52.67
2024-03-01 11:54:00,53.35,48.06,52.46
2024-03-01 11:54:30,51.13,48.44,53.41
2024-03-01 11:55:00,51.44,48.85,51.78
2024-03-01 11:55:30,50.81,49.02,51.73
2024-03-01 11:56:00,51.0,47.87,51.02
2024-03-01 11:56:30,49.05,49.87,50.72
2024-03-01 11:57:00,52.33,49.27,51.4
2024-03-01 11:57:30,52.51,48.08,51.2
2024-03-01 11:58:00,50.65,49.02,50.69
2024-03-01 11:58:30,48.57,48.87,50.47
2024-03-01 11:59:00,51.56,51.63,50.16
2024-03-01 11:59:30,50.85,48.08,54.47
2024-03-01 12:00:00,50.18,47.75,51.88
2024-03-01 12:00:30,51.47,50.51,51.66
2024-03-01 12:01:00,52.87,49.16,52.7
2024-03-01 12:01:30,50.23,50.21,49.88
2024-03-01 12:02:00,49.57,49.14,51.19
2024-03-01 12:02:30,52.18,47.93,51.99
2024-03-01 12:03:00,50.47,48.94,51.55
2024-03-01 12:03:30,50.62,50.12,49.18
2024-03-01 12:04:00,50.43,47.56,51.05
2024-03-01 12:04:30,51.12,49.22,
2024-03-01 12:05:00,50.32,50.54,53.26
2024-03-01 12:05:30,49.08,48.56,51.95
2024-03-01 12:06:00,52.14,49.55,53.04
2024-03-01 12:06:30,51.28,49.19,50.1
2024-03-01 12:07:00,50.85,48.77,51.73
2024-03-01 12:07:30,49.73,,
2024-03-01 12:08:00,48.39,48.74,50.65
2024-03-01 12:08:30,49.6,47.82,51.79
2024-03-01 12:09:00,48.98,51.01,51.12
2024-03-01 12:09:30,49.89,48.07,52.71
2024-03-01 12:10:00,51.02,48.5,53.85
2024-03-01 12:10:30,49.45,48.65,50.28
2024-03-01 12:11:00,50.38,48.81,50.91
2024-03-01 12:11:30,49.51,49.56,49.81
2024-03-01 12:12:00,49.47,50.11,50.88
2024-03-01 12:12:30,51.12,49.63,50.5
2024-03-01 12:13:00,48.39,47.74,47.43
2024-03-01 12:13:30,49.71,49.68,53.0
2024-03-01 12:14:00,48.61,49.79,52.93
2024-03-01 12:14:30,49.9,47.77,49.31
2024-03-01 12:15:00,50.04,49.51,49.21
2024-03-01 12:15:30,51.11,49.21,52.05
2024-03-01 12:16:00,52.18,48.85,
2024-03-01 12:16:30,47.09,48.97,51.09
2024-03-01 12:17:00,50.24,49.92,52.78
2024-03-01 12:17:30,50.26,47.88,48.59
2024-03-01 12:18:00,49.62,49.04,52.48
2024-03-01 12:18:30,50.63,49.51,50.82
2024-03-01 12:19:00,49.92,46.53,46.77
2024-03-01 12:19:30,48.23,48.31,52.05
2024-03-01 12:20:00,51.14,48.53,53.07
2024-03-01 12:20:30,51.17,49.08,49.93
2024-03-01 12:21:00,47.82,48.26,49.62
2024-03-01 12:21:30,50.41,47.6,49.99
2024-03-01 12:22:00,52.2,46.92,51.65
2024-03-01 12:22:30,49.77,46.3,50.99
2024-03-01 12:23:00,50.94,48.76,49.92
2024-03-01 12:23:30,50.74,47.61,49.18
2024-03-01 12:24:00,50.89,47.27,50.34
2024-03-01 12:24:30,,46.9,49.94
2024-03-01 12:25:00,50.61,47.28,50.86
2024-03-01 12:25:30,49.92,48.16,47.24
2024-03-01 12:26:00,50.84,49.58,49.33
2024-03-01 12:26:30,50.34,49.03,48.86
2024-03-01 12:27:00,50.38,48.46,50.76
2024-03-01 12:27:30,48.45,47.74,51.81
2024-03-01 12:28:00,49.8,46.66,52.16
2024-03-01 12:28:30,50.08,48.37,50.81
2024-03-01 12:29:00,48.15,47.29,50.6
2024-03-01 12:29:30,48.75,46.74,51.04
2024-03-01 12:30:00,48.45,48.02,51.87
2024-03-01 12:30:30,50.2,48.38,49.63
2024-03-01 12:31:00,50.16,47.65,48.08
2024-03-01 12:31:30,51.22,47.85,52.59
2024-03-01 12:32:00,49.3,48.67,48.13
2024-03-01 12:32:30,48.78,47.55,51.67
2024-03-01 12:33:00,52.27,48.28,48.09
2024-03-01 12:33:30,48.31,48.86,51.21
2024-03-01 12:34:00,48.11,47.43,50.29
2024-03-01 12:34:30,48.13,48.69,50.81
2024-03-01 12:35:00,49.28,48.72,49.54
2024-03-01 12:35:30,48.49,46.61,47.85
2024-03-01 12:36:00,50.41,47.14,49.54
2024-03-01 12:36:30,50.03,48.83,51.0
2024-03-01 12:37:00,49.5,46.33,48.08
2024-03-01 12:37:30,50.39,47.92,48.19
2024-03-01 12:38:00,48.09,48.33,47.61
2024-03-01 12:38:30,51.11,48.71,
2024-03-01 12:39:00,48.03,48.16,51.08
2024-03-01 12:39:30,50.86,47.32,48.01
2024-03-01 12:40:00,47.9,48.7,50.09
2024-03-01 12:40:30,48.71,46.43,49.0
2024-03-01 12:41:00,49.49,47.55,48.97
2024-03-01 12:41:30,49.26,47.51,50.14
2024-03-01 12:42:00,49.8,47.73,48.91
2024-03-01 12:42:30,48.99,48.18,50.26
2024-03-01 12:43:00,48.35,47.25,50.43
2024-03-01 12:43:30,49.35,46.24,51.12
2024-03-01 12:44:00,51.31,46.21,51.05
2024-03-01 12:44:30,48.82,46.81,
2024-03-01 12:45:00,49.0,48.71,49.79
2024-03-01 12:45:30,49.41,48.24,50.21
2024-03-01 12:46:00,47.59,46.07,50.26
2024-03-01 12:46:30,48.23,45.8,49.39
2024-03-01 12:47:00,48.3,45.62,49.81
2024-03-01 12:47:30,49.49,47.91,48.65
2024-03-01 12:48:00,49.77,46.57,45.26
2024-03-01 12:48:30,47.46,47.44,48.05
2024-03-01 12:49:00,48.0,46.95,48.89
2024-03-01 12:49:30,51.11,44.09,48.6
2024-03-01 12:50:00,48.07,48.4,48.69
2024-03-01 12:50:30,47.09,47.66,46.45
2024-03-01 12:51:00,48.61,46.33,48.92
2024-03-01 12:51:30,48.12,45.31,48.13
2024-03-01 12:52:00,48.89,48.18,48.26
2024-03-01 12:52:30,47.45,44.39,48.67
2024-03-01 12:53:00,48.95,45.67,48.97
2024-03-01 12:53:30,49.07,47.54,47.45
2024-03-01 12:54:00,48.36,47.59,51.95
2024-03-01 12:54:30,49.29,45.84,48.31
2024-03-01 12:55:00,47.65,47.63,49.49
2024-03-01 12:55:30,47.92,46.38,47.51
2024-03-01 12:56:00,48.72,,49.72
2024-03-01 12:56:30,48.54,45.79,52.15
2024-03-01 12:57:00,48.18,47.51,51.54
2024-03-01 12:57:30,46.94,47.57,51.21
2024-03-01 12:58:00,48.16,46.15,50.88
2024-03-01 12:58:30,48.05,45.26,48.87
2024-03-01 12:59:00,46.59,45.41,46.81
2024-03-01 12:59:30,46.14,44.79,49.79
2024-03-01 13:00:00,47.51,45.55,50.32
2024-03-01 13:00:30,46.6,46.6,49.89
2024-03-01 13:01:00,50.41,47.2,49.16
2024-03-01 13:01:30,49.98,46.05,49.83
2024-03-01 13:02:00,47.39,47.74,49.95
2024-03-01 13:02:30,46.74,46.37,51.89
2024-03-01 13:03:00,49.59,46.8,48.73
2024-03-01 13:03:30,48.71,46.52,49.57
2024-03-01 13:04:00,46.77,47.14,49.34
2024-03-01 13:04:30,46.9,44.05,47.19
2024-03-01 13:05:00,47.2,46.1,48.79
2024-03-01 13:05:30,45.44,47.14,48.7
2024-03-01 13:06:00,48.53,47.18,49.46
2024-03-01 13:06:30,47.47,47.36,49.52
2024-03-01 13:07:00,46.48,46.58,45.61
2024-03-01 13:07:30,46.24,45.4,49.35
2024-03-01 13:08:00,48.38,45.12,47.52
2024-03-01 13:08:30,45.62,45.69,48.44
2024-03-01 13:09:00,46.32,46.38,47.34
2024-03-01 13:09:30,46.62,44.29,47.61
2024-03-01 13:10:00,46.14,45.2,45.87
2024-03-01 13:10:30,47.86,46.37,48.68
2024-03-01 13:11:00,47.72,46.01,45.58
2024-03-01 13:11:30,46.16,45.25,
2024-03-01 13:12:00,47.21,47.35,48.64
2024-03-01 13:12:30,46.93,45.85,49.96
2024-03-01 13:13:00,46.66,46.06,48.27
2024-03-01 13:13:30,44.3,45.92,48.17
2024-03-01 13:14:00,49.19,45.44,47.49
2024-03-01 13:14:30,45.75,46.88,48.82
2024-03-01 13:15:00,48.86,45.38,47.18
2024-03-01 13:15:30,46.75,46.14,49.88
2024-03-01 13:16:00,47.85,44.66,48.9
2024-03-01 13:16:30,45.89,45.08,
2024-03-01 13:17:00,46.51,44.82,47.82
2024-03-01 13:17:30,47.14,45.62,48.72
2024-03-01 13:18:00,46.24,44.14,46.27
2024-03-01 13:18:30,45.41,46.7,49.13
2024-03-01 13:19:00,46.3,45.75,47.13
2024-03-01 13:19:30,47.87,45.57,49.53
2024-03-01 13:20:00,45.11,46.42,45.56
2024-03-01 13:20:30,45.98,45.03,
2024-03-01 13:21:00,48.71,45.3,47.97
2024-03-01 13:21:30,48.05,46.64,45.63
2024-03-01 13:22:00,46.47,45.0,44.59
2024-03-01 13:22:30,47.35,43.34,47.01
2024-03-01 13:23:00,46.98,44.27,47.94
2024-03-01 13:23:30,48.45,44.31,50.63
2024-03-01 13:24:00,46.09,45.24,46.68
2024-03-01 13:24:30,45.06,45.48,48.33
2024-03-01 13:25:00,46.75,46.57,47.92
2024-03-01 13:25:30,44.64,45.42,47.16
2024-03-01 13:26:00,,44.47,52.45
2024-03-01 13:26:30,47.59,44.83,46.68
2024-03-01 13:27:00,46.06,46.57,47.89
2024-03-01 13:27:30,46.76,44.25,47.66
2024-03-01 13:28:00,46.62,44.13,47.23
2024-03-01 13:28:30,46.95,45.44,48.14
2024-03-01 13:29:00,45.69,45.45,47.12
2024-03-01 13:29:30,47.7,45.92,46.82
2024-03-01 13:30:00,46.09,45.46,49.37
2024-03-01 13:30:30,47.41,45.79,46.96
2024-03-01 13:31:00,45.21,46.89,49.86
2024-03-01 13:31:30,46.49,45.25,46.12
2024-03-01 13:32:00,45.37,46.4,48.42
2024-03-01 13:32:30,46.51,45.14,43.04
2024-03-01 13:33:00,41.84,45.65,45.43
2024-03-01 13:33:30,45.61,44.13,45.89
2024-03-01 13:34:00,44.66,45.4,45.77
2024-03-01 13:34:30,47.13,45.22,47.92
2024-03-01 13:35:00,44.2,43.61,49.0
2024-03-01 13:35:30,44.83,45.08,49.4
2024-03-01 13:36:00,47.71,43.61,44.21
2024-03-01 13:36:30,46.89,44.73,46.69
2024-03-01 13:37:00,45.68,43.49,45.23
2024-03-01 13:37:30,47.04,45.75,45.54
2024-03-01 13:38:00,46.19,47.96,48.41
2024-03-01 13:38:30,45.36,43.46,43.76
2024-03-01 13:39:00,47.12,42.67,47.3
2024-03-01 13:39:30,45.78,44.64,46.08
2024-03-01 13:40:00,45.47,44.38,45.47
2024-03-01 13:40:30,47.48,44.79,47.8
2024-03-01 13:41:00,44.65,44.95,45.01
2024-03-01 13:41:30,45.0,41.94,45.39
2024-03-01 13:42:00,45.36,,48.91
2024-03-01 13:42:30,46.97,44.23,48.7
2024-03-01 13:43:00,45.6,43.71,44.58
2024-03-01 13:43:30,45.41,,45.34
2024-03-01 13:44:00,44.25,46.16,47.66
2024-03-01 13:44:30,45.51,43.34,46.9
2024-03-01 13:45:00,44.94,43.27,46.31
2024-03-01 13:45:30,46.36,44.13,48.39
2024-03-01 13:46:00,45.67,43.42,46.3
2024-03-01 13:46:30,46.37,45.62,47.51
2024-03-01 13:47:00,46.81,41.23,45.72
2024-03-01 13:47:30,44.3,43.82,45.08
2024-03-01 13:48:00,46.54,44.04,48.16
2024-03-01 13:48:30,46.35,43.92,44.81
2024-03-01 13:49:00,43.23,43.73,43.72
2024-03-01 13:49:30,44.56,44.57,46.9
2024-03-01 13:50:00,46.58,42.41,46.78
2024-03-01 13:50:30,42.99,42.8,45.38
2024-03-01 13:51:00,45.13,42.72,46.08
2024-03-01 13:51:30,47.68,43.16,45.26
2024-03-01 13:52:00,45.59,43.16,
2024-03-01 13:52:30,46.7,44.99,45.74
2024-03-01 13:53:00,46.25,44.17,42.86
2024-03-01 13:53:30,,43.64,47.21
2024-03-01 13:54:00,43.3,45.28,48.04
2024-03-01 13:54:30,44.37,44.19,47.28
2024-03-01 13:55:00,44.82,42.01,47.75
2024-03-01 13:55:30,46.71,44.08,46.42
2024-03-01 13:56:00,46.44,42.91,46.53
2024-03-01 13:56:30,42.65,45.72,45.69
2024-03-01 13:57:00,45.39,46.44,43.15
2024-03-01 13:57:30,45.74,44.47,45.18
2024-03-01 13:58:00,45.28,43.44,46.36
2024-03-01 13:58:30,46.87,42.01,45.74
2024-03-01 13:59:00,42.18,,44.72
2024-03-01 13:59:30,45.5,44.33,46.41
2024-03-01 14:00:00,44.06,43.83,47.17
2024-03-01 14:00:30,43.63,43.16,47.05
2024-03-01 14:01:00,44.22,44.17,47.45
2024-03-01 14:01:30,44.66,43.03,47.15
2024-03-01 14:02:00,42.16,44.49,48.68
2024-03-01 14:02:30,43.7,43.94,45.78
2024-03-01 14:03:00,45.34,45.44,47.14
2024-03-01 14:03:30,45.61,44.43,44.53
2024-03-01 14:04:00,43.41,42.1,44.95
2024-03-01 14:04:30,45.45,44.39,45.46
2024-03-01 14:05:00,45.29,42.63,
2024-03-01 14:05:30,45.03,42.65,43.9
2024-03-01 14:06:00,44.11,45.33,43.43
2024-03-01 14:06:30,42.72,43.96,38.4
2024-03-01 14:07:00,45.98,43.07,44.82
2024-03-01 14:07:30,43.5,41.49,43.35
2024-03-01 14:08:00,45.28,41.94,45.56
2024-03-01 14:08:30,45.65,42.9,45.84
2024-03-01 14:09:00,43.83,42.89,44.4
2024-03-01 14:09:30,43.44,42.54,46.11
2024-03-01 14:10:00,45.82,41.74,45.81
2024-03-01 14:10:30,43.73,44.03,46.13
2024-03-01 14:11:00,43.53,43.98,45.8
2024-03-01 14:11:30,48.02,43.16,46.07
2024-03-01 14:12:00,44.89,41.76,47.18
2024-03-01 14:12:30,46.11,43.2,43.64
2024-03-01 14:13:00,43.72,44.04,49.03
2024-03-01 14:13:30,42.68,43.37,46.66
2024-03-01 14:14:00,44.11,42.04,45.94
2024-03-01 14:14:30,44.9,42.8,46.0
2024-03-01 14:15:00,44.62,43.07,44.76
2024-03-01 14:15:30,43.24,43.69,46.98
2024-03-01 14:16:00,45.03,42.26,
2024-03-01 14:16:30,45.28,,43.68
2024-03-01 14:17:00,43.95,42.22,43.15
2024-03-01 14:17:30,44.3,40.61,44.77
2024-03-01 14:18:00,45.11,42.01,44.2
2024-03-01 14:18:30,42.8,40.99,43.04
2024-03-01 14:19:00,46.01,41.74,43.74
2024-03-01 14:19:30,43.85,42.75,43.98
2024-03-01 14:20:00,44.75,42.65,43.08
2024-03-01 14:20:30,42.52,43.42,45.19
2024-03-01 14:21:00,43.79,42.67,45.91
2024-03-01 14:21:30,44.75,42.9,46.29
2024-03-01 14:22:00,43.51,42.26,46.26
2024-03-01 14:22:30,43.37,40.86,43.24
2024-03-01 14:23:00,41.45,43.27,44.34
2024-03-01 14:23:30,43.18,42.79,44.85
2024-03-01 14:24:00,44.55,43.14,46.94
2024-03-01 14:24:30,43.78,42.43,43.68
2024-03-01 14:25:00,43.94,42.46,42.27
2024-03-01 14:25:30,43.39,43.12,44.53
2024-03-01 14:26:00,40.84,41.0,45.33
2024-03-01 14:26:30,43.54,40.57,43.13
2024-03-01 14:27:00,43.71,43.33,43.99
2024-03-01 14:27:30,42.52,41.04,46.28
2024-03-01 14:28:00,44.81,41.29,
2024-03-01 14:28:30,43.66,41.96,42.03
2024-03-01 14:29:00,43.38,42.52,42.59
2024-03-01 14:29:30,43.23,43.15,43.91
2024-03-01 14:30:00,43.25,42.09,45.0
2024-03-01 14:30:30,44.03,41.66,41.72
2024-03-01 14:31:00,44.11,41.5,45.28
2024-03-01 14:31:30,43.69,41.47,43.69
2024-03-01 14:32:00,43.08,42.73,44.3
2024-03-01 14:32:30,46.25,39.98,46.06
2024-03-01 14:33:00,42.87,40.48,45.46
2024-03-01 14:33:30,43.23,40.61,43.81
2024-03-01 14:34:00,43.5,41.02,41.1
2024-03-01 14:34:30,42.58,41.22,46.75
2024-03-01 14:35:00,42.86,42.89,45.63
2024-03-01 14:35:30,42.38,41.4,46.5
2024-03-01 14:36:00,42.33,40.54,43.55
2024-03-01 14:36:30,44.27,,43.8
2024-03-01 14:37:00,41.53,41.66,42.09
2024-03-01 14:37:30,43.66,41.51,45.29
2024-03-01 14:38:00,41.26,41.34,
2024-03-01 14:38:30,42.81,40.13,43.84
2024-03-01 14:39:00,42.69,40.5,44.88
2024-03-01 14:39:30,41.58,41.12,42.65
2024-03-01 14:40:00,44.58,41.44,43.67
2024-03-01 14:40:30,43.93,42.35,43.48
2024-03-01 14:41:00,43.69,39.17,43.94
2024-03-01 14:41:30,42.54,40.97,44.64
2024-03-01 14:42:00,39.66,41.04,44.91
2024-03-01 14:42:30,42.59,40.5,41.9
2024-03-01 14:43:00,41.05,42.93,44.13
2024-03-01 14:43:30,40.67,42.98,42.23
2024-03-01 14:44:00,42.95,41.34,42.12
2024-03-01 14:44:30,42.74,41.81,44.13
2024-03-01 14:45:00,41.74,41.44,44.01
2024-03-01 14:45:30,42.03,40.97,41.24
2024-03-01 14:46:00,41.88,41.68,40.84
2024-03-01 14:46:30,43.96,41.17,43.95
2024-03-01 14:47:00,42.08,40.22,44.3
2024-03-01 14:47:30,41.34,42.64,41.17
2024-03-01 14:48:00,42.04,40.63,42.49
2024-03-01 14:48:30,40.95,41.93,40.57
2024-03-01 14:49:00,39.51,40.76,
2024-03-01 14:49:30,42.9,40.95,44.53
2024-03-01 14:50:00,42.29,38.33,43.18
2024-03-01 14:50:30,43.3,40.24,42.82
2024-03-01 14:51:00,41.55,39.54,44.39
2024-03-01 14:51:30,41.66,40.94,40.82
2024-03-01 14:52:00,38.76,40.39,43.33
2024-03-01 14:52:30,40.43,40.57,44.24
2024-03-01 14:53:00,41.15,42.1,44.1
2024-03-01 14:53:30,42.21,42.29,42.66
2024-03-01 14:54:00,41.62,41.31,40.89
2024-03-01 14:54:30,40.57,38.85,42.36
2024-03-01 14:55:00,43.55,41.98,40.12
2024-03-01 14:55:30,42.78,40.27,42.85
2024-03-01 14:56:00,40.14,38.29,42.75
2024-03-01 14:56:30,41.02,42.09,45.94
2024-03-01 14:57:00,43.23,40.08,42.21
2024-03-01 14:57:30,43.15,39.16,43.33
2024-03-01 14:58:00,43.79,41.12,41.12
2024-03-01 14:58:30,41.37,41.74,43.72
2024-03-01 14:59:00,41.82,40.05,42.08
2024-03-01 14:59:30,39.91,40.64,41.89
2024-03-01 15:00:00,39.81,40.76,42.26
2024-03-01 15:00:30,40.93,41.76,
2024-03-01 15:01:00,42.24,40.5,40.29
2024-03-01 15:01:30,43.44,40.73,42.97
2024-03-01 15:02:00,41.76,41.29,44.75
2024-03-01 15:02:30,44.59,39.71,43.43
2024-03-01 15:03:00,40.11,38.9,43.78
2024-03-01 15:03:30,41.24,42.49,40.18
2024-03-01 15:04:00,42.42,39.39,40.53
2024-03-01 15:04:30,41.35,40.35,40.73
2024-03-01 15:05:00,41.84,40.39,40.92
2024-03-01 15:05:30,39.18,39.79,40.86
2024-03-01 15:06:00,40.88,38.2,40.9
2024-03-01 15:06:30,41.4,39.23,43.59
2024-03-01 15:07:00,40.48,40.35,43.99
2024-03-01 15:07:30,41.88,41.77,43.41
2024-03-01 15:08:00,41.23,39.85,
2024-03-01 15:08:30,41.1,39.62,40.9
2024-03-01 15:09:00,41.6,38.41,40.61
2024-03-01 15:09:30,42.67,39.97,45.68
2024-03-01 15:10:00,42.45,40.37,42.33
2024-03-01 15:10:30,41.75,40.89,43.41
2024-03-01 15:11:00,40.96,40.38,
2024-03-01 15:11:30,40.36,39.19,39.76
2024-03-01 15:12:00,40.01,37.09,41.21
2024-03-01 15:12:30,41.49,42.88,41.45
2024-03-01 15:13:00,42.5,40.69,43.94
2024-03-01 15:13:30,41.34,40.23,41.77
2024-03-01 15:14:00,39.37,38.9,40.97
2024-03-01 15:14:30,40.51,39.35,40.8
2024-03-01 15:15:00,38.34,40.39,42.48
2024-03-01 15:15:30,41.71,38.42,41.47
2024-03-01 15:16:00,41.84,40.4,39.65
2024-03-01 15:16:30,40.62,39.26,40.17
2024-03-01 15:17:00,41.78,38.79,41.71
2024-03-01 15:17:30,40.51,38.63,41.71
2024-03-01 15:18:00,41.83,39.01,39.07
2024-03-01 15:18:30,41.04,37.4,39.82
2024-03-01 15:19:00,39.8,37.6,40.04
2024-03-01 15:19:30,40.57,38.62,
2024-03-01 15:20:00,38.16,39.42,40.25
2024-03-01 15:20:30,39.48,39.43,42.15
2024-03-01 15:21:00,41.62,38.75,42.66
2024-03-01 15:21:30,42.41,38.86,40.05
2024-03-01 15:22:00,41.65,40.94,39.41
2024-03-01 15:22:30,40.83,39.07,39.91
2024-03-01 15:23:00,42.28,39.26,40.84
2024-03-01 15:23:30,38.92,39.2,40.87
2024-03-01 15:24:00,39.13,39.88,41.45
2024-03-01 15:24:30,38.41,38.37,42.82
2024-03-01 15:25:00,38.16,39.09,41.29
2024-03-01 15:25:30,39.66,38.74,
2024-03-01 15:26:00,40.62,37.78,42.37
2024-03-01 15:26:30,36.91,37.96,40.17
2024-03-01 15:27:00,41.44,38.66,44.02
2024-03-01 15:27:30,39.94,41.98,42.13
2024-03-01 15:28:00,42.47,40.47,42.78
2024-03-01 15:28:30,42.26,38.94,42.83
2024-03-01 15:29:00,39.19,38.55,40.74
2024-03-01 15:29:30,39.08,39.35,40.96
2024-03-01 15:30:00,39.56,37.7,39.09
2024-03-01 15:30:30,41.54,,40.94
2024-03-01 15:31:00,40.66,38.38,40.66
2024-03-01 15:31:30,41.49,38.84,36.56
2024-03-01 15:32:00,37.77,37.84,39.27
2024-03-01 15:32:30,39.67,37.98,41.14
2024-03-01 15:33:00,39.53,40.25,42.28
2024-03-01 15:33:30,40.47,38.25,
2024-03-01 15:34:00,40.5,39.7,41.78
2024-03-01 15:34:30,39.8,38.62,41.3
2024-03-01 15:35:00,38.13,38.68,41.41
2024-03-01 15:35:30,41.82,38.2,42.45
2024-03-01 15:36:00,40.97,37.78,40.08
2024-03-01 15:36:30,39.35,38.75,40.08
2024-03-01 15:37:00,38.31,37.91,40.94
2024-03-01 15:37:30,40.64,38.77,41.83
2024-03-01 15:38:00,40.01,38.82,38.67
2024-03-01 15:38:30,37.84,39.26,40.66
2024-03-01 15:39:00,39.33,38.39,40.89
2024-03-01 15:39:30,40.28,38.62,38.04
2024-03-01 15:40:00,40.18,38.34,39.66
2024-03-01 15:40:30,38.85,38.3,40.84
2024-03-01 15:41:00,41.17,39.01,42.91
2024-03-01 15:41:30,40.01,37.78,37.92
2024-03-01 15:42:00,41.42,38.62,40.17
2024-03-01 15:42:30,38.49,38.98,41.81
2024-03-01 15:43:00,40.89,38.79,40.48
2024-03-01 15:43:30,39.91,37.11,41.02
2024-03-01 15:44:00,36.95,38.4,40.17
2024-03-01 15:44:30,40.06,36.58,39.69
2024-03-01 15:45:00,39.45,37.89,40.55
2024-03-01 15:45:30,38.47,36.74,38.76
2024-03-01 15:46:00,41.32,37.81,38.72
2024-03-01 15:46:30,38.3,38.3,41.09
2024-03-01 15:47:00,39.15,38.19,41.89
2024-03-01 15:47:30,37.3,36.19,41.62
2024-03-01 15:48:00,41.24,35.7,38.85
2024-03-01 15:48:30,39.12,37.37,41.2
2024-03-01 15:49:00,38.03,38.46,39.36
2024-03-01 15:49:30,39.51,39.01,38.27
2024-03-01 15:50:00,40.16,39.53,42.0
2024-03-01 15:50:30,38.28,38.76,41.29
2024-03-01 15:51:00,38.92,38.03,38.91
2024-03-01 15:51:30,37.91,37.96,39.97
2024-03-01 15:52:00,39.03,39.06,39.4
2024-03-01 15:52:30,40.52,38.05,41.77
2024-03-01 15:53:00,39.67,38.78,40.35
2024-03-01 15:53:30,38.74,37.74,38.87
2024-03-01 15:54:00,38.69,39.38,42.54
2024-03-01 15:54:30,40.31,38.63,38.2
2024-03-01 15:55:00,38.76,37.42,41.73
2024-03-01 15:55:30,38.59,38.22,39.85
2024-03-01 15:56:00,41.53,37.33,37.35
2024-03-01 15:56:30,39.67,38.09,37.69
2024-03-01 15:57:00,40.08,39.42,40.29
2024-03-01 15:57:30,35.99,37.17,42.12
2024-03-01 15:58:00,40.63,35.79,
2024-03-01 15:58:30,38.59,39.23,
2024-03-01 15:59:00,39.63,36.86,41.64
2024-03-01 15:59:30,37.49,38.42,38.28
2024-03-01 16:00:00,37.27,37.91,39.47
2024-03-01 16:00:30,39.35,38.04,38.24
2024-03-01 16:01:00,34.32,37.65,37.9
2024-03-01 16:01:30,37.2,37.21,40.36
2024-03-01 16:02:00,39.86,38.4,37.98
2024-03-01 16:02:30,38.45,36.3,41.18
2024-03-01 16:03:00,38.64,38.56,39.09
2024-03-01 16:03:30,39.54,38.27,38.71
2024-03-01 16:04:00,37.71,38.88,
2024-03-01 16:04:30,36.06,37.22,39.62
2024-03-01 16:05:00,38.09,37.49,38.66
2024-03-01 16:05:30,39.22,37.14,39.67
2024-03-01 16:06:00,36.69,35.83,39.36
2024-03-01 16:06:30,37.01,37.89,39.59
2024-03-01 16:07:00,38.47,35.2,40.74
2024-03-01 16:07:30,37.46,36.26,39.95
2024-03-01 16:08:00,37.87,39.52,39.33
2024-03-01 16:08:30,37.61,37.28,36.23
2024-03-01 16:09:00,39.03,36.84,37.78
2024-03-01 16:09:30,37.16,37.85,36.63
2024-03-01 16:10:00,38.18,37.02,39.28
2024-03-01 16:10:30,40.93,38.32,37.42
2024-03-01 16:11:00,38.73,37.5,37.53
2024-03-01 16:11:30,39.01,36.63,40.09
2024-03-01 16:12:00,40.85,39.01,40.09
2024-03-01 16:12:30,39.18,36.0,38.35
2024-03-01 16:13:00,38.34,36.94,37.9
2024-03-01 16:13:30,,37.02,38.42
2024-03-01 16:14:00,38.23,37.12,38.76
2024-03-01 16:14:30,36.95,37.51,38.92
2024-03-01 16:15:00,36.84,36.33,38.62
2024-03-01 16:15:30,40.79,37.09,37.89
2024-03-01 16:16:00,37.33,36.15,38.43
2024-03-01 16:16:30,36.61,37.64,41.78
2024-03-01 16:17:00,40.28,38.36,39.43
2024-03-01 16:17:30,39.21,36.81,40.24
2024-03-01 16:18:00,38.7,36.09,37.0
2024-03-01 16:18:30,36.26,37.07,40.21
2024-03-01 16:19:00,36.92,37.23,39.66
2024-03-01 16:19:30,36.26,37.42,37.48
2024-03-01 16:20:00,36.54,38.26,40.03
2024-03-01 16:20:30,39.25,36.28,36.81
2024-03-01 16:21:00,36.96,36.59,40.96
2024-03-01 16:21:30,38.47,35.24,39.52
2024-03-01 16:22:00,37.99,36.28,38.87
2024-03-01 16:22:30,37.71,35.66,39.5
2024-03-01 16:23:00,36.49,35.77,37.4
2024-03-01 16:23:30,37.91,36.36,40.0
2024-03-01 16:24:00,36.57,38.32,37.49
2024-03-01 16:24:30,38.08,35.95,39.1
2024-03-01 16:25:00,36.36,36.24,40.29
2024-03-01 16:25:30,37.5,36.02,40.31
2024-03-01 16:26:00,38.16,38.34,39.23
2024-03-01 16:26:30,37.69,38.83,37.74
2024-03-01 16:27:00,40.5,36.12,38.75
2024-03-01 16:27:30,40.64,38.17,39.02
2024-03-01 16:28:00,36.36,35.51,37.08
2024-03-01 16:28:30,37.67,35.78,37.9
2024-03-01 16:29:00,39.14,36.22,38.04
2024-03-01 16:29:30,38.08,36.15,39.09
2024-03-01 16:30:00,39.24,35.47,39.24
2024-03-01 16:30:30,37.49,36.04,36.82
2024-03-01 16:31:00,36.52,36.11,38.27
2024-03-01 16:31:30,36.23,,39.07
2024-03-01 16:32:00,38.73,35.48,39.02
2024-03-01 16:32:30,36.12,37.15,36.37
2024-03-01 16:33:00,36.02,36.38,37.65
2024-03-01 16:33:30,37.17,36.4,37.44
2024-03-01 16:34:00,37.49,36.4,37.95
2024-03-01 16:34:30,37.51,38.72,39.21
2024-03-01 16:35:00,38.39,36.56,38.59
2024-03-01 16:35:30,37.22,35.74,39.95
2024-03-01 16:36:00,35.88,36.21,38.74
2024-03-01 16:36:30,36.66,35.61,35.35
2024-03-01 16:37:00,39.19,34.21,40.48
2024-03-01 16:37:30,38.54,37.54,38.88
2024-03-01 16:38:00,36.59,36.05,38.94
2024-03-01 16:38:30,36.91,35.81,38.05
2024-03-01 16:39:00,37.75,37.17,39.05
2024-03-01 16:39:30,36.1,35.85,38.27
2024-03-01 16:40:00,36.31,36.45,35.77
2024-03-01 16:40:30,38.79,36.79,37.07
2024-03-01 16:41:00,39.59,36.16,36.98
2024-03-01 16:41:30,37.55,34.84,36.98
2024-03-01 16:42:00,36.96,35.11,37.8
2024-03-01 16:42:30,37.7,34.65,36.49
2024-03-01 16:43:00,37.39,34.89,39.69
2024-03-01 16:43:30,36.88,35.3,36.73
2024-03-01 16:44:00,37.11,36.18,38.52
2024-03-01 16:44:30,37.23,36.93,35.78
2024-03-01 16:45:00,37.43,35.35,37.46
2024-03-01 16:45:30,37.34,35.49,37.78
2024-03-01 16:46:00,37.49,37.16,36.76
2024-03-01 16:46:30,36.06,36.6,37.99
2024-03-01 16:47:00,36.41,33.58,36.78
2024-03-01 16:47:30,36.32,36.15,37.17
2024-03-01 16:48:00,37.29,36.97,39.08
2024-03-01 16:48:30,36.73,36.06,37.34
2024-03-01 16:49:00,36.5,35.9,37.89
2024-03-01 16:49:30,38.53,32.37,37.52
2024-03-01 16:50:00,36.35,34.19,35.36
2024-03-01 16:50:30,35.94,35.96,
2024-03-01 16:51:00,35.81,35.97,37.64
2024-03-01 16:51:30,38.25,35.14,38.75
2024-03-01 16:52:00,35.17,34.32,37.57
2024-03-01 16:52:30,36.73,34.92,36.87
2024-03-01 16:53:00,36.93,34.79,38.85
2024-03-01 16:53:30,37.96,35.45,36.39
2024-03-01 16:54:00,36.37,35.05,38.67
2024-03-01 16:54:30,36.64,36.08,38.94
2024-03-01 16:55:00,36.95,35.32,35.11
2024-03-01 16:55:30,38.2,33.69,41.07
2024-03-01 16:56:00,36.81,33.53,36.57
2024-03-01 16:56:30,36.05,36.57,36.36
2024-03-01 16:57:00,37.88,,37.36
2024-03-01 16:57:30,36.61,,37.49
2024-03-01 16:58:00,34.06,34.91,39.0
2024-03-01 16:58:30,37.29,36.84,
2024-03-01 16:59:00,38.04,33.82,36.71
2024-03-01 16:59:30,36.24,35.17,38.6
2024-03-01 17:00:00,38.4,34.29,37.75
2024-03-01 17:00:30,38.88,34.81,35.2
2024-03-01 17:01:00,35.67,36.95,38.14
2024-03-01 17:01:30,37.21,35.74,39.7
2024-03-01 17:02:00,35.84,34.79,
2024-03-01 17:02:30,37.55,34.75,35.21
2024-03-01 17:03:00,36.82,34.24,37.14
2024-03-01 17:03:30,39.41,34.92,37.42
2024-03-01 17:04:00,35.93,34.31,35.71
2024-03-01 17:04:30,38.1,35.97,35.86
2024-03-01 17:05:00,35.36,36.0,36.96
2024-03-01 17:05:30,36.76,34.14,38.19
2024-03-01 17:06:00,36.79,34.5,39.02
2024-03-01 17:06:30,35.11,33.32,35.49
2024-03-01 17:07:00,,34.13,37.68
2024-03-01 17:07:30,36.46,33.44,35.23
2024-03-01 17:08:00,36.16,34.56,37.99
2024-03-01 17:08:30,36.19,35.44,37.15
2024-03-01 17:09:00,37.4,35.46,37.69
2024-03-01 17:09:30,36.83,36.24,39.54
2024-03-01 17:10:00,35.75,34.26,37.1
2024-03-01 17:10:30,37.48,36.25,36.2
2024-03-01 17:11:00,36.17,35.38,36.42
2024-03-01 17:11:30,36.85,33.28,39.02
2024-03-01 17:12:00,36.06,34.5,37.18
2024-03-01 17:12:30,36.96,35.7,38.22
2024-03-01 17:13:00,33.45,34.1,36.14
2024-03-01 17:13:30,35.77,35.85,38.13
2024-03-01 17:14:00,37.66,33.12,36.9
2024-03-01 17:14:30,37.62,35.88,36.21
2024-03-01 17:15:00,34.56,35.2,34.49
2024-03-01 17:15:30,34.95,36.08,36.9
2024-03-01 17:16:00,34.25,34.06,34.68
2024-03-01 17:16:30,36.99,36.31,34.72
2024-03-01 17:17:00,34.41,34.25,37.45
2024-03-01 17:17:30,35.12,36.41,37.09
2024-03-01 17:18:00,35.84,34.66,39.6
2024-03-01 17:18:30,35.61,33.41,36.16
2024-03-01 17:19:00,38.11,34.58,35.37
2024-03-01 17:19:30,34.7,33.41,36.72
2024-03-01 17:20:00,35.05,32.57,35.43
2024-03-01 17:20:30,35.56,34.25,38.7
2024-03-01 17:21:00,36.24,34.28,34.35
2024-03-01 17:21:30,35.09,35.03,37.99
2024-03-01 17:22:00,36.16,35.45,35.63
2024-03-01 17:22:30,36.41,35.19,35.77
2024-03-01 17:23:00,37.47,35.23,35.38
2024-03-01 17:23:30,34.13,33.12,38.43
2024-03-01 17:24:00,35.22,37.27,38.57
2024-03-01 17:24:30,37.47,33.45,36.32
2024-03-01 17:25:00,35.04,34.5,37.7
2024-03-01 17:25:30,35.05,34.42,34.5
2024-03-01 17:26:00,37.66,34.63,37.37
2024-03-01 17:26:30,36.07,36.29,35.62
2024-03-01 17:27:00,36.3,34.99,35.76
2024-03-01 17:27:30,36.8,34.38,36.76
2024-03-01 17:28:00,33.77,34.39,37.48
2024-03-01 17:28:30,37.29,35.33,34.27
2024-03-01 17:29:00,35.86,34.01,36.22
2024-03-01 17:29:30,35.24,32.96,37.14
2024-03-01 17:30:00,35.19,34.0,35.54
2024-03-01 17:30:30,33.78,33.75,35.59
2024-03-01 17:31:00,34.73,33.42,36.39
2024-03-01 17:31:30,35.2,35.14,32.56
2024-03-01 17:32:00,34.85,34.27,
2024-03-01 17:32:30,36.12,32.19,38.56
2024-03-01 17:33:00,37.19,35.77,36.3
2024-03-01 17:33:30,36.23,34.08,36.9
2024-03-01 17:34:00,35.14,34.92,34.35
2024-03-01 17:34:30,36.08,34.65,33.13
2024-03-01 17:35:00,37.64,35.89,33.87
2024-03-01 17:35:30,35.52,34.46,34.92
2024-03-01 17:36:00,37.62,32.25,
2024-03-01 17:36:30,31.89,33.33,36.15
2024-03-01 17:37:00,35.21,34.33,36.48
2024-03-01 17:37:30,34.96,33.69,33.89
2024-03-01 17:38:00,35.19,34.06,35.51
2024-03-01 17:38:30,36.06,32.75,37.81
2024-03-01 17:39:00,34.05,32.62,36.43
2024-03-01 17:39:30,36.24,34.17,35.05
2024-03-01 17:40:00,35.26,35.74,36.77
2024-03-01 17:40:30,35.94,33.07,37.76
2024-03-01 17:41:00,33.82,35.53,34.42
2024-03-01 17:41:30,33.8,33.94,36.74
2024-03-01 17:42:00,35.83,34.91,34.62
2024-03-01 17:42:30,33.09,35.44,36.62
2024-03-01 17:43:00,33.12,32.13,36.41
2024-03-01 17:43:30,34.87,34.35,39.31
2024-03-01 17:44:00,35.72,33.48,35.58
2024-03-01 17:44:30,33.61,32.66,35.7
2024-03-01 17:45:00,34.05,33.58,
2024-03-01 17:45:30,35.74,34.31,36.64
2024-03-01 17:46:00,36.55,33.41,37.66
2024-03-01 17:46:30,36.87,33.55,36.37
2024-03-01 17:47:00,35.53,33.15,33.35
2024-03-01 17:47:30,35.39,32.77,34.13
2024-03-01 17:48:00,33.03,33.65,35.27
2024-03-01 17:48:30,34.06,34.35,33.83
2024-03-01 17:49:00,34.79,33.11,33.47
2024-03-01 17:49:30,32.58,32.57,34.78
2024-03-01 17:50:00,34.67,34.08,38.57
2024-03-01 17:50:30,36.22,33.48,
2024-03-01 17:51:00,,34.72,36.84
2024-03-01 17:51:30,35.62,32.01,36.7
2024-03-01 17:52:00,35.61,34.68,36.02
2024-03-01 17:52:30,35.17,33.84,33.65
2024-03-01 17:53:00,34.69,34.22,34.04
2024-03-01 17:53:30,34.91,33.06,35.57
2024-03-01 17:54:00,34.46,33.45,34.03
2024-03-01 17:54:30,33.24,33.87,39.1
2024-03-01 17:55:00,35.67,34.79,32.88
2024-03-01 17:55:30,35.2,32.57,34.13
2024-03-01 17:56:00,33.77,32.14,36.16
2024-03-01 17:56:30,33.29,33.25,37.44
2024-03-01 17:57:00,32.97,33.45,37.88
2024-03-01 17:57:30,33.56,34.84,37.63
2024-03-01 17:58:00,33.24,33.13,34.6
2024-03-01 17:58:30,34.85,33.47,
2024-03-01 17:59:00,33.96,34.09,33.86
2024-03-01 17:59:30,33.52,33.8,36.67
2024-03-01 18:00:00,33.43,33.59,35.52
2024-03-01 18:00:30,32.37,32.91,33.05
2024-03-01 18:01:00,34.48,34.76,34.35
2024-03-01 18:01:30,34.66,32.83,38.42
2024-03-01 18:02:00,34.93,34.63,36.77
2024-03-01 18:02:30,34.69,33.28,36.38
2024-03-01 18:03:00,36.52,33.84,33.52
2024-03-01 18:03:30,34.18,32.95,33.55
2024-03-01 18:04:00,34.21,33.68,34.68
2024-03-01 18:04:30,33.91,31.46,33.56
2024-03-01 18:05:00,33.31,32.83,34.0
2024-03-01 18:05:30,32.21,34.77,36.41
2024-03-01 18:06:00,32.08,33.69,36.42
2024-03-01 18:06:30,36.54,31.33,35.67
2024-03-01 18:07:00,32.96,34.02,33.05
2024-03-01 18:07:30,31.85,33.33,33.56
2024-03-01 18:08:00,34.07,32.99,36.0
2024-03-01 18:08:30,33.54,33.95,35.69
2024-03-01 18:09:00,34.43,31.77,34.15
2024-03-01 18:09:30,32.97,33.4,35.78
2024-03-01 18:10:00,34.05,34.03,35.74
2024-03-01 18:10:30,33.32,33.22,
2024-03-01 18:11:00,34.01,32.29,32.47
2024-03-01 18:11:30,35.39,34.03,37.11
2024-03-01 18:12:00,34.59,31.16,35.38
2024-03-01 18:12:30,33.67,34.19,38.41
2024-03-01 18:13:00,34.04,32.6,34.46
2024-03-01 18:13:30,35.78,33.03,35.19
2024-03-01 18:14:00,33.4,31.97,33.95
2024-03-01 18:14:30,32.72,34.16,35.2
2024-03-01 18:15:00,32.25,31.56,35.14
2024-03-01 18:15:30,35.08,34.68,34.88
2024-03-01 18:16:00,32.36,33.53,36.93
2024-03-01 18:16:30,34.88,33.51,32.62
2024-03-01 18:17:00,33.42,33.18,36.05
2024-03-01 18:17:30,33.41,,36.73
2024-03-01 18:18:00,36.29,32.66,34.55
2024-03-01 18:18:30,35.12,34.06,33.35
2024-03-01 18:19:00,34.84,32.7,36.38
2024-03-01 18:19:30,32.55,31.03,32.45
2024-03-01 18:20:00,33.85,33.64,33.72
2024-03-01 18:20:30,32.76,32.56,35.74
2024-03-01 18:21:00,33.47,33.37,34.3
2024-03-01 18:21:30,35.09,33.46,36.89
2024-03-01 18:22:00,33.7,32.67,36.08
2024-03-01 18:22:30,31.91,34.43,33.51
2024-03-01 18:23:00,34.13,33.67,32.51
2024-03-01 18:23:30,32.95,32.13,34.39
2024-03-01 18:24:00,33.77,32.26,36.57
2024-03-01 18:24:30,34.82,33.49,34.14
2024-03-01 18:25:00,32.62,32.91,34.0
2024-03-01 18:25:30,34.31,32.96,34.58
2024-03-01 18:26:00,34.6,31.11,31.47
2024-03-01 18:26:30,35.9,32.19,36.25
2024-03-01 18:27:00,32.27,29.83,35.22
2024-03-01 18:27:30,34.15,31.31,31.29
2024-03-01 18:28:00,34.96,32.49,34.72
2024-03-01 18:28:30,34.64,33.28,32.74
2024-03-01 18:29:00,34.84,30.63,35.6
2024-03-01 18:29:30,34.48,32.81,36.13
2024-03-01 18:30:00,35.5,31.43,
2024-03-01 18:30:30,34.41,32.33,34.66
2024-03-01 18:31:00,33.76,34.07,35.46
2024-03-01 18:31:30,34.88,30.95,
2024-03-01 18:32:00,34.52,33.24,
2024-03-01 18:32:30,33.7,31.62,34.32
2024-03-01 18:33:00,,31.3,32.57
2024-03-01 18:33:30,35.25,33.66,36.67
2024-03-01 18:34:00,33.24,33.87,34.1
2024-03-01 18:34:30,34.42,33.47,36.53
2024-03-01 18:35:00,33.53,32.49,32.58
2024-03-01 18:35:30,34.01,32.17,34.1
2024-03-01 18:36:00,31.84,32.37,34.1
2024-03-01 18:36:30,32.66,32.8,32.42
2024-03-01 18:37:00,32.35,31.41,35.22
2024-03-01 18:37:30,34.79,34.07,35.44
2024-03-01 18:38:00,35.16,33.42,34.53
2024-03-01 18:38:30,32.91,31.69,33.34
2024-03-01 18:39:00,37.76,33.46,33.48
2024-03-01 18:39:30,32.38,33.09,33.99
2024-03-01 18:40:00,33.59,33.33,34.11
2024-03-01 18:40:30,32.0,33.7,34.8
2024-03-01 18:41:00,33.1,33.53,34.13
2024-03-01 18:41:30,35.28,33.08,
2024-03-01 18:42:00,34.78,32.97,34.2
2024-03-01 18:42:30,31.77,33.38,32.46
2024-03-01 18:43:00,33.73,33.45,33.6
2024-03-01 18:43:30,32.98,33.16,34.3
2024-03-01 18:44:00,36.11,31.78,35.61
2024-03-01 18:44:30,32.72,30.17,31.97
2024-03-01 18:45:00,33.78,32.27,31.78
2024-03-01 18:45:30,33.93,31.98,36.38
2024-03-01 18:46:00,34.68,33.28,35.73
2024-03-01 18:46:30,34.95,32.46,34.84
2024-03-01 18:47:00,34.11,31.69,32.74
2024-03-01 18:47:30,33.58,32.54,36.61
2024-03-01 18:48:00,33.96,31.26,34.07
2024-03-01 18:48:30,33.08,31.4,35.9
2024-03-01 18:49:00,32.95,30.61,33.95
2024-03-01 18:49:30,32.82,33.36,33.36
2024-03-01 18:50:00,32.91,32.73,33.67
2024-03-01 18:50:30,31.53,32.84,34.11
2024-03-01 18:51:00,35.05,32.82,33.7
2024-03-01 18:51:30,30.74,31.35,32.79
2024-03-01 18:52:00,32.62,30.63,31.85
2024-03-01 18:52:30,32.97,32.74,34.87
2024-03-01 18:53:00,34.34,32.48,35.35
2024-03-01 18:53:30,33.94,32.69,33.82
2024-03-01 18:54:00,33.99,32.14,33.81
2024-03-01 18:54:30,32.39,32.93,34.61
2024-03-01 18:55:00,33.84,32.61,35.51
2024-03-01 18:55:30,35.11,33.06,33.77
2024-03-01 18:56:00,35.14,33.75,34.47
2024-03-01 18:56:30,33.29,30.95,35.29
2024-03-01 18:57:00,33.38,32.29,34.19
2024-03-01 18:57:30,32.94,32.22,33.79
2024-03-01 18:58:00,32.99,32.67,34.64
2024-03-01 18:58:30,31.52,30.39,35.01
2024-03-01 18:59:00,35.89,33.06,32.88
2024-03-01 18:59:30,33.53,34.77,34.48
2024-03-01 19:00:00,33.32,33.74,32.54
2024-03-01 19:00:30,35.45,34.16,33.33
2024-03-01 19:01:00,35.73,32.24,33.38
2024-03-01 19:01:30,33.12,32.23,35.72
2024-03-01 19:02:00,32.57,32.3,31.72
2024-03-01 19:02:30,32.76,32.24,31.59
2024-03-01 19:03:00,34.52,30.2,34.53
2024-03-01 19:03:30,32.0,33.3,35.64
2024-03-01 19:04:00,34.85,31.06,35.55
2024-03-01 19:04:30,32.67,31.98,32.12
2024-03-01 19:05:00,33.33,33.89,33.55
2024-03-01 19:05:30,32.88,34.01,
2024-03-01 19:06:00,34.82,33.17,32.22
2024-03-01 19:06:30,34.52,32.33,33.6
2024-03-01 19:07:00,33.51,31.82,32.53
2024-03-01 19:07:30,34.18,31.64,33.26
2024-03-01 19:08:00,31.96,33.63,33.9
2024-03-01 19:08:30,31.19,32.73,36.18
2024-03-01 19:09:00,33.17,31.91,
2024-03-01 19:09:30,30.55,33.18,
2024-03-01 19:10:00,33.15,33.25,31.63
2024-03-01 19:10:30,32.56,30.7,34.08
2024-03-01 19:11:00,33.0,32.5,36.57
2024-03-01 19:11:30,34.33,31.75,32.07
2024-03-01 19:12:00,30.99,,35.28
2024-03-01 19:12:30,33.97,32.33,33.81
2024-03-01 19:13:00,32.23,31.5,35.13
2024-03-01 19:13:30,33.12,29.96,34.92
2024-03-01 19:14:00,33.33,31.77,34.82
2024-03-01 19:14:30,33.46,30.79,33.95
2024-03-01 19:15:00,31.4,30.07,32.89
2024-03-01 19:15:30,32.64,31.43,34.89
2024-03-01 19:16:00,32.36,33.27,34.4
2024-03-01 19:16:30,34.28,30.89,31.29
2024-03-01 19:17:00,33.54,32.34,33.75
2024-03-01 19:17:30,33.71,30.42,34.95
2024-03-01 19:18:00,34.22,31.93,32.6
2024-03-01 19:18:30,32.66,32.94,32.4
2024-03-01 19:19:00,33.42,29.22,35.61
2024-03-01 19:19:30,33.51,33.27,36.11
2024-03-01 19:20:00,33.96,32.77,33.91
2024-03-01 19:20:30,35.02,32.25,33.16
2024-03-01 19:21:00,33.55,30.86,33.71
2024-03-01 19:21:30,30.63,31.01,33.84
2024-03-01 19:22:00,32.55,32.68,34.8
2024-03-01 19:22:30,31.91,32.21,32.87
2024-03-01 19:23:00,33.39,33.59,33.84
2024-03-01 19:23:30,32.1,30.76,33.9
2024-03-01 19:24:00,32.56,32.62,34.68
2024-03-01 19:24:30,33.25,32.96,33.76
2024-03-01 19:25:00,34.02,31.71,35.2
2024-03-01 19:25:30,34.55,32.1,34.58
2024-03-01 19:26:00,33.4,32.4,34.94
2024-03-01 19:26:30,33.15,31.65,32.53
2024-03-01 19:27:00,30.81,32.25,34.68
2024-03-01 19:27:30,32.39,32.24,31.46
2024-03-01 19:28:00,33.92,30.24,35.46
2024-03-01 19:28:30,31.48,31.47,33.24
2024-03-01 19:29:00,34.38,32.38,36.12
2024-03-01 19:29:30,34.31,34.65,33.66
2024-03-01 19:30:00,34.04,32.41,36.68
2024-03-01 19:30:30,34.68,32.47,32.68
2024-03-01 19:31:00,32.12,32.37,32.38
2024-03-01 19:31:30,30.91,31.47,33.27
2024-03-01 19:32:00,34.59,31.72,34.43
2024-03-01 19:32:30,33.91,31.89,34.57
2024-03-01 19:33:00,33.97,32.38,34.67
2024-03-01 19:33:30,33.84,32.25,34.01
2024-03-01 19:34:00,32.31,32.77,33.14
2024-03-01 19:34:30,32.81,30.03,32.46
2024-03-01 19:35:00,30.35,32.64,32.06
2024-03-01 19:35:30,34.99,30.71,32.2
2024-03-01 19:36:00,33.17,31.68,34.03
2024-03-01 19:36:30,32.43,32.81,36.23
2024-03-01 19:37:00,34.8,31.21,32.55
2024-03-01 19:37:30,33.58,30.2,34.43
2024-03-01 19:38:00,33.51,30.62,33.81
2024-03-01 19:38:30,33.55,32.78,
2024-03-01 19:39:00,34.12,32.57,31.45
2024-03-01 19:39:30,32.25,31.1,33.31
2024-03-01 19:40:00,32.98,32.78,31.0
2024-03-01 19:40:30,32.12,32.52,34.82
2024-03-01 19:41:00,31.66,33.27,35.95
2024-03-01 19:41:30,34.19,31.88,33.45
2024-03-01 19:42:00,34.82,33.2,32.93
2024-03-01 19:42:30,32.54,33.24,33.99
2024-03-01 19:43:00,34.13,31.29,32.02
2024-03-01 19:43:30,31.79,32.18,34.03
2024-03-01 19:44:00,32.85,33.77,36.88
2024-03-01 19:44:30,33.19,32.05,34.37
2024-03-01 19:45:00,32.23,31.43,33.57
2024-03-01 19:45:30,32.61,32.83,30.8
2024-03-01 19:46:00,33.09,31.41,32.3
2024-03-01 19:46:30,33.14,33.02,30.83
2024-03-01 19:47:00,33.98,33.43,32.01
2024-03-01 19:47:30,35.07,31.3,31.24
2024-03-01 19:48:00,34.35,31.34,33.17
2024-03-01 19:48:30,33.76,32.15,34.19
2024-03-01 19:49:00,33.59,33.32,32.27
2024-03-01 19:49:30,33.07,32.32,32.97
2024-03-01 19:50:00,33.64,30.91,33.28
2024-03-01 19:50:30,32.58,33.26,32.33
2024-03-01 19:51:00,32.74,,29.82
2024-03-01 19:51:30,32.46,31.45,
2024-03-01 19:52:00,32.6,31.74,31.31
2024-03-01 19:52:30,34.07,31.73,33.18
2024-03-01 19:53:00,31.43,32.92,33.37
2024-03-01 19:53:30,34.65,31.03,33.07
2024-03-01 19:54:00,31.75,32.23,33.33
2024-03-01 19:54:30,30.06,32.41,34.17
2024-03-01 19:55:00,32.61,31.32,33.65
2024-03-01 19:55:30,32.55,30.66,33.52
2024-03-01 19:56:00,31.74,31.86,33.44
2024-03-01 19:56:30,32.12,31.91,31.73
2024-03-01 19:57:00,30.76,34.36,33.79
2024-03-01 19:57:30,32.7,30.92,33.44
2024-03-01 19:58:00,32.99,31.43,32.66
2024-03-01 19:58:30,30.85,30.95,32.77
2024-03-01 19:59:00,33.26,32.4,31.98
2024-03-01 19:59:30,34.0,31.88,35.18
2024-03-01 20:00:00,32.76,30.16,34.48
2024-03-01 20:00:30,30.92,32.9,32.38
2024-03-01 20:01:00,32.09,31.54,34.09
2024-03-01 20:01:30,32.63,33.41,31.9
2024-03-01 20:02:00,34.77,29.92,33.07
2024-03-01 20:02:30,33.17,32.3,34.18
2024-03-01 20:03:00,32.08,31.24,31.91
2024-03-01 20:03:30,32.69,32.35,31.45
2024-03-01 20:04:00,35.11,,35.02
2024-03-01 20:04:30,31.74,30.79,31.41
2024-03-01 20:05:00,32.08,30.32,33.18
2024-03-01 20:05:30,30.2,32.47,32.87
2024-03-01 20:06:00,32.23,32.44,33.6
2024-03-01 20:06:30,32.47,32.49,31.87
2024-03-01 20:07:00,33.42,31.53,32.12
2024-03-01 20:07:30,29.95,31.71,31.83
2024-03-01 20:08:00,30.94,33.24,35.97
2024-03-01 20:08:30,31.69,35.19,33.49
2024-03-01 20:09:00,34.27,32.41,30.34
2024-03-01 20:09:30,33.23,31.28,33.6
2024-03-01 20:10:00,32.57,32.43,33.4
2024-03-01 20:10:30,32.58,32.8,34.57
2024-03-01 20:11:00,34.34,31.71,33.42
2024-03-01 20:11:30,33.13,32.03,34.4
2024-03-01 20:12:00,32.84,31.72,33.19
2024-03-01 20:12:30,33.46,33.69,33.42
2024-03-01 20:13:00,32.3,,35.11
2024-03-01 20:13:30,33.61,32.25,30.77
2024-03-01 20:14:00,35.54,32.07,35.27
2024-03-01 20:14:30,31.69,31.97,34.0
2024-03-01 20:15:00,32.33,32.9,31.84
2024-03-01 20:15:30,34.55,32.25,33.47
2024-03-01 20:16:00,33.7,32.67,34.05
2024-03-01 20:16:30,34.15,30.86,33.79
2024-03-01 20:17:00,31.95,30.61,31.83
2024-03-01 20:17:30,33.2,32.18,30.42
2024-03-01 20:18:00,32.03,32.29,33.15
2024-03-01 20:18:30,33.64,32.28,33.68
2024-03-01 20:19:00,32.96,32.45,31.54
2024-03-01 20:19:30,32.93,33.11,32.81
2024-03-01 20:20:00,33.02,31.41,34.14
2024-03-01 20:20:30,33.87,31.02,32.18
2024-03-01 20:21:00,32.39,30.93,33.87
2024-03-01 20:21:30,32.67,33.35,34.38
2024-03-01 20:22:00,33.85,33.06,34.82
2024-03-01 20:22:30,31.47,,33.35
2024-03-01 20:23:00,32.66,31.63,32.55
2024-03-01 20:23:30,32.35,32.23,33.96
2024-03-01 20:24:00,34.95,32.84,32.35
2024-03-01 20:24:30,31.23,32.49,35.65
2024-03-01 20:25:00,32.71,32.61,35.05
2024-03-01 20:25:30,31.87,31.2,34.71
2024-03-01 20:26:00,33.85,33.68,34.12
2024-03-01 20:26:30,32.64,30.75,35.82
2024-03-01 20:27:00,33.38,31.33,
2024-03-01 20:27:30,32.65,31.28,30.88
2024-03-01 20:28:00,35.07,32.91,32.76
2024-03-01 20:28:30,33.67,31.1,33.39
2024-03-01 20:29:00,32.21,33.47,33.13
2024-03-01 20:29:30,32.94,31.2,34.09
2024-03-01 20:30:00,32.49,31.86,31.69
2024-03-01 20:30:30,31.09,31.88,33.63
2024-03-01 20:31:00,34.18,32.5,33.08
2024-03-01 20:31:30,31.57,32.96,33.57
2024-03-01 20:32:00,34.89,32.8,
2024-03-01 20:32:30,33.52,31.82,33.84
2024-03-01 20:33:00,32.85,32.36,33.92
2024-03-01 20:33:30,32.49,31.76,37.02
2024-03-01 20:34:00,33.28,31.13,
2024-03-01 20:34:30,34.16,33.24,32.65
2024-03-01 20:35:00,33.63,30.57,31.35
2024-03-01 20:35:30,32.87,31.75,36.68
2024-03-01 20:36:00,33.31,31.25,36.86
2024-03-01 20:36:30,35.32,32.43,32.44
2024-03-01 20:37:00,32.37,32.92,32.63
2024-03-01 20:37:30,33.45,33.12,34.76
2024-03-01 20:38:00,34.55,33.27,35.43
2024-03-01 20:38:30,,33.15,34.42
2024-03-01 20:39:00,32.12,29.93,33.0
2024-03-01 20:39:30,32.76,33.12,32.01
2024-03-01 20:40:00,31.25,30.53,35.1
2024-03-01 20:40:30,34.38,30.56,33.79
2024-03-01 20:41:00,31.18,31.92,34.51
2024-03-01 20:41:30,33.12,31.84,33.11
2024-03-01 20:42:00,35.4,33.59,35.63
2024-03-01 20:42:30,35.03,30.96,36.01
2024-03-01 20:43:00,33.26,30.78,33.17
2024-03-01 20:43:30,32.68,31.77,32.47
2024-03-01 20:44:00,33.27,31.93,31.94
2024-03-01 20:44:30,31.81,31.81,32.25
2024-03-01 20:45:00,33.1,32.27,33.11
2024-03-01 20:45:30,34.29,33.45,31.58
2024-03-01 20:46:00,32.27,32.81,33.48
2024-03-01 20:46:30,33.24,30.46,31.34
2024-03-01 20:47:00,33.88,32.23,32.94
2024-03-01 20:47:30,32.37,30.66,34.65
2024-03-01 20:48:00,34.24,32.42,34.0
2024-03-01 20:48:30,33.48,33.12,34.07
2024-03-01 20:49:00,33.21,31.0,31.15
2024-03-01 20:49:30,34.04,32.66,34.06
2024-03-01 20:50:00,36.27,32.01,35.13
2024-03-01 20:50:30,32.71,31.65,33.6
2024-03-01 20:51:00,33.7,33.88,34.47
2024-03-01 20:51:30,33.12,32.49,33.87
2024-03-01 20:52:00,33.4,31.49,33.99
2024-03-01 20:52:30,36.1,33.74,33.49
2024-03-01 20:53:00,33.15,31.11,31.43
2024-03-01 20:53:30,31.11,32.04,35.3
2024-03-01 20:54:00,31.08,31.49,34.57
2024-03-01 20:54:30,35.18,32.19,32.24
2024-03-01 20:55:00,32.73,33.16,35.64
2024-03-01 20:55:30,33.64,33.36,31.68
2024-03-01 20:56:00,33.24,31.05,33.63
2024-03-01 20:56:30,33.16,31.2,31.62
2024-03-01 20:57:00,34.36,31.65,34.52
2024-03-01 20:57:30,34.0,34.74,32.9
2024-03-01 20:58:00,34.64,33.27,34.77
2024-03-01 20:58:30,32.51,33.89,35.49
2024-03-01 20:59:00,33.14,33.05,34.43
2024-03-01 20:59:30,34.48,32.28,33.24
2024-03-01 21:00:00,32.61,33.66,34.13
2024-03-01 21:00:30,33.74,31.22,34.29
2024-03-01 21:01:00,34.16,33.51,35.73
2024-03-01 21:01:30,33.61,33.42,34.51
2024-03-01 21:02:00,,32.66,33.95
2024-03-01 21:02:30,33.11,33.0,35.19
2024-03-01 21:03:00,32.04,30.7,34.77
2024-03-01 21:03:30,34.53,32.43,35.47
2024-03-01 21:04:00,34.1,31.86,33.83
2024-03-01 21:04:30,31.04,32.17,35.16
2024-03-01 21:05:00,32.87,33.29,35.85
2024-03-01 21:05:30,33.61,32.75,34.53
2024-03-01 21:06:00,33.45,33.18,33.77
2024-03-01 21:06:30,32.66,30.11,34.05
2024-03-01 21:07:00,33.68,31.56,33.49
2024-03-01 21:07:30,34.01,33.26,32.67
2024-03-01 21:08:00,34.58,33.54,35.18
2024-03-01 21:08:30,35.3,32.89,35.2
2024-03-01 21:09:00,31.45,33.0,35.68
2024-03-01 21:09:30,32.66,,33.38
2024-03-01 21:10:00,30.84,31.6,33.85
2024-03-01 21:10:30,32.37,30.51,36.31
2024-03-01 21:11:00,33.58,32.92,35.03
2024-03-01 21:11:30,33.13,32.85,33.43
2024-03-01 21:12:00,34.02,31.49,34.38
2024-03-01 21:12:30,33.46,34.31,35.19
2024-03-01 21:13:00,33.47,33.2,34.83
2024-03-01 21:13:30,36.93,33.53,33.27
2024-03-01 21:14:00,32.4,34.2,34.15
2024-03-01 21:14:30,34.72,31.87,32.89
2024-03-01 21:15:00,33.19,33.3,37.42
2024-03-01 21:15:30,34.24,33.21,36.1
2024-03-01 21:16:00,33.14,32.12,33.68
2024-03-01 21:16:30,33.81,32.75,33.67
2024-03-01 21:17:00,33.95,34.4,
2024-03-01 21:17:30,32.61,31.67,32.24
2024-03-01 21:18:00,33.38,34.41,34.4
2024-03-01 21:18:30,34.6,33.58,35.06
2024-03-01 21:19:00,32.96,31.79,35.7
2024-03-01 21:19:30,33.29,31.76,33.61
2024-03-01 21:20:00,33.58,34.25,33.46
2024-03-01 21:20:30,31.99,35.4,35.56
2024-03-01 21:21:00,32.72,32.57,32.37
2024-03-01 21:21:30,32.01,33.44,35.24
2024-03-01 21:22:00,36.41,30.94,35.68
2024-03-01 21:22:30,36.19,33.53,33.62
2024-03-01 21:23:00,35.58,32.11,
2024-03-01 21:23:30,32.81,33.4,34.13
2024-03-01 21:24:00,34.12,31.61,33.1
2024-03-01 21:24:30,34.93,32.93,36.35
2024-03-01 21:25:00,32.5,30.75,33.57
2024-03-01 21:25:30,32.61,32.72,35.09
2024-03-01 21:26:00,34.98,34.08,35.19
2024-03-01 21:26:30,34.06,34.6,34.79
2024-03-01 21:27:00,33.71,32.96,34.09
2024-03-01 21:27:30,32.64,32.42,
2024-03-01 21:28:00,36.39,33.19,35.37
2024-03-01 21:28:30,32.78,33.07,34.75
2024-03-01 21:29:00,32.79,34.82,35.52
2024-03-01 21:29:30,34.68,31.75,33.59
2024-03-01 21:30:00,35.08,31.62,32.01
2024-03-01 21:30:30,31.81,31.64,34.01
2024-03-01 21:31:00,32.78,32.85,32.89
2024-03-01 21:31:30,34.33,33.75,34.95
2024-03-01 21:32:00,32.85,32.84,35.66
2024-03-01 21:32:30,36.36,30.3,36.38
2024-03-01 21:33:00,,32.33,31.92
2024-03-01 21:33:30,34.24,32.38,36.92
2024-03-01 21:34:00,35.49,33.26,34.74
2024-03-01 21:34:30,32.78,32.88,34.87
2024-03-01 21:35:00,35.37,33.36,37.4
2024-03-01 21:35:30,35.29,33.26,34.88
2024-03-01 21:36:00,32.89,33.21,32.71
2024-03-01 21:36:30,33.9,32.74,33.37
2024-03-01 21:37:00,33.65,33.57,33.29
2024-03-01 21:37:30,35.37,32.58,35.25
2024-03-01 21:38:00,37.56,32.43,32.66
2024-03-01 21:38:30,34.42,33.16,36.18
2024-03-01 21:39:00,35.84,32.7,34.9
2024-03-01 21:39:30,32.59,32.64,36.02
2024-03-01 21:40:00,35.86,32.89,35.58
2024-03-01 21:40:30,34.8,34.78,35.08
2024-03-01 21:41:00,32.27,31.89,35.06
2024-03-01 21:41:30,33.88,32.13,36.3
2024-03-01 21:42:00,34.83,34.7,35.29
2024-03-01 21:42:30,36.26,32.31,33.93
2024-03-01 21:43:00,34.63,32.72,35.03
2024-03-01 21:43:30,34.05,34.17,33.76
2024-03-01 21:44:00,35.91,32.72,34.43
2024-03-01 21:44:30,34.64,32.03,33.98
2024-03-01 21:45:00,34.48,33.24,37.56
2024-03-01 21:45:30,35.25,32.77,33.67
2024-03-01 21:46:00,32.87,34.58,36.24
2024-03-01 21:46:30,34.38,32.71,35.34
2024-03-01 21:47:00,33.72,32.77,36.45
2024-03-01 21:47:30,35.11,33.41,36.94
2024-03-01 21:48:00,34.18,33.97,35.86
2024-03-01 21:48:30,33.02,33.41,34.65
2024-03-01 21:49:00,33.2,35.31,
2024-03-01 21:49:30,32.3,33.97,32.86
2024-03-01 21:50:00,35.91,32.69,36.58
2024-03-01 21:50:30,36.6,33.39,34.3
2024-03-01 21:51:00,34.72,33.96,35.84
2024-03-01 21:51:30,35.32,33.52,35.24
2024-03-01 21:52:00,32.74,33.71,35.18
2024-03-01 21:52:30,35.66,32.76,37.63
2024-03-01 21:53:00,33.93,34.33,36.61
2024-03-01 21:53:30,34.47,34.6,
2024-03-01 21:54:00,33.8,33.19,33.53
2024-03-01 21:54:30,34.18,34.26,34.45
2024-03-01 21:55:00,34.33,34.04,37.94
2024-03-01 21:55:30,35.91,32.31,34.81
2024-03-01 21:56:00,33.52,32.74,35.03
2024-03-01 21:56:30,33.11,34.06,37.38
2024-03-01 21:57:00,33.59,34.44,34.43
2024-03-01 21:57:30,36.32,33.34,35.94
2024-03-01 21:58:00,36.41,33.53,36.76
2024-03-01 21:58:30,34.63,33.81,35.17
2024-03-01 21:59:00,33.89,32.72,35.38
2024-03-01 21:59:30,33.56,34.69,37.55
2024-03-01 22:00:00,33.75,35.43,35.17
2024-03-01 22:00:30,34.67,33.27,36.05
2024-03-01 22:01:00,37.11,32.67,36.17
2024-03-01 22:01:30,33.64,35.88,39.36
2024-03-01 22:02:00,33.87,32.34,36.12
2024-03-01 22:02:30,34.71,35.05,34.86
2024-03-01 22:03:00,35.92,34.15,35.85
2024-03-01 22:03:30,35.43,34.68,34.87
2024-03-01 22:04:00,35.22,33.72,34.86
2024-03-01 22:04:30,34.95,34.13,34.92
2024-03-01 22:05:00,32.54,35.38,34.23
2024-03-01 22:05:30,33.7,32.51,34.73
2024-03-01 22:06:00,35.1,33.77,35.66
2024-03-01 22:06:30,35.91,34.99,37.49
2024-03-01 22:07:00,36.06,35.22,39.35
2024-03-01 22:07:30,34.5,34.64,34.52
2024-03-01 22:08:00,35.38,35.06,37.39
2024-03-01 22:08:30,36.95,34.12,37.24
2024-03-01 22:09:00,33.96,32.15,38.13
2024-03-01 22:09:30,34.8,33.23,35.98
2024-03-01 22:10:00,35.89,35.11,34.66
2024-03-01 22:10:30,34.44,35.84,33.82
2024-03-01 22:11:00,35.56,32.0,35.01
2024-03-01 22:11:30,33.67,35.68,35.18
2024-03-01 22:12:00,35.19,34.57,36.69
2024-03-01 22:12:30,33.39,34.39,35.36
2024-03-01 22:13:00,34.9,,36.8
2024-03-01 22:13:30,35.35,35.37,36.72
2024-03-01 22:14:00,35.02,32.9,
2024-03-01 22:14:30,36.87,32.65,35.79
2024-03-01 22:15:00,34.36,34.71,37.36
2024-03-01 22:15:30,33.9,36.27,34.45
2024-03-01 22:16:00,35.79,33.69,34.07
2024-03-01 22:16:30,36.67,35.07,37.57
2024-03-01 22:17:00,36.04,34.98,37.4
2024-03-01 22:17:30,35.55,33.04,35.99
2024-03-01 22:18:00,34.31,33.24,35.51
2024-03-01 22:18:30,35.31,33.18,40.49
2024-03-01 22:19:00,37.31,34.42,38.46
2024-03-01 22:19:30,37.01,35.5,34.31
2024-03-01 22:20:00,35.61,32.64,37.37
2024-03-01 22:20:30,36.6,31.72,35.99
2024-03-01 22:21:00,35.93,33.42,37.51
2024-03-01 22:21:30,34.23,33.64,32.97
2024-03-01 22:22:00,37.33,33.56,
2024-03-01 22:22:30,35.25,35.4,
2024-03-01 22:23:00,37.64,35.87,36.06
2024-03-01 22:23:30,35.36,34.35,35.28
2024-03-01 22:24:00,34.27,34.72,36.93
2024-03-01 22:24:30,34.53,34.15,33.34
2024-03-01 22:25:00,36.56,33.07,37.19
2024-03-01 22:25:30,37.45,33.82,37.86
2024-03-01 22:26:00,34.51,36.38,36.84
2024-03-01 22:26:30,35.5,34.9,35.01
2024-03-01 22:27:00,33.87,35.57,34.51
2024-03-01 22:27:30,35.03,33.34,35.48
2024-03-01 22:28:00,34.67,32.44,35.83
2024-03-01 22:28:30,34.54,34.64,36.19
2024-03-01 22:29:00,35.85,35.4,39.87
2024-03-01 22:29:30,36.36,33.57,34.35
2024-03-01 22:30:00,35.36,34.56,36.22
2024-03-01 22:30:30,35.31,34.27,37.37
2024-03-01 22:31:00,,33.24,37.12
2024-03-01 22:31:30,35.7,34.23,36.81
2024-03-01 22:32:00,36.22,34.44,34.73
2024-03-01 22:32:30,37.2,35.39,35.22
2024-03-01 22:33:00,34.87,36.17,34.5
2024-03-01 22:33:30,33.61,34.34,35.97
2024-03-01 22:34:00,36.1,34.17,38.22
2024-03-01 22:34:30,36.52,33.33,38.44
2024-03-01 22:35:00,35.93,34.52,36.1
2024-03-01 22:35:30,36.6,35.37,38.8
2024-03-01 22:36:00,34.4,35.4,36.05
2024-03-01 22:36:30,36.76,35.4,36.87
2024-03-01 22:37:00,35.39,35.16,36.64
2024-03-01 22:37:30,34.74,35.02,33.66
2024-03-01 22:38:00,37.29,36.64,37.57
2024-03-01 22:38:30,37.36,35.25,36.37
2024-03-01 22:39:00,36.93,34.27,36.66
2024-03-01 22:39:30,34.42,33.65,39.08
2024-03-01 22:40:00,37.05,35.06,34.16
2024-03-01 22:40:30,35.75,36.56,35.39
2024-03-01 22:41:00,35.19,36.95,39.03
2024-03-01 22:41:30,35.09,36.0,36.96
2024-03-01 22:42:00,35.31,35.96,37.64
2024-03-01 22:42:30,36.0,33.28,35.01
2024-03-01 22:43:00,34.79,35.61,38.65
2024-03-01 22:43:30,35.04,35.17,37.12
2024-03-01 22:44:00,35.74,34.13,37.58
2024-03-01 22:44:30,37.58,35.97,34.92
2024-03-01 22:45:00,34.68,32.69,37.64
2024-03-01 22:45:30,35.08,36.26,33.88
2024-03-01 22:46:00,35.64,34.82,38.76
2024-03-01 22:46:30,36.55,36.76,37.53
2024-03-01 22:47:00,35.07,36.24,36.38
2024-03-01 22:47:30,34.62,34.44,34.11
2024-03-01 22:48:00,35.02,36.57,36.96
2024-03-01 22:48:30,34.48,33.9,37.99
2024-03-01 22:49:00,35.83,33.86,38.81
2024-03-01 22:49:30,36.94,35.1,38.07
2024-03-01 22:50:00,37.35,35.14,36.61
2024-03-01 22:50:30,35.38,35.2,37.44
2024-03-01 22:51:00,38.11,37.79,38.93
2024-03-01 22:51:30,35.33,34.24,33.87
2024-03-01 22:52:00,37.38,36.19,37.23
2024-03-01 22:52:30,38.66,36.01,35.64
2024-03-01 22:53:00,35.96,34.07,35.38
2024-03-01 22:53:30,37.25,33.87,36.35
2024-03-01 22:54:00,37.08,36.16,38.62
2024-03-01 22:54:30,35.43,34.0,37.32
2024-03-01 22:55:00,34.45,33.91,36.29
2024-03-01 22:55:30,37.5,35.2,37.21
2024-03-01 22:56:00,39.35,36.9,34.34
2024-03-01 22:56:30,33.79,35.36,36.55
2024-03-01 22:57:00,36.53,35.57,34.99
2024-03-01 22:57:30,36.86,34.94,36.64
2024-03-01 22:58:00,35.91,34.76,37.58
2024-03-01 22:58:30,36.88,35.65,37.09
2024-03-01 22:59:00,35.19,35.13,36.67
2024-03-01 22:59:30,38.26,35.98,34.54
2024-03-01 23:00:00,35.83,37.02,37.9
2024-03-01 23:00:30,35.74,35.42,36.98
2024-03-01 23:01:00,35.97,37.66,38.71
2024-03-01 23:01:30,37.51,35.79,38.3
2024-03-01 23:02:00,37.44,35.34,36.06
2024-03-01 23:02:30,37.03,34.96,37.72
2024-03-01 23:03:00,38.26,34.42,36.55
2024-03-01 23:03:30,36.02,35.62,37.58
2024-03-01 23:04:00,35.03,36.6,38.44
2024-03-01 23:04:30,36.09,36.25,38.28
2024-03-01 23:05:00,36.2,35.83,39.33
2024-03-01 23:05:30,37.51,35.46,40.3
2024-03-01 23:06:00,35.92,35.13,37.97
2024-03-01 23:06:30,37.84,37.43,37.88
2024-03-01 23:07:00,36.69,36.16,37.97
2024-03-01 23:07:30,37.24,34.91,40.52
2024-03-01 23:08:00,38.5,36.44,38.55
2024-03-01 23:08:30,37.65,36.25,36.38
2024-03-01 23:09:00,35.71,35.92,38.51
2024-03-01 23:09:30,37.01,37.26,37.66
2024-03-01 23:10:00,36.06,35.21,34.51
2024-03-01 23:10:30,37.45,36.62,38.89
2024-03-01 23:11:00,38.68,35.1,37.28
2024-03-01 23:11:30,38.82,38.07,37.59
2024-03-01 23:12:00,38.02,36.1,37.71
2024-03-01 23:12:30,36.9,36.58,39.65
2024-03-01 23:13:00,38.35,35.55,38.4
2024-03-01 23:13:30,37.14,34.47,
2024-03-01 23:14:00,35.26,36.08,
2024-03-01 23:14:30,38.39,35.97,36.06
2024-03-01 23:15:00,37.6,36.56,38.77
2024-03-01 23:15:30,37.63,35.07,39.4
2024-03-01 23:16:00,37.92,37.29,38.33
2024-03-01 23:16:30,36.98,35.18,38.69
2024-03-01 23:17:00,37.18,35.71,40.52
2024-03-01 23:17:30,36.16,37.15,37.86
2024-03-01 23:18:00,37.31,38.1,36.4
2024-03-01 23:18:30,36.86,35.44,38.31
2024-03-01 23:19:00,36.36,36.38,37.49
2024-03-01 23:19:30,38.91,36.25,39.28
2024-03-01 23:20:00,36.07,37.68,36.98
2024-03-01 23:20:30,36.34,37.3,39.78
2024-03-01 23:21:00,37.76,35.62,37.7
2024-03-01 23:21:30,38.06,,36.87
2024-03-01 23:22:00,37.11,37.57,40.3
2024-03-01 23:22:30,37.71,38.27,38.18
2024-03-01 23:23:00,37.3,38.5,41.58
2024-03-01 23:23:30,37.5,34.18,36.42
2024-03-01 23:24:00,39.18,35.55,39.43
2024-03-01 23:24:30,38.77,34.38,38.34
2024-03-01 23:25:00,38.43,35.81,37.65
2024-03-01 23:25:30,37.67,36.86,36.63
2024-03-01 23:26:00,36.41,36.89,38.56
2024-03-01 23:26:30,37.29,38.59,39.44
2024-03-01 23:27:00,38.82,37.86,38.65
2024-03-01 23:27:30,37.12,37.2,39.88
2024-03-01 23:28:00,,38.22,39.65
2024-03-01 23:28:30,39.33,37.04,38.38
2024-03-01 23:29:00,36.64,36.12,39.04
2024-03-01 23:29:30,38.77,36.71,39.19
2024-03-01 23:30:00,38.82,36.93,40.42
2024-03-01 23:30:30,37.9,36.82,
2024-03-01 23:31:00,38.76,38.57,39.36
2024-03-01 23:31:30,38.09,36.34,38.77
2024-03-01 23:32:00,36.51,36.55,39.1
2024-03-01 23:32:30,37.73,36.52,40.36
2024-03-01 23:33:00,37.78,37.53,37.89
2024-03-01 23:33:30,37.03,36.14,38.31
2024-03-01 23:34:00,38.83,37.6,38.06
2024-03-01 23:34:30,35.51,36.33,41.34
2024-03-01 23:35:00,35.71,37.45,40.09
2024-03-01 23:35:30,39.55,35.61,39.09
2024-03-01 23:36:00,40.19,38.61,37.76
2024-03-01 23:36:30,40.37,37.91,38.16
2024-03-01 23:37:00,38.52,37.28,38.21
2024-03-01 23:37:30,38.73,38.11,38.69
2024-03-01 23:38:00,38.88,35.63,40.07
2024-03-01 23:38:30,39.71,36.84,41.81
2024-03-01 23:39:00,37.08,36.2,38.79
2024-03-01 23:39:30,37.71,37.72,38.94
2024-03-01 23:40:00,39.96,36.9,38.12
2024-03-01 23:40:30,36.61,35.95,
2024-03-01 23:41:00,39.34,38.14,38.51
2024-03-01 23:41:30,37.96,37.51,39.26
2024-03-01 23:42:00,39.58,36.96,39.08
2024-03-01 23:42:30,39.59,37.61,38.25
2024-03-01 23:43:00,36.62,36.92,38.56
2024-03-01 23:43:30,39.02,35.77,41.88
2024-03-01 23:44:00,37.23,35.72,37.42
2024-03-01 23:44:30,39.37,37.12,41.4
2024-03-01 23:45:00,38.72,36.81,39.2
2024-03-01 23:45:30,38.87,,38.48
2024-03-01 23:46:00,39.44,38.03,39.19
2024-03-01 23:46:30,39.98,36.0,
2024-03-01 23:47:00,38.97,38.32,38.3
2024-03-01 23:47:30,40.49,38.02,38.09
2024-03-01 23:48:00,40.01,38.77,38.83
2024-03-01 23:48:30,38.35,38.12,39.68
2024-03-01 23:49:00,39.86,37.78,40.41
2024-03-01 23:49:30,39.17,38.98,38.72
2024-03-01 23:50:00,40.82,37.19,38.86
2024-03-01 23:50:30,38.18,37.09,37.94
2024-03-01 23:51:00,39.58,37.14,38.19
2024-03-01 23:51:30,40.8,,37.96
2024-03-01 23:52:00,39.1,37.89,39.62
2024-03-01 23:52:30,38.69,36.86,40.33
2024-03-01 23:53:00,39.72,37.71,39.81
2024-03-01 23:53:30,40.73,36.08,40.38
2024-03-01 23:54:00,39.32,37.71,40.39
2024-03-01 23:54:30,38.37,37.32,41.05
2024-03-01 23:55:00,41.68,37.24,40.2
2024-03-01 23:55:30,37.87,38.03,38.03
2024-03-01 23:56:00,40.28,36.77,37.43
2024-03-01 23:56:30,40.33,38.68,39.93
2024-03-01 23:57:00,39.13,37.85,41.15
2024-03-01 23:57:30,38.56,38.32,39.36
2024-03-01 23:58:00,39.56,,41.03
2024-03-01 23:58:30,41.38,,41.39
2024-03-01 23:59:00,37.92,36.89,40.35
2024-03-01 23:59:30,38.0,35.93,38.87
2024-03-02 00:00:00,39.15,36.71,42.25
2024-03-02 00:00:30,40.48,38.65,40.23
2024-03-02 00:01:00,39.1,38.71,39.83
2024-03-02 00:01:30,40.07,38.64,39.38
2024-03-02 00:02:00,41.19,38.66,40.46
2024-03-02 00:02:30,39.34,39.07,40.14
2024-03-02 00:03:00,39.65,38.24,42.31
2024-03-02 00:03:30,39.62,38.49,41.8
2024-03-02 00:04:00,40.59,39.82,39.1
2024-03-02 00:04:30,39.27,38.97,40.26
2024-03-02 00:05:00,40.64,,39.77
2024-03-02 00:05:30,37.44,38.4,39.56
2024-03-02 00:06:00,40.71,36.29,42.82
2024-03-02 00:06:30,39.71,39.64,40.51
2024-03-02 00:07:00,40.97,37.73,42.68
2024-03-02 00:07:30,40.43,38.52,39.59
2024-03-02 00:08:00,39.35,38.74,38.22
2024-03-02 00:08:30,37.47,37.35,39.92
2024-03-02 00:09:00,41.75,38.82,37.6
2024-03-02 00:09:30,38.9,38.47,42.6
2024-03-02 00:10:00,40.56,39.18,41.1
2024-03-02 00:10:30,39.37,38.86,41.18
2024-03-02 00:11:00,39.03,39.28,43.02
2024-03-02 00:11:30,41.41,38.7,37.87
2024-03-02 00:12:00,39.09,38.98,38.59
2024-03-02 00:12:30,41.23,39.96,42.02
2024-03-02 00:13:00,40.21,37.49,42.01
2024-03-02 00:13:30,40.99,39.85,39.45
2024-03-02 00:14:00,40.39,38.41,40.09
2024-03-02 00:14:30,38.64,37.06,40.29
2024-03-02 00:15:00,41.75,38.29,39.32
2024-03-02 00:15:30,39.71,40.78,40.91
2024-03-02 00:16:00,40.84,38.6,41.92
2024-03-02 00:16:30,,38.7,40.8
2024-03-02 00:17:00,39.52,39.22,42.96
2024-03-02 00:17:30,40.69,39.67,41.77
2024-03-02 00:18:00,40.27,37.16,40.93
2024-03-02 00:18:30,38.88,38.71,40.88
2024-03-02 00:19:00,40.44,38.56,39.84
2024-03-02 00:19:30,39.42,39.27,41.18
2024-03-02 00:20:00,41.77,38.68,41.05
2024-03-02 00:20:30,39.69,38.85,39.41
2024-03-02 00:21:00,39.98,39.54,38.48
2024-03-02 00:21:30,41.05,38.02,40.26
2024-03-02 00:22:00,39.87,37.79,41.38
2024-03-02 00:22:30,41.79,38.29,42.6
2024-03-02 00:23:00,40.52,38.74,40.75
2024-03-02 00:23:30,39.41,39.1,40.87
2024-03-02 00:24:00,38.81,37.78,40.57
2024-03-02 00:24:30,38.4,40.01,39.18
2024-03-02 00:25:00,39.52,40.47,43.29
2024-03-02 00:25:30,40.97,38.79,40.6
2024-03-02 00:26:00,40.61,39.05,42.52
2024-03-02 00:26:30,40.4,39.5,40.78
2024-03-02 00:27:00,40.22,40.64,41.5
2024-03-02 00:27:30,42.74,39.26,41.91
2024-03-02 00:28:00,41.12,38.74,41.11
2024-03-02 00:28:30,40.02,40.2,40.86
2024-03-02 00:29:00,39.3,40.41,42.72
2024-03-02 00:29:30,40.47,39.56,40.13
2024-03-02 00:30:00,41.01,38.01,42.19
2024-03-02 00:30:30,42.13,40.76,38.22
2024-03-02 00:31:00,39.58,40.03,41.12
2024-03-02 00:31:30,42.96,38.41,42.71
2024-03-02 00:32:00,42.77,40.05,41.66
2024-03-02 00:32:30,41.22,38.19,40.43
2024-03-02 00:33:00,40.77,37.07,40.87
2024-03-02 00:33:30,41.56,39.27,41.2
2024-03-02 00:34:00,38.58,39.86,42.36
2024-03-02 00:34:30,40.48,39.05,41.26
2024-03-02 00:35:00,42.7,40.66,40.15
2024-03-02 00:35:30,41.0,40.55,44.44
2024-03-02 00:36:00,42.0,40.29,38.45
2024-03-02 00:36:30,43.08,39.24,40.87
2024-03-02 00:37:00,43.0,39.84,41.02
2024-03-02 00:37:30,41.97,39.46,39.28
2024-03-02 00:38:00,41.55,38.67,44.0
2024-03-02 00:38:30,42.01,39.64,40.9
2024-03-02 00:39:00,41.78,40.38,41.31
2024-03-02 00:39:30,39.83,39.69,43.11
2024-03-02 00:40:00,43.46,38.99,42.58
2024-03-02 00:40:30,40.34,40.55,42.54
2024-03-02 00:41:00,39.59,40.19,42.0
2024-03-02 00:41:30,41.27,40.98,42.52
2024-03-02 00:42:00,,41.67,42.52
2024-03-02 00:42:30,41.15,39.61,42.01
2024-03-02 00:43:00,40.12,39.42,41.79
2024-03-02 00:43:30,41.89,38.99,41.72
2024-03-02 00:44:00,42.3,40.3,38.96
2024-03-02 00:44:30,40.23,38.84,42.81
2024-03-02 00:45:00,42.09,41.98,43.23
2024-03-02 00:45:30,40.35,39.36,42.79
2024-03-02 00:46:00,43.25,,45.64
2024-03-02 00:46:30,41.51,39.55,43.54
2024-03-02 00:47:00,40.83,39.21,41.33
2024-03-02 00:47:30,40.15,40.98,42.31
2024-03-02 00:48:00,41.24,40.12,41.03
2024-03-02 00:48:30,40.68,38.38,41.42
2024-03-02 00:49:00,43.89,40.09,40.43
2024-03-02 00:49:30,40.11,42.5,41.91
2024-03-02 00:50:00,41.15,40.64,43.84
2024-03-02 00:50:30,40.78,41.58,44.67
2024-03-02 00:51:00,42.19,41.34,41.79
2024-03-02 00:51:30,41.73,41.42,
2024-03-02 00:52:00,43.03,42.15,41.22
2024-03-02 00:52:30,40.92,39.88,40.98
2024-03-02 00:53:00,41.85,38.89,41.94
2024-03-02 00:53:30,43.49,40.65,42.06
2024-03-02 00:54:00,41.48,40.14,43.04
2024-03-02 00:54:30,40.74,40.36,43.04
2024-03-02 00:55:00,39.9,41.53,41.17
2024-03-02 00:55:30,41.31,39.08,
2024-03-02 00:56:00,43.66,41.45,43.3
2024-03-02 00:56:30,,41.93,40.92
2024-03-02 00:57:00,,42.54,42.23
2024-03-02 00:57:30,42.58,41.4,42.12
2024-03-02 00:58:00,44.49,41.74,41.32
2024-03-02 00:58:30,42.59,41.11,41.58
2024-03-02 00:59:00,42.88,40.76,42.26
2024-03-02 00:59:30,42.07,40.3,40.75
2024-03-02 01:00:00,42.03,42.51,43.07
2024-03-02 01:00:30,40.9,39.81,
2024-03-02 01:01:00,44.68,40.86,42.55
2024-03-02 01:01:30,42.76,39.41,42.62
2024-03-02 01:02:00,40.89,40.48,47.05
2024-03-02 01:02:30,41.74,39.18,41.45
2024-03-02 01:03:00,41.41,39.97,44.23
2024-03-02 01:03:30,42.66,42.66,45.19
2024-03-02 01:04:00,45.12,40.23,42.8
2024-03-02 01:04:30,42.13,40.42,44.27
2024-03-02 01:05:00,44.45,42.83,43.61
2024-03-02 01:05:30,42.82,40.0,43.35
2024-03-02 01:06:00,42.25,39.92,43.28
2024-03-02 01:06:30,43.14,40.8,43.1
2024-03-02 01:07:00,44.23,40.92,43.97
2024-03-02 01:07:30,43.58,39.71,43.58
2024-03-02 01:08:00,39.52,40.58,45.69
2024-03-02 01:08:30,42.98,40.33,43.56
2024-03-02 01:09:00,42.8,40.08,43.64
2024-03-02 01:09:30,42.86,41.98,45.92
2024-03-02 01:10:00,44.13,42.51,43.31
2024-03-02 01:10:30,43.91,42.08,43.31
2024-03-02 01:11:00,42.62,41.93,42.65
2024-03-02 01:11:30,43.8,41.24,42.35
2024-03-02 01:12:00,42.71,41.71,43.61
2024-03-02 01:12:30,44.05,41.2,43.4
2024-03-02 01:13:00,43.12,42.01,45.71
2024-03-02 01:13:30,,39.22,45.55
2024-03-02 01:14:00,41.79,41.35,45.54
2024-03-02 01:14:30,42.22,42.72,44.47
2024-03-02 01:15:00,43.51,41.88,43.73
2024-03-02 01:15:30,40.74,41.19,43.64
2024-03-02 01:16:00,44.0,43.31,
2024-03-02 01:16:30,43.4,41.55,45.71
2024-03-02 01:17:00,43.34,43.15,42.89
2024-03-02 01:17:30,44.35,41.5,
2024-03-02 01:18:00,43.52,42.61,46.32
2024-03-02 01:18:30,42.25,41.09,41.63
2024-03-02 01:19:00,42.54,41.48,44.53
2024-03-02 01:19:30,45.58,40.74,44.16
2024-03-02 01:20:00,42.86,42.06,44.64
2024-03-02 01:20:30,42.81,42.45,41.37
2024-03-02 01:21:00,44.85,42.87,45.8
2024-03-02 01:21:30,45.49,40.23,43.56
2024-03-02 01:22:00,42.56,40.61,43.04
2024-03-02 01:22:30,42.52,,45.12
2024-03-02 01:23:00,41.76,42.19,45.43
2024-03-02 01:23:30,45.01,41.83,44.29
2024-03-02 01:24:00,45.04,43.42,45.64
2024-03-02 01:24:30,43.11,43.32,43.08
2024-03-02 01:25:00,41.56,40.96,47.17
2024-03-02 01:25:30,43.69,42.45,46.0
2024-03-02 01:26:00,47.13,42.52,44.44
2024-03-02 01:26:30,43.57,42.05,43.11
2024-03-02 01:27:00,43.49,42.25,46.0
2024-03-02 01:27:30,45.73,41.39,45.27
2024-03-02 01:28:00,44.53,42.58,45.07
2024-03-02 01:28:30,,42.36,42.39
2024-03-02 01:29:00,44.0,42.48,42.65
2024-03-02 01:29:30,42.13,43.12,40.19
2024-03-02 01:30:00,43.73,42.22,44.2
2024-03-02 01:30:30,44.04,42.86,44.1
2024-03-02 01:31:00,45.18,41.84,45.65
2024-03-02 01:31:30,41.85,42.36,43.59
2024-03-02 01:32:00,42.89,42.84,45.63
2024-03-02 01:32:30,42.38,41.52,44.68
2024-03-02 01:33:00,44.27,42.21,46.63
2024-03-02 01:33:30,42.21,42.65,
2024-03-02 01:34:00,42.29,42.75,45.1
2024-03-02 01:34:30,42.7,43.07,46.96
2024-03-02 01:35:00,45.61,43.9,43.96
2024-03-02 01:35:30,44.47,40.54,44.17
2024-03-02 01:36:00,45.22,43.42,45.61
2024-03-02 01:36:30,42.72,42.46,44.03
2024-03-02 01:37:00,42.47,43.82,44.24
2024-03-02 01:37:30,44.47,43.26,45.4
2024-03-02 01:38:00,42.19,,43.59
2024-03-02 01:38:30,46.64,41.6,43.36
2024-03-02 01:39:00,44.14,43.32,44.28
2024-03-02 01:39:30,45.45,43.94,45.79
2024-03-02 01:40:00,,42.81,44.46
2024-03-02 01:40:30,44.94,45.1,45.58
2024-03-02 01:41:00,45.4,42.78,44.42
2024-03-02 01:41:30,44.43,43.33,42.8
2024-03-02 01:42:00,45.59,43.16,47.93
2024-03-02 01:42:30,44.37,43.24,45.65
2024-03-02 01:43:00,44.59,43.29,46.75
2024-03-02 01:43:30,44.85,43.64,
2024-03-02 01:44:00,44.49,42.17,44.31
2024-03-02 01:44:30,43.02,43.82,47.74
2024-03-02 01:45:00,45.06,42.79,
2024-03-02 01:45:30,45.05,41.96,47.19
2024-03-02 01:46:00,44.83,41.78,45.6
2024-03-02 01:46:30,43.83,44.22,44.14
2024-03-02 01:47:00,45.06,41.76,46.17
2024-03-02 01:47:30,44.57,43.74,44.73
2024-03-02 01:48:00,47.49,44.02,44.76
2024-03-02 01:48:30,45.81,45.48,42.24
2024-03-02 01:49:00,44.0,,46.5
2024-03-02 01:49:30,46.37,43.2,47.11
2024-03-02 01:50:00,44.58,45.21,44.99
2024-03-02 01:50:30,46.35,44.44,46.04
2024-03-02 01:51:00,43.61,45.95,44.63
2024-03-02 01:51:30,46.74,44.62,46.3
2024-03-02 01:52:00,45.78,44.61,47.39
2024-03-02 01:52:30,46.38,42.22,43.1
2024-03-02 01:53:00,45.28,45.05,48.02
2024-03-02 01:53:30,46.0,43.0,41.65
2024-03-02 01:54:00,45.17,42.71,43.13
2024-03-02 01:54:30,44.35,43.9,46.46
2024-03-02 01:55:00,46.61,44.48,45.73
2024-03-02 01:55:30,45.24,42.27,44.0
2024-03-02 01:56:00,46.94,44.76,44.35
2024-03-02 01:56:30,46.06,41.24,45.53
2024-03-02 01:57:00,46.56,44.84,44.78
2024-03-02 01:57:30,44.43,43.73,48.81
2024-03-02 01:58:00,44.15,43.28,46.32
2024-03-02 01:58:30,43.36,42.94,45.18
2024-03-02 01:59:00,43.51,42.66,46.66
2024-03-02 01:59:30,45.65,45.83,44.15
2024-03-02 02:00:00,44.65,45.98,46.51
2024-03-02 02:00:30,44.46,44.98,47.88
2024-03-02 02:01:00,,45.09,45.34
2024-03-02 02:01:30,44.47,43.23,47.08
2024-03-02 02:02:00,46.15,44.56,44.95
2024-03-02 02:02:30,46.5,43.49,47.59
2024-03-02 02:03:00,45.93,43.98,47.61
2024-03-02 02:03:30,45.41,42.86,46.7
2024-03-02 02:04:00,44.6,45.45,45.08
2024-03-02 02:04:30,45.2,45.03,47.57
2024-03-02 02:05:00,45.48,45.05,45.37
2024-03-02 02:05:30,42.53,45.09,47.71
2024-03-02 02:06:00,47.62,43.56,46.27
2024-03-02 02:06:30,44.51,45.08,44.65
2024-03-02 02:07:00,47.34,45.47,46.18
2024-03-02 02:07:30,43.38,43.08,45.78
2024-03-02 02:08:00,44.75,43.33,46.11
2024-03-02 02:08:30,46.01,43.75,48.03
2024-03-02 02:09:00,,43.37,47.5
2024-03-02 02:09:30,46.16,44.92,45.67
2024-03-02 02:10:00,45.26,44.41,
2024-03-02 02:10:30,47.69,44.08,48.22
2024-03-02 02:11:00,46.97,45.3,48.88
2024-03-02 02:11:30,44.67,45.49,47.08
2024-03-02 02:12:00,45.87,43.74,44.62
2024-03-02 02:12:30,47.43,43.98,46.29
2024-03-02 02:13:00,48.1,44.44,45.89
2024-03-02 02:13:30,45.35,45.68,44.58
2024-03-02 02:14:00,46.9,43.64,46.79
2024-03-02 02:14:30,47.81,45.35,46.43
2024-03-02 02:15:00,47.04,43.29,47.93
2024-03-02 02:15:30,44.46,42.94,46.71
2024-03-02 02:16:00,47.04,44.68,48.39
2024-03-02 02:16:30,46.77,46.42,48.61
2024-03-02 02:17:00,45.49,45.7,44.55
2024-03-02 02:17:30,48.11,45.01,48.65
2024-03-02 02:18:00,45.99,46.84,47.58
2024-03-02 02:18:30,47.21,44.67,46.14
2024-03-02 02:19:00,44.33,43.64,47.23
2024-03-02 02:19:30,48.82,46.64,46.58
2024-03-02 02:20:00,47.12,43.28,49.16
2024-03-02 02:20:30,46.9,44.84,47.64
2024-03-02 02:21:00,44.14,43.65,46.54
2024-03-02 02:21:30,47.88,44.25,45.38
2024-03-02 02:22:00,48.31,45.05,48.03
2024-03-02 02:22:30,45.08,44.52,49.92
2024-03-02 02:23:00,45.05,46.15,46.14
2024-03-02 02:23:30,48.9,44.25,46.58
2024-03-02 02:24:00,46.02,43.75,45.85
2024-03-02 02:24:30,48.75,44.11,47.69
2024-03-02 02:25:00,47.48,45.08,47.07
2024-03-02 02:25:30,46.89,45.32,50.09
2024-03-02 02:26:00,48.82,45.11,48.73
2024-03-02 02:26:30,44.89,45.17,
2024-03-02 02:27:00,47.72,44.69,46.59
2024-03-02 02:27:30,46.92,45.55,46.17
2024-03-02 02:28:00,46.64,47.02,46.7
2024-03-02 02:28:30,48.07,44.05,47.63
2024-03-02 02:29:00,47.54,,47.76
2024-03-02 02:29:30,46.17,45.82,46.65
2024-03-02 02:30:00,45.27,46.44,49.33
2024-03-02 02:30:30,47.06,46.27,49.01
2024-03-02 02:31:00,48.41,44.76,46.64
2024-03-02 02:31:30,45.61,46.35,45.78
2024-03-02 02:32:00,49.18,46.65,49.07
2024-03-02 02:32:30,47.03,46.06,50.9
2024-03-02 02:33:00,48.6,45.99,48.37
2024-03-02 02:33:30,46.61,46.12,48.9
2024-03-02 02:34:00,47.81,44.69,46.51
2024-03-02 02:34:30,48.19,46.41,49.13
2024-03-02 02:35:00,,47.21,46.54
2024-03-02 02:35:30,46.03,44.39,48.21
2024-03-02 02:36:00,47.61,,50.44
2024-03-02 02:36:30,47.5,46.36,47.69
2024-03-02 02:37:00,47.68,45.21,49.45
2024-03-02 02:37:30,47.89,46.28,49.77
2024-03-02 02:38:00,47.29,45.2,50.14
2024-03-02 02:38:30,46.99,45.2,47.31
2024-03-02 02:39:00,47.81,45.2,52.18
2024-03-02 02:39:30,47.62,45.61,47.72
2024-03-02 02:40:00,45.11,47.39,47.56
2024-03-02 02:40:30,45.86,47.26,49.57
2024-03-02 02:41:00,47.67,46.29,49.84
2024-03-02 02:41:30,47.74,47.82,50.25
2024-03-02 02:42:00,47.34,45.89,46.26
2024-03-02 02:42:30,46.7,47.14,49.94
2024-03-02 02:43:00,48.9,47.33,47.32
2024-03-02 02:43:30,47.86,47.48,50.85
2024-03-02 02:44:00,46.56,44.37,50.41
2024-03-02 02:44:30,44.86,45.12,48.43
2024-03-02 02:45:00,46.75,45.79,46.35
2024-03-02 02:45:30,45.42,46.69,47.02
2024-03-02 02:46:00,47.15,45.2,48.51
2024-03-02 02:46:30,48.01,44.88,48.84
2024-03-02 02:47:00,48.72,45.35,46.49
2024-03-02 02:47:30,48.01,47.13,49.29
2024-03-02 02:48:00,47.64,45.11,49.71
2024-03-02 02:48:30,50.56,45.31,50.25
2024-03-02 02:49:00,48.47,47.69,48.64
2024-03-02 02:49:30,46.88,44.87,46.26
2024-03-02 02:50:00,48.04,45.81,49.03
2024-03-02 02:50:30,49.2,44.64,48.83
2024-03-02 02:51:00,48.06,44.86,50.29
2024-03-02 02:51:30,49.78,46.34,49.35
2024-03-02 02:52:00,48.4,45.93,48.2
2024-03-02 02:52:30,48.87,46.95,51.03
2024-03-02 02:53:00,46.77,46.88,48.0
2024-03-02 02:53:30,48.03,46.21,48.54
2024-03-02 02:54:00,44.8,48.0,49.26
2024-03-02 02:54:30,49.07,46.1,49.17
2024-03-02 02:55:00,48.97,45.13,47.49
2024-03-02 02:55:30,49.43,47.9,49.66
2024-03-02 02:56:00,49.98,47.62,48.13
2024-03-02 02:56:30,46.42,47.43,47.22
2024-03-02 02:57:00,47.12,47.25,48.66
2024-03-02 02:57:30,46.37,47.37,48.56
2024-03-02 02:58:00,46.56,46.45,51.52
2024-03-02 02:58:30,49.8,48.98,51.44
2024-03-02 02:59:00,48.44,45.85,47.78
2024-03-02 02:59:30,48.04,47.15,50.34
2024-03-02 03:00:00,47.85,47.6,49.26
2024-03-02 03:00:30,47.53,47.23,51.59
2024-03-02 03:01:00,48.81,,50.81
2024-03-02 03:01:30,51.1,47.94,51.0
2024-03-02 03:02:00,46.15,48.71,51.91
2024-03-02 03:02:30,48.79,46.25,49.99
2024-03-02 03:03:00,48.67,46.29,50.12
2024-03-02 03:03:30,47.67,46.86,50.04
2024-03-02 03:04:00,48.62,47.44,50.28
2024-03-02 03:04:30,50.61,47.79,48.97
2024-03-02 03:05:00,48.98,47.16,50.52
2024-03-02 03:05:30,50.09,48.73,49.88
2024-03-02 03:06:00,48.26,,
2024-03-02 03:06:30,52.36,48.53,49.56
2024-03-02 03:07:00,49.22,49.76,50.86
2024-03-02 03:07:30,48.11,48.64,52.45
2024-03-02 03:08:00,49.49,46.25,48.28
2024-03-02 03:08:30,49.35,45.64,48.45
2024-03-02 03:09:00,46.53,45.57,51.59
2024-03-02 03:09:30,50.36,46.67,52.01
2024-03-02 03:10:00,48.38,46.39,48.2
2024-03-02 03:10:30,49.27,47.4,48.66
2024-03-02 03:11:00,48.85,48.42,49.55
2024-03-02 03:11:30,48.03,47.51,50.01
2024-03-02 03:12:00,50.36,47.33,52.24
2024-03-02 03:12:30,48.3,45.92,50.26
2024-03-02 03:13:00,47.87,45.97,49.31
2024-03-02 03:13:30,47.0,47.64,50.87
2024-03-02 03:14:00,50.72,49.16,49.74
2024-03-02 03:14:30,50.24,45.13,49.61
2024-03-02 03:15:00,47.43,46.42,50.57
2024-03-02 03:15:30,50.59,48.42,48.15
2024-03-02 03:16:00,49.33,46.69,48.56
2024-03-02 03:16:30,49.08,47.38,48.14
2024-03-02 03:17:00,48.75,49.24,50.41
2024-03-02 03:17:30,50.94,48.17,51.07
2024-03-02 03:18:00,49.44,48.36,51.49
2024-03-02 03:18:30,46.18,48.54,49.05
2024-03-02 03:19:00,48.76,47.73,48.94
2024-03-02 03:19:30,48.03,48.77,49.95
2024-03-02 03:20:00,50.27,48.82,49.76
2024-03-02 03:20:30,48.96,48.77,51.08
2024-03-02 03:21:00,50.9,48.7,52.14
2024-03-02 03:21:30,48.6,48.52,51.44
2024-03-02 03:22:00,48.56,47.41,50.94
2024-03-02 03:22:30,46.07,47.92,50.51
2024-03-02 03:23:00,49.34,48.56,51.55
2024-03-02 03:23:30,48.25,46.48,51.79
2024-03-02 03:24:00,49.86,47.92,
2024-03-02 03:24:30,49.63,46.52,
2024-03-02 03:25:00,50.04,49.56,50.95
2024-03-02 03:25:30,51.42,48.4,52.04
2024-03-02 03:26:00,49.96,47.21,51.0
2024-03-02 03:26:30,49.27,48.61,51.7
2024-03-02 03:27:00,51.21,50.42,52.04
2024-03-02 03:27:30,51.15,46.78,49.72
2024-03-02 03:28:00,50.72,47.7,51.78
2024-03-02 03:28:30,,50.13,52.28
2024-03-02 03:29:00,50.06,50.14,50.24
2024-03-02 03:29:30,48.54,49.43,48.58
2024-03-02 03:30:00,49.46,49.65,50.11
2024-03-02 03:30:30,50.27,48.99,49.68
2024-03-02 03:31:00,48.51,47.31,54.2
2024-03-02 03:31:30,50.28,48.32,49.48
2024-03-02 03:32:00,49.74,47.48,48.86
2024-03-02 03:32:30,49.52,47.74,50.22
2024-03-02 03:33:00,48.48,47.93,50.5
2024-03-02 03:33:30,48.73,47.94,49.39
2024-03-02 03:34:00,51.38,48.08,52.42
2024-03-02 03:34:30,50.53,49.26,48.57
2024-03-02 03:35:00,49.21,48.91,52.28
2024-03-02 03:35:30,47.45,50.29,50.56
2024-03-02 03:36:00,49.53,48.95,50.62
2024-03-02 03:36:30,48.95,48.26,50.69
2024-03-02 03:37:00,50.46,48.49,50.1
2024-03-02 03:37:30,51.99,48.77,52.3
2024-03-02 03:38:00,49.42,50.41,53.29
2024-03-02 03:38:30,50.48,49.68,53.8
2024-03-02 03:39:00,50.71,49.76,50.79
2024-03-02 03:39:30,50.23,47.73,51.26
2024-03-02 03:40:00,50.52,49.75,52.72
2024-03-02 03:40:30,49.35,50.46,53.14
2024-03-02 03:41:00,49.6,47.52,49.6
2024-03-02 03:41:30,49.83,49.16,51.87
2024-03-02 03:42:00,52.77,50.48,49.52
2024-03-02 03:42:30,52.15,49.06,51.56
2024-03-02 03:43:00,52.98,49.28,50.83
2024-03-02 03:43:30,49.44,48.95,52.18
2024-03-02 03:44:00,51.03,50.24,49.35
2024-03-02 03:44:30,50.91,49.32,50.44
2024-03-02 03:45:00,52.34,50.04,50.64
2024-03-02 03:45:30,51.58,50.05,52.6
2024-03-02 03:46:00,49.46,49.15,54.34
2024-03-02 03:46:30,52.34,49.35,50.96
2024-03-02 03:47:00,51.94,47.95,51.15
2024-03-02 03:47:30,49.54,49.32,50.98
2024-03-02 03:48:00,49.09,48.29,54.57
2024-03-02 03:48:30,51.36,48.83,50.98
2024-03-02 03:49:00,50.1,49.13,52.0
2024-03-02 03:49:30,50.49,50.05,52.99
2024-03-02 03:50:00,50.92,48.95,51.06
2024-03-02 03:50:30,,48.06,53.44
2024-03-02 03:51:00,52.98,48.95,50.5
2024-03-02 03:51:30,51.97,48.77,52.81
2024-03-02 03:52:00,51.39,49.5,55.8
2024-03-02 03:52:30,52.11,50.46,
2024-03-02 03:53:00,49.52,49.03,53.03
2024-03-02 03:53:30,50.08,50.61,52.61
2024-03-02 03:54:00,54.04,48.9,53.75
2024-03-02 03:54:30,50.32,49.25,51.95
2024-03-02 03:55:00,51.33,48.87,50.42
2024-03-02 03:55:30,50.74,47.88,51.62
2024-03-02 03:56:00,52.05,48.8,50.71
2024-03-02 03:56:30,50.26,47.45,52.37
2024-03-02 03:57:00,49.92,49.17,53.36
2024-03-02 03:57:30,50.54,49.84,51.09
2024-03-02 03:58:00,50.96,49.9,52.3
2024-03-02 03:58:30,51.81,49.7,50.75
2024-03-02 03:59:00,51.72,49.39,52.0
2024-03-02 03:59:30,51.22,50.75,52.57
2024-03-02 04:00:00,49.59,49.13,50.56
2024-03-02 04:00:30,50.75,49.86,52.53
2024-03-02 04:01:00,52.01,51.01,52.0
2024-03-02 04:01:30,50.42,48.74,51.22
2024-03-02 04:02:00,49.89,50.19,48.31
2024-03-02 04:02:30,51.0,50.15,51.29
2024-03-02 04:03:00,53.12,50.45,52.82
2024-03-02 04:03:30,50.05,50.0,52.11
2024-03-02 04:04:00,51.13,49.9,53.42
2024-03-02 04:04:30,51.66,50.88,51.39
2024-03-02 04:05:00,50.27,49.36,52.72
2024-03-02 04:05:30,51.52,49.14,52.32
2024-03-02 04:06:00,51.67,,52.54
2024-03-02 04:06:30,51.5,49.77,54.12
2024-03-02 04:07:00,52.1,49.74,50.52
2024-03-02 04:07:30,50.91,50.65,51.62
2024-03-02 04:08:00,50.44,51.43,50.99
2024-03-02 04:08:30,50.69,49.38,50.29
2024-03-02 04:09:00,50.27,49.9,52.16
2024-03-02 04:09:30,51.23,51.25,
2024-03-02 04:10:00,52.74,51.04,52.29
2024-03-02 04:10:30,51.31,,50.39
2024-03-02 04:11:00,54.39,50.65,52.81
2024-03-02 04:11:30,53.64,50.22,53.11
2024-03-02 04:12:00,51.96,50.62,51.62
2024-03-02 04:12:30,50.08,50.29,56.32
2024-03-02 04:13:00,52.18,49.08,56.56
2024-03-02 04:13:30,52.96,51.27,56.34
2024-03-02 04:14:00,51.82,50.11,50.37
2024-03-02 04:14:30,52.99,50.32,51.51
2024-03-02 04:15:00,51.4,49.69,53.71
2024-03-02 04:15:30,51.14,52.08,50.86
2024-03-02 04:16:00,53.98,52.52,53.21
2024-03-02 04:16:30,51.29,48.51,52.34
2024-03-02 04:17:00,,51.32,53.97
2024-03-02 04:17:30,52.38,49.11,54.12
2024-03-02 04:18:00,53.35,50.92,52.89
2024-03-02 04:18:30,53.85,51.18,54.17
2024-03-02 04:19:00,50.56,48.26,56.88
2024-03-02 04:19:30,50.19,50.14,54.93
2024-03-02 04:20:00,50.77,53.2,53.2
2024-03-02 04:20:30,53.95,49.72,53.22
2024-03-02 04:21:00,52.37,49.77,52.4
2024-03-02 04:21:30,52.81,52.28,50.7
2024-03-02 04:22:00,52.46,50.29,54.95
2024-03-02 04:22:30,52.74,51.08,53.09
2024-03-02 04:23:00,52.13,50.75,56.84
2024-03-02 04:23:30,,51.73,54.39
2024-03-02 04:24:00,53.74,50.31,54.55
2024-03-02 04:24:30,51.04,,54.72
2024-03-02 04:25:00,50.32,48.98,53.98
2024-03-02 04:25:30,52.3,51.09,53.52
2024-03-02 04:26:00,50.95,50.79,56.46
2024-03-02 04:26:30,50.82,49.45,53.48
2024-03-02 04:27:00,51.41,49.49,52.2
2024-03-02 04:27:30,52.06,50.46,54.29
2024-03-02 04:28:00,52.1,51.15,53.14
2024-03-02 04:28:30,50.04,52.67,50.59
2024-03-02 04:29:00,54.36,52.78,54.65
2024-03-02 04:29:30,51.42,50.96,52.52
2024-03-02 04:30:00,52.29,53.17,52.84
2024-03-02 04:30:30,51.86,50.33,52.62
2024-03-02 04:31:00,51.98,51.25,54.71
2024-03-02 04:31:30,51.18,50.59,53.15
2024-03-02 04:32:00,52.72,50.24,52.92
2024-03-02 04:32:30,53.27,51.12,53.89
2024-03-02 04:33:00,51.66,52.13,51.38
2024-03-02 04:33:30,52.28,51.75,53.93
2024-03-02 04:34:00,53.2,52.25,52.76
2024-03-02 04:34:30,53.1,51.57,53.35
2024-03-02 04:35:00,52.63,52.06,52.72
2024-03-02 04:35:30,53.27,49.82,51.69
2024-03-02 04:36:00,52.61,47.86,54.96
2024-03-02 04:36:30,53.61,48.94,53.97
2024-03-02 04:37:00,54.2,50.34,54.66
2024-03-02 04:37:30,51.96,52.48,53.33
2024-03-02 04:38:00,53.6,52.46,
2024-03-02 04:38:30,51.43,49.22,55.83
2024-03-02 04:39:00,52.83,52.82,
2024-03-02 04:39:30,52.75,51.13,55.16
2024-03-02 04:40:00,55.61,50.96,54.52
2024-03-02 04:40:30,51.67,51.7,55.19
2024-03-02 04:41:00,51.3,51.7,56.12
2024-03-02 04:41:30,,51.65,52.26
2024-03-02 04:42:00,52.04,50.92,55.1
2024-03-02 04:42:30,53.48,51.14,55.76
2024-03-02 04:43:00,52.38,51.83,54.18
2024-03-02 04:43:30,52.43,,53.54
2024-03-02 04:44:00,53.28,51.34,54.46
2024-03-02 04:44:30,52.42,50.64,
2024-03-02 04:45:00,53.58,52.75,53.7
2024-03-02 04:45:30,54.13,50.96,53.28
2024-03-02 04:46:00,52.13,52.57,54.12
2024-03-02 04:46:30,51.8,52.13,54.72
2024-03-02 04:47:00,54.93,51.41,55.56
2024-03-02 04:47:30,51.99,52.66,53.01
2024-03-02 04:48:00,53.2,52.03,56.14
2024-03-02 04:48:30,52.74,50.94,52.21
2024-03-02 04:49:00,51.19,51.25,54.79
2024-03-02 04:49:30,52.82,52.72,52.61
2024-03-02 04:50:00,53.58,52.1,52.4
2024-03-02 04:50:30,53.66,52.3,53.88
2024-03-02 04:51:00,52.84,50.36,55.38
2024-03-02 04:51:30,52.84,51.89,54.87
2024-03-02 04:52:00,51.99,50.36,55.44
2024-03-02 04:52:30,52.04,51.58,56.72
2024-03-02 04:53:00,54.89,52.52,54.59
2024-03-02 04:53:30,52.6,51.8,54.08
2024-03-02 04:54:00,51.98,54.61,51.92
2024-03-02 04:54:30,54.62,51.51,56.56
2024-03-02 04:55:00,54.3,52.35,52.2
2024-03-02 04:55:30,53.64,52.62,55.28
2024-03-02 04:56:00,54.31,51.95,55.48
2024-03-02 04:56:30,53.53,51.06,54.0
2024-03-02 04:57:00,53.97,54.32,53.4
2024-03-02 04:57:30,54.78,52.57,54.22
2024-03-02 04:58:00,56.2,52.51,56.07
2024-03-02 04:58:30,53.01,52.35,52.29
2024-03-02 04:59:00,52.7,53.94,52.35
2024-03-02 04:59:30,52.7,51.53,52.28
2024-03-02 05:00:00,52.91,51.39,55.1
2024-03-02 05:00:30,54.09,52.47,54.72
2024-03-02 05:01:00,54.49,50.69,56.16
2024-03-02 05:01:30,54.09,52.61,53.73
2024-03-02 05:02:00,53.93,51.98,53.09
2024-03-02 05:02:30,55.8,51.35,55.72
2024-03-02 05:03:00,52.77,52.27,
2024-03-02 05:03:30,52.23,51.23,55.87
2024-03-02 05:04:00,53.44,50.24,55.94
2024-03-02 05:04:30,54.98,52.51,54.08
2024-03-02 05:05:00,55.22,50.92,57.54
2024-03-02 05:05:30,52.11,53.08,58.23
2024-03-02 05:06:00,53.41,50.89,54.66
2024-03-02 05:06:30,53.37,53.31,53.94
2024-03-02 05:07:00,52.8,54.51,56.3
2024-03-02 05:07:30,54.6,52.95,53.53
2024-03-02 05:08:00,56.73,52.77,55.42
2024-03-02 05:08:30,52.23,52.24,54.99
2024-03-02 05:09:00,52.32,53.43,55.31
2024-03-02 05:09:30,52.61,51.79,55.59
2024-03-02 05:10:00,54.03,51.71,56.11
2024-03-02 05:10:30,52.91,53.39,54.72
2024-03-02 05:11:00,53.67,52.06,52.73
2024-03-02 05:11:30,56.5,52.45,56.75
2024-03-02 05:12:00,54.45,51.19,54.81
2024-03-02 05:12:30,54.05,52.19,55.2
2024-03-02 05:13:00,55.79,53.56,54.2
2024-03-02 05:13:30,54.29,52.67,55.55
2024-03-02 05:14:00,54.45,52.86,55.18
2024-03-02 05:14:30,54.42,54.42,54.54
2024-03-02 05:15:00,52.63,52.14,54.79
2024-03-02 05:15:30,53.05,52.58,53.95
2024-03-02 05:16:00,53.51,53.37,53.99
2024-03-02 05:16:30,53.74,52.55,56.79
2024-03-02 05:17:00,55.95,51.46,55.59
2024-03-02 05:17:30,53.24,52.01,55.79
2024-03-02 05:18:00,53.88,53.92,54.49
2024-03-02 05:18:30,53.95,52.66,53.51
2024-03-02 05:19:00,54.23,51.86,56.35
2024-03-02 05:19:30,55.26,52.16,53.86
2024-03-02 05:20:00,54.6,52.14,55.66
2024-03-02 05:20:30,53.57,53.56,55.19
2024-03-02 05:21:00,54.78,52.16,54.96
2024-03-02 05:21:30,53.07,52.02,52.74
2024-03-02 05:22:00,53.81,56.43,55.4
2024-03-02 05:22:30,51.7,52.64,53.06
2024-03-02 05:23:00,53.87,52.41,55.86
2024-03-02 05:23:30,54.14,53.15,54.34
2024-03-02 05:24:00,54.73,53.21,55.15
2024-03-02 05:24:30,53.22,54.09,57.08
2024-03-02 05:25:00,54.91,53.62,55.34
2024-03-02 05:25:30,53.65,52.59,53.36
2024-03-02 05:26:00,53.49,52.8,56.13
2024-03-02 05:26:30,56.58,53.03,
2024-03-02 05:27:00,54.94,51.41,53.78
2024-03-02 05:27:30,56.21,52.8,54.48
2024-03-02 05:28:00,55.41,52.93,55.66
2024-03-02 05:28:30,55.83,52.89,55.2
2024-03-02 05:29:00,53.39,53.42,56.78
2024-03-02 05:29:30,52.81,50.82,55.63
2024-03-02 05:30:00,55.84,53.32,57.48
2024-03-02 05:30:30,55.5,53.98,
2024-03-02 05:31:00,54.25,53.71,
2024-03-02 05:31:30,52.26,53.21,55.86
2024-03-02 05:32:00,56.39,55.04,56.53
2024-03-02 05:32:30,54.58,53.74,54.29
2024-03-02 05:33:00,53.54,52.32,56.72
2024-03-02 05:33:30,55.78,52.87,54.63
2024-03-02 05:34:00,53.35,51.95,55.69
2024-03-02 05:34:30,55.46,53.59,56.51
2024-03-02 05:35:00,55.93,51.7,58.75
2024-03-02 05:35:30,53.13,53.4,57.24
2024-03-02 05:36:00,52.5,53.11,58.34
2024-03-02 05:36:30,55.39,53.08,56.52
2024-03-02 05:37:00,55.47,53.93,55.3
2024-03-02 05:37:30,56.55,54.17,55.03
2024-03-02 05:38:00,53.82,52.06,54.8
2024-03-02 05:38:30,54.97,53.84,54.85
2024-03-02 05:39:00,55.16,51.83,56.64
2024-03-02 05:39:30,55.05,54.12,
2024-03-02 05:40:00,55.07,52.64,54.89
2024-03-02 05:40:30,54.03,52.41,58.16
2024-03-02 05:41:00,56.68,53.24,56.45
2024-03-02 05:41:30,56.43,54.08,56.64
2024-03-02 05:42:00,54.14,53.15,56.83
2024-03-02 05:42:30,54.52,53.02,54.82
2024-03-02 05:43:00,53.96,53.27,57.28
2024-03-02 05:43:30,,52.87,57.92
2024-03-02 05:44:00,55.82,52.14,52.59
2024-03-02 05:44:30,53.42,54.63,56.1
2024-03-02 05:45:00,55.78,53.47,54.64
2024-03-02 05:45:30,54.77,52.85,55.67
2024-03-02 05:46:00,55.91,53.46,56.17
2024-03-02 05:46:30,54.17,52.3,
2024-03-02 05:47:00,54.23,52.74,57.61
2024-03-02 05:47:30,54.61,52.9,56.89
2024-03-02 05:48:00,51.93,51.6,56.58
2024-03-02 05:48:30,56.08,54.48,53.67
2024-03-02 05:49:00,58.26,54.4,55.26
2024-03-02 05:49:30,55.56,53.15,55.63
2024-03-02 05:50:00,54.92,54.78,56.15
2024-03-02 05:50:30,54.4,54.51,55.92
2024-03-02 05:51:00,54.73,53.3,58.37
2024-03-02 05:51:30,55.7,52.94,56.21
2024-03-02 05:52:00,54.49,53.43,56.33
2024-03-02 05:52:30,55.09,54.14,57.96
2024-03-02 05:53:00,56.01,54.98,
2024-03-02 05:53:30,54.54,53.73,58.51
2024-03-02 05:54:00,56.69,53.51,57.84
2024-03-02 05:54:30,56.59,54.83,54.98
2024-03-02 05:55:00,53.61,54.51,58.03
2024-03-02 05:55:30,54.41,53.1,57.48
2024-03-02 05:56:00,57.24,54.48,57.36
2024-03-02 05:56:30,55.27,53.3,56.3
2024-03-02 05:57:00,56.04,53.79,56.57
2024-03-02 05:57:30,55.53,52.64,56.16
2024-03-02 05:58:00,53.95,53.44,57.71
2024-03-02 05:58:30,58.07,55.07,60.08
2024-03-02 05:59:00,56.21,54.77,56.02
2024-03-02 05:59:30,54.44,55.66,59.25
2024-03-02 06:00:00,56.4,53.66,56.96
2024-03-02 06:00:30,55.25,53.45,59.15
2024-03-02 06:01:00,54.79,53.64,56.13
2024-03-02 06:01:30,56.2,52.93,58.04
2024-03-02 06:02:00,56.9,53.22,56.35
2024-03-02 06:02:30,53.88,55.59,58.06
2024-03-02 06:03:00,54.15,52.25,56.27
2024-03-02 06:03:30,55.73,53.94,56.12
2024-03-02 06:04:00,55.96,54.47,56.15
2024-03-02 06:04:30,53.42,53.41,55.76
2024-03-02 06:05:00,56.41,54.82,
2024-03-02 06:05:30,54.24,54.36,58.05
2024-03-02 06:06:00,55.15,54.17,53.71
2024-03-02 06:06:30,55.88,55.44,56.22
2024-03-02 06:07:00,53.12,53.28,56.2
2024-03-02 06:07:30,55.4,,53.1
2024-03-02 06:08:00,56.22,54.26,55.91
2024-03-02 06:08:30,56.77,54.68,56.12
2024-03-02 06:09:00,54.94,54.66,55.86
2024-03-02 06:09:30,54.45,53.98,57.62
2024-03-02 06:10:00,,53.91,51.73
2024-03-02 06:10:30,54.92,53.76,58.8
2024-03-02 06:11:00,53.83,55.05,56.55
2024-03-02 06:11:30,55.58,54.67,57.91
2024-03-02 06:12:00,55.94,,55.62
2024-03-02 06:12:30,54.33,52.44,55.98
2024-03-02 06:13:00,56.6,52.89,59.08
2024-03-02 06:13:30,54.96,53.12,56.48
2024-03-02 06:14:00,55.21,52.95,57.82
2024-03-02 06:14:30,55.83,51.61,58.83
2024-03-02 06:15:00,55.36,53.6,59.35
2024-03-02 06:15:30,56.93,55.13,54.23
2024-03-02 06:16:00,55.45,54.37,57.55
2024-03-02 06:16:30,56.66,54.9,
2024-03-02 06:17:00,56.69,55.05,56.17
2024-03-02 06:17:30,57.04,52.06,56.2
2024-03-02 06:18:00,55.82,55.17,55.31
2024-03-02 06:18:30,55.96,53.84,54.2
2024-03-02 06:19:00,57.42,55.78,58.0
2024-03-02 06:19:30,55.06,55.1,58.46
2024-03-02 06:20:00,54.6,54.54,56.55
2024-03-02 06:20:30,56.39,53.2,56.93
2024-03-02 06:21:00,56.94,54.72,57.56
2024-03-02 06:21:30,57.6,53.7,57.06
2024-03-02 06:22:00,55.08,54.39,56.63
2024-03-02 06:22:30,54.86,56.3,56.93
2024-03-02 06:23:00,54.16,54.61,59.33
2024-03-02 06:23:30,53.58,54.51,58.21
2024-03-02 06:24:00,56.85,55.27,57.86
2024-03-02 06:24:30,56.38,55.12,55.49
2024-03-02 06:25:00,56.34,55.29,55.21
2024-03-02 06:25:30,53.11,53.13,53.93
2024-03-02 06:26:00,55.49,54.34,57.01
2024-03-02 06:26:30,56.12,54.12,57.24
2024-03-02 06:27:00,55.25,53.52,59.0
2024-03-02 06:27:30,56.37,53.53,58.36
2024-03-02 06:28:00,58.52,54.76,58.45
2024-03-02 06:28:30,55.91,54.01,58.45
2024-03-02 06:29:00,56.24,54.74,58.94
2024-03-02 06:29:30,55.78,52.84,59.28
2024-03-02 06:30:00,55.53,54.14,57.07
2024-03-02 06:30:30,56.73,53.94,57.18
2024-03-02 06:31:00,57.64,56.21,57.1
2024-03-02 06:31:30,57.47,55.61,57.64
2024-03-02 06:32:00,55.08,52.8,56.69
2024-03-02 06:32:30,56.6,55.25,58.02
2024-03-02 06:33:00,58.01,56.2,55.06
2024-03-02 06:33:30,57.36,54.92,
2024-03-02 06:34:00,55.06,54.61,59.18
2024-03-02 06:34:30,56.26,54.8,57.24
2024-03-02 06:35:00,56.41,55.47,57.94
2024-03-02 06:35:30,57.23,56.03,56.77
2024-03-02 06:36:00,54.74,56.34,55.19
2024-03-02 06:36:30,56.41,54.81,56.46
2024-03-02 06:37:00,56.12,54.38,56.32
2024-03-02 06:37:30,56.16,55.54,59.63
2024-03-02 06:38:00,56.75,55.92,54.1
2024-03-02 06:38:30,56.78,55.13,59.31
2024-03-02 06:39:00,55.65,55.87,56.29
2024-03-02 06:39:30,56.45,52.58,58.36
2024-03-02 06:40:00,56.05,54.08,59.04
2024-03-02 06:40:30,55.23,54.67,54.45
2024-03-02 06:41:00,56.5,56.12,56.58
2024-03-02 06:41:30,56.21,54.4,55.37
2024-03-02 06:42:00,56.19,55.42,59.18
2024-03-02 06:42:30,56.54,54.23,57.44
2024-03-02 06:43:00,55.75,54.99,58.3
2024-03-02 06:43:30,55.21,52.74,56.76
2024-03-02 06:44:00,57.4,55.39,57.7
2024-03-02 06:44:30,58.3,55.59,56.7
2024-03-02 06:45:00,57.61,55.91,55.48
2024-03-02 06:45:30,55.7,53.78,58.8
2024-03-02 06:46:00,56.88,54.63,57.0
2024-03-02 06:46:30,53.79,54.29,56.41
2024-03-02 06:47:00,57.9,55.14,58.23
2024-03-02 06:47:30,55.68,54.87,58.23
2024-03-02 06:48:00,57.78,54.99,57.91
2024-03-02 06:48:30,56.99,55.22,56.46
2024-03-02 06:49:00,55.73,53.45,59.34
2024-03-02 06:49:30,57.71,55.84,56.99
2024-03-02 06:50:00,54.35,54.65,
2024-03-02 06:50:30,58.21,55.92,55.81
2024-03-02 06:51:00,53.97,57.11,60.94
2024-03-02 06:51:30,56.68,58.19,57.43
2024-03-02 06:52:00,58.6,52.38,57.23
2024-03-02 06:52:30,57.15,55.06,58.95
2024-03-02 06:53:00,57.08,55.17,58.03
2024-03-02 06:53:30,58.58,54.78,59.18
2024-03-02 06:54:00,56.47,53.83,56.3
2024-03-02 06:54:30,58.39,,56.36
2024-03-02 06:55:00,55.05,56.06,59.45
2024-03-02 06:55:30,57.7,54.08,59.32
2024-03-02 06:56:00,54.43,55.45,56.0
2024-03-02 06:56:30,57.58,54.92,55.79
2024-03-02 06:57:00,58.82,54.73,58.53
2024-03-02 06:57:30,57.27,53.96,57.88
2024-03-02 06:58:00,57.74,53.95,57.8
2024-03-02 06:58:30,57.48,55.24,60.3
2024-03-02 06:59:00,52.86,55.61,59.33
2024-03-02 06:59:30,54.62,54.15,56.42
2024-03-02 07:00:00,57.94,53.97,57.73
2024-03-02 07:00:30,57.17,53.71,59.4
2024-03-02 07:01:00,55.76,55.22,55.39
2024-03-02 07:01:30,57.45,55.46,59.21
2024-03-02 07:02:00,57.87,55.4,58.49
2024-03-02 07:02:30,55.27,55.05,56.73
2024-03-02 07:03:00,54.24,54.57,54.94
2024-03-02 07:03:30,57.32,,56.72
2024-03-02 07:04:00,55.73,,55.68
2024-03-02 07:04:30,58.72,56.65,59.77
2024-03-02 07:05:00,57.47,54.63,58.54
2024-03-02 07:05:30,,54.94,57.36
2024-03-02 07:06:00,56.55,55.54,57.53
2024-03-02 07:06:30,57.94,54.58,56.72
2024-03-02 07:07:00,55.76,55.11,59.68
2024-03-02 07:07:30,58.86,,56.14
2024-03-02 07:08:00,56.51,54.49,
2024-03-02 07:08:30,57.37,55.66,57.48
2024-03-02 07:09:00,56.7,54.06,56.98
2024-03-02 07:09:30,56.17,53.78,55.55
2024-03-02 07:10:00,55.46,54.72,56.13
2024-03-02 07:10:30,57.07,54.88,59.52
2024-03-02 07:11:00,54.53,54.48,53.26
2024-03-02 07:11:30,57.5,53.83,57.02
2024-03-02 07:12:00,58.17,54.91,58.9
2024-03-02 07:12:30,57.38,56.24,60.7
2024-03-02 07:13:00,55.67,55.18,58.09
2024-03-02 07:13:30,54.62,53.33,55.59
2024-03-02 07:14:00,56.58,56.46,57.61
2024-03-02 07:14:30,59.08,54.76,57.8
2024-03-02 07:15:00,58.35,55.4,57.32
2024-03-02 07:15:30,57.51,55.39,60.19
2024-03-02 07:16:00,56.09,54.78,57.11
2024-03-02 07:16:30,55.74,54.08,57.94
2024-03-02 07:17:00,58.92,55.7,58.28
2024-03-02 07:17:30,55.98,54.17,58.23
2024-03-02 07:18:00,54.93,54.06,57.51
2024-03-02 07:18:30,56.0,53.97,59.12
2024-03-02 07:19:00,54.47,,57.61
2024-03-02 07:19:30,55.62,55.52,56.21
2024-03-02 07:20:00,56.93,55.14,
2024-03-02 07:20:30,56.95,55.35,60.46
2024-03-02 07:21:00,54.15,,55.72
2024-03-02 07:21:30,55.67,57.49,59.08
2024-03-02 07:22:00,59.18,,60.31
2024-03-02 07:22:30,58.09,54.63,57.62
2024-03-02 07:23:00,58.19,53.35,60.86
2024-03-02 07:23:30,57.5,54.83,56.73
2024-03-02 07:24:00,58.32,54.87,58.0
2024-03-02 07:24:30,56.48,55.96,57.34
2024-03-02 07:25:00,54.6,56.67,57.3
2024-03-02 07:25:30,55.86,56.06,58.4
2024-03-02 07:26:00,55.72,57.47,58.0
2024-03-02 07:26:30,55.29,55.32,60.17
2024-03-02 07:27:00,55.53,54.75,60.41
2024-03-02 07:27:30,58.48,55.8,57.93
2024-03-02 07:28:00,55.59,56.01,58.14
2024-03-02 07:28:30,54.88,53.69,59.16
2024-03-02 07:29:00,57.0,54.74,58.99
2024-03-02 07:29:30,57.1,52.51,59.55
2024-03-02 07:30:00,54.25,55.54,58.45
2024-03-02 07:30:30,57.04,56.85,55.07
2024-03-02 07:31:00,57.52,55.95,58.87
2024-03-02 07:31:30,58.06,56.51,58.94
2024-03-02 07:32:00,55.69,54.3,57.61
2024-03-02 07:32:30,56.21,55.71,56.69
2024-03-02 07:33:00,56.34,54.85,56.34
2024-03-02 07:33:30,56.29,55.89,57.46
2024-03-02 07:34:00,57.86,55.08,57.54
2024-03-02 07:34:30,58.48,53.72,59.88
2024-03-02 07:35:00,55.07,53.56,59.36
2024-03-02 07:35:30,56.22,57.15,56.47
2024-03-02 07:36:00,57.06,54.28,57.87
2024-03-02 07:36:30,55.96,55.26,55.68
2024-03-02 07:37:00,55.05,54.35,57.94
2024-03-02 07:37:30,57.04,53.98,57.44
2024-03-02 07:38:00,57.39,54.7,59.72
2024-03-02 07:38:30,57.15,54.57,60.18
2024-03-02 07:39:00,57.74,55.85,58.98
2024-03-02 07:39:30,57.44,55.21,59.92
2024-03-02 07:40:00,56.44,54.92,58.42
2024-03-02 07:40:30,56.63,54.57,56.91
2024-03-02 07:41:00,57.48,54.38,
2024-03-02 07:41:30,55.33,56.88,57.9
2024-03-02 07:42:00,57.99,55.9,56.06
2024-03-02 07:42:30,57.15,54.47,56.77
2024-03-02 07:43:00,58.97,54.94,59.79
2024-03-02 07:43:30,57.37,56.35,56.33
2024-03-02 07:44:00,57.1,55.13,57.64
2024-03-02 07:44:30,57.04,55.62,58.01
2024-03-02 07:45:00,57.0,54.85,60.82
2024-03-02 07:45:30,59.56,56.25,58.67
2024-03-02 07:46:00,58.2,54.94,56.45
2024-03-02 07:46:30,57.25,54.98,61.07
2024-03-02 07:47:00,56.91,54.28,56.2
2024-03-02 07:47:30,60.29,54.47,60.18
2024-03-02 07:48:00,56.83,55.61,57.31
2024-03-02 07:48:30,56.17,55.92,57.53
2024-03-02 07:49:00,56.37,55.77,59.34
2024-03-02 07:49:30,57.04,55.49,57.83
2024-03-02 07:50:00,59.26,55.33,58.12
2024-03-02 07:50:30,55.17,55.34,58.73
2024-03-02 07:51:00,55.6,55.22,58.09
2024-03-02 07:51:30,57.44,56.52,56.35
2024-03-02 07:52:00,57.4,55.74,57.51
2024-03-02 07:52:30,56.68,55.35,58.36
2024-03-02 07:53:00,56.87,55.11,57.66
2024-03-02 07:53:30,58.04,55.31,60.0
2024-03-02 07:54:00,57.81,55.89,
2024-03-02 07:54:30,57.36,56.01,59.23
2024-03-02 07:55:00,56.24,52.4,58.4
2024-03-02 07:55:30,57.4,55.62,59.51
2024-03-02 07:56:00,55.89,54.88,59.19
2024-03-02 07:56:30,58.54,54.36,57.57
2024-03-02 07:57:00,57.28,54.49,59.04
2024-03-02 07:57:30,56.79,55.2,59.76
2024-03-02 07:58:00,57.34,53.51,59.61
2024-03-02 07:58:30,57.07,55.92,57.61
2024-03-02 07:59:00,60.03,55.28,58.75
2024-03-02 07:59:30,57.37,54.42,59.28
2024-03-02 08:00:00,56.89,56.09,59.08
2024-03-02 08:00:30,58.29,55.87,58.75
2024-03-02 08:01:00,55.36,55.63,59.06
2024-03-02 08:01:30,56.34,55.17,56.57
2024-03-02 08:02:00,57.19,54.71,
2024-03-02 08:02:30,57.88,55.33,58.37
2024-03-02 08:03:00,56.3,54.89,54.92
2024-03-02 08:03:30,55.12,57.14,58.93
2024-03-02 08:04:00,56.6,55.5,56.2
2024-03-02 08:04:30,56.82,55.85,58.49
2024-03-02 08:05:00,55.25,57.2,56.45
2024-03-02 08:05:30,57.78,53.82,60.3
2024-03-02 08:06:00,56.76,53.22,59.13
2024-03-02 08:06:30,58.1,54.85,
2024-03-02 08:07:00,56.13,55.93,58.23
2024-03-02 08:07:30,58.88,54.32,58.67
2024-03-02 08:08:00,54.85,54.42,60.08
2024-03-02 08:08:30,55.51,55.64,57.08
2024-03-02 08:09:00,58.88,54.43,58.7
2024-03-02 08:09:30,57.18,52.93,58.99
2024-03-02 08:10:00,58.1,53.71,55.58
2024-03-02 08:10:30,57.78,55.51,58.19
2024-03-02 08:11:00,56.46,55.82,56.95
2024-03-02 08:11:30,57.6,54.47,58.52
2024-03-02 08:12:00,56.97,54.52,58.32
2024-03-02 08:12:30,56.69,55.69,59.61
2024-03-02 08:13:00,56.05,53.73,57.82
2024-03-02 08:13:30,55.91,55.12,57.32
2024-03-02 08:14:00,57.56,55.09,57.11
2024-03-02 08:14:30,58.47,55.66,
2024-03-02 08:15:00,55.53,54.01,57.58
2024-03-02 08:15:30,56.51,54.57,58.15
2024-03-02 08:16:00,58.73,55.54,56.93
2024-03-02 08:16:30,57.03,53.72,55.6
2024-03-02 08:17:00,56.12,54.18,61.69
2024-03-02 08:17:30,55.58,56.94,58.99
2024-03-02 08:18:00,56.55,54.34,59.75
2024-03-02 08:18:30,56.29,54.97,57.72
2024-03-02 08:19:00,55.88,56.94,60.08
2024-03-02 08:19:30,58.3,55.87,56.2
2024-03-02 08:20:00,57.97,56.25,58.09
2024-03-02 08:20:30,58.09,55.07,55.48
2024-03-02 08:21:00,58.87,55.52,
2024-03-02 08:21:30,58.41,56.22,57.51
2024-03-02 08:22:00,55.76,56.79,56.2
2024-03-02 08:22:30,56.89,55.87,58.0
2024-03-02 08:23:00,56.55,54.14,58.71
2024-03-02 08:23:30,57.06,55.83,
2024-03-02 08:24:00,57.58,54.49,55.6
2024-03-02 08:24:30,55.98,55.81,59.69
2024-03-02 08:25:00,58.56,56.91,57.52
2024-03-02 08:25:30,56.4,54.76,58.1
2024-03-02 08:26:00,56.72,55.55,59.17
2024-03-02 08:26:30,55.46,53.11,58.32
2024-03-02 08:27:00,56.38,56.65,60.92
2024-03-02 08:27:30,57.79,55.73,56.35
2024-03-02 08:28:00,58.47,54.09,58.33
2024-03-02 08:28:30,58.87,55.15,59.67
2024-03-02 08:29:00,56.83,54.91,55.96
2024-03-02 08:29:30,55.87,55.38,59.85
2024-03-02 08:30:00,56.18,55.71,56.25
2024-03-02 08:30:30,55.79,53.53,56.14
2024-03-02 08:31:00,58.01,56.09,56.65
2024-03-02 08:31:30,56.63,54.02,58.06
2024-03-02 08:32:00,56.88,54.08,57.6
2024-03-02 08:32:30,57.79,56.22,58.91
2024-03-02 08:33:00,56.09,56.9,58.3
2024-03-02 08:33:30,54.3,54.43,59.6
2024-03-02 08:34:00,56.53,55.68,57.94
2024-03-02 08:34:30,55.13,55.44,58.06
2024-03-02 08:35:00,54.29,54.94,57.51
2024-03-02 08:35:30,55.39,56.66,56.9
2024-03-02 08:36:00,55.38,55.05,56.99
2024-03-02 08:36:30,55.17,57.57,56.6
2024-03-02 08:37:00,55.7,54.87,56.36
2024-03-02 08:37:30,55.87,55.03,57.64
2024-03-02 08:38:00,57.25,53.15,58.98
2024-03-02 08:38:30,57.19,55.71,58.29
2024-03-02 08:39:00,56.8,54.45,56.94
2024-03-02 08:39:30,55.04,54.94,59.83
2024-03-02 08:40:00,56.77,54.9,59.09
2024-03-02 08:40:30,54.54,53.12,57.01
2024-03-02 08:41:00,57.22,55.37,56.79
2024-03-02 08:41:30,56.85,56.77,58.38
2024-03-02 08:42:00,56.2,57.18,58.85
2024-03-02 08:42:30,59.42,54.74,57.63
2024-03-02 08:43:00,56.65,55.2,53.76
2024-03-02 08:43:30,56.92,53.29,59.4
2024-03-02 08:44:00,55.64,55.5,55.75
2024-03-02 08:44:30,54.96,54.25,59.0
2024-03-02 08:45:00,55.79,54.31,57.01
2024-03-02 08:45:30,54.97,55.13,56.66
2024-03-02 08:46:00,55.02,54.48,57.91
2024-03-02 08:46:30,57.08,54.79,58.06
2024-03-02 08:47:00,56.3,55.59,55.46
2024-03-02 08:47:30,,55.67,61.03
2024-03-02 08:48:00,55.74,53.93,58.11
2024-03-02 08:48:30,57.77,56.22,57.35
2024-03-02 08:49:00,55.03,54.14,57.18
2024-03-02 08:49:30,57.83,56.62,58.62
2024-03-02 08:50:00,57.03,55.85,57.95
2024-03-02 08:50:30,57.76,56.56,58.23
2024-03-02 08:51:00,55.37,55.48,56.81
2024-03-02 08:51:30,57.12,54.66,59.24
2024-03-02 08:52:00,55.74,54.72,58.9
2024-03-02 08:52:30,56.75,54.87,55.35
2024-03-02 08:53:00,58.53,55.54,59.36
2024-03-02 08:53:30,56.61,56.56,55.73
2024-03-02 08:54:00,56.23,56.87,56.69
2024-03-02 08:54:30,58.04,54.8,56.54
2024-03-02 08:55:00,55.53,55.42,60.36
2024-03-02 08:55:30,56.99,53.75,58.96
2024-03-02 08:56:00,56.87,56.1,55.61
2024-03-02 08:56:30,57.63,55.49,58.79
2024-03-02 08:57:00,57.34,54.53,57.54
2024-03-02 08:57:30,58.18,55.55,59.07
2024-03-02 08:58:00,55.33,55.36,57.98
2024-03-02 08:58:30,54.11,54.33,57.79
2024-03-02 08:59:00,55.65,55.37,56.79
2024-03-02 08:59:30,56.78,56.26,57.41
2024-03-02 09:00:00,55.82,55.12,59.66
2024-03-02 09:00:30,56.03,54.65,57.88
2024-03-02 09:01:00,55.97,53.53,57.97
2024-03-02 09:01:30,57.37,55.1,55.87
2024-03-02 09:02:00,56.13,53.92,55.28
2024-03-02 09:02:30,55.63,53.48,58.32
2024-03-02 09:03:00,55.03,54.54,58.06
2024-03-02 09:03:30,55.25,55.37,56.22
2024-03-02 09:04:00,54.03,55.33,55.55
2024-03-02 09:04:30,55.47,55.63,57.54
2024-03-02 09:05:00,56.52,54.66,58.2
2024-03-02 09:05:30,57.31,55.19,58.51
2024-03-02 09:06:00,57.88,54.22,58.01
2024-03-02 09:06:30,57.87,54.32,57.15
2024-03-02 09:07:00,54.83,54.2,59.73
2024-03-02 09:07:30,56.21,54.45,55.96
2024-03-02 09:08:00,55.29,53.9,58.59
2024-03-02 09:08:30,56.0,54.94,57.37
2024-03-02 09:09:00,56.61,53.91,57.0
2024-03-02 09:09:30,58.37,56.15,57.52
2024-03-02 09:10:00,56.13,54.58,54.99
2024-03-02 09:10:30,56.44,56.01,56.25
2024-03-02 09:11:00,55.65,55.43,57.23
2024-03-02 09:11:30,55.31,52.67,58.68
2024-03-02 09:12:00,58.65,,59.19
2024-03-02 09:12:30,55.4,54.34,57.68
2024-03-02 09:13:00,57.1,54.09,57.45
2024-03-02 09:13:30,54.54,54.15,59.35
2024-03-02 09:14:00,,53.53,56.09
2024-03-02 09:14:30,56.86,54.05,55.45
2024-03-02 09:15:00,54.55,54.33,
2024-03-02 09:15:30,56.34,53.06,58.43
2024-03-02 09:16:00,56.46,55.86,55.67
2024-03-02 09:16:30,60.05,54.46,55.44
2024-03-02 09:17:00,55.35,52.45,56.58
2024-03-02 09:17:30,55.4,55.01,57.18
2024-03-02 09:18:00,55.66,52.4,57.47
2024-03-02 09:18:30,54.98,55.1,57.12
2024-03-02 09:19:00,58.8,54.85,56.36
2024-03-02 09:19:30,53.2,54.25,58.94
2024-03-02 09:20:00,58.25,56.19,55.54
2024-03-02 09:20:30,55.82,56.36,56.12
2024-03-02 09:21:00,55.08,55.59,57.63
2024-03-02 09:21:30,54.31,54.65,57.44
2024-03-02 09:22:00,54.05,53.37,57.25
2024-03-02 09:22:30,56.56,55.19,58.19
2024-03-02 09:23:00,56.34,52.37,58.52
2024-03-02 09:23:30,56.69,55.11,56.26
2024-03-02 09:24:00,55.65,53.07,58.49
2024-03-02 09:24:30,56.94,53.55,56.92
2024-03-02 09:25:00,53.72,53.97,58.5
2024-03-02 09:25:30,57.24,53.73,54.86
2024-03-02 09:26:00,52.6,54.37,56.0
2024-03-02 09:26:30,56.65,54.34,57.09
2024-03-02 09:27:00,58.05,52.93,54.98
2024-03-02 09:27:30,57.78,53.74,60.65
2024-03-02 09:28:00,56.09,53.79,57.3
2024-03-02 09:28:30,54.79,52.4,55.86
2024-03-02 09:29:00,56.49,52.52,58.27
2024-03-02 09:29:30,57.93,54.81,57.17
2024-03-02 09:30:00,55.65,53.28,54.48
2024-03-02 09:30:30,54.99,54.34,57.72
2024-03-02 09:31:00,56.96,54.69,58.71
2024-03-02 09:31:30,,54.69,56.0
2024-03-02 09:32:00,58.45,55.23,56.98
2024-03-02 09:32:30,55.72,54.96,57.19
2024-03-02 09:33:00,56.25,55.13,58.34
2024-03-02 09:33:30,55.79,54.98,57.6
2024-03-02 09:34:00,57.35,54.81,58.33
2024-03-02 09:34:30,53.72,52.97,55.43
2024-03-02 09:35:00,54.22,54.95,56.35
2024-03-02 09:35:30,54.56,55.21,58.42
2024-03-02 09:36:00,55.78,54.58,59.16
2024-03-02 09:36:30,54.98,53.87,55.81
2024-03-02 09:37:00,57.36,54.26,56.67
2024-03-02 09:37:30,54.42,54.77,53.98
2024-03-02 09:38:00,56.91,55.85,58.06
2024-03-02 09:38:30,56.02,53.73,57.7
2024-03-02 09:39:00,57.15,54.65,56.47
2024-03-02 09:39:30,54.69,55.01,59.3
2024-03-02 09:40:00,56.81,54.5,55.72
2024-03-02 09:40:30,52.98,53.86,56.17
2024-03-02 09:41:00,55.2,54.16,57.96
2024-03-02 09:41:30,55.45,54.26,58.35
2024-03-02 09:42:00,54.92,52.94,58.26
2024-03-02 09:42:30,56.21,55.15,55.89
2024-03-02 09:43:00,56.25,51.79,56.51
2024-03-02 09:43:30,56.18,52.73,59.18
2024-03-02 09:44:00,55.73,54.68,56.3
2024-03-02 09:44:30,58.59,53.76,56.46
2024-03-02 09:45:00,55.74,53.75,
2024-03-02 09:45:30,56.26,53.59,57.16
2024-03-02 09:46:00,56.36,55.33,55.64
2024-03-02 09:46:30,56.79,54.51,58.2
2024-03-02 09:47:00,55.86,54.77,56.72
2024-03-02 09:47:30,56.12,54.82,59.31
2024-03-02 09:48:00,55.8,54.43,56.3
2024-03-02 09:48:30,55.98,54.1,58.4
2024-03-02 09:49:00,55.86,53.93,55.54
2024-03-02 09:49:30,55.85,54.28,57.0
2024-03-02 09:50:00,58.25,54.88,57.6
2024-03-02 09:50:30,53.86,53.43,56.72
2024-03-02 09:51:00,54.37,53.13,57.59
2024-03-02 09:51:30,53.82,53.87,57.56
2024-03-02 09:52:00,53.95,51.92,57.76
2024-03-02 09:52:30,55.94,53.61,55.8
2024-03-02 09:53:00,55.03,53.46,57.13
2024-03-02 09:53:30,55.52,52.87,58.41
2024-03-02 09:54:00,53.74,54.17,55.65
2024-03-02 09:54:30,54.89,52.54,55.81
2024-03-02 09:55:00,56.02,53.83,56.43
2024-03-02 09:55:30,57.36,52.01,58.32
2024-03-02 09:56:00,56.79,53.78,56.64
2024-03-02 09:56:30,54.93,53.77,56.42
2024-03-02 09:57:00,56.36,53.09,57.5
2024-03-02 09:57:30,57.16,52.79,56.37
2024-03-02 09:58:00,54.92,54.36,57.43
2024-03-02 09:58:30,55.65,55.21,56.11
2024-03-02 09:59:00,55.03,55.44,53.52
2024-03-02 09:59:30,55.28,53.82,53.89
2024-03-02 10:00:00,57.37,52.99,60.82
2024-03-02 10:00:30,56.07,52.36,54.15
2024-03-02 10:01:00,55.43,53.36,54.19
2024-03-02 10:01:30,57.97,55.73,57.21
2024-03-02 10:02:00,53.56,55.87,54.96
2024-03-02 10:02:30,56.47,53.9,57.56
2024-03-02 10:03:00,55.51,52.42,55.59
2024-03-02 10:03:30,53.32,53.26,52.41
2024-03-02 10:04:00,56.88,53.73,54.53
2024-03-02 10:04:30,57.17,53.58,56.39
2024-03-02 10:05:00,57.41,51.52,57.04
2024-03-02 10:05:30,54.31,52.93,55.35
2024-03-02 10:06:00,53.92,54.71,57.93
2024-03-02 10:06:30,57.07,52.6,53.71
2024-03-02 10:07:00,55.8,54.97,55.35
2024-03-02 10:07:30,55.3,53.86,57.66
2024-03-02 10:08:00,54.55,,
2024-03-02 10:08:30,56.46,53.13,57.48
2024-03-02 10:09:00,53.07,53.35,54.46
2024-03-02 10:09:30,54.99,53.38,57.19
2024-03-02 10:10:00,54.7,55.55,56.23
2024-03-02 10:10:30,57.2,54.09,57.47
2024-03-02 10:11:00,54.01,52.92,55.97
2024-03-02 10:11:30,51.88,52.43,57.34
2024-03-02 10:12:00,52.98,51.52,59.49
2024-03-02 10:12:30,54.03,,54.92
2024-03-02 10:13:00,52.87,53.55,58.32
2024-03-02 10:13:30,55.01,53.7,55.89
2024-03-02 10:14:00,52.69,52.58,56.7
2024-03-02 10:14:30,55.72,52.54,55.88
2024-03-02 10:15:00,54.65,52.68,55.01
2024-03-02 10:15:30,56.41,52.25,55.95
2024-03-02 10:16:00,53.45,54.11,53.64
2024-03-02 10:16:30,54.18,54.45,55.56
2024-03-02 10:17:00,54.09,52.65,55.1
2024-03-02 10:17:30,55.56,52.47,54.66
2024-03-02 10:18:00,54.65,53.63,55.88
2024-03-02 10:18:30,54.61,51.45,54.56
2024-03-02 10:19:00,55.13,53.01,55.92
2024-03-02 10:19:30,55.92,53.93,55.24
2024-03-02 10:20:00,54.3,53.03,55.41
2024-03-02 10:20:30,57.46,52.67,54.31
2024-03-02 10:21:00,52.58,52.92,54.95
2024-03-02 10:21:30,55.22,51.33,56.34
2024-03-02 10:22:00,53.81,52.72,56.88
2024-03-02 10:22:30,54.27,53.26,55.12
2024-03-02 10:23:00,56.16,51.48,54.16
2024-03-02 10:23:30,55.57,51.62,56.06
2024-03-02 10:24:00,54.77,53.15,58.39
2024-03-02 10:24:30,54.67,51.76,56.74
2024-03-02 10:25:00,54.13,50.45,55.41
2024-03-02 10:25:30,53.3,53.93,54.04
2024-03-02 10:26:00,56.01,53.3,57.4
2024-03-02 10:26:30,55.95,52.73,54.56
2024-03-02 10:27:00,53.01,53.57,55.46
2024-03-02 10:27:30,54.01,52.61,56.11
2024-03-02 10:28:00,55.78,53.72,55.93
2024-03-02 10:28:30,55.46,52.79,56.21
2024-03-02 10:29:00,55.13,52.03,55.57
2024-03-02 10:29:30,52.91,53.82,54.82
2024-03-02 10:30:00,52.91,52.01,56.58
2024-03-02 10:30:30,53.65,54.41,55.4
2024-03-02 10:31:00,53.35,51.58,57.02
2024-03-02 10:31:30,56.15,49.82,54.9
2024-03-02 10:32:00,53.73,53.06,55.56
2024-03-02 10:32:30,56.65,51.71,55.35
2024-03-02 10:33:00,54.22,50.85,52.96
2024-03-02 10:33:30,53.22,52.39,56.88
2024-03-02 10:34:00,55.81,52.08,52.02
2024-03-02 10:34:30,54.39,51.28,55.29
2024-03-02 10:35:00,54.94,53.98,53.88
2024-03-02 10:35:30,,55.21,54.07
2024-03-02 10:36:00,54.44,,55.04
2024-03-02 10:36:30,56.47,50.96,53.33
2024-03-02 10:37:00,53.54,52.47,53.56
2024-03-02 10:37:30,53.68,53.62,56.41
2024-03-02 10:38:00,55.62,53.38,55.77
2024-03-02 10:38:30,52.57,53.24,54.54
2024-03-02 10:39:00,53.49,52.32,53.45
2024-03-02 10:39:30,52.32,52.39,54.87
2024-03-02 10:40:00,53.36,51.51,55.04
2024-03-02 10:40:30,55.17,51.98,54.61
2024-03-02 10:41:00,55.35,53.26,55.3
2024-03-02 10:41:30,54.77,52.3,55.97
2024-03-02 10:42:00,55.54,51.32,52.93
2024-03-02 10:42:30,51.33,53.02,56.66
2024-03-02 10:43:00,56.43,52.85,54.62
2024-03-02 10:43:30,55.8,51.86,57.26
2024-03-02 10:44:00,54.23,52.21,55.74
2024-03-02 10:44:30,52.2,52.84,54.15
2024-03-02 10:45:00,54.23,53.06,56.2
2024-03-02 10:45:30,56.24,,54.71
2024-03-02 10:46:00,54.14,52.57,52.98
2024-03-02 10:46:30,53.98,51.26,54.27
2024-03-02 10:47:00,56.08,53.34,55.68
2024-03-02 10:47:30,53.84,54.69,54.24
2024-03-02 10:48:00,53.76,53.09,52.27
2024-03-02 10:48:30,53.73,50.46,53.79
2024-03-02 10:49:00,54.1,50.93,
2024-03-02 10:49:30,53.07,52.21,55.44
2024-03-02 10:50:00,52.17,53.04,
2024-03-02 10:50:30,54.1,50.8,52.75
2024-03-02 10:51:00,54.2,53.26,56.4
2024-03-02 10:51:30,54.55,52.07,53.92
2024-03-02 10:52:00,52.9,51.53,55.01
2024-03-02 10:52:30,52.87,52.98,55.88
2024-03-02 10:53:00,52.88,52.71,57.49
2024-03-02 10:53:30,54.81,49.86,53.58
2024-03-02 10:54:00,54.84,53.0,55.47
2024-03-02 10:54:30,52.96,50.66,55.13
2024-03-02 10:55:00,53.26,53.44,54.16
2024-03-02 10:55:30,55.23,50.4,55.53
2024-03-02 10:56:00,54.94,50.71,54.09
2024-03-02 10:56:30,54.2,52.95,54.03
2024-03-02 10:57:00,55.23,52.88,52.84
2024-03-02 10:57:30,53.77,51.61,52.74
2024-03-02 10:58:00,53.48,50.85,55.18
2024-03-02 10:58:30,53.71,50.1,54.23
2024-03-02 10:59:00,52.63,52.98,54.58
2024-03-02 10:59:30,53.98,52.1,54.41
2024-03-02 11:00:00,54.72,53.48,56.14
2024-03-02 11:00:30,50.9,51.47,53.86
2024-03-02 11:01:00,50.0,50.87,54.64
2024-03-02 11:01:30,51.9,52.95,55.66
2024-03-02 11:02:00,53.05,51.61,57.25
2024-03-02 11:02:30,54.01,51.3,53.8
2024-03-02 11:03:00,53.85,51.12,54.82
2024-03-02 11:03:30,54.47,52.12,54.6
2024-03-02 11:04:00,,51.48,53.7
2024-03-02 11:04:30,52.9,52.35,52.63
2024-03-02 11:05:00,52.02,52.99,55.29
2024-03-02 11:05:30,51.83,50.27,53.8
2024-03-02 11:06:00,,53.42,55.78
2024-03-02 11:06:30,53.85,50.72,56.0
2024-03-02 11:07:00,52.19,51.49,54.76
2024-03-02 11:07:30,50.74,51.16,54.01
2024-03-02 11:08:00,52.21,53.45,55.61
2024-03-02 11:08:30,51.97,51.12,54.58
2024-03-02 11:09:00,51.81,53.57,56.05
2024-03-02 11:09:30,52.49,50.88,54.69
2024-03-02 11:10:00,51.29,51.03,52.0
2024-03-02 11:10:30,54.39,51.17,55.63
2024-03-02 11:11:00,51.86,51.23,52.86
2024-03-02 11:11:30,52.67,50.34,52.71
2024-03-02 11:12:00,53.91,51.76,54.58
2024-03-02 11:12:30,52.54,50.83,53.82
2024-03-02 11:13:00,53.38,51.26,54.59
2024-03-02 11:13:30,52.61,51.81,54.56
2024-03-02 11:14:00,52.82,51.4,55.02
2024-03-02 11:14:30,53.13,50.86,56.37
2024-03-02 11:15:00,50.93,51.67,54.39
2024-03-02 11:15:30,52.4,51.23,53.67
2024-03-02 11:16:00,52.04,50.97,
2024-03-02 11:16:30,52.62,51.36,56.56
2024-03-02 11:17:00,55.1,50.21,53.86
2024-03-02 11:17:30,51.85,48.46,53.94
2024-03-02 11:18:00,52.13,52.77,55.05
2024-03-02 11:18:30,,52.81,55.5
2024-03-02 11:19:00,49.93,51.4,55.28
2024-03-02 11:19:30,53.96,51.69,53.1
2024-03-02 11:20:00,53.36,50.22,54.03
2024-03-02 11:20:30,51.84,51.92,51.77
2024-03-02 11:21:00,51.1,50.89,53.84
2024-03-02 11:21:30,51.54,52.55,52.07
2024-03-02 11:22:00,52.45,50.19,48.35
2024-03-02 11:22:30,52.77,50.63,52.06
2024-03-02 11:23:00,52.81,50.37,54.46
2024-03-02 11:23:30,53.63,50.46,54.99
2024-03-02 11:24:00,50.8,50.93,54.83
2024-03-02 11:24:30,52.12,50.56,
2024-03-02 11:25:00,50.34,49.94,55.31
2024-03-02 11:25:30,51.13,51.71,55.23
2024-03-02 11:26:00,54.54,50.34,53.15
2024-03-02 11:26:30,56.07,50.54,53.43
2024-03-02 11:27:00,53.16,51.11,52.78
2024-03-02 11:27:30,50.61,50.69,51.77
2024-03-02 11:28:00,54.54,51.84,53.79
2024-03-02 11:28:30,52.33,49.8,51.3
2024-03-02 11:29:00,52.05,50.53,52.75
2024-03-02 11:29:30,52.11,50.72,52.87
2024-03-02 11:30:00,52.15,50.62,50.54
2024-03-02 11:30:30,52.03,50.18,50.74
2024-03-02 11:31:00,53.83,,50.43
2024-03-02 11:31:30,51.21,50.19,51.76
2024-03-02 11:32:00,51.17,50.11,54.28
2024-03-02 11:32:30,51.97,49.56,52.74
2024-03-02 11:33:00,51.76,51.19,54.84
2024-03-02 11:33:30,51.86,50.18,49.82
2024-03-02 11:34:00,51.55,50.54,53.47
2024-03-02 11:34:30,50.86,49.96,53.29
2024-03-02 11:35:00,51.68,50.77,
2024-03-02 11:35:30,50.37,51.27,54.84
2024-03-02 11:36:00,51.67,47.37,
2024-03-02 11:36:30,52.94,49.92,54.46
2024-03-02 11:37:00,53.18,48.91,52.5
2024-03-02 11:37:30,49.33,49.24,52.51
2024-03-02 11:38:00,51.94,51.7,
2024-03-02 11:38:30,50.64,49.4,52.9
2024-03-02 11:39:00,53.05,50.54,50.95
2024-03-02 11:39:30,52.46,48.66,49.97
2024-03-02 11:40:00,52.13,50.67,52.31
2024-03-02 11:40:30,50.49,49.44,51.41
2024-03-02 11:41:00,51.66,50.46,52.42
2024-03-02 11:41:30,52.51,49.35,52.05
2024-03-02 11:42:00,50.09,48.4,54.78
2024-03-02 11:42:30,50.63,52.74,54.68
2024-03-02 11:43:00,52.01,50.45,48.83
2024-03-02 11:43:30,50.77,49.47,52.72
2024-03-02 11:44:00,49.59,,
2024-03-02 11:44:30,50.16,49.69,51.97
2024-03-02 11:45:00,50.41,50.84,53.39
2024-03-02 11:45:30,51.96,49.01,55.13
2024-03-02 11:46:00,50.77,48.17,51.97
2024-03-02 11:46:30,51.17,51.47,53.39
2024-03-02 11:47:00,53.29,50.11,52.33
2024-03-02 11:47:30,50.37,48.96,54.01
2024-03-02 11:48:00,50.82,49.55,52.5
2024-03-02 11:48:30,49.2,48.74,53.59
2024-03-02 11:49:00,50.43,48.72,53.9
2024-03-02 11:49:30,50.75,49.28,50.51
2024-03-02 11:50:00,51.01,49.7,50.72
2024-03-02 11:50:30,52.21,49.87,51.87
2024-03-02 11:51:00,51.11,48.72,50.55
2024-03-02 11:51:30,51.84,49.69,50.36
2024-03-02 11:52:00,50.79,49.67,52.3
2024-03-02 11:52:30,51.41,48.26,50.69
2024-03-02 11:53:00,52.11,48.73,52.17
2024-03-02 11:53:30,50.9,48.91,56.49
2024-03-02 11:54:00,51.23,49.67,50.55
2024-03-02 11:54:30,50.7,48.85,53.54
2024-03-02 11:55:00,52.34,51.03,53.2
2024-03-02 11:55:30,48.8,49.18,51.29
2024-03-02 11:56:00,50.7,49.2,49.42
2024-03-02 11:56:30,51.6,49.73,51.67
2024-03-02 11:57:00,51.66,48.54,53.73
2024-03-02 11:57:30,,49.95,51.51
2024-03-02 11:58:00,50.88,50.98,51.07
2024-03-02 11:58:30,53.13,47.57,52.28
2024-03-02 11:59:00,51.09,50.79,53.62
2024-03-02 11:59:30,51.26,49.41,52.01
2024-03-02 12:00:00,49.98,48.23,50.99
2024-03-02 12:00:30,48.95,48.45,52.4
2024-03-02 12:01:00,51.15,49.37,50.94
2024-03-02 12:01:30,50.67,49.59,52.26
2024-03-02 12:02:00,52.25,50.47,51.82
2024-03-02 12:02:30,50.44,47.17,49.45
2024-03-02 12:03:00,50.12,48.04,52.04
2024-03-02 12:03:30,51.8,48.15,52.07
2024-03-02 12:04:00,51.26,49.28,51.88
2024-03-02 12:04:30,,48.47,51.15
2024-03-02 12:05:00,52.2,50.15,52.12
2024-03-02 12:05:30,48.48,48.99,51.99
2024-03-02 12:06:00,50.87,48.18,50.07
2024-03-02 12:06:30,50.17,48.13,50.33
2024-03-02 12:07:00,49.48,48.83,53.63
2024-03-02 12:07:30,48.96,48.61,54.75
2024-03-02 12:08:00,51.74,47.62,54.56
2024-03-02 12:08:30,49.84,48.29,51.32
2024-03-02 12:09:00,52.06,47.47,49.36
2024-03-02 12:09:30,50.57,46.76,49.82
2024-03-02 12:10:00,49.82,49.06,50.89
2024-03-02 12:10:30,49.85,47.51,51.5
2024-03-02 12:11:00,48.77,49.28,52.11
2024-03-02 12:11:30,51.7,48.36,49.34
2024-03-02 12:12:00,49.8,48.48,51.21
2024-03-02 12:12:30,52.28,51.69,48.78
2024-03-02 12:13:00,47.79,48.31,51.79
2024-03-02 12:13:30,49.94,49.12,50.49
2024-03-02 12:14:00,49.85,49.67,51.07
2024-03-02 12:14:30,51.09,48.82,50.36
2024-03-02 12:15:00,50.06,,53.21
2024-03-02 12:15:30,48.75,46.74,51.81
2024-03-02 12:16:00,49.08,48.36,50.22
2024-03-02 12:16:30,46.43,49.95,50.43
2024-03-02 12:17:00,49.43,47.03,49.13
2024-03-02 12:17:30,48.54,47.03,49.77
2024-03-02 12:18:00,50.06,48.15,50.28
2024-03-02 12:18:30,50.17,48.72,52.58
2024-03-02 12:19:00,48.77,46.84,52.9
2024-03-02 12:19:30,48.33,48.24,52.95
2024-03-02 12:20:00,48.22,49.92,49.63
2024-03-02 12:20:30,50.47,47.66,48.67
2024-03-02 12:21:00,51.01,47.8,50.66
2024-03-02 12:21:30,50.47,50.12,50.33
2024-03-02 12:22:00,49.21,47.26,53.95
2024-03-02 12:22:30,47.57,48.82,53.52
2024-03-02 12:23:00,49.16,48.52,51.77
2024-03-02 12:23:30,50.01,48.7,48.66
2024-03-02 12:24:00,51.05,49.58,49.86
2024-03-02 12:24:30,48.34,46.78,51.11
2024-03-02 12:25:00,48.17,47.39,50.66
2024-03-02 12:25:30,48.09,46.86,50.96
2024-03-02 12:26:00,49.17,48.36,49.94
2024-03-02 12:26:30,48.81,48.31,51.75
2024-03-02 12:27:00,49.43,47.38,52.43
2024-03-02 12:27:30,50.36,47.08,52.29
2024-03-02 12:28:00,49.28,48.54,50.24
2024-03-02 12:28:30,50.32,48.95,49.52
2024-03-02 12:29:00,49.62,48.75,50.09
2024-03-02 12:29:30,48.27,48.05,51.77
2024-03-02 12:30:00,47.84,47.21,47.62
2024-03-02 12:30:30,49.64,47.28,
2024-03-02 12:31:00,48.12,47.76,
2024-03-02 12:31:30,49.82,46.83,50.16
2024-03-02 12:32:00,51.04,48.57,46.44
2024-03-02 12:32:30,47.88,46.33,51.07
2024-03-02 12:33:00,49.32,48.24,52.5
2024-03-02 12:33:30,50.57,49.17,53.37
2024-03-02 12:34:00,49.75,50.05,51.81
2024-03-02 12:34:30,49.51,46.63,50.9
2024-03-02 12:35:00,48.97,47.91,50.92
2024-03-02 12:35:30,50.59,47.79,49.56
2024-03-02 12:36:00,50.35,47.42,48.97
2024-03-02 12:36:30,48.82,46.83,48.89
2024-03-02 12:37:00,48.49,46.06,48.16
2024-03-02 12:37:30,50.54,47.22,51.26
2024-03-02 12:38:00,48.93,47.24,51.03
2024-03-02 12:38:30,48.57,46.64,50.82
2024-03-02 12:39:00,49.81,45.39,48.13
2024-03-02 12:39:30,50.84,47.46,52.44
2024-03-02 12:40:00,49.43,45.94,
2024-03-02 12:40:30,48.2,47.05,49.71
2024-03-02 12:41:00,47.74,47.84,50.46
2024-03-02 12:41:30,45.92,48.71,48.49
2024-03-02 12:42:00,47.55,47.41,52.28
2024-03-02 12:42:30,50.67,47.65,48.95
2024-03-02 12:43:00,49.51,46.74,47.38
2024-03-02 12:43:30,50.48,45.6,
2024-03-02 12:44:00,48.7,46.81,50.11
2024-03-02 12:44:30,48.32,45.68,49.14
2024-03-02 12:45:00,47.09,46.15,47.93
2024-03-02 12:45:30,48.58,45.51,47.68
2024-03-02 12:46:00,45.4,46.25,46.99
2024-03-02 12:46:30,47.29,46.46,49.37
2024-03-02 12:47:00,47.44,48.57,48.52
2024-03-02 12:47:30,48.86,47.37,48.63
2024-03-02 12:48:00,47.23,49.0,50.93
2024-03-02 12:48:30,47.05,47.51,47.95
2024-03-02 12:49:00,48.14,47.45,49.31
2024-03-02 12:49:30,48.91,47.93,50.86
2024-03-02 12:50:00,50.03,47.76,47.82
2024-03-02 12:50:30,47.63,46.08,50.91
2024-03-02 12:51:00,48.1,47.5,49.54
2024-03-02 12:51:30,47.55,46.07,52.0
2024-03-02 12:52:00,49.81,47.61,48.77
2024-03-02 12:52:30,48.09,46.23,49.72
2024-03-02 12:53:00,47.52,45.83,48.61
2024-03-02 12:53:30,46.28,47.16,50.1
2024-03-02 12:54:00,47.35,47.41,47.89
2024-03-02 12:54:30,47.32,46.99,48.14
2024-03-02 12:55:00,47.88,46.3,51.28
2024-03-02 12:55:30,48.58,46.25,48.65
2024-03-02 12:56:00,48.0,47.3,50.02
2024-03-02 12:56:30,47.8,46.08,50.18
2024-03-02 12:57:00,47.56,47.46,
2024-03-02 12:57:30,46.9,46.5,50.35
2024-03-02 12:58:00,45.85,47.14,50.58
2024-03-02 12:58:30,49.93,46.55,50.05
2024-03-02 12:59:00,47.62,47.74,46.86
2024-03-02 12:59:30,46.2,45.93,47.62
2024-03-02 13:00:00,48.21,46.01,49.49
2024-03-02 13:00:30,49.58,46.13,49.77
2024-03-02 13:01:00,49.27,45.7,49.01
2024-03-02 13:01:30,47.27,47.32,49.06
2024-03-02 13:02:00,47.41,46.45,47.39
2024-03-02 13:02:30,50.37,47.32,47.77
2024-03-02 13:03:00,47.99,45.91,49.4
2024-03-02 13:03:30,48.78,47.28,47.66
2024-03-02 13:04:00,47.51,46.15,50.25
2024-03-02 13:04:30,47.58,45.65,51.43
2024-03-02 13:05:00,49.89,46.65,49.59
2024-03-02 13:05:30,48.01,45.08,48.15
2024-03-02 13:06:00,49.0,46.08,48.97
2024-03-02 13:06:30,48.71,44.34,49.67
2024-03-02 13:07:00,47.85,47.13,48.87
2024-03-02 13:07:30,48.37,47.12,48.86
2024-03-02 13:08:00,50.34,46.35,49.16
2024-03-02 13:08:30,47.75,46.33,45.57
2024-03-02 13:09:00,47.1,46.13,48.68
2024-03-02 13:09:30,49.37,45.78,47.29
2024-03-02 13:10:00,51.08,44.86,48.66
2024-03-02 13:10:30,47.67,47.65,47.94
2024-03-02 13:11:00,46.95,46.24,49.16
2024-03-02 13:11:30,,47.42,48.97
2024-03-02 13:12:00,47.67,44.47,47.25
2024-03-02 13:12:30,48.06,44.88,50.0
2024-03-02 13:13:00,47.43,48.17,46.61
2024-03-02 13:13:30,46.87,46.43,48.13
2024-03-02 13:14:00,47.35,44.67,47.78
2024-03-02 13:14:30,46.96,46.4,48.15
2024-03-02 13:15:00,45.86,47.45,46.64
2024-03-02 13:15:30,49.17,46.73,51.08
2024-03-02 13:16:00,48.18,47.09,45.97
2024-03-02 13:16:30,47.97,45.66,48.54
2024-03-02 13:17:00,46.39,44.06,51.57
2024-03-02 13:17:30,44.48,47.33,47.81
2024-03-02 13:18:00,44.12,45.22,45.25
2024-03-02 13:18:30,46.55,45.72,48.0
2024-03-02 13:19:00,44.32,44.19,50.98
2024-03-02 13:19:30,47.04,44.7,49.0
2024-03-02 13:20:00,44.58,46.28,46.73
2024-03-02 13:20:30,44.37,44.85,
2024-03-02 13:21:00,46.57,45.57,51.05
2024-03-02 13:21:30,47.08,45.26,47.89
2024-03-02 13:22:00,48.08,43.85,48.29
2024-03-02 13:22:30,46.68,44.92,46.96
2024-03-02 13:23:00,46.13,44.06,47.4
2024-03-02 13:23:30,45.8,45.38,48.31
2024-03-02 13:24:00,45.99,46.92,44.92
2024-03-02 13:24:30,46.63,44.64,45.11
2024-03-02 13:25:00,44.75,43.62,48.63
2024-03-02 13:25:30,46.38,44.52,47.57
2024-03-02 13:26:00,47.63,44.51,47.68
2024-03-02 13:26:30,45.78,45.23,47.64
2024-03-02 13:27:00,45.01,44.15,45.7
2024-03-02 13:27:30,48.2,45.79,47.14
2024-03-02 13:28:00,46.36,43.04,46.16
2024-03-02 13:28:30,46.38,44.33,48.52
2024-03-02 13:29:00,44.47,44.42,44.88
2024-03-02 13:29:30,46.99,46.66,47.82
2024-03-02 13:30:00,46.95,45.07,46.88
2024-03-02 13:30:30,44.12,44.53,48.37
2024-03-02 13:31:00,46.88,45.98,43.65
2024-03-02 13:31:30,46.54,44.36,48.05
2024-03-02 13:32:00,48.09,45.33,46.84
2024-03-02 13:32:30,46.02,44.37,46.93
2024-03-02 13:33:00,46.73,43.91,48.92
2024-03-02 13:33:30,44.63,45.54,47.09
2024-03-02 13:34:00,44.94,44.84,47.9
2024-03-02 13:34:30,46.13,46.12,45.43
2024-03-02 13:35:00,46.29,45.02,47.73
2024-03-02 13:35:30,45.07,44.08,48.31
2024-03-02 13:36:00,46.44,45.66,
2024-03-02 13:36:30,45.66,43.78,47.51
2024-03-02 13:37:00,46.56,46.18,48.82
2024-03-02 13:37:30,47.28,45.09,45.54
2024-03-02 13:38:00,43.18,43.86,46.1
2024-03-02 13:38:30,46.2,41.26,47.19
2024-03-02 13:39:00,47.01,44.93,50.11
2024-03-02 13:39:30,45.42,44.31,46.16
2024-03-02 13:40:00,44.47,44.51,47.85
2024-03-02 13:40:30,44.84,42.57,47.44
2024-03-02 13:41:00,44.63,42.84,46.53
2024-03-02 13:41:30,43.35,43.8,47.65
2024-03-02 13:42:00,47.02,43.72,46.25
2024-03-02 13:42:30,46.7,44.7,44.87
2024-03-02 13:43:00,46.56,43.93,45.77
2024-03-02 13:43:30,46.32,44.65,45.01
2024-03-02 13:44:00,44.99,44.7,48.61
2024-03-02 13:44:30,48.15,43.52,47.59
2024-03-02 13:45:00,43.0,42.49,47.66
2024-03-02 13:45:30,45.52,44.33,47.83
2024-03-02 13:46:00,44.27,43.52,46.14
2024-03-02 13:46:30,45.47,43.99,43.12
2024-03-02 13:47:00,44.63,43.84,46.11
2024-03-02 13:47:30,44.46,42.39,46.52
2024-03-02 13:48:00,45.27,42.09,46.14
2024-03-02 13:48:30,45.62,42.44,49.83
2024-03-02 13:49:00,45.5,42.9,44.61
2024-03-02 13:49:30,45.57,43.33,45.77
2024-03-02 13:50:00,44.04,44.17,45.93
2024-03-02 13:50:30,45.05,44.44,46.81
2024-03-02 13:51:00,47.23,43.29,48.18
2024-03-02 13:51:30,46.14,44.33,45.11
2024-03-02 13:52:00,46.46,44.0,46.46
2024-03-02 13:52:30,45.72,42.71,47.13
2024-03-02 13:53:00,46.8,43.91,46.13
2024-03-02 13:53:30,45.48,44.28,47.45
2024-03-02 13:54:00,44.5,44.47,45.98
2024-03-02 13:54:30,45.08,44.67,45.3
2024-03-02 13:55:00,44.07,41.16,46.0
2024-03-02 13:55:30,44.94,43.42,47.4
2024-03-02 13:56:00,44.96,43.28,45.21
2024-03-02 13:56:30,47.49,41.54,45.71
2024-03-02 13:57:00,44.83,41.85,44.55
2024-03-02 13:57:30,45.09,43.03,44.89
2024-03-02 13:58:00,48.79,44.26,45.97
2024-03-02 13:58:30,45.35,43.22,46.39
2024-03-02 13:59:00,43.54,43.29,46.26
2024-03-02 13:59:30,44.23,43.07,43.94
2024-03-02 14:00:00,42.66,43.04,46.34
2024-03-02 14:00:30,43.54,41.2,45.78
2024-03-02 14:01:00,43.04,42.42,44.58
2024-03-02 14:01:30,44.45,43.03,43.73
2024-03-02 14:02:00,44.83,42.65,47.47
2024-03-02 14:02:30,45.11,45.25,45.4
2024-03-02 14:03:00,44.04,42.61,45.33
2024-03-02 14:03:30,44.77,43.37,46.91
2024-03-02 14:04:00,45.75,41.42,47.3
2024-03-02 14:04:30,46.08,43.0,
2024-03-02 14:05:00,44.01,42.58,46.98
2024-03-02 14:05:30,44.71,42.11,46.33
2024-03-02 14:06:00,44.9,44.35,42.7
2024-03-02 14:06:30,42.66,42.59,45.17
2024-03-02 14:07:00,45.23,44.5,45.94
2024-03-02 14:07:30,47.42,43.79,47.09
2024-03-02 14:08:00,45.19,42.36,44.39
2024-03-02 14:08:30,44.14,43.68,47.7
2024-03-02 14:09:00,45.53,42.65,46.08
2024-03-02 14:09:30,45.3,41.59,45.78
2024-03-02 14:10:00,44.98,44.37,44.65
2024-03-02 14:10:30,46.72,42.27,45.99
2024-03-02 14:11:00,43.55,,44.23
2024-03-02 14:11:30,41.61,42.24,44.79
2024-03-02 14:12:00,44.3,42.14,46.8
2024-03-02 14:12:30,43.5,41.74,43.56
2024-03-02 14:13:00,43.62,44.8,47.59
2024-03-02 14:13:30,43.19,42.72,44.78
2024-03-02 14:14:00,43.25,40.88,45.23
2024-03-02 14:14:30,43.93,42.72,42.13
2024-03-02 14:15:00,44.82,43.58,43.48
2024-03-02 14:15:30,45.54,42.23,42.84
2024-03-02 14:16:00,42.36,41.85,47.07
2024-03-02 14:16:30,44.0,42.66,44.4
2024-03-02 14:17:00,45.78,43.61,45.46
2024-03-02 14:17:30,44.12,41.16,43.69
2024-03-02 14:18:00,43.77,43.96,42.65
2024-03-02 14:18:30,45.74,42.39,45.38
2024-03-02 14:19:00,43.53,41.93,42.55
2024-03-02 14:19:30,44.89,42.27,44.48
2024-03-02 14:20:00,43.95,43.29,45.38
2024-03-02 14:20:30,44.09,42.93,45.18
2024-03-02 14:21:00,42.96,40.81,41.3
2024-03-02 14:21:30,45.01,41.58,43.12
2024-03-02 14:22:00,44.58,42.89,44.53
2024-03-02 14:22:30,43.42,42.61,43.3
2024-03-02 14:23:00,40.86,42.79,44.08
2024-03-02 14:23:30,43.36,41.91,44.09
2024-03-02 14:24:00,44.64,41.41,41.01
2024-03-02 14:24:30,44.24,,43.64
2024-03-02 14:25:00,45.4,43.15,44.72
2024-03-02 14:25:30,,41.21,43.78
2024-03-02 14:26:00,41.36,43.13,47.66
2024-03-02 14:26:30,42.29,41.39,45.6
2024-03-02 14:27:00,41.93,41.97,42.67
2024-03-02 14:27:30,43.45,42.38,45.32
2024-03-02 14:28:00,42.0,41.84,46.61
2024-03-02 14:28:30,44.09,42.3,44.69
2024-03-02 14:29:00,46.2,41.86,47.92
2024-03-02 14:29:30,45.07,42.95,43.95
2024-03-02 14:30:00,44.92,41.31,45.08
2024-03-02 14:30:30,44.22,42.06,41.52
2024-03-02 14:31:00,42.87,41.09,46.48
2024-03-02 14:31:30,42.93,40.45,42.36
2024-03-02 14:32:00,41.75,40.6,46.22
2024-03-02 14:32:30,44.59,41.48,45.25
2024-03-02 14:33:00,44.29,42.54,44.77
2024-03-02 14:33:30,42.64,40.69,45.34
2024-03-02 14:34:00,43.6,41.39,42.44
2024-03-02 14:34:30,42.33,42.32,44.19
2024-03-02 14:35:00,45.3,43.04,45.18
2024-03-02 14:35:30,42.06,41.34,43.26
2024-03-02 14:36:00,41.99,,43.82
2024-03-02 14:36:30,43.99,41.35,43.93
2024-03-02 14:37:00,43.13,41.74,43.2
2024-03-02 14:37:30,40.69,43.52,43.34
2024-03-02 14:38:00,43.04,43.04,44.0
2024-03-02 14:38:30,42.12,41.78,41.61
2024-03-02 14:39:00,42.25,41.2,44.06
2024-03-02 14:39:30,42.09,40.15,43.87
2024-03-02 14:40:00,42.94,41.67,43.84
2024-03-02 14:40:30,44.46,40.43,42.15
2024-03-02 14:41:00,42.26,,45.43
2024-03-02 14:41:30,43.14,41.7,43.76
2024-03-02 14:42:00,40.68,40.4,41.62
2024-03-02 14:42:30,40.77,40.87,43.9
2024-03-02 14:43:00,42.98,40.24,42.59
2024-03-02 14:43:30,42.99,42.24,43.69
2024-03-02 14:44:00,42.02,40.7,45.79
2024-03-02 14:44:30,42.52,39.91,42.94
2024-03-02 14:45:00,40.84,40.39,40.75
2024-03-02 14:45:30,43.27,42.52,44.33
2024-03-02 14:46:00,40.75,40.6,43.33
2024-03-02 14:46:30,42.58,,42.79
2024-03-02 14:47:00,41.51,41.96,47.24
2024-03-02 14:47:30,41.16,41.96,46.3
2024-03-02 14:48:00,42.78,41.58,44.33
2024-03-02 14:48:30,,40.36,46.6
2024-03-02 14:49:00,41.62,41.06,40.55
2024-03-02 14:49:30,40.55,39.12,42.97
2024-03-02 14:50:00,41.12,43.22,41.26
2024-03-02 14:50:30,43.95,41.49,42.21
2024-03-02 14:51:00,41.27,41.45,42.22
2024-03-02 14:51:30,41.32,40.84,42.71
2024-03-02 14:52:00,41.36,40.22,45.43
2024-03-02 14:52:30,,40.6,43.59
2024-03-02 14:53:00,41.29,40.94,41.94
2024-03-02 14:53:30,42.66,,46.02
2024-03-02 14:54:00,39.65,41.11,43.49
2024-03-02 14:54:30,,38.77,41.63
2024-03-02 14:55:00,42.09,40.53,41.37
2024-03-02 14:55:30,40.94,41.4,42.26
2024-03-02 14:56:00,42.96,39.96,45.59
2024-03-02 14:56:30,41.22,41.81,43.48
2024-03-02 14:57:00,43.36,39.4,42.49
2024-03-02 14:57:30,39.45,38.98,40.82
2024-03-02 14:58:00,41.56,39.61,43.08
2024-03-02 14:58:30,45.04,40.33,41.15
2024-03-02 14:59:00,41.27,40.38,45.44
2024-03-02 14:59:30,,40.64,43.76
2024-03-02 15:00:00,39.99,40.39,43.26
2024-03-02 15:00:30,40.66,40.68,38.78
2024-03-02 15:01:00,41.14,41.21,44.99
2024-03-02 15:01:30,40.18,40.09,40.76
2024-03-02 15:02:00,42.77,39.75,40.44
2024-03-02 15:02:30,43.19,41.32,38.86
2024-03-02 15:03:00,42.47,39.82,42.54
2024-03-02 15:03:30,41.78,40.63,43.13
2024-03-02 15:04:00,41.11,40.7,42.79
2024-03-02 15:04:30,41.58,40.5,40.93
2024-03-02 15:05:00,40.07,38.99,40.19
2024-03-02 15:05:30,39.53,40.03,40.38
2024-03-02 15:06:00,40.37,39.29,39.91
2024-03-02 15:06:30,40.55,40.26,42.05
2024-03-02 15:07:00,41.92,39.53,41.83
2024-03-02 15:07:30,41.67,38.99,41.51
2024-03-02 15:08:00,42.0,39.6,42.31
2024-03-02 15:08:30,40.77,40.75,42.47
2024-03-02 15:09:00,41.49,38.89,43.13
2024-03-02 15:09:30,39.7,40.86,44.09
2024-03-02 15:10:00,40.64,40.45,42.85
2024-03-02 15:10:30,40.25,40.28,41.56
2024-03-02 15:11:00,40.82,38.72,42.3
2024-03-02 15:11:30,39.65,40.56,40.74
2024-03-02 15:12:00,40.98,39.27,39.26
2024-03-02 15:12:30,41.54,38.98,41.2
2024-03-02 15:13:00,38.33,,43.17
2024-03-02 15:13:30,40.77,40.16,42.52
2024-03-02 15:14:00,39.24,37.56,43.53
2024-03-02 15:14:30,37.81,40.01,42.19
2024-03-02 15:15:00,40.4,40.18,40.63
2024-03-02 15:15:30,40.8,41.22,42.93
2024-03-02 15:16:00,41.27,38.36,41.64
2024-03-02 15:16:30,37.82,38.91,40.78
2024-03-02 15:17:00,40.18,38.48,41.82
2024-03-02 15:17:30,39.27,39.51,40.99
2024-03-02 15:18:00,39.24,39.62,40.63
2024-03-02 15:18:30,41.94,40.0,41.07
2024-03-02 15:19:00,40.74,39.8,43.16
2024-03-02 15:19:30,38.92,39.06,39.73
2024-03-02 15:20:00,41.04,39.4,43.06
2024-03-02 15:20:30,39.74,39.14,40.26
2024-03-02 15:21:00,39.5,39.76,41.18
2024-03-02 15:21:30,40.83,40.24,41.68
2024-03-02 15:22:00,40.09,,43.34
2024-03-02 15:22:30,40.46,39.54,40.76
2024-03-02 15:23:00,39.25,40.16,42.01
2024-03-02 15:23:30,40.85,38.91,41.08
2024-03-02 15:24:00,41.71,38.39,39.34
2024-03-02 15:24:30,38.88,39.99,40.62
2024-03-02 15:25:00,41.49,36.79,41.64
2024-03-02 15:25:30,40.28,39.42,40.81
2024-03-02 15:26:00,40.47,40.34,40.64
2024-03-02 15:26:30,38.77,38.18,42.24
2024-03-02 15:27:00,40.72,37.36,40.36
2024-03-02 15:27:30,41.88,38.97,37.99
2024-03-02 15:28:00,38.8,40.37,43.02
2024-03-02 15:28:30,40.41,39.99,40.33
2024-03-02 15:29:00,39.78,39.19,42.26
2024-03-02 15:29:30,40.26,38.48,41.72
2024-03-02 15:30:00,40.08,36.87,41.26
2024-03-02 15:30:30,39.6,39.23,42.1
2024-03-02 15:31:00,37.4,39.08,38.61
2024-03-02 15:31:30,39.2,39.05,41.9
2024-03-02 15:32:00,39.66,38.15,42.32
2024-03-02 15:32:30,39.16,39.11,43.26
2024-03-02 15:33:00,44.41,38.21,41.03
2024-03-02 15:33:30,39.69,39.13,39.93
2024-03-02 15:34:00,38.4,39.19,39.89
2024-03-02 15:34:30,41.13,38.24,39.5
2024-03-02 15:35:00,40.53,38.48,39.46
2024-03-02 15:35:30,40.66,39.03,43.25
2024-03-02 15:36:00,40.37,39.19,38.02
2024-03-02 15:36:30,38.9,39.24,42.74
2024-03-02 15:37:00,39.68,40.1,39.15
2024-03-02 15:37:30,39.46,37.2,39.97
2024-03-02 15:38:00,39.52,39.77,42.83
2024-03-02 15:38:30,40.1,39.82,39.12
2024-03-02 15:39:00,40.09,38.95,41.54
2024-03-02 15:39:30,40.07,39.48,38.73
2024-03-02 15:40:00,40.32,37.04,40.09
2024-03-02 15:40:30,38.3,38.73,40.84
2024-03-02 15:41:00,40.14,38.98,
2024-03-02 15:41:30,40.11,37.79,39.42
2024-03-02 15:42:00,39.39,38.69,38.33
2024-03-02 15:42:30,39.89,,38.22
2024-03-02 15:43:00,39.49,39.71,41.44
2024-03-02 15:43:30,38.88,37.95,40.43
2024-03-02 15:44:00,40.21,39.33,37.66
2024-03-02 15:44:30,38.36,38.17,42.72
2024-03-02 15:45:00,40.71,38.22,39.12
2024-03-02 15:45:30,,38.08,42.27
2024-03-02 15:46:00,39.58,38.81,42.11
2024-03-02 15:46:30,37.8,37.61,37.03
2024-03-02 15:47:00,,36.37,38.55
2024-03-02 15:47:30,38.34,38.49,40.88
2024-03-02 15:48:00,38.05,39.41,40.74
2024-03-02 15:48:30,36.51,39.37,39.78
2024-03-02 15:49:00,40.54,39.31,44.2
2024-03-02 15:49:30,39.21,36.91,38.56
2024-03-02 15:50:00,39.47,39.82,39.38
2024-03-02 15:50:30,38.12,,38.67
2024-03-02 15:51:00,40.06,37.4,42.27
2024-03-02 15:51:30,38.55,38.28,41.37
2024-03-02 15:52:00,37.57,38.3,40.32
2024-03-02 15:52:30,37.11,36.75,37.94
2024-03-02 15:53:00,41.45,38.3,39.58
2024-03-02 15:53:30,39.66,37.9,37.72
2024-03-02 15:54:00,39.97,38.75,41.22
2024-03-02 15:54:30,37.63,37.92,40.57
2024-03-02 15:55:00,39.75,38.63,41.72
2024-03-02 15:55:30,36.99,37.33,38.98
2024-03-02 15:56:00,37.49,36.89,40.3
2024-03-02 15:56:30,38.04,38.44,40.28
2024-03-02 15:57:00,39.32,38.29,39.52
2024-03-02 15:57:30,38.34,36.6,39.01
2024-03-02 15:58:00,38.29,36.61,39.96
2024-03-02 15:58:30,39.54,38.27,40.92
2024-03-02 15:59:00,41.46,36.9,39.48
2024-03-02 15:59:30,39.01,37.26,39.39
2024-03-02 16:00:00,38.78,37.55,38.21
2024-03-02 16:00:30,39.21,38.33,40.28
2024-03-02 16:01:00,38.35,37.54,39.85
2024-03-02 16:01:30,39.91,36.48,39.83
2024-03-02 16:02:00,40.35,36.25,36.96
2024-03-02 16:02:30,38.55,37.23,37.78
2024-03-02 16:03:00,38.7,38.16,41.18
2024-03-02 16:03:30,37.6,37.48,42.95
2024-03-02 16:04:00,39.23,37.93,38.11
2024-03-02 16:04:30,39.9,36.68,38.15
2024-03-02 16:05:00,37.53,36.29,40.82
2024-03-02 16:05:30,37.84,37.86,37.81
2024-03-02 16:06:00,36.86,37.37,39.77
2024-03-02 16:06:30,37.58,37.68,40.21
2024-03-02 16:07:00,38.33,36.22,38.72
2024-03-02 16:07:30,39.2,36.35,38.96
2024-03-02 16:08:00,38.1,37.01,39.49
2024-03-02 16:08:30,37.35,36.94,36.95
2024-03-02 16:09:00,39.96,37.51,39.95
2024-03-02 16:09:30,38.6,36.98,37.96
2024-03-02 16:10:00,37.84,36.85,42.02
2024-03-02 16:10:30,39.3,37.45,38.95
2024-03-02 16:11:00,38.03,35.87,39.25
2024-03-02 16:11:30,37.71,37.45,38.78
2024-03-02 16:12:00,39.44,35.49,35.83
2024-03-02 16:12:30,36.76,37.95,39.89
2024-03-02 16:13:00,38.17,35.68,40.24
2024-03-02 16:13:30,40.24,38.13,37.28
2024-03-02 16:14:00,38.49,37.15,37.92
2024-03-02 16:14:30,38.73,36.54,35.87
2024-03-02 16:15:00,37.88,36.47,38.66
2024-03-02 16:15:30,38.66,36.88,37.9
2024-03-02 16:16:00,38.47,38.46,39.14
2024-03-02 16:16:30,37.31,36.82,39.5
2024-03-02 16:17:00,36.37,36.21,
2024-03-02 16:17:30,37.85,37.28,38.65
2024-03-02 16:18:00,38.66,38.08,38.96
2024-03-02 16:18:30,33.79,36.29,35.58
2024-03-02 16:19:00,36.73,38.13,37.12
2024-03-02 16:19:30,37.96,37.58,35.78
2024-03-02 16:20:00,39.14,37.42,38.0
2024-03-02 16:20:30,37.51,36.02,39.31
2024-03-02 16:21:00,38.51,36.34,37.68
2024-03-02 16:21:30,38.86,37.88,39.92
2024-03-02 16:22:00,37.22,37.25,39.15
2024-03-02 16:22:30,40.01,36.13,36.6
2024-03-02 16:23:00,36.59,36.51,37.11
2024-03-02 16:23:30,38.0,35.71,37.59
2024-03-02 16:24:00,41.11,37.61,40.13
2024-03-02 16:24:30,36.59,36.79,39.0
2024-03-02 16:25:00,38.08,37.89,39.08
2024-03-02 16:25:30,37.24,37.05,38.74
2024-03-02 16:26:00,36.92,39.41,40.32
2024-03-02 16:26:30,38.73,36.99,39.15
2024-03-02 16:27:00,36.77,35.89,36.27
2024-03-02 16:27:30,39.25,36.04,36.25
2024-03-02 16:28:00,37.11,38.9,37.54
2024-03-02 16:28:30,39.07,36.39,36.49
2024-03-02 16:29:00,40.92,37.59,
2024-03-02 16:29:30,37.47,37.91,38.03
2024-03-02 16:30:00,38.72,36.52,39.77
2024-03-02 16:30:30,38.12,37.73,38.96
2024-03-02 16:31:00,36.38,36.48,39.8
2024-03-02 16:31:30,38.18,35.5,39.75
2024-03-02 16:32:00,34.69,35.24,38.42
2024-03-02 16:32:30,37.62,36.54,38.73
2024-03-02 16:33:00,36.55,37.07,36.67
2024-03-02 16:33:30,38.27,36.33,37.39
2024-03-02 16:34:00,36.82,36.51,36.71
2024-03-02 16:34:30,37.99,35.99,38.88
2024-03-02 16:35:00,37.22,35.98,39.09
2024-03-02 16:35:30,37.83,35.1,38.65
2024-03-02 16:36:00,37.61,34.5,38.46
2024-03-02 16:36:30,37.82,36.35,40.31
2024-03-02 16:37:00,39.51,,37.73
2024-03-02 16:37:30,39.18,33.92,41.3
2024-03-02 16:38:00,38.02,34.64,36.76
2024-03-02 16:38:30,37.2,36.49,36.07
2024-03-02 16:39:00,36.99,36.28,42.49
2024-03-02 16:39:30,35.94,37.41,39.26
2024-03-02 16:40:00,36.47,36.43,
2024-03-02 16:40:30,36.02,34.94,37.11
2024-03-02 16:41:00,35.5,35.39,37.44
2024-03-02 16:41:30,36.79,36.54,38.86
2024-03-02 16:42:00,37.0,36.73,35.4
2024-03-02 16:42:30,34.92,36.54,37.06
2024-03-02 16:43:00,34.3,35.09,38.3
2024-03-02 16:43:30,34.85,34.02,36.45
2024-03-02 16:44:00,36.74,34.6,38.37
2024-03-02 16:44:30,37.95,36.54,38.09
2024-03-02 16:45:00,34.7,35.51,38.22
2024-03-02 16:45:30,36.82,37.35,
2024-03-02 16:46:00,36.13,35.5,38.75
2024-03-02 16:46:30,37.7,35.05,36.03
2024-03-02 16:47:00,36.9,35.85,40.26
2024-03-02 16:47:30,37.46,36.36,34.28
2024-03-02 16:48:00,38.14,38.02,35.54
2024-03-02 16:48:30,36.62,33.87,37.31
2024-03-02 16:49:00,35.04,35.23,35.61
2024-03-02 16:49:30,36.54,36.25,38.68
2024-03-02 16:50:00,37.35,34.21,37.02
2024-03-02 16:50:30,37.53,37.4,38.34
2024-03-02 16:51:00,37.37,35.86,35.41
2024-03-02 16:51:30,34.57,36.43,38.0
2024-03-02 16:52:00,39.16,35.8,39.36
2024-03-02 16:52:30,37.18,35.27,37.61
2024-03-02 16:53:00,36.73,34.51,37.7
2024-03-02 16:53:30,35.53,35.72,36.43
2024-03-02 16:54:00,36.45,35.64,37.38
2024-03-02 16:54:30,38.54,36.27,38.22
2024-03-02 16:55:00,37.9,37.02,36.09
2024-03-02 16:55:30,35.95,35.35,39.38
2024-03-02 16:56:00,36.29,34.86,34.63
2024-03-02 16:56:30,35.37,34.73,36.38
2024-03-02 16:57:00,32.5,35.23,34.69
2024-03-02 16:57:30,36.83,35.49,39.15
2024-03-02 16:58:00,37.05,35.14,38.82
2024-03-02 16:58:30,35.87,35.88,37.46
2024-03-02 16:59:00,36.95,35.36,37.62
2024-03-02 16:59:30,33.39,36.34,35.72
2024-03-02 17:00:00,38.61,34.99,37.67
2024-03-02 17:00:30,34.81,32.95,37.83
2024-03-02 17:01:00,39.16,37.46,32.92
2024-03-02 17:01:30,37.58,37.11,35.37
2024-03-02 17:02:00,35.53,34.93,36.13
2024-03-02 17:02:30,36.92,34.89,37.69
2024-03-02 17:03:00,36.75,35.96,37.59
2024-03-02 17:03:30,36.12,35.01,37.78
2024-03-02 17:04:00,37.16,36.8,36.55
2024-03-02 17:04:30,35.89,35.62,37.1
2024-03-02 17:05:00,37.58,36.49,34.01
2024-03-02 17:05:30,37.02,34.19,38.87
2024-03-02 17:06:00,34.66,33.58,37.36
2024-03-02 17:06:30,37.73,35.03,36.86
2024-03-02 17:07:00,35.79,35.35,38.45
2024-03-02 17:07:30,36.33,36.36,38.81
2024-03-02 17:08:00,36.06,34.76,35.1
2024-03-02 17:08:30,35.83,34.48,38.36
2024-03-02 17:09:00,36.16,35.36,38.65
2024-03-02 17:09:30,37.81,36.15,35.41
2024-03-02 17:10:00,38.54,36.21,36.51
2024-03-02 17:10:30,38.28,36.22,37.48
2024-03-02 17:11:00,35.97,34.21,35.29
2024-03-02 17:11:30,35.17,35.28,37.53
2024-03-02 17:12:00,36.47,36.18,37.81
2024-03-02 17:12:30,37.13,33.13,35.37
2024-03-02 17:13:00,36.05,34.72,37.23
2024-03-02 17:13:30,35.11,34.01,36.47
2024-03-02 17:14:00,35.04,35.25,35.75
2024-03-02 17:14:30,,35.12,36.24
2024-03-02 17:15:00,35.85,35.56,37.14
2024-03-02 17:15:30,35.97,34.99,36.75
2024-03-02 17:16:00,34.91,35.65,36.75
2024-03-02 17:16:30,34.68,34.85,36.14
2024-03-02 17:17:00,36.73,35.33,37.57
2024-03-02 17:17:30,35.56,35.51,36.42
2024-03-02 17:18:00,35.55,34.85,36.9
2024-03-02 17:18:30,36.21,35.84,35.15
2024-03-02 17:19:00,33.26,36.14,37.33
2024-03-02 17:19:30,36.65,37.19,35.73
2024-03-02 17:20:00,37.32,35.05,36.45
2024-03-02 17:20:30,33.36,32.95,37.42
2024-03-02 17:21:00,37.81,34.61,33.8
2024-03-02 17:21:30,35.6,34.5,38.41
2024-03-02 17:22:00,35.0,35.59,35.19
2024-03-02 17:22:30,35.8,34.0,37.16
2024-03-02 17:23:00,35.94,37.23,36.51
2024-03-02 17:23:30,36.44,35.23,34.07
2024-03-02 17:24:00,34.67,33.74,37.44
2024-03-02 17:24:30,34.6,33.22,36.95
2024-03-02 17:25:00,35.05,35.62,38.35
2024-03-02 17:25:30,33.58,34.28,36.02
2024-03-02 17:26:00,33.56,31.73,36.69
2024-03-02 17:26:30,35.7,35.18,34.52
2024-03-02 17:27:00,35.8,33.17,36.52
2024-03-02 17:27:30,35.45,34.08,35.79
2024-03-02 17:28:00,34.85,35.87,36.9
2024-03-02 17:28:30,35.52,32.87,36.24
2024-03-02 17:29:00,34.18,34.1,34.66
2024-03-02 17:29:30,35.75,33.9,
2024-03-02 17:30:00,35.8,33.63,36.5
2024-03-02 17:30:30,34.09,34.04,34.27
2024-03-02 17:31:00,36.75,33.16,35.25
2024-03-02 17:31:30,35.16,34.23,35.96
2024-03-02 17:32:00,37.78,35.3,37.69
2024-03-02 17:32:30,34.77,34.35,36.06
2024-03-02 17:33:00,32.91,36.82,37.84
2024-03-02 17:33:30,,34.81,33.61
2024-03-02 17:34:00,34.26,33.21,34.45
2024-03-02 17:34:30,34.45,34.61,36.15
2024-03-02 17:35:00,35.55,35.68,35.99
2024-03-02 17:35:30,34.89,34.86,34.19
2024-03-02 17:36:00,35.28,34.4,
2024-03-02 17:36:30,33.99,34.36,35.66
2024-03-02 17:37:00,36.1,32.23,35.32
2024-03-02 17:37:30,33.93,32.23,
2024-03-02 17:38:00,34.49,34.7,35.22
2024-03-02 17:38:30,35.47,33.62,35.33
2024-03-02 17:39:00,32.94,34.34,33.22
2024-03-02 17:39:30,34.08,35.08,36.9
2024-03-02 17:40:00,35.57,33.43,34.85
2024-03-02 17:40:30,36.43,35.24,34.07
2024-03-02 17:41:00,35.56,35.14,36.45
2024-03-02 17:41:30,35.08,34.78,36.6
2024-03-02 17:42:00,33.86,33.18,34.39
2024-03-02 17:42:30,36.21,33.37,36.35
2024-03-02 17:43:00,33.53,34.78,35.21
2024-03-02 17:43:30,34.01,34.16,32.89
2024-03-02 17:44:00,32.98,32.62,36.64
2024-03-02 17:44:30,37.84,33.94,33.95
2024-03-02 17:45:00,35.25,32.35,34.99
2024-03-02 17:45:30,34.17,33.47,35.18
2024-03-02 17:46:00,35.25,33.67,37.8
2024-03-02 17:46:30,33.5,32.84,35.11
2024-03-02 17:47:00,34.42,34.89,33.53
2024-03-02 17:47:30,34.53,33.67,34.58
2024-03-02 17:48:00,33.26,34.39,35.57
2024-03-02 17:48:30,34.64,34.57,37.27
2024-03-02 17:49:00,34.6,34.26,34.14
2024-03-02 17:49:30,34.56,34.22,33.44
2024-03-02 17:50:00,35.02,33.09,35.57
2024-03-02 17:50:30,34.16,33.86,34.64
2024-03-02 17:51:00,32.56,32.87,33.74
2024-03-02 17:51:30,,32.33,35.06
2024-03-02 17:52:00,30.53,33.68,35.57
2024-03-02 17:52:30,34.14,32.63,34.59
2024-03-02 17:53:00,33.37,33.42,37.88
2024-03-02 17:53:30,33.95,33.12,37.72
2024-03-02 17:54:00,33.75,32.5,34.22
2024-03-02 17:54:30,33.84,33.59,35.29
2024-03-02 17:55:00,37.39,33.09,34.91
2024-03-02 17:55:30,34.39,33.75,33.69
2024-03-02 17:56:00,36.14,35.29,34.08
2024-03-02 17:56:30,32.92,32.51,35.4
2024-03-02 17:57:00,33.63,35.16,33.9
2024-03-02 17:57:30,34.29,33.98,33.88
2024-03-02 17:58:00,34.09,33.45,35.95
2024-03-02 17:58:30,,33.74,34.25
2024-03-02 17:59:00,33.61,33.85,37.28
2024-03-02 17:59:30,33.07,33.29,
2024-03-02 18:00:00,33.02,33.0,37.38
2024-03-02 18:00:30,34.09,33.72,32.64
2024-03-02 18:01:00,33.75,37.49,32.69
2024-03-02 18:01:30,34.69,34.32,33.92
2024-03-02 18:02:00,32.16,34.32,35.39
2024-03-02 18:02:30,32.83,32.88,34.57
2024-03-02 18:03:00,34.49,33.26,32.83
2024-03-02 18:03:30,34.3,32.56,35.28
2024-03-02 18:04:00,36.48,33.17,35.0
2024-03-02 18:04:30,34.53,33.1,34.53
2024-03-02 18:05:00,34.25,32.84,35.08
2024-03-02 18:05:30,35.11,35.1,36.46
2024-03-02 18:06:00,33.52,33.92,34.61
2024-03-02 18:06:30,37.39,34.0,32.73
2024-03-02 18:07:00,33.65,31.8,36.05
2024-03-02 18:07:30,33.28,32.31,
2024-03-02 18:08:00,35.6,34.42,35.26
2024-03-02 18:08:30,35.84,30.4,35.81
2024-03-02 18:09:00,36.08,31.84,35.95
2024-03-02 18:09:30,36.28,35.05,33.69
2024-03-02 18:10:00,35.13,32.62,37.92
2024-03-02 18:10:30,34.6,33.83,34.99
2024-03-02 18:11:00,34.17,34.11,38.83
2024-03-02 18:11:30,34.29,34.17,35.71
2024-03-02 18:12:00,31.49,31.87,36.43
2024-03-02 18:12:30,34.3,33.97,35.76
2024-03-02 18:13:00,34.78,32.07,34.6
2024-03-02 18:13:30,35.75,32.9,35.0
2024-03-02 18:14:00,34.63,32.67,33.6
2024-03-02 18:14:30,32.8,32.1,37.03
2024-03-02 18:15:00,35.96,33.36,35.09
2024-03-02 18:15:30,32.63,33.14,34.24
2024-03-02 18:16:00,32.07,,34.87
2024-03-02 18:16:30,34.27,33.45,35.55
2024-03-02 18:17:00,33.53,33.18,33.18
2024-03-02 18:17:30,34.17,32.24,34.37
2024-03-02 18:18:00,32.24,33.29,33.38
2024-03-02 18:18:30,32.57,33.56,35.05
2024-03-02 18:19:00,35.93,31.82,35.15
2024-03-02 18:19:30,33.15,32.55,
2024-03-02 18:20:00,35.46,33.03,34.09
2024-03-02 18:20:30,34.83,33.37,34.47
2024-03-02 18:21:00,33.42,34.03,34.04
2024-03-02 18:21:30,34.61,32.69,36.55
2024-03-02 18:22:00,31.31,32.23,37.3
2024-03-02 18:22:30,34.69,33.19,34.92
2024-03-02 18:23:00,31.8,34.58,36.86
2024-03-02 18:23:30,34.7,32.91,34.31
2024-03-02 18:24:00,32.69,34.54,32.57
2024-03-02 18:24:30,35.69,32.7,36.08
2024-03-02 18:25:00,33.48,33.52,32.78
2024-03-02 18:25:30,34.06,32.11,34.17
2024-03-02 18:26:00,33.73,31.81,35.37
2024-03-02 18:26:30,33.41,32.59,33.93
2024-03-02 18:27:00,32.47,32.45,35.07
2024-03-02 18:27:30,34.86,32.13,33.89
2024-03-02 18:28:00,33.56,33.13,35.86
2024-03-02 18:28:30,34.32,34.83,33.28
2024-03-02 18:29:00,33.99,33.39,35.45
2024-03-02 18:29:30,33.17,31.8,33.34
2024-03-02 18:30:00,33.39,30.62,28.87
2024-03-02 18:30:30,32.4,32.36,33.3
2024-03-02 18:31:00,32.76,31.8,35.03
2024-03-02 18:31:30,34.55,32.17,34.93
2024-03-02 18:32:00,34.42,31.07,36.37
2024-03-02 18:32:30,35.77,32.38,36.91
2024-03-02 18:33:00,34.46,33.7,34.87
2024-03-02 18:33:30,33.25,32.42,34.99
2024-03-02 18:34:00,32.01,31.61,33.97
2024-03-02 18:34:30,33.82,30.97,34.46
2024-03-02 18:35:00,34.64,32.95,32.59
2024-03-02 18:35:30,36.12,33.32,37.89
2024-03-02 18:36:00,35.33,32.09,32.55
2024-03-02 18:36:30,34.56,31.05,34.68
2024-03-02 18:37:00,34.26,33.22,33.62
2024-03-02 18:37:30,33.73,32.69,34.37
2024-03-02 18:38:00,31.53,33.8,34.76
2024-03-02 18:38:30,32.31,30.5,33.98
2024-03-02 18:39:00,34.36,31.99,36.23
2024-03-02 18:39:30,35.61,31.29,33.67
2024-03-02 18:40:00,32.15,32.8,36.97
2024-03-02 18:40:30,32.43,32.14,35.37
2024-03-02 18:41:00,33.28,31.73,34.74
2024-03-02 18:41:30,34.74,31.64,32.97
2024-03-02 18:42:00,33.72,33.63,32.44
2024-03-02 18:42:30,33.75,33.48,34.91
2024-03-02 18:43:00,32.07,31.8,35.42
2024-03-02 18:43:30,34.76,32.03,34.44
2024-03-02 18:44:00,32.64,32.0,35.17
2024-03-02 18:44:30,33.35,33.81,34.0
2024-03-02 18:45:00,34.84,29.95,33.44
2024-03-02 18:45:30,33.45,32.96,34.46
2024-03-02 18:46:00,32.76,32.36,34.32
2024-03-02 18:46:30,35.09,31.54,34.21
2024-03-02 18:47:00,32.9,33.09,34.46
2024-03-02 18:47:30,33.82,33.88,
2024-03-02 18:48:00,35.55,33.22,34.62
2024-03-02 18:48:30,33.52,33.01,33.38
2024-03-02 18:49:00,34.29,31.65,36.99
2024-03-02 18:49:30,33.8,33.42,34.54
2024-03-02 18:50:00,31.58,31.91,35.09
2024-03-02 18:50:30,33.53,32.52,32.81
2024-03-02 18:51:00,32.31,32.69,34.17
2024-03-02 18:51:30,34.04,33.17,35.41
2024-03-02 18:52:00,30.08,30.95,34.47
2024-03-02 18:52:30,34.93,34.54,31.08
2024-03-02 18:53:00,33.75,33.33,32.79
2024-03-02 18:53:30,35.64,33.07,34.06
2024-03-02 18:54:00,33.32,32.09,36.21
2024-03-02 18:54:30,34.3,31.48,33.17
2024-03-02 18:55:00,30.57,31.9,32.49
2024-03-02 18:55:30,,33.7,32.0
2024-03-02 18:56:00,35.63,31.99,33.56
2024-03-02 18:56:30,35.46,31.39,36.31
2024-03-02 18:57:00,33.89,31.83,34.57
2024-03-02 18:57:30,33.7,31.49,34.42
2024-03-02 18:58:00,32.37,32.21,34.01
2024-03-02 18:58:30,31.55,32.36,34.53
2024-03-02 18:59:00,34.27,32.91,32.24
2024-03-02 18:59:30,36.02,35.5,36.19
2024-03-02 19:00:00,33.3,30.5,31.16
2024-03-02 19:00:30,33.6,29.53,35.63
2024-03-02 19:01:00,34.25,34.05,33.16
2024-03-02 19:01:30,33.57,33.36,32.65
2024-03-02 19:02:00,32.02,32.07,33.02
2024-03-02 19:02:30,33.44,31.76,35.28
2024-03-02 19:03:00,34.72,,36.59
2024-03-02 19:03:30,33.54,31.91,33.51
2024-03-02 19:04:00,33.66,33.38,32.77
2024-03-02 19:04:30,32.64,32.91,31.31
2024-03-02 19:05:00,34.68,33.13,34.91
2024-03-02 19:05:30,33.56,31.75,34.53
2024-03-02 19:06:00,30.92,33.58,34.48
2024-03-02 19:06:30,33.23,33.21,32.86
2024-03-02 19:07:00,32.09,32.47,32.78
2024-03-02 19:07:30,32.76,32.59,35.33
2024-03-02 19:08:00,33.7,33.21,33.72
2024-03-02 19:08:30,34.67,32.74,34.64
2024-03-02 19:09:00,33.81,33.28,35.01
2024-03-02 19:09:30,33.17,33.44,36.67
2024-03-02 19:10:00,30.99,30.31,35.76
2024-03-02 19:10:30,34.83,30.27,34.63
2024-03-02 19:11:00,31.14,33.55,36.05
2024-03-02 19:11:30,31.58,32.89,32.96
2024-03-02 19:12:00,31.68,31.58,31.84
2024-03-02 19:12:30,32.3,31.52,37.05
2024-03-02 19:13:00,31.69,32.36,34.36
2024-03-02 19:13:30,,31.22,31.95
2024-03-02 19:14:00,31.59,34.3,32.53
2024-03-02 19:14:30,34.67,32.5,35.49
2024-03-02 19:15:00,34.06,30.9,36.49
2024-03-02 19:15:30,32.81,32.15,32.71
2024-03-02 19:16:00,33.85,33.65,36.02
2024-03-02 19:16:30,31.8,32.05,32.5
2024-03-02 19:17:00,,33.54,31.48
2024-03-02 19:17:30,31.5,34.56,35.76
2024-03-02 19:18:00,30.97,32.51,33.55
2024-03-02 19:18:30,34.97,32.29,34.21
2024-03-02 19:19:00,33.81,31.82,33.67
2024-03-02 19:19:30,31.6,33.17,32.82
2024-03-02 19:20:00,32.38,30.99,30.86
2024-03-02 19:20:30,34.01,33.49,32.25
2024-03-02 19:21:00,32.77,30.93,34.96
2024-03-02 19:21:30,31.85,33.03,34.3
2024-03-02 19:22:00,34.42,32.65,34.23
2024-03-02 19:22:30,32.08,31.43,33.54
2024-03-02 19:23:00,32.12,30.9,31.22
2024-03-02 19:23:30,31.39,30.92,32.33
2024-03-02 19:24:00,33.82,34.7,33.86
2024-03-02 19:24:30,32.42,32.34,33.57
2024-03-02 19:25:00,33.45,33.73,30.38
2024-03-02 19:25:30,34.21,31.39,33.44
2024-03-02 19:26:00,33.48,,33.3
2024-03-02 19:26:30,32.15,31.49,34.06
2024-03-02 19:27:00,32.32,32.79,34.66
2024-03-02 19:27:30,33.08,32.66,34.8
2024-03-02 19:28:00,34.49,33.13,33.5
2024-03-02 19:28:30,32.69,32.98,36.05
2024-03-02 19:29:00,32.6,32.96,34.71
2024-03-02 19:29:30,30.82,31.64,33.03
2024-03-02 19:30:00,33.7,32.45,33.35
2024-03-02 19:30:30,34.58,32.97,35.38
2024-03-02 19:31:00,32.65,30.86,33.87
2024-03-02 19:31:30,32.13,32.13,
2024-03-02 19:32:00,33.9,32.03,31.9
2024-03-02 19:32:30,31.37,32.43,34.45
2024-03-02 19:33:00,33.21,31.94,34.6
2024-03-02 19:33:30,32.39,31.2,32.13
2024-03-02 19:34:00,31.69,33.45,34.75
2024-03-02 19:34:30,31.99,31.69,36.22
2024-03-02 19:35:00,31.72,32.36,31.76
2024-03-02 19:35:30,33.5,32.17,32.33
2024-03-02 19:36:00,32.28,33.86,32.82
2024-03-02 19:36:30,33.3,31.19,34.17
2024-03-02 19:37:00,33.05,34.47,34.51
2024-03-02 19:37:30,35.19,33.28,31.6
2024-03-02 19:38:00,33.25,32.78,32.1
2024-03-02 19:38:30,32.29,31.39,32.24
2024-03-02 19:39:00,32.31,31.09,33.86
2024-03-02 19:39:30,34.32,31.23,35.63
2024-03-02 19:40:00,32.29,33.73,30.72
2024-03-02 19:40:30,33.1,31.05,31.88
2024-03-02 19:41:00,31.38,31.04,32.15
2024-03-02 19:41:30,32.6,31.9,32.47
2024-03-02 19:42:00,33.34,30.97,31.65
2024-03-02 19:42:30,32.17,32.07,32.31
2024-03-02 19:43:00,32.96,31.82,35.29
2024-03-02 19:43:30,32.92,31.02,35.48
2024-03-02 19:44:00,33.72,33.04,33.42
2024-03-02 19:44:30,31.09,33.21,32.92
2024-03-02 19:45:00,31.71,,36.28
2024-03-02 19:45:30,31.77,,34.32
2024-03-02 19:46:00,32.12,32.66,33.3
2024-03-02 19:46:30,35.87,31.82,33.16
2024-03-02 19:47:00,32.22,32.18,36.41
2024-03-02 19:47:30,35.45,32.02,32.56
2024-03-02 19:48:00,35.44,32.25,31.63
2024-03-02 19:48:30,32.41,30.75,33.94
2024-03-02 19:49:00,30.48,30.94,34.44
2024-03-02 19:49:30,28.86,32.63,
2024-03-02 19:50:00,31.33,31.8,34.2
2024-03-02 19:50:30,33.8,31.17,35.96
2024-03-02 19:51:00,33.88,32.67,
2024-03-02 19:51:30,,33.36,32.05
2024-03-02 19:52:00,32.34,31.48,33.14
2024-03-02 19:52:30,33.42,31.22,34.21
2024-03-02 19:53:00,30.72,33.91,
2024-03-02 19:53:30,31.5,32.91,35.19
2024-03-02 19:54:00,31.17,32.95,33.43
2024-03-02 19:54:30,30.94,31.57,32.74
2024-03-02 19:55:00,33.01,31.77,33.06
2024-03-02 19:55:30,32.69,31.83,32.97
2024-03-02 19:56:00,32.81,33.64,33.13
2024-03-02 19:56:30,32.7,30.31,34.6
2024-03-02 19:57:00,33.67,31.67,31.58
2024-03-02 19:57:30,33.77,33.29,35.55
2024-03-02 19:58:00,32.44,34.62,30.24
2024-03-02 19:58:30,33.47,31.86,33.59
2024-03-02 19:59:00,,33.09,35.17
2024-03-02 19:59:30,32.45,31.68,33.54
2024-03-02 20:00:00,32.11,31.64,29.79
2024-03-02 20:00:30,32.91,31.36,31.89
2024-03-02 20:01:00,32.47,30.44,33.62
2024-03-02 20:01:30,32.45,31.83,34.42
2024-03-02 20:02:00,31.63,32.2,34.11
2024-03-02 20:02:30,33.61,33.42,
2024-03-02 20:03:00,33.14,32.48,33.04
2024-03-02 20:03:30,32.04,30.59,32.35
2024-03-02 20:04:00,30.91,31.84,35.18
2024-03-02 20:04:30,31.04,33.88,34.63
2024-03-02 20:05:00,33.88,31.81,33.86
2024-03-02 20:05:30,34.24,30.83,35.03
2024-03-02 20:06:00,34.08,32.65,34.51
2024-03-02 20:06:30,32.87,32.67,32.78
2024-03-02 20:07:00,32.8,34.07,32.79
2024-03-02 20:07:30,33.83,33.42,33.51
2024-03-02 20:08:00,32.05,32.95,34.67
2024-03-02 20:08:30,33.82,30.17,32.63
2024-03-02 20:09:00,34.39,32.63,35.21
2024-03-02 20:09:30,33.05,31.72,33.01
2024-03-02 20:10:00,33.5,31.25,35.41
2024-03-02 20:10:30,35.25,34.19,36.05
2024-03-02 20:11:00,32.38,31.2,30.9
2024-03-02 20:11:30,34.11,31.1,33.52
2024-03-02 20:12:00,32.93,32.55,
2024-03-02 20:12:30,32.58,32.09,34.59
2024-03-02 20:13:00,32.2,32.47,32.62
2024-03-02 20:13:30,34.09,31.99,32.71
2024-03-02 20:14:00,33.4,33.08,33.12
2024-03-02 20:14:30,33.4,32.19,32.65
2024-03-02 20:15:00,32.69,34.53,32.05
2024-03-02 20:15:30,34.35,32.62,34.13
2024-03-02 20:16:00,31.48,32.48,31.84
2024-03-02 20:16:30,32.72,32.56,31.65
2024-03-02 20:17:00,33.13,34.1,35.43
2024-03-02 20:17:30,33.1,30.91,36.52
2024-03-02 20:18:00,31.44,32.02,32.79
2024-03-02 20:18:30,32.47,29.49,33.39
2024-03-02 20:19:00,33.34,32.3,32.76
2024-03-02 20:19:30,32.68,31.16,35.37
2024-03-02 20:20:00,34.92,34.47,35.16
2024-03-02 20:20:30,32.66,32.53,32.32
2024-03-02 20:21:00,33.48,32.31,33.89
2024-03-02 20:21:30,31.66,31.75,33.0
2024-03-02 20:22:00,30.99,32.71,35.16
2024-03-02 20:22:30,34.41,33.0,34.62
2024-03-02 20:23:00,34.47,30.78,34.73
2024-03-02 20:23:30,33.14,32.02,32.06
2024-03-02 20:24:00,30.63,31.11,35.69
2024-03-02 20:24:30,35.01,33.54,31.2
2024-03-02 20:25:00,33.09,33.21,33.63
2024-03-02 20:25:30,32.54,31.38,35.91
2024-03-02 20:26:00,33.33,31.41,35.83
2024-03-02 20:26:30,34.17,31.55,34.64
2024-03-02 20:27:00,34.49,32.83,31.89
2024-03-02 20:27:30,32.31,,33.6
2024-03-02 20:28:00,34.46,31.98,31.61
2024-03-02 20:28:30,33.67,31.46,34.45
2024-03-02 20:29:00,33.9,30.85,36.95
2024-03-02 20:29:30,34.01,32.41,34.26
2024-03-02 20:30:00,34.59,31.87,33.28
2024-03-02 20:30:30,32.52,31.43,34.8
2024-03-02 20:31:00,35.56,32.23,33.52
2024-03-02 20:31:30,32.23,31.41,32.15
2024-03-02 20:32:00,31.31,32.08,31.09
2024-03-02 20:32:30,32.67,29.66,33.97
2024-03-02 20:33:00,35.39,32.97,33.49
2024-03-02 20:33:30,34.2,31.55,31.25
2024-03-02 20:34:00,31.87,31.89,34.55
2024-03-02 20:34:30,32.61,30.92,33.55
2024-03-02 20:35:00,33.73,32.24,33.7
2024-03-02 20:35:30,32.0,32.04,35.7
2024-03-02 20:36:00,34.76,32.55,32.75
2024-03-02 20:36:30,33.67,31.76,34.46
2024-03-02 20:37:00,31.44,32.7,32.36
2024-03-02 20:37:30,36.1,31.15,33.17
2024-03-02 20:38:00,30.82,32.51,30.65
2024-03-02 20:38:30,33.14,32.59,33.71
2024-03-02 20:39:00,35.41,31.33,32.65
2024-03-02 20:39:30,32.39,32.26,34.66
2024-03-02 20:40:00,35.67,32.88,32.98
2024-03-02 20:40:30,32.45,31.53,33.72
2024-03-02 20:41:00,31.31,,33.0
2024-03-02 20:41:30,32.63,32.81,33.2
2024-03-02 20:42:00,35.97,31.41,37.43
2024-03-02 20:42:30,33.47,31.66,35.23
2024-03-02 20:43:00,33.04,,34.69
2024-03-02 20:43:30,33.99,31.86,35.89
2024-03-02 20:44:00,33.17,33.22,33.85
2024-03-02 20:44:30,33.62,32.44,32.91
2024-03-02 20:45:00,30.88,34.31,34.75
2024-03-02 20:45:30,34.86,31.79,33.0
2024-03-02 20:46:00,32.56,31.22,33.52
2024-03-02 20:46:30,33.97,31.74,31.76
2024-03-02 20:47:00,33.05,32.32,33.88
2024-03-02 20:47:30,33.69,32.36,33.06
2024-03-02 20:48:00,34.79,,33.96
2024-03-02 20:48:30,33.86,32.18,32.87
2024-03-02 20:49:00,33.73,32.16,32.69
2024-03-02 20:49:30,30.82,31.55,35.59
2024-03-02 20:50:00,33.28,31.46,33.46
2024-03-02 20:50:30,34.51,33.53,33.17
2024-03-02 20:51:00,35.22,31.77,32.06
2024-03-02 20:51:30,34.4,31.15,32.3
2024-03-02 20:52:00,32.76,31.08,35.62
2024-03-02 20:52:30,33.78,32.12,35.05
2024-03-02 20:53:00,33.11,33.26,35.06
2024-03-02 20:53:30,33.99,31.33,33.46
2024-03-02 20:54:00,32.87,32.55,32.89
2024-03-02 20:54:30,33.57,33.83,31.53
2024-03-02 20:55:00,32.86,,33.09
2024-03-02 20:55:30,32.17,33.54,35.69
2024-03-02 20:56:00,32.91,32.59,36.81
2024-03-02 20:56:30,32.55,33.31,34.53
2024-03-02 20:57:00,33.2,31.88,33.73
2024-03-02 20:57:30,33.48,30.98,35.58
2024-03-02 20:58:00,32.05,33.78,33.71
2024-03-02 20:58:30,33.21,33.42,34.84
2024-03-02 20:59:00,32.61,32.81,35.95
2024-03-02 20:59:30,34.44,32.31,34.26
2024-03-02 21:00:00,35.16,33.83,32.45
2024-03-02 21:00:30,33.69,32.73,33.22
2024-03-02 21:01:00,35.34,33.71,34.13
2024-03-02 21:01:30,31.69,32.73,33.7
2024-03-02 21:02:00,34.76,32.07,35.47
2024-03-02 21:02:30,32.25,33.19,33.82
2024-03-02 21:03:00,32.97,31.09,35.39
2024-03-02 21:03:30,32.51,32.94,32.82
2024-03-02 21:04:00,34.2,31.31,33.89
2024-03-02 21:04:30,34.42,31.02,
2024-03-02 21:05:00,34.66,33.17,32.49
2024-03-02 21:05:30,33.41,32.51,33.41
2024-03-02 21:06:00,32.58,33.69,33.01
2024-03-02 21:06:30,34.25,32.05,31.74
2024-03-02 21:07:00,33.36,33.15,34.45
2024-03-02 21:07:30,33.14,33.45,37.03
2024-03-02 21:08:00,33.27,32.26,35.24
2024-03-02 21:08:30,33.58,32.71,36.55
2024-03-02 21:09:00,33.46,30.87,32.68
2024-03-02 21:09:30,34.17,31.21,36.28
2024-03-02 21:10:00,34.95,31.61,36.19
2024-03-02 21:10:30,,31.33,33.68
2024-03-02 21:11:00,33.12,32.3,33.71
2024-03-02 21:11:30,33.61,31.94,32.91
2024-03-02 21:12:00,33.42,34.4,32.27
2024-03-02 21:12:30,32.43,33.7,35.3
2024-03-02 21:13:00,31.84,31.12,36.38
2024-03-02 21:13:30,33.56,30.48,
2024-03-02 21:14:00,32.07,33.45,33.69
2024-03-02 21:14:30,33.39,33.06,34.04
2024-03-02 21:15:00,33.1,32.07,35.82
2024-03-02 21:15:30,35.21,32.57,34.65
2024-03-02 21:16:00,32.29,32.67,36.67
2024-03-02 21:16:30,35.03,33.06,34.87
2024-03-02 21:17:00,34.47,30.78,33.35
2024-03-02 21:17:30,35.82,32.94,30.93
2024-03-02 21:18:00,34.98,31.27,33.69
2024-03-02 21:18:30,35.67,32.08,34.77
2024-03-02 21:19:00,31.99,32.44,36.13
2024-03-02 21:19:30,33.2,31.42,33.09
2024-03-02 21:20:00,34.95,,34.47
2024-03-02 21:20:30,35.59,33.55,33.06
2024-03-02 21:21:00,31.02,34.2,31.97
2024-03-02 21:21:30,34.81,32.82,33.58
2024-03-02 21:22:00,33.85,32.53,32.95
2024-03-02 21:22:30,34.82,32.55,33.43
2024-03-02 21:23:00,34.41,32.61,34.87
2024-03-02 21:23:30,33.97,32.13,35.12
2024-03-02 21:24:00,35.08,30.76,33.61
2024-03-02 21:24:30,33.75,33.67,33.31
2024-03-02 21:25:00,33.51,,36.39
2024-03-02 21:25:30,33.99,34.95,33.78
2024-03-02 21:26:00,34.32,34.11,35.26
2024-03-02 21:26:30,34.12,34.27,34.83
2024-03-02 21:27:00,31.69,30.99,34.28
2024-03-02 21:27:30,34.84,31.9,35.24
2024-03-02 21:28:00,36.03,30.91,32.78
2024-03-02 21:28:30,33.76,33.06,35.04
2024-03-02 21:29:00,34.83,34.13,33.04
2024-03-02 21:29:30,35.98,33.5,34.54
2024-03-02 21:30:00,31.09,33.82,33.52
2024-03-02 21:30:30,35.06,33.89,35.35
2024-03-02 21:31:00,36.4,32.93,34.32
2024-03-02 21:31:30,33.55,30.65,34.47
2024-03-02 21:32:00,35.23,32.66,33.85
2024-03-02 21:32:30,32.8,33.12,36.57
2024-03-02 21:33:00,35.45,33.55,34.58
2024-03-02 21:33:30,33.98,32.81,35.24
2024-03-02 21:34:00,33.08,32.09,34.31
2024-03-02 21:34:30,33.82,34.16,34.13
2024-03-02 21:35:00,32.95,32.71,35.98
2024-03-02 21:35:30,35.19,33.35,32.9
2024-03-02 21:36:00,34.2,31.71,34.24
2024-03-02 21:36:30,32.12,31.88,35.99
2024-03-02 21:37:00,34.43,32.69,34.3
2024-03-02 21:37:30,34.45,31.6,38.35
2024-03-02 21:38:00,34.78,33.9,33.63
2024-03-02 21:38:30,32.27,32.16,33.91
2024-03-02 21:39:00,31.73,31.68,35.0
2024-03-02 21:39:30,35.41,32.31,36.23
2024-03-02 21:40:00,34.36,33.18,35.03
2024-03-02 21:40:30,35.2,33.19,35.38
2024-03-02 21:41:00,35.16,32.33,33.84
2024-03-02 21:41:30,33.49,32.54,34.68
2024-03-02 21:42:00,35.47,34.62,31.86
2024-03-02 21:42:30,34.61,32.21,32.27
2024-03-02 21:43:00,35.59,35.78,35.69
2024-03-02 21:43:30,34.8,31.48,36.43
2024-03-02 21:44:00,32.1,31.86,34.85
2024-03-02 21:44:30,33.57,34.36,33.29
2024-03-02 21:45:00,34.1,31.74,35.71
2024-03-02 21:45:30,33.9,34.83,35.77
2024-03-02 21:46:00,35.56,32.43,34.1
2024-03-02 21:46:30,36.81,32.53,33.61
2024-03-02 21:47:00,35.57,33.83,34.08
2024-03-02 21:47:30,33.23,31.76,35.28
2024-03-02 21:48:00,35.23,33.72,37.66
2024-03-02 21:48:30,33.4,34.92,37.43
2024-03-02 21:49:00,36.19,32.62,35.32
2024-03-02 21:49:30,34.24,34.74,36.49
2024-03-02 21:50:00,35.97,33.59,
2024-03-02 21:50:30,34.32,34.31,35.26
2024-03-02 21:51:00,32.5,32.06,34.77
2024-03-02 21:51:30,33.15,33.34,34.41
2024-03-02 21:52:00,32.82,32.02,36.7
2024-03-02 21:52:30,36.01,34.28,37.62
2024-03-02 21:53:00,35.95,32.87,36.04
2024-03-02 21:53:30,34.95,33.5,35.61
2024-03-02 21:54:00,32.03,32.92,36.94
2024-03-02 21:54:30,34.46,32.9,36.69
2024-03-02 21:55:00,34.81,33.71,35.16
2024-03-02 21:55:30,35.55,33.72,35.1
2024-03-02 21:56:00,32.05,32.79,34.18
2024-03-02 21:56:30,34.83,33.34,34.97
2024-03-02 21:57:00,35.88,32.93,35.46
2024-03-02 21:57:30,37.09,33.82,36.42
2024-03-02 21:58:00,36.3,34.11,35.75
2024-03-02 21:58:30,35.97,32.93,37.31
2024-03-02 21:59:00,33.74,34.93,36.34
2024-03-02 21:59:30,34.65,33.64,33.3
2024-03-02 22:00:00,34.2,34.32,34.4
2024-03-02 22:00:30,35.09,32.45,37.13
2024-03-02 22:01:00,34.67,33.44,34.64
2024-03-02 22:01:30,35.32,35.29,33.77
2024-03-02 22:02:00,37.18,33.04,33.87
2024-03-02 22:02:30,36.27,33.61,35.16
2024-03-02 22:03:00,36.44,34.09,35.21
2024-03-02 22:03:30,35.62,35.43,35.07
2024-03-02 22:04:00,36.57,32.76,35.03
2024-03-02 22:04:30,33.84,34.84,34.83
2024-03-02 22:05:00,34.6,34.24,35.89
2024-03-02 22:05:30,36.34,35.25,34.61
2024-03-02 22:06:00,35.26,33.28,35.71
2024-03-02 22:06:30,33.23,35.15,34.61
2024-03-02 22:07:00,34.04,33.1,34.33
2024-03-02 22:07:30,33.95,,36.13
2024-03-02 22:08:00,35.19,34.53,35.83
2024-03-02 22:08:30,33.34,33.09,37.5
2024-03-02 22:09:00,35.12,31.86,36.1
2024-03-02 22:09:30,38.84,34.84,35.4
2024-03-02 22:10:00,36.71,33.89,33.97
2024-03-02 22:10:30,35.07,32.94,34.71
2024-03-02 22:11:00,34.15,34.29,33.73
2024-03-02 22:11:30,31.86,33.08,38.25
2024-03-02 22:12:00,34.22,34.26,35.31
2024-03-02 22:12:30,36.01,35.41,35.45
2024-03-02 22:13:00,33.64,34.4,38.72
2024-03-02 22:13:30,35.88,34.88,36.74
2024-03-02 22:14:00,33.29,34.45,34.62
2024-03-02 22:14:30,36.03,33.97,36.78
2024-03-02 22:15:00,34.26,35.51,39.02
2024-03-02 22:15:30,35.3,32.79,36.64
2024-03-02 22:16:00,35.29,33.67,37.58
2024-03-02 22:16:30,33.27,34.76,33.77
2024-03-02 22:17:00,35.91,33.12,36.85
2024-03-02 22:17:30,35.85,34.17,37.1
2024-03-02 22:18:00,35.0,32.92,35.87
2024-03-02 22:18:30,33.68,32.52,36.68
2024-03-02 22:19:00,34.72,33.18,36.47
2024-03-02 22:19:30,34.93,33.89,35.13
2024-03-02 22:20:00,33.85,34.46,35.01
2024-03-02 22:20:30,33.33,33.51,38.9
2024-03-02 22:21:00,35.2,34.84,35.94
2024-03-02 22:21:30,36.09,32.55,37.27
2024-03-02 22:22:00,38.26,33.4,37.35
2024-03-02 22:22:30,34.68,34.06,35.96
2024-03-02 22:23:00,35.94,34.32,37.25
2024-03-02 22:23:30,35.34,35.84,38.25
2024-03-02 22:24:00,33.99,33.66,35.67
2024-03-02 22:24:30,34.31,37.01,38.63
2024-03-02 22:25:00,35.75,33.58,35.82
2024-03-02 22:25:30,34.9,36.2,35.36
2024-03-02 22:26:00,36.46,34.66,34.14
2024-03-02 22:26:30,36.41,33.92,36.28
2024-03-02 22:27:00,33.93,33.99,34.62
2024-03-02 22:27:30,37.22,34.4,35.84
2024-03-02 22:28:00,35.91,32.82,35.5
2024-03-02 22:28:30,33.23,35.09,35.52
2024-03-02 22:29:00,35.41,35.0,35.13
2024-03-02 22:29:30,35.51,34.39,36.79
2024-03-02 22:30:00,35.46,35.34,36.54
2024-03-02 22:30:30,35.65,32.87,34.66
2024-03-02 22:31:00,36.35,34.46,34.52
2024-03-02 22:31:30,36.39,35.47,38.04
2024-03-02 22:32:00,34.96,34.76,35.78
2024-03-02 22:32:30,35.11,34.55,35.33
2024-03-02 22:33:00,35.89,33.78,35.68
2024-03-02 22:33:30,35.59,36.21,35.96
2024-03-02 22:34:00,35.18,33.72,38.32
2024-03-02 22:34:30,35.36,34.21,36.5
2024-03-02 22:35:00,36.51,35.74,36.74
2024-03-02 22:35:30,37.48,34.34,36.01
2024-03-02 22:36:00,36.71,34.14,36.74
2024-03-02 22:36:30,34.07,34.19,34.98
2024-03-02 22:37:00,36.2,34.5,37.59
2024-03-02 22:37:30,36.56,34.72,35.47
2024-03-02 22:38:00,35.14,35.32,38.11
2024-03-02 22:38:30,33.98,35.02,36.31
2024-03-02 22:39:00,36.05,34.12,38.8
2024-03-02 22:39:30,34.97,37.06,
2024-03-02 22:40:00,35.34,33.91,35.3
2024-03-02 22:40:30,37.76,34.69,35.39
2024-03-02 22:41:00,34.19,36.14,39.41
2024-03-02 22:41:30,35.7,34.65,33.99
2024-03-02 22:42:00,34.81,35.36,37.24
2024-03-02 22:42:30,36.95,33.92,36.05
2024-03-02 22:43:00,36.67,36.97,38.18
2024-03-02 22:43:30,37.64,35.53,38.06
2024-03-02 22:44:00,35.54,34.95,36.46
2024-03-02 22:44:30,34.61,36.16,37.93
2024-03-02 22:45:00,36.85,34.35,35.67
2024-03-02 22:45:30,37.48,34.77,38.6
2024-03-02 22:46:00,35.98,34.67,36.76
2024-03-02 22:46:30,37.53,35.74,40.95
2024-03-02 22:47:00,,34.96,37.87
2024-03-02 22:47:30,36.35,34.73,38.62
2024-03-02 22:48:00,35.04,34.26,37.17
2024-03-02 22:48:30,40.37,34.36,37.44
2024-03-02 22:49:00,37.99,35.93,35.46
2024-03-02 22:49:30,38.55,37.78,37.49
2024-03-02 22:50:00,35.32,34.65,34.42
2024-03-02 22:50:30,35.28,34.49,38.01
2024-03-02 22:51:00,35.27,36.21,39.92
2024-03-02 22:51:30,36.48,36.75,38.29
2024-03-02 22:52:00,37.0,34.64,37.47
2024-03-02 22:52:30,36.2,33.12,37.86
2024-03-02 22:53:00,36.99,34.61,37.92
2024-03-02 22:53:30,35.39,35.59,38.03
2024-03-02 22:54:00,34.53,37.84,38.74
2024-03-02 22:54:30,35.39,33.62,37.07
2024-03-02 22:55:00,34.69,36.43,35.29
2024-03-02 22:55:30,35.06,34.82,37.5
2024-03-02 22:56:00,37.16,35.45,37.55
2024-03-02 22:56:30,38.66,35.92,38.3
2024-03-02 22:57:00,36.17,34.2,36.69
2024-03-02 22:57:30,36.51,36.8,35.51
2024-03-02 22:58:00,36.82,33.27,36.93
2024-03-02 22:58:30,38.24,36.39,36.08
2024-03-02 22:59:00,38.6,37.11,36.24
2024-03-02 22:59:30,35.57,33.34,38.62
2024-03-02 23:00:00,34.75,37.07,39.65
2024-03-02 23:00:30,36.34,35.56,36.81
2024-03-02 23:01:00,36.59,36.16,37.0
2024-03-02 23:01:30,36.97,35.26,39.48
2024-03-02 23:02:00,37.31,34.39,36.01
2024-03-02 23:02:30,36.81,34.92,39.74
2024-03-02 23:03:00,40.69,34.98,37.58
2024-03-02 23:03:30,37.87,36.26,35.99
2024-03-02 23:04:00,38.42,,36.49
2024-03-02 23:04:30,35.83,,39.16
2024-03-02 23:05:00,39.27,35.67,37.66
2024-03-02 23:05:30,38.5,37.49,37.76
2024-03-02 23:06:00,37.91,35.93,38.74
2024-03-02 23:06:30,35.75,36.98,38.75
2024-03-02 23:07:00,38.21,34.01,37.77
2024-03-02 23:07:30,37.01,36.28,37.54
2024-03-02 23:08:00,34.97,34.25,37.58
2024-03-02 23:08:30,34.66,35.97,36.48
2024-03-02 23:09:00,37.94,36.18,35.81
2024-03-02 23:09:30,38.46,33.87,35.2
2024-03-02 23:10:00,36.65,36.37,37.6
2024-03-02 23:10:30,37.16,36.62,39.38
2024-03-02 23:11:00,36.39,35.89,37.38
2024-03-02 23:11:30,34.92,36.22,39.61
2024-03-02 23:12:00,36.49,34.42,38.71
2024-03-02 23:12:30,38.88,35.61,37.63
2024-03-02 23:13:00,34.57,37.45,37.05
2024-03-02 23:13:30,38.08,,38.85
2024-03-02 23:14:00,36.11,34.97,
2024-03-02 23:14:30,34.9,37.2,36.57
2024-03-02 23:15:00,39.17,37.57,37.23
2024-03-02 23:15:30,39.13,35.94,38.85
2024-03-02 23:16:00,37.39,36.02,36.96
2024-03-02 23:16:30,38.96,37.08,39.68
2024-03-02 23:17:00,37.71,36.97,37.57
2024-03-02 23:17:30,37.93,37.28,38.05
2024-03-02 23:18:00,36.45,35.8,39.5
2024-03-02 23:18:30,36.08,37.43,39.25
2024-03-02 23:19:00,37.23,35.25,37.55
2024-03-02 23:19:30,37.49,36.04,38.14
2024-03-02 23:20:00,39.16,35.97,40.25
2024-03-02 23:20:30,37.04,36.5,36.67
2024-03-02 23:21:00,39.76,35.01,41.09
2024-03-02 23:21:30,36.2,38.5,37.69
2024-03-02 23:22:00,36.88,35.46,35.16
2024-03-02 23:22:30,37.29,36.66,37.21
2024-03-02 23:23:00,36.8,36.58,37.57
2024-03-02 23:23:30,38.2,38.49,38.89
2024-03-02 23:24:00,39.4,36.7,37.05
2024-03-02 23:24:30,37.31,36.65,38.47
2024-03-02 23:25:00,36.84,36.06,39.68
2024-03-02 23:25:30,38.68,34.85,41.35
2024-03-02 23:26:00,37.99,36.28,35.69
2024-03-02 23:26:30,36.94,35.99,39.06
2024-03-02 23:27:00,37.99,35.23,
2024-03-02 23:27:30,36.95,36.82,38.04
2024-03-02 23:28:00,38.1,35.74,38.46
2024-03-02 23:28:30,36.57,37.52,39.59
2024-03-02 23:29:00,38.12,39.16,38.99
2024-03-02 23:29:30,37.4,35.37,38.16
2024-03-02 23:30:00,38.98,38.91,38.75
2024-03-02 23:30:30,38.93,36.27,40.44
2024-03-02 23:31:00,36.51,37.76,38.35
2024-03-02 23:31:30,40.55,35.73,36.88
2024-03-02 23:32:00,37.07,37.17,41.88
2024-03-02 23:32:30,36.39,38.0,38.27
2024-03-02 23:33:00,38.24,,
2024-03-02 23:33:30,37.19,37.14,38.69
2024-03-02 23:34:00,38.96,37.81,35.47
2024-03-02 23:34:30,38.78,36.17,39.42
2024-03-02 23:35:00,37.54,36.28,39.99
2024-03-02 23:35:30,37.58,37.76,39.97
2024-03-02 23:36:00,37.13,37.62,38.14
2024-03-02 23:36:30,38.36,36.99,39.64
2024-03-02 23:37:00,37.37,37.78,40.14
2024-03-02 23:37:30,38.5,36.24,37.63
2024-03-02 23:38:00,37.83,38.38,40.71
2024-03-02 23:38:30,37.83,36.83,40.34
2024-03-02 23:39:00,39.88,36.15,39.27
2024-03-02 23:39:30,38.81,37.05,39.38
2024-03-02 23:40:00,41.07,36.87,38.26
2024-03-02 23:40:30,38.14,36.36,38.05
2024-03-02 23:41:00,39.86,37.1,39.52
2024-03-02 23:41:30,35.62,37.59,39.97
2024-03-02 23:42:00,41.55,39.24,36.9
2024-03-02 23:42:30,42.01,37.19,
2024-03-02 23:43:00,40.18,37.66,39.54
2024-03-02 23:43:30,39.2,38.51,40.64
2024-03-02 23:44:00,37.97,36.93,39.68
2024-03-02 23:44:30,38.56,37.75,40.21
2024-03-02 23:45:00,38.3,37.42,37.75
2024-03-02 23:45:30,38.85,36.27,36.64
2024-03-02 23:46:00,39.57,37.67,37.26
2024-03-02 23:46:30,38.84,37.02,39.17
2024-03-02 23:47:00,38.51,38.79,40.25
2024-03-02 23:47:30,39.82,37.72,
2024-03-02 23:48:00,39.21,37.65,38.41
2024-03-02 23:48:30,36.94,37.55,38.43
2024-03-02 23:49:00,39.2,37.73,39.8
2024-03-02 23:49:30,40.73,37.63,39.94
2024-03-02 23:50:00,38.27,38.45,40.0
2024-03-02 23:50:30,40.87,38.34,40.68
2024-03-02 23:51:00,39.05,37.53,39.17
2024-03-02 23:51:30,36.67,38.41,39.07
2024-03-02 23:52:00,37.88,39.33,41.11
2024-03-02 23:52:30,40.03,39.61,40.46
2024-03-02 23:53:00,38.63,38.33,38.54
2024-03-02 23:53:30,39.73,34.24,38.16
2024-03-02 23:54:00,38.88,39.53,39.28
2024-03-02 23:54:30,38.61,37.27,41.06
2024-03-02 23:55:00,39.61,38.68,40.01
2024-03-02 23:55:30,37.92,38.99,39.12
2024-03-02 23:56:00,40.95,38.6,40.4
2024-03-02 23:56:30,39.92,35.98,40.26
2024-03-02 23:57:00,39.03,37.27,41.48
2024-03-02 23:57:30,37.31,38.66,38.77
2024-03-02 23:58:00,,37.42,40.71
2024-03-02 23:58:30,41.47,39.07,39.01
2024-03-02 23:59:00,39.1,39.46,39.84
2024-03-02 23:59:30,39.69,38.56,39.75
2024-03-03 00:00:00,39.73,37.01,40.63
2024-03-03 00:00:30,39.72,38.59,39.94
2024-03-03 00:01:00,39.49,35.67,40.45
2024-03-03 00:01:30,40.43,37.72,40.8
2024-03-03 00:02:00,40.25,37.79,41.94
2024-03-03 00:02:30,38.73,36.44,41.54
2024-03-03 00:03:00,40.73,39.43,37.67
2024-03-03 00:03:30,39.11,37.88,
2024-03-03 00:04:00,39.97,37.56,
2024-03-03 00:04:30,40.61,38.6,42.13
2024-03-03 00:05:00,40.85,36.98,39.99
2024-03-03 00:05:30,40.02,36.53,40.91
2024-03-03 00:06:00,37.86,37.24,38.96
2024-03-03 00:06:30,39.02,38.82,41.97
2024-03-03 00:07:00,39.28,38.47,40.12
2024-03-03 00:07:30,39.82,36.3,41.21
2024-03-03 00:08:00,38.69,37.87,40.94
2024-03-03 00:08:30,,38.48,39.76
2024-03-03 00:09:00,41.22,38.36,40.39
2024-03-03 00:09:30,38.27,37.05,41.57
2024-03-03 00:10:00,40.39,39.32,41.54
2024-03-03 00:10:30,41.01,36.75,39.38
2024-03-03 00:11:00,40.86,39.29,40.21
2024-03-03 00:11:30,40.38,38.95,39.52
2024-03-03 00:12:00,41.9,37.81,39.29
2024-03-03 00:12:30,41.22,39.51,40.18
2024-03-03 00:13:00,40.54,38.49,40.98
2024-03-03 00:13:30,38.76,38.25,42.4
2024-03-03 00:14:00,38.64,37.68,41.6
2024-03-03 00:14:30,41.24,38.91,40.98
2024-03-03 00:15:00,39.5,39.61,40.47
2024-03-03 00:15:30,39.52,37.22,40.07
2024-03-03 00:16:00,38.82,36.34,
2024-03-03 00:16:30,40.9,38.11,41.8
2024-03-03 00:17:00,40.51,37.08,41.88
2024-03-03 00:17:30,40.68,38.11,42.16
2024-03-03 00:18:00,39.84,38.85,42.73
2024-03-03 00:18:30,39.23,38.31,41.88
2024-03-03 00:19:00,40.93,39.86,44.16
2024-03-03 00:19:30,39.52,38.17,39.98
2024-03-03 00:20:00,40.37,39.75,43.0
2024-03-03 00:20:30,40.88,38.65,42.92
2024-03-03 00:21:00,38.66,37.99,41.03
2024-03-03 00:21:30,,41.07,39.73
2024-03-03 00:22:00,41.58,38.98,40.16
2024-03-03 00:22:30,,42.02,38.9
2024-03-03 00:23:00,41.84,40.15,41.44
2024-03-03 00:23:30,42.11,39.69,41.94
2024-03-03 00:24:00,42.82,38.57,42.77
2024-03-03 00:24:30,40.31,38.83,39.9
2024-03-03 00:25:00,40.34,40.9,41.66
2024-03-03 00:25:30,42.76,39.51,42.24
2024-03-03 00:26:00,40.53,38.84,42.24
2024-03-03 00:26:30,41.64,38.22,41.63
2024-03-03 00:27:00,41.85,40.49,41.31
2024-03-03 00:27:30,38.5,39.14,42.12
2024-03-03 00:28:00,42.21,38.6,41.46
2024-03-03 00:28:30,40.84,39.49,43.61
2024-03-03 00:29:00,38.61,39.54,39.48
2024-03-03 00:29:30,40.07,40.02,42.03
2024-03-03 00:30:00,,39.97,41.04
2024-03-03 00:30:30,39.28,39.29,40.31
2024-03-03 00:31:00,40.55,38.56,44.61
2024-03-03 00:31:30,40.77,39.09,42.24
2024-03-03 00:32:00,41.39,39.52,43.91
2024-03-03 00:32:30,41.46,39.36,40.71
2024-03-03 00:33:00,41.67,38.84,
2024-03-03 00:33:30,40.53,38.34,39.86
2024-03-03 00:34:00,39.37,39.3,41.55
2024-03-03 00:34:30,40.82,39.88,41.37
2024-03-03 00:35:00,41.54,39.28,41.02
2024-03-03 00:35:30,41.75,40.16,42.52
2024-03-03 00:36:00,40.12,37.83,40.74
2024-03-03 00:36:30,39.97,40.53,40.91
2024-03-03 00:37:00,41.05,40.38,42.23
2024-03-03 00:37:30,40.42,38.83,41.56
2024-03-03 00:38:00,40.79,39.4,41.12
2024-03-03 00:38:30,39.66,38.84,42.37
2024-03-03 00:39:00,40.35,38.66,41.4
2024-03-03 00:39:30,40.84,38.54,41.92
2024-03-03 00:40:00,41.52,40.51,40.79
2024-03-03 00:40:30,42.93,39.61,41.95
2024-03-03 00:41:00,41.78,39.0,40.42
2024-03-03 00:41:30,40.75,39.74,43.25
2024-03-03 00:42:00,40.94,39.9,41.88
2024-03-03 00:42:30,43.64,39.69,44.25
2024-03-03 00:43:00,43.1,40.06,40.82
2024-03-03 00:43:30,41.28,41.69,42.39
2024-03-03 00:44:00,39.49,37.35,42.27
2024-03-03 00:44:30,43.38,39.69,42.29
2024-03-03 00:45:00,39.7,39.57,43.08
2024-03-03 00:45:30,41.21,40.31,43.99
2024-03-03 00:46:00,42.43,41.09,43.16
2024-03-03 00:46:30,41.33,40.92,41.18
2024-03-03 00:47:00,43.1,41.15,40.13
2024-03-03 00:47:30,42.16,41.12,42.85
2024-03-03 00:48:00,43.17,40.19,
2024-03-03 00:48:30,38.91,39.68,43.15
2024-03-03 00:49:00,41.0,41.48,42.91
2024-03-03 00:49:30,41.24,39.81,44.58
2024-03-03 00:50:00,42.16,41.03,45.03
2024-03-03 00:50:30,41.42,39.13,43.25
2024-03-03 00:51:00,40.3,40.75,42.38
2024-03-03 00:51:30,42.66,40.49,42.05
2024-03-03 00:52:00,42.5,40.85,40.74
2024-03-03 00:52:30,42.11,40.68,40.93
2024-03-03 00:53:00,42.29,38.82,41.78
2024-03-03 00:53:30,43.94,41.1,43.5
2024-03-03 00:54:00,42.31,40.24,41.41
2024-03-03 00:54:30,43.03,41.47,44.59
2024-03-03 00:55:00,41.64,41.73,42.97
2024-03-03 00:55:30,41.49,41.05,42.34
2024-03-03 00:56:00,39.12,40.49,43.71
2024-03-03 00:56:30,41.43,39.27,44.29
2024-03-03 00:57:00,42.14,42.17,42.46
2024-03-03 00:57:30,41.26,41.98,44.01
2024-03-03 00:58:00,41.3,40.51,45.46
2024-03-03 00:58:30,43.53,40.17,41.25
2024-03-03 00:59:00,,38.73,43.47
2024-03-03 00:59:30,40.88,40.83,41.57
2024-03-03 01:00:00,42.18,41.51,43.3
2024-03-03 01:00:30,41.99,40.22,42.23
2024-03-03 01:01:00,42.72,41.16,44.62
2024-03-03 01:01:30,41.33,40.57,45.37
2024-03-03 01:02:00,41.32,40.72,44.15
2024-03-03 01:02:30,43.58,42.3,41.29
2024-03-03 01:03:00,40.85,40.61,45.46
2024-03-03 01:03:30,41.27,39.99,44.64
2024-03-03 01:04:00,42.56,41.42,43.1
2024-03-03 01:04:30,42.85,41.02,42.19
2024-03-03 01:05:00,41.41,40.77,43.68
2024-03-03 01:05:30,41.72,42.1,42.6
2024-03-03 01:06:00,44.81,41.76,43.95
2024-03-03 01:06:30,40.43,39.44,42.5
2024-03-03 01:07:00,41.85,41.11,41.42
2024-03-03 01:07:30,41.87,40.63,45.06
2024-03-03 01:08:00,43.39,43.26,44.33
2024-03-03 01:08:30,44.04,40.01,40.79
2024-03-03 01:09:00,42.53,42.36,43.78
2024-03-03 01:09:30,42.87,42.09,43.65
2024-03-03 01:10:00,41.04,42.4,42.86
2024-03-03 01:10:30,43.54,40.59,43.39
2024-03-03 01:11:00,42.54,42.69,
2024-03-03 01:11:30,42.42,42.57,41.55
2024-03-03 01:12:00,42.07,41.48,44.6
2024-03-03 01:12:30,42.7,42.44,42.23
2024-03-03 01:13:00,,41.15,42.99
2024-03-03 01:13:30,41.85,41.18,43.98
2024-03-03 01:14:00,42.53,41.94,41.42
2024-03-03 01:14:30,42.23,42.17,44.65
2024-03-03 01:15:00,44.23,41.65,43.36
2024-03-03 01:15:30,43.09,42.31,43.4
2024-03-03 01:16:00,43.06,42.99,41.6
2024-03-03 01:16:30,41.85,41.16,42.72
2024-03-03 01:17:00,42.17,42.29,43.4
2024-03-03 01:17:30,41.53,42.51,43.61
2024-03-03 01:18:00,42.16,40.62,44.1
2024-03-03 01:18:30,41.77,39.88,
2024-03-03 01:19:00,43.48,41.72,42.76
2024-03-03 01:19:30,43.41,41.66,43.65
2024-03-03 01:20:00,42.88,41.72,44.0
2024-03-03 01:20:30,43.19,43.53,42.39
2024-03-03 01:21:00,42.23,41.99,44.89
2024-03-03 01:21:30,43.04,40.75,42.44
2024-03-03 01:22:00,42.61,40.99,45.24
2024-03-03 01:22:30,42.61,40.74,41.86
2024-03-03 01:23:00,43.07,42.13,43.98
2024-03-03 01:23:30,44.41,41.15,45.56
2024-03-03 01:24:00,42.08,41.93,44.07
2024-03-03 01:24:30,43.64,42.89,44.25
2024-03-03 01:25:00,44.73,41.59,44.13
2024-03-03 01:25:30,42.74,40.24,45.53
2024-03-03 01:26:00,44.38,43.52,42.74
2024-03-03 01:26:30,43.99,42.09,44.31
2024-03-03 01:27:00,43.25,42.37,43.72
2024-03-03 01:27:30,42.68,43.92,42.79
2024-03-03 01:28:00,43.06,43.2,44.4
2024-03-03 01:28:30,,41.37,43.12
2024-03-03 01:29:00,43.54,42.41,47.39
2024-03-03 01:29:30,44.2,43.13,44.79
2024-03-03 01:30:00,42.12,39.97,41.81
2024-03-03 01:30:30,44.87,43.48,44.89
2024-03-03 01:31:00,42.67,42.66,44.66
2024-03-03 01:31:30,42.82,42.95,44.83
2024-03-03 01:32:00,43.4,43.28,44.27
2024-03-03 01:32:30,42.57,42.39,45.92
2024-03-03 01:33:00,41.87,43.74,43.33
2024-03-03 01:33:30,43.77,42.7,44.62
2024-03-03 01:34:00,44.67,43.22,43.89
2024-03-03 01:34:30,42.12,42.59,45.22
2024-03-03 01:35:00,45.01,44.09,44.54
2024-03-03 01:35:30,43.93,42.83,43.13
2024-03-03 01:36:00,47.25,42.53,45.36
2024-03-03 01:36:30,42.91,43.16,46.63
2024-03-03 01:37:00,44.32,44.07,44.07
2024-03-03 01:37:30,,43.82,47.11
2024-03-03 01:38:00,41.49,45.38,46.05
2024-03-03 01:38:30,45.8,41.86,44.28
2024-03-03 01:39:00,43.36,43.63,42.97
2024-03-03 01:39:30,43.55,42.01,44.63
2024-03-03 01:40:00,42.23,41.52,45.44
2024-03-03 01:40:30,42.37,44.64,47.62
2024-03-03 01:41:00,44.51,43.46,43.96
2024-03-03 01:41:30,42.49,43.06,45.81
2024-03-03 01:42:00,44.18,44.12,44.19
2024-03-03 01:42:30,43.57,44.2,
2024-03-03 01:43:00,43.15,41.57,
2024-03-03 01:43:30,46.2,43.77,45.25
2024-03-03 01:44:00,41.83,44.07,45.34
2024-03-03 01:44:30,43.51,42.18,43.3
2024-03-03 01:45:00,45.96,45.31,
2024-03-03 01:45:30,42.78,42.17,48.65
2024-03-03 01:46:00,45.62,42.6,46.23
2024-03-03 01:46:30,44.71,41.88,42.75
2024-03-03 01:47:00,43.21,42.52,45.61
2024-03-03 01:47:30,44.17,43.28,45.7
2024-03-03 01:48:00,45.59,42.52,48.58
2024-03-03 01:48:30,46.43,44.21,44.18
2024-03-03 01:49:00,44.26,42.91,45.85
2024-03-03 01:49:30,43.16,42.18,45.6
2024-03-03 01:50:00,46.91,42.65,46.68
2024-03-03 01:50:30,45.32,42.77,46.95
2024-03-03 01:51:00,43.9,43.5,46.11
2024-03-03 01:51:30,44.38,45.08,44.89
2024-03-03 01:52:00,42.81,43.89,44.94
2024-03-03 01:52:30,45.35,42.61,45.5
2024-03-03 01:53:00,44.75,42.89,44.4
2024-03-03 01:53:30,45.72,43.72,47.14
2024-03-03 01:54:00,44.67,43.18,44.77
2024-03-03 01:54:30,44.3,42.64,44.53
2024-03-03 01:55:00,42.92,43.68,46.19
2024-03-03 01:55:30,44.29,42.62,46.5
2024-03-03 01:56:00,45.54,44.43,46.58
2024-03-03 01:56:30,43.73,43.61,46.18
2024-03-03 01:57:00,44.39,43.68,45.24
2024-03-03 01:57:30,44.96,44.25,44.05
2024-03-03 01:58:00,44.78,43.24,41.99
2024-03-03 01:58:30,44.97,43.82,46.24
2024-03-03 01:59:00,49.01,44.57,44.97
2024-03-03 01:59:30,44.47,43.84,45.13
2024-03-03 02:00:00,47.33,42.1,47.38
2024-03-03 02:00:30,45.22,42.73,45.31
2024-03-03 02:01:00,45.39,42.5,47.09
2024-03-03 02:01:30,46.71,44.28,47.06
2024-03-03 02:02:00,44.11,42.54,44.36
2024-03-03 02:02:30,,45.05,48.12
2024-03-03 02:03:00,44.56,43.73,45.86
2024-03-03 02:03:30,43.95,43.4,45.73
2024-03-03 02:04:00,43.74,44.42,45.3
2024-03-03 02:04:30,45.01,44.94,44.72
2024-03-03 02:05:00,45.56,44.48,46.79
2024-03-03 02:05:30,46.99,45.44,46.16
2024-03-03 02:06:00,44.74,44.25,45.15
2024-03-03 02:06:30,44.94,45.82,46.86
2024-03-03 02:07:00,47.31,45.5,47.25
2024-03-03 02:07:30,45.7,45.0,45.22
2024-03-03 02:08:00,46.56,42.65,49.32
2024-03-03 02:08:30,44.34,43.83,49.02
2024-03-03 02:09:00,45.29,44.26,48.33
2024-03-03 02:09:30,46.24,41.48,45.51
2024-03-03 02:10:00,44.75,44.02,46.2
2024-03-03 02:10:30,47.03,44.98,44.45
2024-03-03 02:11:00,46.92,45.43,45.91
2024-03-03 02:11:30,47.26,44.58,46.72
2024-03-03 02:12:00,45.47,44.94,46.43
2024-03-03 02:12:30,45.89,44.66,46.35
2024-03-03 02:13:00,45.14,45.67,49.0
2024-03-03 02:13:30,44.58,45.54,46.91
2024-03-03 02:14:00,45.99,44.1,48.45
2024-03-03 02:14:30,46.71,44.99,44.59
2024-03-03 02:15:00,46.33,45.11,45.22
2024-03-03 02:15:30,46.89,45.23,46.24
2024-03-03 02:16:00,46.27,45.04,47.53
2024-03-03 02:16:30,47.03,45.56,47.38
2024-03-03 02:17:00,47.95,43.79,46.4
2024-03-03 02:17:30,45.09,45.52,45.19
2024-03-03 02:18:00,47.54,44.32,50.32
2024-03-03 02:18:30,43.58,45.59,45.71
2024-03-03 02:19:00,45.93,44.17,47.12
2024-03-03 02:19:30,47.8,44.98,48.81
2024-03-03 02:20:00,46.37,44.27,47.03
2024-03-03 02:20:30,45.58,46.55,46.72
2024-03-03 02:21:00,45.6,44.65,47.01
2024-03-03 02:21:30,45.04,44.49,47.73
2024-03-03 02:22:00,45.29,45.05,46.29
2024-03-03 02:22:30,46.55,46.45,47.96
2024-03-03 02:23:00,45.32,45.55,45.06
2024-03-03 02:23:30,46.89,44.99,47.9
2024-03-03 02:24:00,47.07,43.76,46.98
2024-03-03 02:24:30,46.99,46.26,49.01
2024-03-03 02:25:00,45.61,44.92,
2024-03-03 02:25:30,45.14,45.31,47.33
2024-03-03 02:26:00,46.22,45.34,48.95
2024-03-03 02:26:30,46.51,43.8,49.14
2024-03-03 02:27:00,45.77,46.6,49.37
2024-03-03 02:27:30,46.52,47.54,46.92
2024-03-03 02:28:00,46.02,45.42,47.26
2024-03-03 02:28:30,46.58,44.59,47.79
2024-03-03 02:29:00,48.87,45.6,47.31
2024-03-03 02:29:30,48.84,46.03,47.08
2024-03-03 02:30:00,46.5,45.04,46.64
2024-03-03 02:30:30,47.91,47.56,46.5
2024-03-03 02:31:00,47.13,47.33,46.73
2024-03-03 02:31:30,47.75,44.9,48.39
2024-03-03 02:32:00,47.41,45.19,50.42
2024-03-03 02:32:30,45.2,47.43,45.41
2024-03-03 02:33:00,48.99,46.89,49.5
2024-03-03 02:33:30,44.88,,49.7
2024-03-03 02:34:00,46.52,46.46,47.17
2024-03-03 02:34:30,46.33,46.8,48.23
2024-03-03 02:35:00,48.08,44.69,48.73
2024-03-03 02:35:30,46.27,45.13,50.63
2024-03-03 02:36:00,46.36,46.2,49.44
2024-03-03 02:36:30,46.65,47.19,50.39
2024-03-03 02:37:00,47.94,45.05,47.37
2024-03-03 02:37:30,47.06,44.27,49.18
2024-03-03 02:38:00,47.56,44.97,46.27
2024-03-03 02:38:30,45.7,44.79,48.98
2024-03-03 02:39:00,47.06,47.09,47.99
2024-03-03 02:39:30,48.57,44.38,50.69
2024-03-03 02:40:00,47.94,46.29,46.87
2024-03-03 02:40:30,45.22,46.86,49.83
2024-03-03 02:41:00,45.52,46.14,49.47
2024-03-03 02:41:30,46.75,46.29,47.6
2024-03-03 02:42:00,48.6,45.56,46.51
2024-03-03 02:42:30,45.32,,48.29
2024-03-03 02:43:00,46.92,45.89,48.41
2024-03-03 02:43:30,47.53,46.75,47.48
2024-03-03 02:44:00,47.6,44.87,49.13
2024-03-03 02:44:30,47.56,45.59,48.49
2024-03-03 02:45:00,48.6,,48.44
2024-03-03 02:45:30,50.04,46.15,48.24
2024-03-03 02:46:00,48.18,47.03,49.8
2024-03-03 02:46:30,50.29,44.96,47.97
2024-03-03 02:47:00,47.73,,46.89
2024-03-03 02:47:30,49.09,46.41,50.92
2024-03-03 02:48:00,49.11,46.37,51.35
2024-03-03 02:48:30,49.19,48.23,50.16
2024-03-03 02:49:00,47.81,45.8,48.03
2024-03-03 02:49:30,48.43,45.39,47.93
2024-03-03 02:50:00,49.26,46.38,47.15
2024-03-03 02:50:30,45.37,46.6,44.91
2024-03-03 02:51:00,45.79,44.52,47.79
2024-03-03 02:51:30,48.19,47.24,50.39
2024-03-03 02:52:00,46.98,46.36,48.65
2024-03-03 02:52:30,49.61,45.99,49.83
2024-03-03 02:53:00,47.01,46.85,48.89
2024-03-03 02:53:30,49.68,47.94,49.13
2024-03-03 02:54:00,47.8,47.58,49.19
2024-03-03 02:54:30,47.07,48.11,47.62
2024-03-03 02:55:00,48.05,47.16,49.17
2024-03-03 02:55:30,47.29,45.64,47.23
2024-03-03 02:56:00,47.6,46.23,50.1
2024-03-03 02:56:30,48.5,46.47,48.54
2024-03-03 02:57:00,48.01,47.03,47.2
2024-03-03 02:57:30,47.4,47.06,50.01
2024-03-03 02:58:00,50.2,48.15,52.42
2024-03-03 02:58:30,47.84,47.57,50.05
2024-03-03 02:59:00,49.44,47.69,47.79
2024-03-03 02:59:30,48.2,45.98,50.67
2024-03-03 03:00:00,49.58,48.66,48.5
2024-03-03 03:00:30,44.66,47.48,50.22
2024-03-03 03:01:00,48.89,46.62,48.49
2024-03-03 03:01:30,48.54,47.09,48.82
2024-03-03 03:02:00,48.23,47.66,50.45
2024-03-03 03:02:30,48.55,46.78,49.11
2024-03-03 03:03:00,49.59,46.35,49.99
2024-03-03 03:03:30,48.58,46.52,50.6
2024-03-03 03:04:00,49.82,48.34,48.99
2024-03-03 03:04:30,46.63,47.07,49.81
2024-03-03 03:05:00,46.55,46.42,50.03
2024-03-03 03:05:30,48.49,49.78,51.34
2024-03-03 03:06:00,49.22,47.06,48.88
2024-03-03 03:06:30,50.18,48.17,49.9
2024-03-03 03:07:00,47.77,47.1,51.44
2024-03-03 03:07:30,51.08,47.4,48.85
2024-03-03 03:08:00,49.15,47.1,48.29
2024-03-03 03:08:30,50.03,47.7,50.49
2024-03-03 03:09:00,,48.73,50.32
2024-03-03 03:09:30,48.56,47.41,48.5
2024-03-03 03:10:00,49.46,46.7,49.57
2024-03-03 03:10:30,48.4,48.42,50.62
2024-03-03 03:11:00,49.3,45.48,49.4
2024-03-03 03:11:30,50.56,47.11,48.93
2024-03-03 03:12:00,49.32,45.96,51.02
2024-03-03 03:12:30,48.69,47.94,50.16
2024-03-03 03:13:00,48.47,,52.57
2024-03-03 03:13:30,50.46,46.39,51.08
2024-03-03 03:14:00,51.02,46.28,49.5
2024-03-03 03:14:30,48.8,48.66,47.27
2024-03-03 03:15:00,50.78,45.46,49.19
2024-03-03 03:15:30,48.94,47.3,49.04
2024-03-03 03:16:00,50.77,47.37,48.9
2024-03-03 03:16:30,50.75,48.82,52.03
2024-03-03 03:17:00,50.74,46.54,51.93
2024-03-03 03:17:30,50.29,49.41,
2024-03-03 03:18:00,50.04,47.77,49.05
2024-03-03 03:18:30,51.32,48.68,53.0
2024-03-03 03:19:00,49.75,48.07,50.5
2024-03-03 03:19:30,49.96,48.82,49.59
2024-03-03 03:20:00,51.42,45.99,49.32
2024-03-03 03:20:30,49.04,49.17,50.7
2024-03-03 03:21:00,50.85,47.63,49.61
2024-03-03 03:21:30,50.17,49.14,50.45
2024-03-03 03:22:00,47.98,46.67,49.46
2024-03-03 03:22:30,49.36,46.99,49.78
2024-03-03 03:23:00,48.27,46.26,49.01
2024-03-03 03:23:30,49.11,48.48,50.91
2024-03-03 03:24:00,50.48,47.18,51.39
2024-03-03 03:24:30,48.51,47.1,52.55
2024-03-03 03:25:00,48.84,47.5,48.86
2024-03-03 03:25:30,49.8,49.38,49.93
2024-03-03 03:26:00,52.68,47.22,49.77
2024-03-03 03:26:30,50.49,47.64,51.96
2024-03-03 03:27:00,49.35,47.83,50.76
2024-03-03 03:27:30,49.11,47.77,51.84
2024-03-03 03:28:00,49.01,48.38,54.43
2024-03-03 03:28:30,49.0,50.03,51.67
2024-03-03 03:29:00,50.63,49.5,51.63
2024-03-03 03:29:30,49.13,50.16,49.59
2024-03-03 03:30:00,49.7,48.08,50.08
2024-03-03 03:30:30,51.86,48.14,49.42
2024-03-03 03:31:00,47.85,47.82,49.97
2024-03-03 03:31:30,49.73,48.63,48.26
2024-03-03 03:32:00,49.52,48.77,50.83
2024-03-03 03:32:30,49.95,48.82,49.89
2024-03-03 03:33:00,48.77,46.5,49.84
2024-03-03 03:33:30,51.69,49.99,51.16
2024-03-03 03:34:00,51.43,49.94,50.47
2024-03-03 03:34:30,50.46,48.25,53.56
2024-03-03 03:35:00,50.76,49.85,50.03
2024-03-03 03:35:30,50.65,48.59,50.32
2024-03-03 03:36:00,50.31,48.69,50.71
2024-03-03 03:36:30,50.2,48.87,50.19
2024-03-03 03:37:00,50.63,48.0,51.66
2024-03-03 03:37:30,51.43,47.16,52.43
2024-03-03 03:38:00,50.59,48.44,51.99
2024-03-03 03:38:30,49.61,48.78,53.01
2024-03-03 03:39:00,49.63,49.28,53.55
2024-03-03 03:39:30,51.81,50.12,51.5
2024-03-03 03:40:00,50.91,48.42,50.57
2024-03-03 03:40:30,52.02,50.65,49.65
2024-03-03 03:41:00,50.35,49.06,50.33
2024-03-03 03:41:30,48.99,48.79,51.17
2024-03-03 03:42:00,50.57,49.66,50.93
2024-03-03 03:42:30,49.32,48.66,51.14
2024-03-03 03:43:00,51.64,,52.34
2024-03-03 03:43:30,50.34,49.48,51.92
2024-03-03 03:44:00,51.01,50.77,50.74
2024-03-03 03:44:30,50.39,50.28,50.8
2024-03-03 03:45:00,,48.55,51.14
2024-03-03 03:45:30,50.97,48.4,51.94
2024-03-03 03:46:00,53.17,47.68,49.76
2024-03-03 03:46:30,52.1,48.82,51.76
2024-03-03 03:47:00,48.19,49.56,52.98
2024-03-03 03:47:30,51.34,49.31,50.72
2024-03-03 03:48:00,50.58,,
2024-03-03 03:48:30,49.34,50.04,51.12
2024-03-03 03:49:00,50.36,47.93,49.19
2024-03-03 03:49:30,51.03,48.31,50.11
2024-03-03 03:50:00,49.68,48.76,52.97
2024-03-03 03:50:30,48.66,51.36,51.59
2024-03-03 03:51:00,49.88,50.68,49.2
2024-03-03 03:51:30,52.56,48.44,
2024-03-03 03:52:00,51.85,48.77,51.03
2024-03-03 03:52:30,50.06,48.9,51.79
2024-03-03 03:53:00,50.33,48.69,51.86
2024-03-03 03:53:30,52.77,,51.99
2024-03-03 03:54:00,51.56,48.51,
2024-03-03 03:54:30,53.11,50.26,54.29
2024-03-03 03:55:00,50.74,48.43,51.39
2024-03-03 03:55:30,51.88,50.21,53.05
2024-03-03 03:56:00,50.38,47.72,50.33
2024-03-03 03:56:30,51.15,50.02,51.98
2024-03-03 03:57:00,51.85,48.54,53.88
2024-03-03 03:57:30,51.59,50.91,53.37
2024-03-03 03:58:00,50.14,49.0,50.36
2024-03-03 03:58:30,50.12,49.55,54.33
2024-03-03 03:59:00,50.52,48.13,52.15
2024-03-03 03:59:30,50.39,49.22,47.93
2024-03-03 04:00:00,49.71,48.0,52.62
2024-03-03 04:00:30,52.54,50.0,53.31
2024-03-03 04:01:00,51.79,48.46,52.77
2024-03-03 04:01:30,50.53,50.21,54.34
2024-03-03 04:02:00,49.24,49.14,
2024-03-03 04:02:30,51.89,49.47,51.37
2024-03-03 04:03:00,50.13,49.19,53.08
2024-03-03 04:03:30,51.82,50.2,50.2
2024-03-03 04:04:00,52.71,50.9,52.95
2024-03-03 04:04:30,51.18,49.88,
2024-03-03 04:05:00,51.78,48.75,51.61
2024-03-03 04:05:30,52.36,48.08,49.02
2024-03-03 04:06:00,53.53,48.94,50.07
2024-03-03 04:06:30,51.0,50.09,55.81
2024-03-03 04:07:00,51.25,49.04,53.4
2024-03-03 04:07:30,52.69,51.3,53.98
2024-03-03 04:08:00,52.1,50.02,54.53
2024-03-03 04:08:30,51.8,49.31,51.26
2024-03-03 04:09:00,50.4,,51.15
2024-03-03 04:09:30,,50.0,52.89
2024-03-03 04:10:00,50.81,49.66,52.14
2024-03-03 04:10:30,53.12,50.6,50.55
2024-03-03 04:11:00,49.0,50.66,52.99
2024-03-03 04:11:30,50.49,52.49,51.8
2024-03-03 04:12:00,50.4,50.85,55.85
2024-03-03 04:12:30,51.41,51.27,52.26
2024-03-03 04:13:00,51.57,51.02,53.67
2024-03-03 04:13:30,49.98,50.29,53.81
2024-03-03 04:14:00,53.12,51.4,51.42
2024-03-03 04:14:30,53.48,49.21,53.99
2024-03-03 04:15:00,51.08,50.96,53.74
2024-03-03 04:15:30,52.48,48.79,53.17
2024-03-03 04:16:00,52.12,49.37,53.15
2024-03-03 04:16:30,52.44,50.11,
2024-03-03 04:17:00,51.94,52.39,53.98
2024-03-03 04:17:30,52.87,50.61,53.56
2024-03-03 04:18:00,50.54,51.56,52.84
2024-03-03 04:18:30,50.34,50.45,53.71
2024-03-03 04:19:00,51.85,51.5,52.11
2024-03-03 04:19:30,52.5,50.8,53.47
2024-03-03 04:20:00,51.75,51.71,54.74
2024-03-03 04:20:30,51.35,50.0,
2024-03-03 04:21:00,52.77,51.48,49.84
2024-03-03 04:21:30,53.31,51.42,54.18
2024-03-03 04:22:00,54.39,51.32,54.31
2024-03-03 04:22:30,,50.17,55.44
2024-03-03 04:23:00,51.93,49.69,53.1
2024-03-03 04:23:30,,49.62,51.24
2024-03-03 04:24:00,53.25,51.62,54.61
2024-03-03 04:24:30,52.37,51.22,53.46
2024-03-03 04:25:00,51.44,50.7,55.08
2024-03-03 04:25:30,50.96,49.79,53.68
2024-03-03 04:26:00,52.7,50.43,53.86
2024-03-03 04:26:30,51.86,52.02,52.18
2024-03-03 04:27:00,51.57,49.4,52.67
2024-03-03 04:27:30,52.79,51.1,55.11
2024-03-03 04:28:00,51.78,49.39,56.09
2024-03-03 04:28:30,50.59,51.46,50.92
2024-03-03 04:29:00,52.24,50.05,53.99
2024-03-03 04:29:30,54.32,51.57,52.15
2024-03-03 04:30:00,51.54,50.23,53.81
2024-03-03 04:30:30,50.96,50.58,51.88
2024-03-03 04:31:00,49.31,51.73,53.06
2024-03-03 04:31:30,52.3,48.75,52.59
2024-03-03 04:32:00,54.75,51.06,55.04
2024-03-03 04:32:30,51.84,52.09,56.94
2024-03-03 04:33:00,49.3,49.65,55.36
2024-03-03 04:33:30,52.5,50.29,53.76
2024-03-03 04:34:00,51.04,53.65,51.4
2024-03-03 04:34:30,51.31,49.75,54.31
2024-03-03 04:35:00,54.69,52.42,54.83
2024-03-03 04:35:30,52.06,50.5,51.89
2024-03-03 04:36:00,51.93,51.17,52.74
2024-03-03 04:36:30,51.15,48.98,56.2
2024-03-03 04:37:00,53.05,51.59,55.44
2024-03-03 04:37:30,53.56,51.31,55.76
2024-03-03 04:38:00,52.82,51.87,54.09
2024-03-03 04:38:30,53.91,51.14,52.95
2024-03-03 04:39:00,,52.25,56.3
2024-03-03 04:39:30,54.45,50.42,54.5
2024-03-03 04:40:00,54.09,50.54,56.69
2024-03-03 04:40:30,54.3,50.27,53.2
2024-03-03 04:41:00,53.31,51.84,55.13
2024-03-03 04:41:30,51.83,52.11,54.25
2024-03-03 04:42:00,53.45,50.77,56.57
2024-03-03 04:42:30,52.45,51.16,53.83
2024-03-03 04:43:00,53.77,50.93,55.87
2024-03-03 04:43:30,54.65,50.82,55.45
2024-03-03 04:44:00,54.85,48.57,54.05
2024-03-03 04:44:30,52.27,50.82,54.6
2024-03-03 04:45:00,53.49,49.51,54.53
2024-03-03 04:45:30,54.67,51.55,52.97
2024-03-03 04:46:00,54.44,51.22,55.01
2024-03-03 04:46:30,52.54,51.79,54.86
2024-03-03 04:47:00,52.88,53.03,55.87
2024-03-03 04:47:30,54.16,51.26,50.63
2024-03-03 04:48:00,51.97,52.26,53.21
2024-03-03 04:48:30,53.35,50.56,53.34
2024-03-03 04:49:00,54.25,50.78,52.19
2024-03-03 04:49:30,53.71,51.76,
2024-03-03 04:50:00,53.7,52.06,57.29
2024-03-03 04:50:30,54.6,51.3,55.45
2024-03-03 04:51:00,53.46,52.68,56.96
2024-03-03 04:51:30,51.95,52.22,52.87
2024-03-03 04:52:00,52.86,52.58,54.91
2024-03-03 04:52:30,55.26,52.18,52.28
2024-03-03 04:53:00,53.41,49.97,56.6
2024-03-03 04:53:30,53.17,50.27,52.73
2024-03-03 04:54:00,53.04,53.09,52.93
2024-03-03 04:54:30,52.56,52.56,
2024-03-03 04:55:00,54.1,51.42,54.62
2024-03-03 04:55:30,53.14,51.92,53.08
2024-03-03 04:56:00,53.43,52.73,57.87
2024-03-03 04:56:30,54.55,52.48,56.52
2024-03-03 04:57:00,51.15,51.29,53.97
2024-03-03 04:57:30,54.73,51.08,56.94
2024-03-03 04:58:00,52.06,52.82,57.04
2024-03-03 04:58:30,52.68,50.85,56.26
2024-03-03 04:59:00,52.08,52.46,53.9
2024-03-03 04:59:30,54.34,51.62,54.73
2024-03-03 05:00:00,53.41,49.43,54.72
2024-03-03 05:00:30,54.95,53.46,53.92
2024-03-03 05:01:00,56.07,51.94,52.47
2024-03-03 05:01:30,55.29,,54.85
2024-03-03 05:02:00,53.69,52.14,53.24
2024-03-03 05:02:30,53.04,51.54,56.29
2024-03-03 05:03:00,55.3,51.81,55.52
2024-03-03 05:03:30,55.09,52.9,56.61
2024-03-03 05:04:00,52.03,51.97,
2024-03-03 05:04:30,54.79,49.78,54.72
2024-03-03 05:05:00,54.31,52.41,52.93
2024-03-03 05:05:30,54.78,54.68,53.15
2024-03-03 05:06:00,54.88,51.41,54.64
2024-03-03 05:06:30,54.37,52.1,
2024-03-03 05:07:00,53.75,51.49,52.78
2024-03-03 05:07:30,55.35,51.67,53.42
2024-03-03 05:08:00,54.22,53.11,56.97
2024-03-03 05:08:30,54.19,49.66,53.32
2024-03-03 05:09:00,53.77,50.28,54.05
2024-03-03 05:09:30,54.91,51.46,52.47
2024-03-03 05:10:00,55.24,51.71,55.54
2024-03-03 05:10:30,54.79,52.81,56.64
2024-03-03 05:11:00,53.52,53.75,56.39
2024-03-03 05:11:30,53.95,52.75,54.51
2024-03-03 05:12:00,55.41,53.44,55.4
2024-03-03 05:12:30,53.39,51.96,55.69
2024-03-03 05:13:00,53.62,51.11,54.58
2024-03-03 05:13:30,53.22,52.57,53.54
2024-03-03 05:14:00,53.55,51.87,53.86
2024-03-03 05:14:30,54.65,53.51,52.43
2024-03-03 05:15:00,53.49,51.4,55.86
2024-03-03 05:15:30,54.82,53.08,56.35
2024-03-03 05:16:00,54.07,51.45,57.81
2024-03-03 05:16:30,56.67,52.47,56.29
2024-03-03 05:17:00,54.05,52.19,55.51
2024-03-03 05:17:30,55.19,51.99,53.99
2024-03-03 05:18:00,54.09,52.76,57.89
2024-03-03 05:18:30,53.32,52.13,57.27
2024-03-03 05:19:00,56.1,53.74,55.51
2024-03-03 05:19:30,54.61,53.35,55.39
2024-03-03 05:20:00,53.09,52.77,57.76
2024-03-03 05:20:30,55.53,53.25,54.81
2024-03-03 05:21:00,54.65,52.62,55.31
2024-03-03 05:21:30,54.87,52.94,56.09
2024-03-03 05:22:00,52.99,51.48,54.13
2024-03-03 05:22:30,53.82,52.4,56.16
2024-03-03 05:23:00,55.6,53.43,55.17
2024-03-03 05:23:30,53.77,54.05,52.71
2024-03-03 05:24:00,54.6,53.3,53.97
2024-03-03 05:24:30,54.9,52.21,54.27
2024-03-03 05:25:00,56.28,52.2,52.96
2024-03-03 05:25:30,53.2,52.31,55.83
2024-03-03 05:26:00,54.29,51.39,54.87
2024-03-03 05:26:30,52.3,52.72,55.8
2024-03-03 05:27:00,54.01,52.96,54.01
2024-03-03 05:27:30,55.63,52.13,57.44
2024-03-03 05:28:00,52.61,51.59,54.5
2024-03-03 05:28:30,,54.36,57.06
2024-03-03 05:29:00,55.49,52.69,56.48
2024-03-03 05:29:30,55.38,53.36,
2024-03-03 05:30:00,56.09,54.81,56.18
2024-03-03 05:30:30,55.02,52.35,53.95
2024-03-03 05:31:00,53.95,53.03,56.21
2024-03-03 05:31:30,53.84,52.96,55.97
2024-03-03 05:32:00,55.01,53.03,56.22
2024-03-03 05:32:30,55.45,51.65,55.91
2024-03-03 05:33:00,57.06,53.22,54.83
2024-03-03 05:33:30,55.18,51.54,56.13
2024-03-03 05:34:00,52.63,53.28,57.04
2024-03-03 05:34:30,53.84,53.06,55.4
2024-03-03 05:35:00,55.95,52.68,54.6
2024-03-03 05:35:30,55.23,53.13,52.88
2024-03-03 05:36:00,55.02,54.49,54.37
2024-03-03 05:36:30,54.67,52.79,55.72
2024-03-03 05:37:00,56.12,53.2,56.71
2024-03-03 05:37:30,53.98,53.17,57.27
2024-03-03 05:38:00,55.88,52.27,53.42
2024-03-03 05:38:30,54.94,52.39,55.99
2024-03-03 05:39:00,54.5,54.23,57.75
2024-03-03 05:39:30,54.92,54.45,57.56
2024-03-03 05:40:00,,51.03,54.55
2024-03-03 05:40:30,55.41,52.54,54.12
2024-03-03 05:41:00,55.65,55.61,54.02
2024-03-03 05:41:30,55.83,53.04,55.75
2024-03-03 05:42:00,54.32,53.97,59.09
2024-03-03 05:42:30,56.19,52.58,59.36
2024-03-03 05:43:00,54.65,54.43,55.22
2024-03-03 05:43:30,56.13,53.83,57.24
2024-03-03 05:44:00,57.16,54.81,57.16
2024-03-03 05:44:30,53.8,,57.57
2024-03-03 05:45:00,55.3,52.79,58.55
2024-03-03 05:45:30,55.4,54.48,56.68
2024-03-03 05:46:00,53.91,54.06,58.11
2024-03-03 05:46:30,55.63,54.4,57.79
2024-03-03 05:47:00,54.71,53.71,54.43
2024-03-03 05:47:30,56.34,53.2,56.36
2024-03-03 05:48:00,56.13,52.83,
2024-03-03 05:48:30,53.53,51.27,56.03
2024-03-03 05:49:00,55.93,52.64,57.03
2024-03-03 05:49:30,56.79,54.23,58.69
2024-03-03 05:50:00,55.11,54.18,55.33
2024-03-03 05:50:30,57.15,53.67,56.57
2024-03-03 05:51:00,54.75,53.59,55.62
2024-03-03 05:51:30,53.94,54.41,58.55
2024-03-03 05:52:00,57.19,52.67,57.62
2024-03-03 05:52:30,56.99,54.62,56.78
2024-03-03 05:53:00,54.06,52.47,57.51
2024-03-03 05:53:30,56.4,52.64,55.47
2024-03-03 05:54:00,53.96,53.26,56.29
2024-03-03 05:54:30,54.67,53.55,55.34
2024-03-03 05:55:00,56.25,51.88,56.75
2024-03-03 05:55:30,55.56,52.97,56.39
2024-03-03 05:56:00,54.26,54.72,55.25
2024-03-03 05:56:30,53.77,55.03,59.08
2024-03-03 05:57:00,54.72,53.6,57.72
2024-03-03 05:57:30,55.79,53.22,57.81
2024-03-03 05:58:00,55.18,54.03,56.54
2024-03-03 05:58:30,54.3,54.6,59.47
2024-03-03 05:59:00,55.7,53.55,56.57
2024-03-03 05:59:30,56.76,53.81,57.84
2024-03-03 06:00:00,54.03,53.84,56.78
2024-03-03 06:00:30,55.2,53.45,56.04
2024-03-03 06:01:00,55.8,53.15,57.9
2024-03-03 06:01:30,55.14,54.16,56.14
2024-03-03 06:02:00,55.03,54.99,56.94
2024-03-03 06:02:30,53.07,54.07,54.71
2024-03-03 06:03:00,,54.99,56.8
2024-03-03 06:03:30,54.82,53.73,54.91
2024-03-03 06:04:00,56.82,54.37,58.67
2024-03-03 06:04:30,54.81,53.46,57.31
2024-03-03 06:05:00,56.72,52.54,57.19
2024-03-03 06:05:30,57.28,52.85,54.4
2024-03-03 06:06:00,54.15,54.31,56.82
2024-03-03 06:06:30,55.85,54.82,55.73
2024-03-03 06:07:00,53.28,55.29,55.83
2024-03-03 06:07:30,56.0,53.47,53.77
2024-03-03 06:08:00,55.51,53.35,57.07
2024-03-03 06:08:30,56.44,53.22,56.87
2024-03-03 06:09:00,56.95,53.54,54.96
2024-03-03 06:09:30,54.72,54.26,55.7
2024-03-03 06:10:00,56.63,54.15,57.4
2024-03-03 06:10:30,54.92,54.1,57.37
2024-03-03 06:11:00,54.6,51.71,58.24
2024-03-03 06:11:30,55.84,55.54,59.08
2024-03-03 06:12:00,55.81,54.29,58.18
2024-03-03 06:12:30,55.9,55.64,55.05
2024-03-03 06:13:00,,53.12,57.37
2024-03-03 06:13:30,56.41,54.06,
2024-03-03 06:14:00,,53.59,58.73
2024-03-03 06:14:30,56.02,54.22,55.73
2024-03-03 06:15:00,55.5,53.31,56.38
2024-03-03 06:15:30,56.48,54.12,59.17
2024-03-03 06:16:00,51.8,54.4,57.74
2024-03-03 06:16:30,57.73,52.58,54.88
2024-03-03 06:17:00,57.41,53.9,56.2
2024-03-03 06:17:30,57.52,54.32,56.83
2024-03-03 06:18:00,54.49,54.83,55.99
2024-03-03 06:18:30,57.23,54.72,58.84
2024-03-03 06:19:00,56.17,54.47,56.66
2024-03-03 06:19:30,,54.53,58.96
2024-03-03 06:20:00,56.05,55.35,58.06
2024-03-03 06:20:30,55.84,55.55,57.89
2024-03-03 06:21:00,55.93,53.42,59.07
2024-03-03 06:21:30,57.4,54.88,56.33
2024-03-03 06:22:00,55.58,54.7,58.26
2024-03-03 06:22:30,56.02,54.09,57.99
2024-03-03 06:23:00,57.61,52.54,56.18
2024-03-03 06:23:30,56.38,54.31,56.27
2024-03-03 06:24:00,56.72,55.12,56.85
2024-03-03 06:24:30,55.25,53.38,56.91
2024-03-03 06:25:00,55.3,53.64,55.51
2024-03-03 06:25:30,54.28,53.31,56.2
2024-03-03 06:26:00,56.79,54.13,56.69
2024-03-03 06:26:30,57.26,54.99,57.52
2024-03-03 06:27:00,55.98,51.47,58.2
2024-03-03 06:27:30,58.22,54.14,58.52
2024-03-03 06:28:00,56.34,54.71,58.96
2024-03-03 06:28:30,56.33,56.63,53.45
2024-03-03 06:29:00,57.22,54.45,56.73
2024-03-03 06:29:30,56.15,55.41,56.17
2024-03-03 06:30:00,55.04,55.5,54.56
2024-03-03 06:30:30,56.47,53.96,58.93
2024-03-03 06:31:00,55.77,54.65,59.38
2024-03-03 06:31:30,56.25,53.71,58.1
2024-03-03 06:32:00,57.73,55.67,58.73
2024-03-03 06:32:30,54.12,54.85,59.39
2024-03-03 06:33:00,57.78,53.28,56.5
2024-03-03 06:33:30,55.12,,57.98
2024-03-03 06:34:00,56.78,54.52,58.45
2024-03-03 06:34:30,56.54,53.57,57.33
2024-03-03 06:35:00,55.04,55.17,56.0
2024-03-03 06:35:30,,54.57,56.59
2024-03-03 06:36:00,54.86,53.83,56.26
2024-03-03 06:36:30,57.4,54.27,57.81
2024-03-03 06:37:00,57.06,55.56,57.7
2024-03-03 06:37:30,56.04,54.98,56.81
2024-03-03 06:38:00,54.67,55.13,57.2
2024-03-03 06:38:30,58.17,53.46,56.41
2024-03-03 06:39:00,55.45,52.94,57.27
2024-03-03 06:39:30,56.51,53.93,56.67
2024-03-03 06:40:00,54.09,54.01,55.92
2024-03-03 06:40:30,56.91,54.3,59.01
2024-03-03 06:41:00,57.14,53.32,57.88
2024-03-03 06:41:30,56.49,54.5,58.93
2024-03-03 06:42:00,59.16,54.49,57.0
2024-03-03 06:42:30,56.18,54.66,56.26
2024-03-03 06:43:00,54.47,54.37,56.12
2024-03-03 06:43:30,56.1,55.98,58.33
2024-03-03 06:44:00,56.26,55.19,58.07
2024-03-03 06:44:30,57.33,54.92,58.21
2024-03-03 06:45:00,56.85,54.48,55.74
2024-03-03 06:45:30,55.28,55.21,57.72
2024-03-03 06:46:00,57.53,53.75,56.48
2024-03-03 06:46:30,55.87,55.44,58.07
2024-03-03 06:47:00,57.05,54.62,57.23
2024-03-03 06:47:30,53.72,56.01,54.89
2024-03-03 06:48:00,56.29,54.46,55.53
2024-03-03 06:48:30,56.54,54.3,54.97
2024-03-03 06:49:00,54.31,55.25,56.95
2024-03-03 06:49:30,57.02,53.21,57.46
2024-03-03 06:50:00,54.84,54.77,57.61
2024-03-03 06:50:30,53.79,54.56,
2024-03-03 06:51:00,56.41,53.79,57.99
2024-03-03 06:51:30,55.8,54.87,57.52
2024-03-03 06:52:00,57.53,54.53,57.7
2024-03-03 06:52:30,58.27,53.71,60.4
2024-03-03 06:53:00,56.24,55.9,59.05
2024-03-03 06:53:30,56.55,54.44,58.56
2024-03-03 06:54:00,56.66,56.52,57.09
2024-03-03 06:54:30,57.65,54.96,55.66
2024-03-03 06:55:00,56.33,55.0,57.82
2024-03-03 06:55:30,56.39,56.63,55.71
2024-03-03 06:56:00,58.69,55.01,60.85
2024-03-03 06:56:30,58.07,54.68,56.56
2024-03-03 06:57:00,55.38,56.09,56.19
2024-03-03 06:57:30,56.59,,55.3
2024-03-03 06:58:00,54.19,55.04,
2024-03-03 06:58:30,55.49,56.19,55.03
2024-03-03 06:59:00,55.87,55.59,57.79
2024-03-03 06:59:30,55.75,56.47,56.65
2024-03-03 07:00:00,55.1,53.79,56.1
2024-03-03 07:00:30,58.22,56.31,60.24
2024-03-03 07:01:00,57.4,54.23,57.62
2024-03-03 07:01:30,57.59,53.31,58.79
2024-03-03 07:02:00,57.66,54.24,56.98
2024-03-03 07:02:30,56.0,54.02,
2024-03-03 07:03:00,56.05,54.09,58.68
2024-03-03 07:03:30,54.51,54.79,58.55
2024-03-03 07:04:00,57.19,55.31,56.96
2024-03-03 07:04:30,56.43,54.57,57.26
2024-03-03 07:05:00,56.65,56.14,57.02
2024-03-03 07:05:30,56.25,56.86,58.24
2024-03-03 07:06:00,57.0,54.71,58.51
2024-03-03 07:06:30,56.89,54.93,58.07
2024-03-03 07:07:00,56.94,54.04,57.58
2024-03-03 07:07:30,58.43,54.18,58.28
2024-03-03 07:08:00,58.72,57.34,57.56
2024-03-03 07:08:30,56.14,54.62,58.15
2024-03-03 07:09:00,57.59,54.09,57.2
2024-03-03 07:09:30,56.32,53.93,57.24
2024-03-03 07:10:00,57.39,55.49,57.2
2024-03-03 07:10:30,55.5,53.71,60.47
2024-03-03 07:11:00,59.83,56.84,56.98
2024-03-03 07:11:30,57.94,55.44,57.19
2024-03-03 07:12:00,56.9,,60.16
2024-03-03 07:12:30,56.92,56.09,60.6
2024-03-03 07:13:00,57.58,55.12,59.41
2024-03-03 07:13:30,58.62,56.0,57.12
2024-03-03 07:14:00,55.12,53.03,59.89
2024-03-03 07:14:30,57.64,55.23,58.16
2024-03-03 07:15:00,57.09,54.35,
2024-03-03 07:15:30,57.24,54.79,57.3
2024-03-03 07:16:00,56.63,57.29,59.49
2024-03-03 07:16:30,56.25,55.04,58.65
2024-03-03 07:17:00,57.08,53.08,59.4
2024-03-03 07:17:30,57.75,53.83,58.54
2024-03-03 07:18:00,57.77,54.14,60.3
2024-03-03 07:18:30,57.9,54.26,55.14
2024-03-03 07:19:00,57.38,54.51,58.31
2024-03-03 07:19:30,55.51,55.15,59.97
2024-03-03 07:20:00,59.21,54.23,56.28
2024-03-03 07:20:30,58.32,55.09,57.12
2024-03-03 07:21:00,56.34,53.33,59.59
2024-03-03 07:21:30,56.7,55.9,57.83
2024-03-03 07:22:00,56.25,53.56,
2024-03-03 07:22:30,55.92,56.44,56.71
2024-03-03 07:23:00,56.88,55.05,60.68
2024-03-03 07:23:30,54.75,53.74,58.68
2024-03-03 07:24:00,56.79,54.84,56.87
2024-03-03 07:24:30,57.91,56.28,56.12
2024-03-03 07:25:00,55.34,56.96,60.2
2024-03-03 07:25:30,56.22,56.19,58.88
2024-03-03 07:26:00,55.56,55.92,58.99
2024-03-03 07:26:30,56.41,54.8,60.05
2024-03-03 07:27:00,58.22,,58.03
2024-03-03 07:27:30,,54.55,56.48
2024-03-03 07:28:00,56.84,55.67,57.77
2024-03-03 07:28:30,56.71,54.97,58.27
2024-03-03 07:29:00,59.3,56.66,60.53
2024-03-03 07:29:30,57.24,56.39,57.48
2024-03-03 07:30:00,56.21,56.05,57.26
2024-03-03 07:30:30,54.84,55.55,57.98
2024-03-03 07:31:00,56.69,54.97,59.38
2024-03-03 07:31:30,56.52,55.34,57.29
2024-03-03 07:32:00,57.43,55.77,58.12
2024-03-03 07:32:30,57.2,55.64,56.82
2024-03-03 07:33:00,55.29,53.97,56.87
2024-03-03 07:33:30,58.12,56.62,57.13
2024-03-03 07:34:00,55.42,55.25,59.24
2024-03-03 07:34:30,57.48,54.82,55.32
2024-03-03 07:35:00,58.22,56.27,57.72
2024-03-03 07:35:30,56.63,54.13,58.61
2024-03-03 07:36:00,58.58,53.57,57.55
2024-03-03 07:36:30,54.58,55.24,60.59
2024-03-03 07:37:00,55.68,55.4,56.98
2024-03-03 07:37:30,58.25,54.78,57.47
2024-03-03 07:38:00,58.23,57.24,58.14
2024-03-03 07:38:30,57.19,54.66,58.08
2024-03-03 07:39:00,57.56,53.98,59.7
2024-03-03 07:39:30,58.16,54.46,58.47
2024-03-03 07:40:00,57.41,53.48,58.09
2024-03-03 07:40:30,57.05,54.42,59.04
2024-03-03 07:41:00,54.85,55.66,56.66
2024-03-03 07:41:30,56.58,54.85,58.71
2024-03-03 07:42:00,57.91,56.05,58.67
2024-03-03 07:42:30,59.66,56.07,58.18
2024-03-03 07:43:00,,56.77,59.03
2024-03-03 07:43:30,57.74,55.13,57.18
2024-03-03 07:44:00,57.98,54.63,59.33
2024-03-03 07:44:30,58.24,55.32,58.07
2024-03-03 07:45:00,56.13,54.63,57.66
2024-03-03 07:45:30,57.66,54.96,60.04
2024-03-03 07:46:00,57.01,54.9,58.69
2024-03-03 07:46:30,55.72,54.73,58.36
2024-03-03 07:47:00,56.74,53.98,56.81
2024-03-03 07:47:30,56.01,55.45,58.84
2024-03-03 07:48:00,58.47,56.11,
2024-03-03 07:48:30,57.88,55.27,57.33
2024-03-03 07:49:00,56.32,57.16,56.8
2024-03-03 07:49:30,57.26,54.54,55.47
2024-03-03 07:50:00,55.44,55.56,57.68
2024-03-03 07:50:30,57.01,55.21,58.57
2024-03-03 07:51:00,58.38,55.63,58.83
2024-03-03 07:51:30,57.27,55.39,59.88
2024-03-03 07:52:00,57.39,56.48,59.24
2024-03-03 07:52:30,57.41,56.14,59.55
2024-03-03 07:53:00,56.91,53.8,58.06
2024-03-03 07:53:30,57.31,55.71,56.94
2024-03-03 07:54:00,57.71,54.49,58.44
2024-03-03 07:54:30,58.23,55.93,58.3
2024-03-03 07:55:00,56.9,55.66,58.08
2024-03-03 07:55:30,57.85,55.76,58.18
2024-03-03 07:56:00,58.08,55.42,58.2
2024-03-03 07:56:30,57.53,56.59,58.64
2024-03-03 07:57:00,56.46,55.14,59.77
2024-03-03 07:57:30,56.63,56.47,57.06
2024-03-03 07:58:00,57.92,55.49,59.1
2024-03-03 07:58:30,56.76,54.97,57.85
2024-03-03 07:59:00,56.58,54.31,58.23
2024-03-03 07:59:30,58.32,54.52,58.34
2024-03-03 08:00:00,56.36,56.99,53.83
2024-03-03 08:00:30,56.88,53.85,55.58
2024-03-03 08:01:00,55.51,56.19,59.22
2024-03-03 08:01:30,56.94,55.32,54.81
2024-03-03 08:02:00,56.27,55.21,56.3
2024-03-03 08:02:30,54.77,57.17,57.52
2024-03-03 08:03:00,58.06,56.14,57.76
2024-03-03 08:03:30,56.87,55.6,58.09
2024-03-03 08:04:00,55.97,56.14,57.18
2024-03-03 08:04:30,57.03,55.56,58.73
2024-03-03 08:05:00,57.58,55.21,57.41
2024-03-03 08:05:30,58.17,57.53,57.5
2024-03-03 08:06:00,55.95,54.16,59.04
2024-03-03 08:06:30,56.37,55.87,58.06
2024-03-03 08:07:00,56.81,56.88,
2024-03-03 08:07:30,57.2,54.93,57.88
2024-03-03 08:08:00,58.42,56.79,58.36
2024-03-03 08:08:30,56.52,54.22,57.71
2024-03-03 08:09:00,57.64,56.15,59.83
2024-03-03 08:09:30,58.37,54.59,58.79
2024-03-03 08:10:00,56.7,,58.66
2024-03-03 08:10:30,57.53,55.81,58.93
2024-03-03 08:11:00,55.91,55.29,59.07
2024-03-03 08:11:30,56.72,55.0,57.52
2024-03-03 08:12:00,56.31,56.83,56.3
2024-03-03 08:12:30,57.88,54.99,58.25
2024-03-03 08:13:00,,54.76,55.96
2024-03-03 08:13:30,55.8,54.81,57.51
2024-03-03 08:14:00,57.35,54.56,57.26
2024-03-03 08:14:30,57.41,54.7,58.77
2024-03-03 08:15:00,56.37,53.7,60.78
2024-03-03 08:15:30,57.9,55.03,
2024-03-03 08:16:00,59.7,54.13,57.73
2024-03-03 08:16:30,56.1,56.46,57.8
2024-03-03 08:17:00,57.18,54.59,55.96
2024-03-03 08:17:30,56.45,53.49,59.41
2024-03-03 08:18:00,57.82,53.36,57.04
2024-03-03 08:18:30,56.02,55.77,60.26
2024-03-03 08:19:00,55.38,54.44,59.77
2024-03-03 08:19:30,58.1,53.31,59.01
2024-03-03 08:20:00,56.76,,57.91
2024-03-03 08:20:30,57.36,56.06,54.77
2024-03-03 08:21:00,59.21,54.73,57.86
2024-03-03 08:21:30,57.24,,56.95
2024-03-03 08:22:00,56.39,55.17,57.56
2024-03-03 08:22:30,56.03,56.32,58.06
2024-03-03 08:23:00,56.64,,59.02
2024-03-03 08:23:30,56.67,55.75,
2024-03-03 08:24:00,58.66,54.41,58.52
2024-03-03 08:24:30,59.06,55.83,58.39
2024-03-03 08:25:00,58.13,56.94,57.22
2024-03-03 08:25:30,57.44,54.75,
2024-03-03 08:26:00,59.82,57.05,56.01
2024-03-03 08:26:30,54.88,54.51,61.79
2024-03-03 08:27:00,56.11,53.64,
2024-03-03 08:27:30,56.3,55.55,57.87
2024-03-03 08:28:00,57.24,56.25,57.48
2024-03-03 08:28:30,56.51,55.16,60.49
2024-03-03 08:29:00,56.17,54.78,56.76
2024-03-03 08:29:30,57.24,57.06,58.28
2024-03-03 08:30:00,57.27,54.38,56.86
2024-03-03 08:30:30,55.86,,58.19
2024-03-03 08:31:00,56.14,54.74,61.04
2024-03-03 08:31:30,56.22,55.08,57.61
2024-03-03 08:32:00,57.17,55.38,59.54
2024-03-03 08:32:30,57.47,54.27,57.93
2024-03-03 08:33:00,55.68,56.13,56.64
2024-03-03 08:33:30,56.07,54.4,58.66
2024-03-03 08:34:00,54.93,56.07,60.11
2024-03-03 08:34:30,56.6,55.68,58.61
2024-03-03 08:35:00,56.34,55.18,58.72
2024-03-03 08:35:30,55.07,53.44,58.68
2024-03-03 08:36:00,58.18,55.17,59.04
2024-03-03 08:36:30,57.61,54.86,59.34
2024-03-03 08:37:00,58.41,55.95,
2024-03-03 08:37:30,55.88,55.59,59.62
2024-03-03 08:38:00,57.63,55.89,56.09
2024-03-03 08:38:30,57.58,55.6,57.47
2024-03-03 08:39:00,55.3,55.01,57.06
2024-03-03 08:39:30,57.32,54.81,57.63
2024-03-03 08:40:00,56.66,54.28,56.24
2024-03-03 08:40:30,57.4,56.03,57.58
2024-03-03 08:41:00,57.11,54.85,57.47
2024-03-03 08:41:30,57.2,57.98,58.45
2024-03-03 08:42:00,55.73,54.12,57.28
2024-03-03 08:42:30,56.83,55.31,
2024-03-03 08:43:00,55.94,54.67,58.51
2024-03-03 08:43:30,55.21,54.89,56.18
2024-03-03 08:44:00,58.59,54.94,58.7
2024-03-03 08:44:30,57.74,52.66,58.07
2024-03-03 08:45:00,58.21,55.17,58.49
2024-03-03 08:45:30,56.54,55.65,58.08
2024-03-03 08:46:00,56.37,53.51,58.19
2024-03-03 08:46:30,54.24,55.34,56.69
2024-03-03 08:47:00,55.03,55.5,56.82
2024-03-03 08:47:30,55.53,56.02,55.35
2024-03-03 08:48:00,55.97,54.94,58.93
2024-03-03 08:48:30,54.07,54.48,56.85
2024-03-03 08:49:00,58.08,55.2,56.62
2024-03-03 08:49:30,58.5,54.18,55.29
2024-03-03 08:50:00,55.07,55.88,58.23
2024-03-03 08:50:30,55.76,53.83,57.29
2024-03-03 08:51:00,55.06,55.23,58.2
2024-03-03 08:51:30,56.88,54.68,57.51
2024-03-03 08:52:00,54.4,54.45,56.04
2024-03-03 08:52:30,57.21,54.48,57.41
2024-03-03 08:53:00,59.39,54.81,55.94
2024-03-03 08:53:30,57.08,54.48,58.47
2024-03-03 08:54:00,58.31,54.59,57.21
2024-03-03 08:54:30,58.65,54.76,57.54
2024-03-03 08:55:00,58.26,54.92,58.66
2024-03-03 08:55:30,55.37,55.37,57.55
2024-03-03 08:56:00,55.21,56.01,56.18
2024-03-03 08:56:30,56.24,54.74,57.66
2024-03-03 08:57:00,55.53,54.32,58.24
2024-03-03 08:57:30,55.53,54.9,60.49
2024-03-03 08:58:00,58.41,56.16,58.56
2024-03-03 08:58:30,55.1,57.27,59.62
2024-03-03 08:59:00,58.59,55.45,58.05
2024-03-03 08:59:30,55.77,55.39,57.36
2024-03-03 09:00:00,,55.75,59.11
2024-03-03 09:00:30,53.94,54.98,57.92
2024-03-03 09:01:00,56.09,51.54,56.87
2024-03-03 09:01:30,58.01,56.15,58.25
2024-03-03 09:02:00,54.34,54.34,
2024-03-03 09:02:30,55.6,56.07,56.05
2024-03-03 09:03:00,56.05,53.77,55.82
2024-03-03 09:03:30,57.76,54.06,54.7
2024-03-03 09:04:00,55.64,56.78,57.37
2024-03-03 09:04:30,57.3,55.86,59.74
2024-03-03 09:05:00,56.5,55.45,60.85
2024-03-03 09:05:30,55.57,54.72,55.78
2024-03-03 09:06:00,56.46,53.38,56.45
2024-03-03 09:06:30,57.39,52.05,58.25
2024-03-03 09:07:00,56.32,55.06,58.17
2024-03-03 09:07:30,55.16,54.62,58.74
2024-03-03 09:08:00,55.42,55.61,56.37
2024-03-03 09:08:30,55.59,56.83,56.96
2024-03-03 09:09:00,58.01,55.37,57.99
2024-03-03 09:09:30,56.04,54.31,58.17
2024-03-03 09:10:00,55.98,53.58,61.97
2024-03-03 09:10:30,53.66,53.64,56.93
2024-03-03 09:11:00,55.09,54.43,58.13
2024-03-03 09:11:30,55.88,54.67,57.75
2024-03-03 09:12:00,55.97,55.99,55.99
2024-03-03 09:12:30,55.56,53.41,58.79
2024-03-03 09:13:00,57.3,53.56,59.51
2024-03-03 09:13:30,57.44,54.72,58.15
2024-03-03 09:14:00,57.12,53.97,57.47
2024-03-03 09:14:30,56.4,55.43,55.41
2024-03-03 09:15:00,55.42,,56.11
2024-03-03 09:15:30,57.06,52.38,58.55
2024-03-03 09:16:00,57.57,53.35,61.03
2024-03-03 09:16:30,58.97,,58.26
2024-03-03 09:17:00,57.47,56.02,55.47
2024-03-03 09:17:30,53.48,54.01,56.67
2024-03-03 09:18:00,56.74,53.83,55.86
2024-03-03 09:18:30,58.44,55.15,59.47
2024-03-03 09:19:00,55.96,52.77,59.12
2024-03-03 09:19:30,55.94,54.0,56.59
2024-03-03 09:20:00,57.67,55.58,58.82
2024-03-03 09:20:30,57.55,54.21,56.97
2024-03-03 09:21:00,58.37,53.72,58.02
2024-03-03 09:21:30,53.04,55.02,54.26
2024-03-03 09:22:00,56.03,56.39,57.24
2024-03-03 09:22:30,55.52,54.97,58.65
2024-03-03 09:23:00,57.15,55.07,56.74
2024-03-03 09:23:30,57.64,53.73,57.17
2024-03-03 09:24:00,56.35,53.91,55.07
2024-03-03 09:24:30,56.12,55.19,59.99
2024-03-03 09:25:00,53.13,53.66,54.99
2024-03-03 09:25:30,55.82,57.79,59.17
2024-03-03 09:26:00,55.22,53.11,54.35
2024-03-03 09:26:30,56.46,54.61,58.98
2024-03-03 09:27:00,55.02,54.22,56.27
2024-03-03 09:27:30,55.76,55.99,60.94
2024-03-03 09:28:00,56.71,54.4,56.25
2024-03-03 09:28:30,54.16,53.82,56.35
2024-03-03 09:29:00,57.51,56.18,57.15
2024-03-03 09:29:30,57.84,53.58,55.41
2024-03-03 09:30:00,54.11,52.1,58.94
2024-03-03 09:30:30,58.88,,58.08
2024-03-03 09:31:00,55.41,54.37,55.86
2024-03-03 09:31:30,55.95,54.42,55.89
2024-03-03 09:32:00,58.25,54.54,56.8
2024-03-03 09:32:30,55.53,54.79,58.53
2024-03-03 09:33:00,55.68,55.06,54.31
2024-03-03 09:33:30,57.1,54.68,58.94
2024-03-03 09:34:00,57.63,54.82,56.02
2024-03-03 09:34:30,55.03,52.61,55.49
2024-03-03 09:35:00,56.83,54.3,58.3
2024-03-03 09:35:30,56.92,53.18,
2024-03-03 09:36:00,55.81,54.63,55.83
2024-03-03 09:36:30,56.62,53.86,57.72
2024-03-03 09:37:00,57.06,55.57,55.19
2024-03-03 09:37:30,56.85,54.11,57.94
2024-03-03 09:38:00,54.72,53.87,57.35
2024-03-03 09:38:30,56.44,54.27,56.64
2024-03-03 09:39:00,55.98,52.55,57.95
2024-03-03 09:39:30,55.75,54.53,55.94
2024-03-03 09:40:00,54.68,51.41,58.67
2024-03-03 09:40:30,56.69,54.07,55.09
2024-03-03 09:41:00,53.4,54.08,58.09
2024-03-03 09:41:30,55.0,54.12,56.6
2024-03-03 09:42:00,55.26,55.41,56.41
2024-03-03 09:42:30,56.07,52.18,
2024-03-03 09:43:00,53.83,54.43,57.55
2024-03-03 09:43:30,57.53,54.46,56.72
2024-03-03 09:44:00,54.42,52.86,58.5
2024-03-03 09:44:30,54.72,53.6,59.05
2024-03-03 09:45:00,58.46,52.16,56.04
2024-03-03 09:45:30,,52.43,55.65
2024-03-03 09:46:00,55.82,54.5,58.53
2024-03-03 09:46:30,58.48,53.12,57.04
2024-03-03 09:47:00,55.04,52.72,54.02
2024-03-03 09:47:30,55.08,55.19,55.27
2024-03-03 09:48:00,55.45,56.18,56.78
2024-03-03 09:48:30,56.38,52.81,52.87
2024-03-03 09:49:00,56.36,53.62,55.3
2024-03-03 09:49:30,55.69,53.04,56.05
2024-03-03 09:50:00,53.77,53.54,56.97
2024-03-03 09:50:30,54.65,53.75,57.84
2024-03-03 09:51:00,56.15,54.43,60.43
2024-03-03 09:51:30,53.28,54.6,55.82
2024-03-03 09:52:00,54.24,52.63,55.6
2024-03-03 09:52:30,55.49,54.27,56.6
2024-03-03 09:53:00,55.31,53.48,59.03
2024-03-03 09:53:30,57.02,53.13,57.66
2024-03-03 09:54:00,53.19,54.59,55.42
2024-03-03 09:54:30,55.92,53.94,57.86
2024-03-03 09:55:00,53.39,53.54,56.0
2024-03-03 09:55:30,57.45,54.69,54.53
2024-03-03 09:56:00,55.35,53.94,55.75
2024-03-03 09:56:30,55.02,53.17,54.91
2024-03-03 09:57:00,53.65,54.41,55.85
2024-03-03 09:57:30,53.49,54.39,55.82
2024-03-03 09:58:00,54.67,53.85,58.93
2024-03-03 09:58:30,55.65,54.91,55.81
2024-03-03 09:59:00,56.78,53.43,55.17
2024-03-03 09:59:30,56.23,53.68,56.76
2024-03-03 10:00:00,56.41,54.55,56.89
2024-03-03 10:00:30,55.97,53.24,54.61
2024-03-03 10:01:00,57.44,54.49,57.21
2024-03-03 10:01:30,56.44,55.08,56.27
2024-03-03 10:02:00,54.4,54.57,54.31
2024-03-03 10:02:30,53.77,54.1,55.97
2024-03-03 10:03:00,56.68,55.95,55.59
2024-03-03 10:03:30,54.42,53.77,57.28
2024-03-03 10:04:00,53.12,52.26,58.2
2024-03-03 10:04:30,53.15,51.41,57.41
2024-03-03 10:05:00,53.35,52.23,56.17
2024-03-03 10:05:30,54.47,53.6,53.84
2024-03-03 10:06:00,55.23,53.59,55.6
2024-03-03 10:06:30,54.9,52.63,55.7
2024-03-03 10:07:00,55.04,52.85,60.04
2024-03-03 10:07:30,55.62,52.74,54.48
2024-03-03 10:08:00,54.04,53.92,55.73
2024-03-03 10:08:30,55.96,53.46,55.47
2024-03-03 10:09:00,55.2,53.63,55.75
2024-03-03 10:09:30,53.87,54.16,56.72
2024-03-03 10:10:00,57.37,52.41,56.54
2024-03-03 10:10:30,55.1,53.49,56.26
2024-03-03 10:11:00,54.25,53.49,58.15
2024-03-03 10:11:30,54.27,,57.67
2024-03-03 10:12:00,56.36,52.99,55.51
2024-03-03 10:12:30,55.26,51.48,55.42
2024-03-03 10:13:00,53.68,52.78,55.77
2024-03-03 10:13:30,57.59,53.4,55.65
2024-03-03 10:14:00,55.16,53.31,55.83
2024-03-03 10:14:30,54.06,52.71,57.23
2024-03-03 10:15:00,55.37,53.29,55.33
2024-03-03 10:15:30,52.91,53.93,54.68
2024-03-03 10:16:00,55.06,52.55,56.07
2024-03-03 10:16:30,54.65,52.68,53.7
2024-03-03 10:17:00,54.27,53.29,56.22
2024-03-03 10:17:30,53.33,51.79,52.57
2024-03-03 10:18:00,54.71,52.99,56.84
2024-03-03 10:18:30,55.42,53.87,58.42
2024-03-03 10:19:00,52.14,53.77,55.21
2024-03-03 10:19:30,55.48,51.68,57.52
2024-03-03 10:20:00,56.43,53.53,55.43
2024-03-03 10:20:30,56.0,,58.35
2024-03-03 10:21:00,54.78,52.48,53.64
2024-03-03 10:21:30,56.6,54.44,55.25
2024-03-03 10:22:00,54.0,52.63,56.88
2024-03-03 10:22:30,53.59,54.79,56.12
2024-03-03 10:23:00,54.88,52.75,54.19
2024-03-03 10:23:30,54.66,53.87,56.24
2024-03-03 10:24:00,55.54,52.23,54.01
2024-03-03 10:24:30,53.08,51.89,56.86
2024-03-03 10:25:00,53.53,51.9,57.18
2024-03-03 10:25:30,54.87,53.5,55.42
2024-03-03 10:26:00,54.28,52.98,58.86
2024-03-03 10:26:30,54.78,54.1,54.98
2024-03-03 10:27:00,54.91,52.56,55.33
2024-03-03 10:27:30,56.52,54.83,55.31
2024-03-03 10:28:00,52.52,51.16,53.62
2024-03-03 10:28:30,55.05,51.59,56.53
2024-03-03 10:29:00,54.94,53.41,55.67
2024-03-03 10:29:30,55.61,54.16,56.25
2024-03-03 10:30:00,56.38,53.18,56.88
2024-03-03 10:30:30,55.88,50.6,54.09
2024-03-03 10:31:00,55.88,50.71,
2024-03-03 10:31:30,54.33,54.7,56.05
2024-03-03 10:32:00,53.68,51.71,54.33
2024-03-03 10:32:30,53.32,52.43,56.61
2024-03-03 10:33:00,57.16,53.36,54.96
2024-03-03 10:33:30,53.56,51.6,55.91
2024-03-03 10:34:00,53.82,52.35,56.53
2024-03-03 10:34:30,52.34,51.1,52.24
2024-03-03 10:35:00,52.03,53.89,54.27
2024-03-03 10:35:30,55.22,53.53,55.38
2024-03-03 10:36:00,53.56,54.63,53.44
2024-03-03 10:36:30,55.88,54.44,54.98
2024-03-03 10:37:00,53.69,53.52,57.25
2024-03-03 10:37:30,53.72,52.71,54.94
2024-03-03 10:38:00,55.01,52.21,53.37
2024-03-03 10:38:30,54.4,51.69,54.71
2024-03-03 10:39:00,53.44,51.23,53.34
2024-03-03 10:39:30,53.27,51.36,55.48
2024-03-03 10:40:00,55.4,52.17,53.7
2024-03-03 10:40:30,53.46,53.58,53.19
2024-03-03 10:41:00,53.11,53.0,55.35
2024-03-03 10:41:30,56.17,51.56,55.29
2024-03-03 10:42:00,50.78,49.17,57.94
2024-03-03 10:42:30,54.44,50.85,54.27
2024-03-03 10:43:00,55.32,51.68,55.71
2024-03-03 10:43:30,56.11,50.95,56.02
2024-03-03 10:44:00,54.46,50.94,51.25
2024-03-03 10:44:30,53.56,51.72,55.24
2024-03-03 10:45:00,54.5,52.02,54.73
2024-03-03 10:45:30,55.19,52.71,56.56
2024-03-03 10:46:00,52.49,49.82,54.3
2024-03-03 10:46:30,53.51,52.3,54.37
2024-03-03 10:47:00,54.99,53.39,55.22
2024-03-03 10:47:30,53.89,51.94,52.89
2024-03-03 10:48:00,53.72,52.57,54.19
2024-03-03 10:48:30,52.76,51.75,56.94
2024-03-03 10:49:00,52.39,53.0,54.25
2024-03-03 10:49:30,53.61,52.9,55.32
2024-03-03 10:50:00,52.59,51.51,53.36
2024-03-03 10:50:30,55.22,51.7,56.82
2024-03-03 10:51:00,54.83,50.23,55.1
2024-03-03 10:51:30,53.36,51.26,55.77
2024-03-03 10:52:00,53.28,51.28,54.71
2024-03-03 10:52:30,54.88,52.08,54.8
2024-03-03 10:53:00,53.11,51.55,54.0
2024-03-03 10:53:30,53.95,52.21,53.53
2024-03-03 10:54:00,55.18,53.19,
2024-03-03 10:54:30,53.36,53.45,55.67
2024-03-03 10:55:00,53.09,51.72,53.83
2024-03-03 10:55:30,55.32,50.53,54.51
2024-03-03 10:56:00,54.55,52.54,55.95
2024-03-03 10:56:30,52.78,49.98,54.04
2024-03-03 10:57:00,53.57,51.81,53.91
2024-03-03 10:57:30,51.57,51.61,57.0
2024-03-03 10:58:00,54.33,52.34,52.97
2024-03-03 10:58:30,50.65,51.19,53.13
2024-03-03 10:59:00,53.26,50.93,52.16
2024-03-03 10:59:30,54.01,50.68,55.28
2024-03-03 11:00:00,53.56,51.55,54.38
2024-03-03 11:00:30,52.24,51.44,53.54
2024-03-03 11:01:00,54.13,50.86,55.07
2024-03-03 11:01:30,52.39,50.64,53.97
2024-03-03 11:02:00,54.32,54.2,55.54
2024-03-03 11:02:30,52.93,52.38,54.63
2024-03-03 11:03:00,55.13,50.86,52.97
2024-03-03 11:03:30,53.48,51.02,51.05
2024-03-03 11:04:00,54.97,50.62,56.59
2024-03-03 11:04:30,52.19,50.42,53.18
2024-03-03 11:05:00,53.68,52.1,55.0
2024-03-03 11:05:30,52.83,51.52,52.7
2024-03-03 11:06:00,50.3,51.78,53.72
2024-03-03 11:06:30,51.19,50.8,54.28
2024-03-03 11:07:00,51.89,53.16,51.31
2024-03-03 11:07:30,54.48,49.78,53.29
2024-03-03 11:08:00,53.14,50.91,54.87
2024-03-03 11:08:30,53.69,52.26,55.63
2024-03-03 11:09:00,51.2,49.92,53.76
2024-03-03 11:09:30,52.47,50.88,54.97
2024-03-03 11:10:00,52.72,51.67,55.22
2024-03-03 11:10:30,52.58,51.19,54.3
2024-03-03 11:11:00,52.09,50.59,53.19
2024-03-03 11:11:30,51.96,49.67,53.2
2024-03-03 11:12:00,49.69,53.28,53.87
2024-03-03 11:12:30,51.87,52.14,53.15
2024-03-03 11:13:00,52.16,52.11,54.33
2024-03-03 11:13:30,53.79,51.32,51.66
2024-03-03 11:14:00,52.45,50.84,58.32
2024-03-03 11:14:30,52.92,50.99,55.27
2024-03-03 11:15:00,53.66,51.37,54.63
2024-03-03 11:15:30,51.68,50.27,55.83
2024-03-03 11:16:00,53.77,50.41,54.49
2024-03-03 11:16:30,51.08,51.18,54.49
2024-03-03 11:17:00,52.22,51.91,52.14
2024-03-03 11:17:30,50.59,51.82,53.13
2024-03-03 11:18:00,52.61,50.36,52.93
2024-03-03 11:18:30,53.04,51.65,56.76
2024-03-03 11:19:00,51.61,51.4,52.75
2024-03-03 11:19:30,52.9,52.16,52.26
2024-03-03 11:20:00,51.85,51.2,52.67
2024-03-03 11:20:30,51.31,50.91,53.64
2024-03-03 11:21:00,52.55,51.02,52.7
2024-03-03 11:21:30,52.61,51.22,55.11
2024-03-03 11:22:00,51.61,51.33,55.42
2024-03-03 11:22:30,54.0,50.25,50.32
2024-03-03 11:23:00,51.59,52.33,53.65
2024-03-03 11:23:30,50.8,49.7,52.3
2024-03-03 11:24:00,51.63,50.95,53.81
2024-03-03 11:24:30,51.92,49.92,52.96
2024-03-03 11:25:00,51.54,50.72,53.92
2024-03-03 11:25:30,52.38,51.97,52.91
2024-03-03 11:26:00,53.37,51.45,56.13
2024-03-03 11:26:30,54.04,48.59,53.86
2024-03-03 11:27:00,51.86,49.78,53.75
2024-03-03 11:27:30,53.75,51.84,53.99
2024-03-03 11:28:00,52.97,50.54,55.12
2024-03-03 11:28:30,51.92,50.76,52.73
2024-03-03 11:29:00,52.19,53.04,52.57
2024-03-03 11:29:30,53.13,50.11,53.86
2024-03-03 11:30:00,51.11,53.61,53.22
2024-03-03 11:30:30,51.89,50.26,52.84
2024-03-03 11:31:00,53.43,49.15,52.61
2024-03-03 11:31:30,51.81,51.04,51.66
2024-03-03 11:32:00,51.71,50.66,53.2
2024-03-03 11:32:30,51.9,50.55,52.92
2024-03-03 11:33:00,53.63,49.69,52.12
2024-03-03 11:33:30,49.79,49.56,54.68
2024-03-03 11:34:00,53.06,48.68,52.66
2024-03-03 11:34:30,52.2,48.81,54.47
2024-03-03 11:35:00,50.59,49.66,52.87
2024-03-03 11:35:30,52.4,49.67,53.95
2024-03-03 11:36:00,50.59,52.6,56.07
2024-03-03 11:36:30,47.72,49.55,53.59
2024-03-03 11:37:00,50.23,49.34,53.24
2024-03-03 11:37:30,53.04,50.59,51.36
2024-03-03 11:38:00,51.38,50.01,51.52
2024-03-03 11:38:30,51.98,50.34,
2024-03-03 11:39:00,50.75,49.34,52.86
2024-03-03 11:39:30,53.33,51.71,52.27
2024-03-03 11:40:00,50.09,50.43,55.06
2024-03-03 11:40:30,51.64,50.72,53.24
2024-03-03 11:41:00,51.6,50.86,54.3
2024-03-03 11:41:30,53.33,48.62,49.1
2024-03-03 11:42:00,54.02,48.65,51.69
2024-03-03 11:42:30,51.03,48.52,54.27
2024-03-03 11:43:00,52.09,49.44,52.19
2024-03-03 11:43:30,50.15,52.44,51.15
2024-03-03 11:44:00,51.57,50.47,55.47
2024-03-03 11:44:30,52.39,48.88,54.2
2024-03-03 11:45:00,51.62,49.65,54.31
2024-03-03 11:45:30,50.94,52.06,54.27
2024-03-03 11:46:00,53.73,50.15,53.69
2024-03-03 11:46:30,52.47,50.84,51.97
2024-03-03 11:47:00,52.85,49.54,54.45
2024-03-03 11:47:30,49.76,50.99,53.59
2024-03-03 11:48:00,51.68,50.63,53.3
2024-03-03 11:48:30,52.41,48.76,
2024-03-03 11:49:00,50.88,51.41,49.63
2024-03-03 11:49:30,50.01,51.14,51.57
2024-03-03 11:50:00,51.62,50.08,52.76
2024-03-03 11:50:30,50.64,50.43,54.69
2024-03-03 11:51:00,50.68,50.73,52.18
2024-03-03 11:51:30,51.9,49.9,51.93
2024-03-03 11:52:00,51.42,48.66,52.19
2024-03-03 11:52:30,52.35,50.06,53.15
2024-03-03 11:53:00,51.71,49.24,52.2
2024-03-03 11:53:30,51.36,48.3,51.95
2024-03-03 11:54:00,52.26,48.69,48.94
2024-03-03 11:54:30,50.3,48.69,52.3
2024-03-03 11:55:00,49.94,48.72,51.82
2024-03-03 11:55:30,51.39,51.07,52.77
2024-03-03 11:56:00,49.53,48.47,50.86
2024-03-03 11:56:30,51.06,48.7,50.67
2024-03-03 11:57:00,49.73,48.64,50.15
2024-03-03 11:57:30,51.57,49.51,52.02
2024-03-03 11:58:00,49.37,50.66,50.11
2024-03-03 11:58:30,49.0,51.18,50.33
2024-03-03 11:59:00,51.33,49.29,53.05
2024-03-03 11:59:30,49.35,49.43,52.38
2024-03-03 12:00:00,52.0,48.97,50.05
2024-03-03 12:00:30,48.34,47.71,51.84
2024-03-03 12:01:00,50.88,49.28,50.83
2024-03-03 12:01:30,52.07,47.26,50.38
2024-03-03 12:02:00,51.47,49.79,53.26
2024-03-03 12:02:30,,49.01,49.97
2024-03-03 12:03:00,51.63,49.5,52.67
2024-03-03 12:03:30,49.67,49.08,51.24
2024-03-03 12:04:00,52.03,49.68,53.46
2024-03-03 12:04:30,50.45,47.65,54.06
2024-03-03 12:05:00,48.04,49.2,51.81
2024-03-03 12:05:30,52.34,49.43,52.13
2024-03-03 12:06:00,50.4,47.95,51.74
2024-03-03 12:06:30,51.46,48.66,49.48
2024-03-03 12:07:00,51.4,49.44,52.32
2024-03-03 12:07:30,50.46,49.61,50.45
2024-03-03 12:08:00,51.82,48.74,49.75
2024-03-03 12:08:30,48.33,47.59,53.19
2024-03-03 12:09:00,48.44,50.1,50.85
2024-03-03 12:09:30,50.45,48.44,52.0
2024-03-03 12:10:00,49.99,48.35,51.73
2024-03-03 12:10:30,48.64,49.07,51.35
2024-03-03 12:11:00,50.08,50.75,49.65
2024-03-03 12:11:30,50.96,48.96,52.79
2024-03-03 12:12:00,49.08,49.45,51.62
2024-03-03 12:12:30,49.53,49.18,50.48
2024-03-03 12:13:00,50.92,49.44,50.02
2024-03-03 12:13:30,50.91,48.98,51.24
2024-03-03 12:14:00,50.46,46.76,50.05
2024-03-03 12:14:30,49.99,50.02,53.09
2024-03-03 12:15:00,48.67,48.25,49.91
2024-03-03 12:15:30,50.42,47.21,51.63
2024-03-03 12:16:00,47.81,48.3,51.38
2024-03-03 12:16:30,49.57,49.25,50.41
2024-03-03 12:17:00,49.04,49.57,53.73
2024-03-03 12:17:30,48.31,48.62,53.68
2024-03-03 12:18:00,48.8,50.3,51.9
2024-03-03 12:18:30,50.06,48.03,51.71
2024-03-03 12:19:00,49.3,49.2,47.75
2024-03-03 12:19:30,49.66,47.93,52.02
2024-03-03 12:20:00,48.63,48.82,50.02
2024-03-03 12:20:30,49.87,49.99,46.97
2024-03-03 12:21:00,52.4,46.99,50.9
2024-03-03 12:21:30,47.44,47.33,51.57
2024-03-03 12:22:00,49.27,47.96,49.5
2024-03-03 12:22:30,49.42,48.96,50.44
2024-03-03 12:23:00,48.48,49.56,51.59
2024-03-03 12:23:30,52.61,48.5,51.86
2024-03-03 12:24:00,50.13,49.53,51.46
2024-03-03 12:24:30,51.65,48.24,52.38
2024-03-03 12:25:00,48.5,49.3,52.91
2024-03-03 12:25:30,48.75,47.16,48.67
2024-03-03 12:26:00,52.13,47.63,51.89
2024-03-03 12:26:30,49.24,48.3,49.46
2024-03-03 12:27:00,,47.36,52.65
2024-03-03 12:27:30,47.63,46.75,52.93
2024-03-03 12:28:00,48.06,49.97,50.89
2024-03-03 12:28:30,50.71,47.02,47.94
2024-03-03 12:29:00,47.64,48.41,53.1
2024-03-03 12:29:30,51.61,47.33,50.1
2024-03-03 12:30:00,48.67,46.24,47.82
2024-03-03 12:30:30,49.29,46.24,50.84
2024-03-03 12:31:00,,47.2,52.33
2024-03-03 12:31:30,48.96,45.23,51.55
2024-03-03 12:32:00,48.53,48.5,48.9
2024-03-03 12:32:30,50.24,49.46,50.09
2024-03-03 12:33:00,45.52,48.06,48.71
2024-03-03 12:33:30,49.59,46.9,48.62
2024-03-03 12:34:00,49.4,46.88,50.22
2024-03-03 12:34:30,48.74,47.17,49.52
2024-03-03 12:35:00,47.46,46.64,49.03
2024-03-03 12:35:30,46.12,47.01,49.06
2024-03-03 12:36:00,49.28,48.69,48.45
2024-03-03 12:36:30,46.51,48.82,51.91
2024-03-03 12:37:00,47.95,46.63,49.6
2024-03-03 12:37:30,47.09,47.73,51.18
2024-03-03 12:38:00,48.67,48.3,49.22
2024-03-03 12:38:30,49.56,47.99,52.07
2024-03-03 12:39:00,46.32,48.05,49.23
2024-03-03 12:39:30,,47.67,49.17
2024-03-03 12:40:00,51.21,47.31,48.09
2024-03-03 12:40:30,47.67,47.64,49.72
2024-03-03 12:41:00,51.44,46.31,50.94
2024-03-03 12:41:30,49.01,47.01,50.32
2024-03-03 12:42:00,48.46,48.6,51.21
2024-03-03 12:42:30,49.13,49.34,48.59
2024-03-03 12:43:00,50.5,45.8,50.01
2024-03-03 12:43:30,52.2,46.72,49.97
2024-03-03 12:44:00,48.18,47.51,47.66
2024-03-03 12:44:30,48.07,45.3,50.54
2024-03-03 12:45:00,49.74,45.81,47.03
2024-03-03 12:45:30,49.52,45.89,47.42
2024-03-03 12:46:00,50.41,47.62,50.04
2024-03-03 12:46:30,50.7,47.67,47.45
2024-03-03 12:47:00,48.65,46.9,47.89
2024-03-03 12:47:30,48.94,45.97,49.21
2024-03-03 12:48:00,48.56,47.97,49.68
2024-03-03 12:48:30,46.94,45.67,51.24
2024-03-03 12:49:00,47.46,47.0,48.92
2024-03-03 12:49:30,48.72,46.52,51.48
2024-03-03 12:50:00,47.5,47.58,47.61
2024-03-03 12:50:30,47.25,48.32,46.86
2024-03-03 12:51:00,47.89,46.19,48.03
2024-03-03 12:51:30,49.04,48.8,49.94
2024-03-03 12:52:00,47.71,47.14,45.49
2024-03-03 12:52:30,48.78,46.85,49.64
2024-03-03 12:53:00,49.49,45.92,47.55
2024-03-03 12:53:30,48.91,46.54,48.03
2024-03-03 12:54:00,46.41,45.82,48.5
2024-03-03 12:54:30,48.34,48.58,52.44
2024-03-03 12:55:00,45.2,46.37,49.6
2024-03-03 12:55:30,47.47,45.61,49.5
2024-03-03 12:56:00,47.99,46.31,48.74
2024-03-03 12:56:30,46.88,45.09,49.17
2024-03-03 12:57:00,45.48,46.04,49.5
2024-03-03 12:57:30,,45.45,50.06
2024-03-03 12:58:00,46.63,48.05,46.72
2024-03-03 12:58:30,46.43,46.91,
2024-03-03 12:59:00,47.29,47.0,49.21
2024-03-03 12:59:30,48.38,46.67,48.25
2024-03-03 13:00:00,47.37,45.76,45.34
2024-03-03 13:00:30,46.58,44.26,50.15
2024-03-03 13:01:00,47.3,47.2,49.11
2024-03-03 13:01:30,48.18,46.39,50.4
2024-03-03 13:02:00,47.08,44.72,47.4
2024-03-03 13:02:30,47.77,44.1,
2024-03-03 13:03:00,49.4,46.36,47.32
2024-03-03 13:03:30,49.41,45.99,45.72
2024-03-03 13:04:00,46.94,45.92,48.4
2024-03-03 13:04:30,48.5,46.17,45.16
2024-03-03 13:05:00,48.73,46.09,48.7
2024-03-03 13:05:30,47.07,47.35,46.95
2024-03-03 13:06:00,48.0,45.06,49.58
2024-03-03 13:06:30,49.93,45.6,50.15
2024-03-03 13:07:00,47.41,45.07,46.69
2024-03-03 13:07:30,48.85,45.06,48.8
2024-03-03 13:08:00,47.21,46.29,48.59
2024-03-03 13:08:30,45.07,47.72,51.07
2024-03-03 13:09:00,47.68,46.74,48.65
2024-03-03 13:09:30,49.82,47.84,49.6
2024-03-03 13:10:00,48.58,46.85,47.16
2024-03-03 13:10:30,49.17,46.3,48.24
2024-03-03 13:11:00,47.95,45.78,48.61
2024-03-03 13:11:30,45.79,44.82,49.58
2024-03-03 13:12:00,48.61,46.15,
2024-03-03 13:12:30,49.44,45.79,49.16
2024-03-03 13:13:00,46.94,46.41,47.15
2024-03-03 13:13:30,46.44,45.69,46.84
2024-03-03 13:14:00,50.61,47.01,49.91
2024-03-03 13:14:30,48.52,45.24,48.69
2024-03-03 13:15:00,45.65,46.09,
2024-03-03 13:15:30,48.48,46.43,50.23
2024-03-03 13:16:00,47.44,47.59,47.36
2024-03-03 13:16:30,45.92,44.52,51.17
2024-03-03 13:17:00,47.03,44.98,45.29
2024-03-03 13:17:30,,43.92,46.44
2024-03-03 13:18:00,46.05,46.07,46.78
2024-03-03 13:18:30,48.19,46.69,48.52
2024-03-03 13:19:00,47.35,44.69,47.21
2024-03-03 13:19:30,47.3,45.67,44.82
2024-03-03 13:20:00,46.37,45.61,46.87
2024-03-03 13:20:30,47.07,,48.34
2024-03-03 13:21:00,48.56,46.79,46.46
2024-03-03 13:21:30,48.31,45.16,47.15
2024-03-03 13:22:00,47.04,43.28,51.05
2024-03-03 13:22:30,47.62,43.59,49.83
2024-03-03 13:23:00,46.5,44.63,47.75
2024-03-03 13:23:30,47.27,43.59,47.15
2024-03-03 13:24:00,47.24,46.17,47.16
2024-03-03 13:24:30,46.29,45.49,48.42
2024-03-03 13:25:00,44.91,46.78,45.68
2024-03-03 13:25:30,47.74,45.76,49.85
2024-03-03 13:26:00,44.51,45.47,46.35
2024-03-03 13:26:30,45.83,46.56,46.82
2024-03-03 13:27:00,45.07,43.75,48.06
2024-03-03 13:27:30,45.45,47.64,49.23
2024-03-03 13:28:00,47.65,46.75,45.53
2024-03-03 13:28:30,45.36,44.35,47.91
2024-03-03 13:29:00,46.32,43.67,47.59
2024-03-03 13:29:30,44.66,43.29,49.07
2024-03-03 13:30:00,43.95,45.25,48.8
2024-03-03 13:30:30,46.34,44.3,46.75
2024-03-03 13:31:00,47.01,45.66,48.64
2024-03-03 13:31:30,47.38,46.1,48.22
2024-03-03 13:32:00,46.36,44.51,45.08
2024-03-03 13:32:30,45.75,43.64,
2024-03-03 13:33:00,46.67,46.14,46.22
2024-03-03 13:33:30,48.55,45.02,47.9
2024-03-03 13:34:00,45.49,42.31,47.03
2024-03-03 13:34:30,48.09,46.36,46.97
2024-03-03 13:35:00,45.87,44.46,45.93
2024-03-03 13:35:30,47.25,45.61,47.88
2024-03-03 13:36:00,47.88,43.83,46.4
2024-03-03 13:36:30,46.09,45.01,
2024-03-03 13:37:00,46.21,44.01,45.34
2024-03-03 13:37:30,44.36,44.96,44.71
2024-03-03 13:38:00,46.9,44.3,48.02
2024-03-03 13:38:30,43.95,43.95,47.95
2024-03-03 13:39:00,44.74,43.48,42.61
2024-03-03 13:39:30,47.52,44.63,47.31
2024-03-03 13:40:00,46.63,45.09,46.54
2024-03-03 13:40:30,45.94,45.89,46.16
2024-03-03 13:41:00,46.44,45.39,48.06
2024-03-03 13:41:30,45.78,44.75,45.88
2024-03-03 13:42:00,45.5,44.57,49.55
2024-03-03 13:42:30,45.43,44.23,44.98
2024-03-03 13:43:00,45.33,44.77,44.8
2024-03-03 13:43:30,45.79,44.62,44.07
2024-03-03 13:44:00,46.96,44.35,46.21
2024-03-03 13:44:30,43.87,45.35,47.39
2024-03-03 13:45:00,44.83,44.26,45.12
2024-03-03 13:45:30,43.36,43.73,47.05
2024-03-03 13:46:00,44.1,42.73,44.41
2024-03-03 13:46:30,46.17,43.98,48.17
2024-03-03 13:47:00,45.64,43.16,46.3
2024-03-03 13:47:30,45.64,44.5,44.01
2024-03-03 13:48:00,44.61,45.0,47.14
2024-03-03 13:48:30,43.68,43.72,45.91
2024-03-03 13:49:00,45.8,44.47,45.75
2024-03-03 13:49:30,43.97,45.87,46.8
2024-03-03 13:50:00,43.4,43.92,47.69
2024-03-03 13:50:30,45.66,44.21,46.04
2024-03-03 13:51:00,45.58,43.45,45.98
2024-03-03 13:51:30,46.14,46.25,45.45
2024-03-03 13:52:00,46.94,43.07,45.69
2024-03-03 13:52:30,46.84,44.33,45.93
2024-03-03 13:53:00,46.03,44.33,44.53
2024-03-03 13:53:30,46.49,44.02,46.74
2024-03-03 13:54:00,45.54,44.36,44.99
2024-03-03 13:54:30,43.17,44.76,45.02
2024-03-03 13:55:00,45.39,42.87,
2024-03-03 13:55:30,46.73,42.44,45.58
2024-03-03 13:56:00,44.17,43.65,44.67
2024-03-03 13:56:30,44.21,42.45,44.12
2024-03-03 13:57:00,46.46,44.92,46.24
2024-03-03 13:57:30,46.35,44.68,46.42
2024-03-03 13:58:00,46.27,43.97,45.86
2024-03-03 13:58:30,46.13,44.17,44.11
2024-03-03 13:59:00,43.14,43.57,46.29
2024-03-03 13:59:30,44.51,44.31,45.75
2024-03-03 14:00:00,44.66,43.05,46.25
2024-03-03 14:00:30,44.07,44.5,46.06
2024-03-03 14:01:00,45.39,43.25,46.31
2024-03-03 14:01:30,42.45,44.4,42.74
2024-03-03 14:02:00,43.34,42.67,
2024-03-03 14:02:30,45.78,43.94,44.92
2024-03-03 14:03:00,45.34,43.99,45.4
2024-03-03 14:03:30,45.26,43.34,44.86
2024-03-03 14:04:00,44.66,43.86,43.49
2024-03-03 14:04:30,43.76,42.03,46.22
2024-03-03 14:05:00,44.43,43.24,44.57
2024-03-03 14:05:30,45.97,,46.94
2024-03-03 14:06:00,43.44,44.38,46.08
2024-03-03 14:06:30,44.77,41.66,44.38
2024-03-03 14:07:00,42.92,42.66,46.51
2024-03-03 14:07:30,42.9,41.97,44.72
2024-03-03 14:08:00,45.37,43.66,42.49
2024-03-03 14:08:30,42.67,42.05,45.03
2024-03-03 14:09:00,45.06,43.58,46.11
2024-03-03 14:09:30,43.29,44.4,47.05
2024-03-03 14:10:00,45.69,42.78,45.67
2024-03-03 14:10:30,45.47,42.28,45.39
2024-03-03 14:11:00,48.17,43.02,44.71
2024-03-03 14:11:30,43.32,43.59,45.89
2024-03-03 14:12:00,43.64,43.23,45.56
2024-03-03 14:12:30,46.17,43.67,44.81
2024-03-03 14:13:00,43.91,43.86,45.73
2024-03-03 14:13:30,44.18,42.41,44.66
2024-03-03 14:14:00,43.24,43.22,45.7
2024-03-03 14:14:30,43.16,40.52,49.4
2024-03-03 14:15:00,45.81,42.64,44.61
2024-03-03 14:15:30,42.09,42.65,45.04
2024-03-03 14:16:00,44.91,42.09,44.59
2024-03-03 14:16:30,43.2,42.9,43.94
2024-03-03 14:17:00,,43.57,47.58
2024-03-03 14:17:30,43.57,41.04,44.96
2024-03-03 14:18:00,43.37,42.09,
2024-03-03 14:18:30,43.62,42.67,44.53
2024-03-03 14:19:00,43.0,41.69,45.27
2024-03-03 14:19:30,43.58,42.96,43.3
2024-03-03 14:20:00,43.37,44.21,42.54
2024-03-03 14:20:30,44.3,41.36,43.23
2024-03-03 14:21:00,41.95,43.74,44.31
2024-03-03 14:21:30,43.15,41.27,45.47
2024-03-03 14:22:00,43.33,43.77,45.58
2024-03-03 14:22:30,44.59,42.45,42.49
2024-03-03 14:23:00,43.23,42.17,43.8
2024-03-03 14:23:30,43.4,41.38,41.42
2024-03-03 14:24:00,41.45,41.06,43.89
2024-03-03 14:24:30,40.86,43.09,44.49
2024-03-03 14:25:00,42.45,42.17,42.62
2024-03-03 14:25:30,42.88,41.46,44.84
2024-03-03 14:26:00,43.66,41.65,42.77
2024-03-03 14:26:30,43.16,43.55,46.26
2024-03-03 14:27:00,42.27,40.73,45.38
2024-03-03 14:27:30,43.04,45.17,43.95
2024-03-03 14:28:00,43.57,41.49,42.02
2024-03-03 14:28:30,44.16,42.95,45.72
2024-03-03 14:29:00,41.8,42.44,45.41
2024-03-03 14:29:30,40.87,43.98,45.89
2024-03-03 14:30:00,42.85,42.5,43.82
2024-03-03 14:30:30,41.63,41.51,44.02
2024-03-03 14:31:00,41.09,40.89,40.1
2024-03-03 14:31:30,44.39,42.28,45.19
2024-03-03 14:32:00,43.68,41.7,42.04
2024-03-03 14:32:30,41.69,42.53,45.07
2024-03-03 14:33:00,44.58,42.77,43.8
2024-03-03 14:33:30,,40.09,45.13
2024-03-03 14:34:00,42.11,41.92,44.19
2024-03-03 14:34:30,45.02,42.34,
2024-03-03 14:35:00,39.92,41.19,45.19
2024-03-03 14:35:30,43.92,42.59,42.01
2024-03-03 14:36:00,42.67,40.11,42.8
2024-03-03 14:36:30,42.36,41.27,45.71
2024-03-03 14:37:00,40.84,39.88,43.29
2024-03-03 14:37:30,43.13,41.4,46.7
2024-03-03 14:38:00,43.11,41.37,44.45
2024-03-03 14:38:30,44.7,42.38,42.37
2024-03-03 14:39:00,43.48,42.34,43.46
2024-03-03 14:39:30,41.72,39.65,44.97
2024-03-03 14:40:00,43.89,41.61,42.04
2024-03-03 14:40:30,41.22,42.4,42.46
2024-03-03 14:41:00,41.89,42.3,43.27
2024-03-03 14:41:30,40.98,39.62,43.53
2024-03-03 14:42:00,42.67,42.49,43.56
2024-03-03 14:42:30,41.34,40.38,42.23
2024-03-03 14:43:00,42.57,39.08,42.8
2024-03-03 14:43:30,40.03,41.08,44.04
2024-03-03 14:44:00,43.72,42.72,45.12
2024-03-03 14:44:30,40.48,41.52,44.96
2024-03-03 14:45:00,42.26,39.62,41.57
2024-03-03 14:45:30,42.48,40.48,44.24
2024-03-03 14:46:00,42.25,41.06,
2024-03-03 14:46:30,39.7,39.42,44.6
2024-03-03 14:47:00,43.21,41.22,43.6
2024-03-03 14:47:30,42.52,40.27,42.69
2024-03-03 14:48:00,39.69,40.21,40.79
2024-03-03 14:48:30,41.27,38.6,43.31
2024-03-03 14:49:00,43.07,39.82,42.89
2024-03-03 14:49:30,44.36,39.72,41.99
2024-03-03 14:50:00,40.2,40.55,42.96
2024-03-03 14:50:30,43.02,39.67,41.83
2024-03-03 14:51:00,41.51,41.43,41.57
2024-03-03 14:51:30,43.55,41.13,40.16
2024-03-03 14:52:00,42.65,42.85,41.86
2024-03-03 14:52:30,41.16,40.13,44.67
2024-03-03 14:53:00,40.84,38.99,42.14
2024-03-03 14:53:30,43.89,40.65,41.09
2024-03-03 14:54:00,41.85,,42.19
2024-03-03 14:54:30,40.63,39.24,43.52
2024-03-03 14:55:00,41.74,39.58,41.51
2024-03-03 14:55:30,40.25,40.43,41.78
2024-03-03 14:56:00,40.45,40.95,42.55
2024-03-03 14:56:30,41.49,39.06,43.83
2024-03-03 14:57:00,,39.78,44.78
2024-03-03 14:57:30,40.78,41.13,41.58
2024-03-03 14:58:00,41.74,40.72,41.99
2024-03-03 14:58:30,42.75,40.8,41.65
2024-03-03 14:59:00,41.92,40.58,43.94
2024-03-03 14:59:30,42.0,40.96,41.61
2024-03-03 15:00:00,44.08,39.62,40.69
2024-03-03 15:00:30,41.81,41.52,42.42
2024-03-03 15:01:00,40.98,40.05,41.2
2024-03-03 15:01:30,42.64,40.02,41.89
2024-03-03 15:02:00,41.06,38.69,43.7
2024-03-03 15:02:30,42.29,40.54,42.79
2024-03-03 15:03:00,41.1,39.29,44.17
2024-03-03 15:03:30,41.89,41.1,44.82
2024-03-03 15:04:00,41.32,40.91,43.14
2024-03-03 15:04:30,42.58,40.41,43.18
2024-03-03 15:05:00,41.42,40.38,43.03
2024-03-03 15:05:30,,40.98,40.95
2024-03-03 15:06:00,41.82,40.63,41.62
2024-03-03 15:06:30,41.8,40.58,43.62
2024-03-03 15:07:00,42.03,40.21,40.26
2024-03-03 15:07:30,42.64,41.36,41.25
2024-03-03 15:08:00,40.79,40.21,
2024-03-03 15:08:30,40.11,40.77,41.13
2024-03-03 15:09:00,43.39,41.77,42.2
2024-03-03 15:09:30,41.47,39.49,40.75
2024-03-03 15:10:00,40.5,38.72,42.99
2024-03-03 15:10:30,43.02,41.79,42.77
2024-03-03 15:11:00,41.86,38.08,43.49
2024-03-03 15:11:30,39.47,41.26,41.69
2024-03-03 15:12:00,41.35,38.32,39.81
2024-03-03 15:12:30,41.67,41.57,43.07
2024-03-03 15:13:00,41.3,39.87,39.18
2024-03-03 15:13:30,41.41,41.44,42.41
2024-03-03 15:14:00,42.01,40.23,41.93
2024-03-03 15:14:30,42.01,40.31,42.51
2024-03-03 15:15:00,41.51,39.84,40.57
2024-03-03 15:15:30,40.27,37.53,40.73
2024-03-03 15:16:00,40.62,39.65,40.89
2024-03-03 15:16:30,41.86,40.28,40.18
2024-03-03 15:17:00,40.85,37.78,45.0
2024-03-03 15:17:30,41.73,38.17,41.56
2024-03-03 15:18:00,40.93,38.66,40.91
2024-03-03 15:18:30,41.19,39.28,42.64
2024-03-03 15:19:00,42.91,40.6,43.37
2024-03-03 15:19:30,41.5,38.55,41.45
2024-03-03 15:20:00,42.51,40.54,41.94
2024-03-03 15:20:30,42.73,38.42,43.34
2024-03-03 15:21:00,41.81,38.5,41.82
2024-03-03 15:21:30,40.41,41.19,39.37
2024-03-03 15:22:00,42.52,40.44,42.31
2024-03-03 15:22:30,42.31,39.66,40.56
2024-03-03 15:23:00,42.21,40.2,39.81
2024-03-03 15:23:30,41.64,38.84,37.26
2024-03-03 15:24:00,41.95,37.73,39.18
2024-03-03 15:24:30,41.24,37.74,44.35
2024-03-03 15:25:00,43.39,38.94,38.7
2024-03-03 15:25:30,41.3,37.66,
2024-03-03 15:26:00,38.17,39.53,39.0
2024-03-03 15:26:30,38.93,40.22,41.52
2024-03-03 15:27:00,42.52,39.5,42.47
2024-03-03 15:27:30,39.38,38.83,
2024-03-03 15:28:00,41.24,36.98,38.31
2024-03-03 15:28:30,42.03,40.31,42.32
2024-03-03 15:29:00,39.14,38.77,40.27
2024-03-03 15:29:30,40.15,39.15,40.56
2024-03-03 15:30:00,40.53,41.64,42.09
2024-03-03 15:30:30,41.27,38.51,41.28
2024-03-03 15:31:00,39.44,39.92,39.63
2024-03-03 15:31:30,41.41,40.28,41.81
2024-03-03 15:32:00,39.65,39.46,40.15
2024-03-03 15:32:30,39.76,37.73,41.88
2024-03-03 15:33:00,40.45,39.48,39.89
2024-03-03 15:33:30,39.97,39.87,40.3
2024-03-03 15:34:00,41.67,39.17,40.97
2024-03-03 15:34:30,40.71,38.74,39.95
2024-03-03 15:35:00,39.23,39.08,
2024-03-03 15:35:30,,38.11,42.84
2024-03-03 15:36:00,39.59,39.39,42.08
2024-03-03 15:36:30,39.74,38.6,40.08
2024-03-03 15:37:00,39.9,38.58,41.25
2024-03-03 15:37:30,38.19,39.27,40.31
2024-03-03 15:38:00,39.64,39.7,39.98
2024-03-03 15:38:30,41.14,38.56,38.83
2024-03-03 15:39:00,39.42,38.63,40.64
2024-03-03 15:39:30,42.44,38.01,
2024-03-03 15:40:00,40.39,38.88,41.3
2024-03-03 15:40:30,41.59,38.98,41.65
2024-03-03 15:41:00,41.32,37.06,40.08
2024-03-03 15:41:30,40.03,38.03,41.71
2024-03-03 15:42:00,39.75,36.95,41.2
2024-03-03 15:42:30,40.22,37.58,41.26
2024-03-03 15:43:00,40.56,39.59,39.86
2024-03-03 15:43:30,39.55,38.53,40.65
2024-03-03 15:44:00,42.57,38.22,39.23
2024-03-03 15:44:30,37.36,39.11,41.15
2024-03-03 15:45:00,39.46,38.26,40.59
2024-03-03 15:45:30,38.22,39.19,38.06
2024-03-03 15:46:00,39.8,37.33,39.64
2024-03-03 15:46:30,37.57,37.61,40.95
2024-03-03 15:47:00,39.69,40.21,37.21
2024-03-03 15:47:30,39.87,35.69,40.61
2024-03-03 15:48:00,39.85,37.07,41.27
2024-03-03 15:48:30,37.55,38.72,42.55
2024-03-03 15:49:00,40.13,39.69,40.09
2024-03-03 15:49:30,38.52,36.56,42.98
2024-03-03 15:50:00,39.57,37.3,41.28
2024-03-03 15:50:30,37.53,38.48,42.11
2024-03-03 15:51:00,39.15,38.03,38.43
2024-03-03 15:51:30,39.6,38.79,40.97
2024-03-03 15:52:00,37.98,39.08,38.83
2024-03-03 15:52:30,38.41,38.04,39.71
2024-03-03 15:53:00,39.08,38.47,39.39
2024-03-03 15:53:30,36.28,36.38,39.01
2024-03-03 15:54:00,37.99,37.09,37.62
2024-03-03 15:54:30,39.09,38.84,37.78
2024-03-03 15:55:00,37.23,36.34,40.77
2024-03-03 15:55:30,38.54,38.41,39.9
2024-03-03 15:56:00,38.13,35.41,40.77
2024-03-03 15:56:30,39.84,39.55,38.21
2024-03-03 15:57:00,37.99,36.3,42.0
2024-03-03 15:57:30,37.88,38.75,39.48
2024-03-03 15:58:00,38.05,38.69,38.99
2024-03-03 15:58:30,40.24,39.01,38.3
2024-03-03 15:59:00,37.78,38.03,37.43
2024-03-03 15:59:30,38.93,37.86,41.92
2024-03-03 16:00:00,37.29,37.19,39.32
2024-03-03 16:00:30,38.1,37.12,40.06
2024-03-03 16:01:00,37.53,37.35,40.8
2024-03-03 16:01:30,39.24,36.38,40.67
2024-03-03 16:02:00,38.13,38.04,37.4
2024-03-03 16:02:30,40.07,38.5,37.41
2024-03-03 16:03:00,38.66,38.07,39.9
2024-03-03 16:03:30,38.29,36.05,40.57
2024-03-03 16:04:00,38.3,36.67,40.49
2024-03-03 16:04:30,37.62,35.62,38.3
2024-03-03 16:05:00,39.22,37.91,37.39
2024-03-03 16:05:30,38.42,37.37,37.74
2024-03-03 16:06:00,,36.94,39.12
2024-03-03 16:06:30,36.91,37.05,39.57
2024-03-03 16:07:00,38.38,,39.95
2024-03-03 16:07:30,38.45,38.87,36.21
2024-03-03 16:08:00,38.25,38.67,37.74
2024-03-03 16:08:30,41.34,38.17,39.0
2024-03-03 16:09:00,41.45,36.2,36.2
2024-03-03 16:09:30,37.78,36.9,39.13
2024-03-03 16:10:00,36.42,38.01,38.17
2024-03-03 16:10:30,38.61,36.51,40.3
2024-03-03 16:11:00,36.82,37.26,38.5
2024-03-03 16:11:30,36.82,37.61,37.98
2024-03-03 16:12:00,38.1,36.7,40.55
2024-03-03 16:12:30,36.65,38.42,37.46
2024-03-03 16:13:00,39.18,37.08,36.8
2024-03-03 16:13:30,36.49,39.12,36.32
2024-03-03 16:14:00,38.13,37.93,38.36
2024-03-03 16:14:30,36.05,36.84,40.55
2024-03-03 16:15:00,37.44,37.21,39.73
2024-03-03 16:15:30,37.68,36.16,37.87
2024-03-03 16:16:00,39.07,38.1,39.75
2024-03-03 16:16:30,36.96,37.14,37.79
2024-03-03 16:17:00,37.21,,39.36
2024-03-03 16:17:30,38.12,36.17,40.9
2024-03-03 16:18:00,39.86,37.29,38.79
2024-03-03 16:18:30,38.14,37.78,36.74
2024-03-03 16:19:00,38.41,36.92,40.89
2024-03-03 16:19:30,39.54,36.36,38.95
2024-03-03 16:20:00,39.94,38.91,41.39
2024-03-03 16:20:30,37.5,35.75,38.16
2024-03-03 16:21:00,38.0,36.2,37.55
2024-03-03 16:21:30,36.17,36.72,41.36
2024-03-03 16:22:00,37.31,35.67,38.83
2024-03-03 16:22:30,37.92,36.21,40.32
2024-03-03 16:23:00,37.65,37.02,40.56
2024-03-03 16:23:30,36.23,36.7,38.98
2024-03-03 16:24:00,37.3,37.0,37.91
2024-03-03 16:24:30,37.26,35.54,38.28
2024-03-03 16:25:00,38.37,36.17,37.42
2024-03-03 16:25:30,36.37,36.65,38.43
2024-03-03 16:26:00,39.2,37.57,36.84
2024-03-03 16:26:30,38.02,36.64,
2024-03-03 16:27:00,37.72,35.99,38.87
2024-03-03 16:27:30,36.25,37.04,38.61
2024-03-03 16:28:00,38.43,35.36,38.49
2024-03-03 16:28:30,35.69,36.36,38.75
2024-03-03 16:29:00,39.12,36.03,38.91
2024-03-03 16:29:30,36.81,38.45,38.79
2024-03-03 16:30:00,36.3,35.89,38.65
2024-03-03 16:30:30,37.14,34.71,38.89
2024-03-03 16:31:00,36.05,35.87,38.34
2024-03-03 16:31:30,37.5,37.84,
2024-03-03 16:32:00,35.41,35.98,38.4
2024-03-03 16:32:30,38.34,34.38,36.64
2024-03-03 16:33:00,37.55,38.7,37.96
2024-03-03 16:33:30,37.32,35.62,37.39
2024-03-03 16:34:00,37.13,36.29,38.22
2024-03-03 16:34:30,37.08,34.28,37.83
2024-03-03 16:35:00,38.82,35.65,38.98
2024-03-03 16:35:30,35.8,35.68,37.97
2024-03-03 16:36:00,36.01,38.77,38.8
2024-03-03 16:36:30,35.44,37.65,39.32
2024-03-03 16:37:00,37.04,35.01,36.22
2024-03-03 16:37:30,36.77,36.23,38.49
2024-03-03 16:38:00,37.69,37.61,40.16
2024-03-03 16:38:30,34.78,36.56,38.54
2024-03-03 16:39:00,36.4,35.08,40.74
2024-03-03 16:39:30,37.16,37.08,36.59
2024-03-03 16:40:00,38.99,35.72,37.92
2024-03-03 16:40:30,37.32,36.95,38.31
2024-03-03 16:41:00,36.36,34.63,36.77
2024-03-03 16:41:30,39.02,36.19,38.8
2024-03-03 16:42:00,36.42,36.81,35.72
2024-03-03 16:42:30,35.73,36.28,39.49
2024-03-03 16:43:00,36.75,35.61,39.38
2024-03-03 16:43:30,35.85,36.45,38.93
2024-03-03 16:44:00,37.17,36.54,37.89
2024-03-03 16:44:30,36.91,34.8,37.41
2024-03-03 16:45:00,35.23,36.54,38.38
2024-03-03 16:45:30,37.64,34.89,
2024-03-03 16:46:00,38.51,35.19,35.72
2024-03-03 16:46:30,35.14,35.13,38.52
2024-03-03 16:47:00,35.77,35.86,38.2
2024-03-03 16:47:30,38.32,36.01,38.39
2024-03-03 16:48:00,36.15,35.05,35.6
2024-03-03 16:48:30,38.06,35.44,40.06
2024-03-03 16:49:00,36.0,36.46,37.86
2024-03-03 16:49:30,36.97,35.77,35.97
2024-03-03 16:50:00,37.23,36.68,39.01
2024-03-03 16:50:30,37.87,35.61,36.79
2024-03-03 16:51:00,36.71,35.11,37.73
2024-03-03 16:51:30,36.3,36.17,38.23
2024-03-03 16:52:00,39.69,36.19,37.13
2024-03-03 16:52:30,38.01,36.11,36.2
2024-03-03 16:53:00,36.28,36.07,36.69
2024-03-03 16:53:30,37.53,36.57,37.03
2024-03-03 16:54:00,34.18,35.75,38.32
2024-03-03 16:54:30,37.63,34.02,37.82
2024-03-03 16:55:00,37.52,33.98,38.95
2024-03-03 16:55:30,34.4,35.55,36.13
2024-03-03 16:56:00,36.56,35.17,40.03
2024-03-03 16:56:30,37.76,35.11,37.03
2024-03-03 16:57:00,37.03,36.08,35.45
2024-03-03 16:57:30,36.05,36.65,37.6
2024-03-03 16:58:00,35.06,35.37,37.45
2024-03-03 16:58:30,36.88,35.03,36.95
2024-03-03 16:59:00,35.49,35.83,34.51
2024-03-03 16:59:30,39.15,34.06,37.46
2024-03-03 17:00:00,37.88,35.04,37.43
2024-03-03 17:00:30,36.67,34.73,36.25
2024-03-03 17:01:00,36.84,35.46,36.96
2024-03-03 17:01:30,36.28,35.15,36.83
2024-03-03 17:02:00,35.3,34.74,
2024-03-03 17:02:30,39.43,33.86,38.7
2024-03-03 17:03:00,37.24,34.55,39.05
2024-03-03 17:03:30,35.64,35.61,37.02
2024-03-03 17:04:00,36.06,34.43,36.14
2024-03-03 17:04:30,36.35,34.71,35.81
2024-03-03 17:05:00,35.98,34.04,37.77
2024-03-03 17:05:30,35.72,33.48,34.82
2024-03-03 17:06:00,37.12,34.72,39.21
2024-03-03 17:06:30,37.9,36.93,35.46
2024-03-03 17:07:00,36.86,36.65,40.06
2024-03-03 17:07:30,36.4,35.02,36.6
2024-03-03 17:08:00,34.65,35.61,37.7
2024-03-03 17:08:30,37.48,34.31,34.78
2024-03-03 17:09:00,36.15,33.93,38.39
2024-03-03 17:09:30,37.11,35.35,37.99
2024-03-03 17:10:00,35.5,35.23,35.74
2024-03-03 17:10:30,36.81,34.37,33.24
2024-03-03 17:11:00,34.03,34.87,36.79
2024-03-03 17:11:30,36.1,33.74,36.03
2024-03-03 17:12:00,36.72,34.91,34.37
2024-03-03 17:12:30,35.7,34.8,34.1
2024-03-03 17:13:00,35.7,36.67,37.53
2024-03-03 17:13:30,35.64,33.14,
2024-03-03 17:14:00,34.53,35.17,
2024-03-03 17:14:30,37.59,35.69,37.32
2024-03-03 17:15:00,33.17,35.13,37.46
2024-03-03 17:15:30,37.64,35.27,35.53
2024-03-03 17:16:00,35.62,34.58,34.61
2024-03-03 17:16:30,33.35,34.7,38.5
2024-03-03 17:17:00,36.6,33.39,37.47
2024-03-03 17:17:30,37.03,33.81,35.51
2024-03-03 17:18:00,35.42,34.38,36.48
2024-03-03 17:18:30,36.31,35.29,36.64
2024-03-03 17:19:00,36.53,35.92,38.21
2024-03-03 17:19:30,36.12,33.26,36.0
2024-03-03 17:20:00,35.83,33.38,38.43
2024-03-03 17:20:30,35.63,34.58,33.74
2024-03-03 17:21:00,36.19,34.24,36.15
2024-03-03 17:21:30,36.34,34.53,36.0
2024-03-03 17:22:00,36.71,35.67,38.25
2024-03-03 17:22:30,35.2,33.81,37.94
2024-03-03 17:23:00,35.65,32.67,37.64
2024-03-03 17:23:30,34.27,35.23,36.68
2024-03-03 17:24:00,34.92,34.37,35.33
2024-03-03 17:24:30,36.07,32.09,36.04
2024-03-03 17:25:00,36.28,34.69,38.12
2024-03-03 17:25:30,36.49,35.39,36.83
2024-03-03 17:26:00,34.8,35.19,38.86
2024-03-03 17:26:30,34.68,33.58,36.2
2024-03-03 17:27:00,35.07,33.0,36.1
2024-03-03 17:27:30,36.83,35.09,37.2
2024-03-03 17:28:00,34.94,33.71,37.02
2024-03-03 17:28:30,36.99,34.49,36.35
2024-03-03 17:29:00,33.42,33.97,36.71
2024-03-03 17:29:30,36.25,32.67,34.71
2024-03-03 17:30:00,34.5,34.1,34.92
2024-03-03 17:30:30,36.5,33.75,
2024-03-03 17:31:00,36.47,33.37,36.67
2024-03-03 17:31:30,34.4,34.98,35.66
2024-03-03 17:32:00,35.14,34.88,36.02
2024-03-03 17:32:30,34.14,34.0,33.96
2024-03-03 17:33:00,36.53,34.67,36.73
2024-03-03 17:33:30,35.27,34.87,35.79
2024-03-03 17:34:00,34.91,33.8,39.09
2024-03-03 17:34:30,32.34,34.42,35.47
2024-03-03 17:35:00,33.05,34.38,36.74
2024-03-03 17:35:30,34.85,34.07,35.1
2024-03-03 17:36:00,34.28,33.37,32.82
2024-03-03 17:36:30,34.7,32.85,36.04
2024-03-03 17:37:00,36.06,35.28,37.46
2024-03-03 17:37:30,35.81,34.33,36.79
2024-03-03 17:38:00,33.41,34.18,36.48
2024-03-03 17:38:30,37.2,32.32,34.04
2024-03-03 17:39:00,35.31,33.51,35.5
2024-03-03 17:39:30,33.52,32.78,36.51
2024-03-03 17:40:00,,34.69,34.53
2024-03-03 17:40:30,34.32,34.95,31.91
2024-03-03 17:41:00,34.07,32.35,35.58
2024-03-03 17:41:30,36.57,33.99,32.79
2024-03-03 17:42:00,34.15,33.78,35.48
2024-03-03 17:42:30,36.12,32.69,33.67
2024-03-03 17:43:00,34.16,33.48,36.09
2024-03-03 17:43:30,36.79,35.62,35.29
2024-03-03 17:44:00,35.32,34.32,35.61
2024-03-03 17:44:30,36.72,34.03,34.82
2024-03-03 17:45:00,34.77,34.18,37.01
2024-03-03 17:45:30,34.57,32.05,35.88
2024-03-03 17:46:00,34.99,35.22,38.15
2024-03-03 17:46:30,33.17,34.05,33.44
2024-03-03 17:47:00,34.85,33.84,33.83
2024-03-03 17:47:30,36.25,33.62,35.47
2024-03-03 17:48:00,35.55,33.82,35.93
2024-03-03 17:48:30,34.65,32.26,33.04
2024-03-03 17:49:00,33.71,33.15,35.24
2024-03-03 17:49:30,34.18,33.81,36.75
2024-03-03 17:50:00,33.51,33.84,36.15
2024-03-03 17:50:30,30.93,34.34,35.83
2024-03-03 17:51:00,33.24,31.24,37.54
2024-03-03 17:51:30,33.95,33.29,35.88
2024-03-03 17:52:00,36.85,33.67,34.5
2024-03-03 17:52:30,35.39,32.21,34.62
2024-03-03 17:53:00,33.4,35.04,34.24
2024-03-03 17:53:30,33.84,34.23,33.64
2024-03-03 17:54:00,33.41,33.24,32.51
2024-03-03 17:54:30,38.22,32.13,35.11
2024-03-03 17:55:00,34.06,32.66,34.16
2024-03-03 17:55:30,34.71,32.46,38.5
2024-03-03 17:56:00,35.01,34.5,36.16
2024-03-03 17:56:30,33.36,33.52,36.19
2024-03-03 17:57:00,34.12,35.36,
2024-03-03 17:57:30,35.57,35.05,34.29
2024-03-03 17:58:00,32.37,35.2,34.98
2024-03-03 17:58:30,34.64,32.68,37.14
2024-03-03 17:59:00,35.15,33.73,35.61
2024-03-03 17:59:30,32.98,33.36,35.39
2024-03-03 18:00:00,36.71,32.22,33.46
2024-03-03 18:00:30,36.01,32.76,36.1
2024-03-03 18:01:00,32.95,33.02,33.62
2024-03-03 18:01:30,35.34,34.41,37.08
2024-03-03 18:02:00,36.03,34.32,33.89
2024-03-03 18:02:30,35.97,34.24,33.94
2024-03-03 18:03:00,33.37,32.89,34.54
2024-03-03 18:03:30,34.32,32.77,37.84
2024-03-03 18:04:00,34.5,32.61,34.28
2024-03-03 18:04:30,34.01,32.13,33.3
2024-03-03 18:05:00,34.39,34.88,34.84
2024-03-03 18:05:30,34.59,32.95,35.1
2024-03-03 18:06:00,34.8,32.32,35.06
2024-03-03 18:06:30,34.03,33.17,34.48
2024-03-03 18:07:00,36.01,33.64,33.99
2024-03-03 18:07:30,34.96,33.48,32.62
2024-03-03 18:08:00,34.3,34.61,
2024-03-03 18:08:30,34.49,34.02,35.36
2024-03-03 18:09:00,35.35,33.6,34.3
2024-03-03 18:09:30,33.29,32.05,33.23
2024-03-03 18:10:00,33.7,34.67,35.3
2024-03-03 18:10:30,34.19,31.84,31.63
2024-03-03 18:11:00,32.15,33.14,35.27
2024-03-03 18:11:30,35.3,34.26,32.46
2024-03-03 18:12:00,32.32,32.33,35.49
2024-03-03 18:12:30,36.29,31.98,33.24
2024-03-03 18:13:00,32.5,,35.68
2024-03-03 18:13:30,35.25,32.87,34.1
2024-03-03 18:14:00,34.44,33.5,35.07
2024-03-03 18:14:30,34.18,34.59,34.82
2024-03-03 18:15:00,35.08,33.39,34.34
2024-03-03 18:15:30,36.08,34.16,37.16
2024-03-03 18:16:00,33.6,32.34,34.17
2024-03-03 18:16:30,35.7,31.81,34.99
2024-03-03 18:17:00,32.48,33.02,32.99
2024-03-03 18:17:30,34.49,33.83,34.31
2024-03-03 18:18:00,33.69,31.55,35.57
2024-03-03 18:18:30,34.83,30.96,33.68
2024-03-03 18:19:00,34.17,34.23,33.99
2024-03-03 18:19:30,32.49,32.36,34.81
2024-03-03 18:20:00,33.59,32.77,35.12
2024-03-03 18:20:30,34.26,32.6,35.4
2024-03-03 18:21:00,33.88,32.46,34.52
2024-03-03 18:21:30,32.23,33.08,35.36
2024-03-03 18:22:00,34.15,34.29,33.87
2024-03-03 18:22:30,31.28,33.16,33.89
2024-03-03 18:23:00,32.12,33.65,36.11
2024-03-03 18:23:30,31.46,31.57,
2024-03-03 18:24:00,30.9,32.27,33.81
2024-03-03 18:24:30,34.48,32.2,32.92
2024-03-03 18:25:00,32.5,31.76,33.18
2024-03-03 18:25:30,34.75,31.24,34.97
2024-03-03 18:26:00,35.04,34.07,36.1
2024-03-03 18:26:30,35.2,32.75,34.16
2024-03-03 18:27:00,31.91,33.36,35.2
2024-03-03 18:27:30,32.12,32.59,35.98
2024-03-03 18:28:00,32.61,31.91,34.79
2024-03-03 18:28:30,36.18,32.07,33.58
2024-03-03 18:29:00,33.97,31.98,36.63
2024-03-03 18:29:30,32.53,32.91,33.33
2024-03-03 18:30:00,34.64,33.04,35.34
2024-03-03 18:30:30,35.09,32.91,33.37
2024-03-03 18:31:00,35.0,31.82,34.08
2024-03-03 18:31:30,34.67,33.93,33.7
2024-03-03 18:32:00,31.76,31.63,32.86
2024-03-03 18:32:30,34.69,32.97,29.99
2024-03-03 18:33:00,34.32,30.63,36.32
2024-03-03 18:33:30,34.23,33.8,36.96
2024-03-03 18:34:00,32.7,33.03,
2024-03-03 18:34:30,30.34,32.33,34.97
2024-03-03 18:35:00,31.76,30.66,32.96
2024-03-03 18:35:30,33.05,33.36,34.32
2024-03-03 18:36:00,32.23,33.67,35.23
2024-03-03 18:36:30,33.21,33.79,35.53
2024-03-03 18:37:00,33.53,31.57,31.75
2024-03-03 18:37:30,32.56,33.39,35.14
2024-03-03 18:38:00,34.65,33.75,31.46
2024-03-03 18:38:30,33.99,32.16,36.11
2024-03-03 18:39:00,32.74,30.71,34.75
2024-03-03 18:39:30,33.09,31.08,
2024-03-03 18:40:00,32.27,31.65,33.95
2024-03-03 18:40:30,34.68,31.12,33.26
2024-03-03 18:41:00,33.01,32.79,33.92
2024-03-03 18:41:30,30.67,33.79,31.73
2024-03-03 18:42:00,31.44,32.97,33.94
2024-03-03 18:42:30,31.92,33.04,35.29
2024-03-03 18:43:00,34.89,29.81,34.23
2024-03-03 18:43:30,34.1,30.63,34.1
2024-03-03 18:44:00,34.32,33.33,33.64
2024-03-03 18:44:30,34.95,31.2,34.39
2024-03-03 18:45:00,33.87,31.27,34.74
2024-03-03 18:45:30,31.98,31.35,33.56
2024-03-03 18:46:00,34.05,31.98,33.09
2024-03-03 18:46:30,33.35,32.87,35.6
2024-03-03 18:47:00,34.08,32.62,35.15
2024-03-03 18:47:30,33.49,32.66,34.56
2024-03-03 18:48:00,32.97,32.01,31.38
2024-03-03 18:48:30,34.53,32.42,33.39
2024-03-03 18:49:00,31.66,32.49,
2024-03-03 18:49:30,30.85,31.48,35.88
2024-03-03 18:50:00,32.14,33.53,32.7
2024-03-03 18:50:30,,32.18,34.03
2024-03-03 18:51:00,32.97,32.91,35.97
2024-03-03 18:51:30,32.45,32.68,35.42
2024-03-03 18:52:00,35.37,32.54,34.69
2024-03-03 18:52:30,34.25,33.11,33.68
2024-03-03 18:53:00,33.17,30.65,33.58
2024-03-03 18:53:30,32.84,31.93,
2024-03-03 18:54:00,33.07,31.9,33.26
2024-03-03 18:54:30,35.82,32.7,33.32
2024-03-03 18:55:00,33.14,33.05,30.64
2024-03-03 18:55:30,33.97,32.84,34.67
2024-03-03 18:56:00,31.52,31.26,34.97
2024-03-03 18:56:30,32.66,32.38,
2024-03-03 18:57:00,32.26,31.62,38.2
2024-03-03 18:57:30,33.21,33.03,33.57
2024-03-03 18:58:00,32.01,32.19,33.71
2024-03-03 18:58:30,33.07,30.6,34.91
2024-03-03 18:59:00,33.12,32.07,34.48
2024-03-03 18:59:30,33.53,31.51,34.54
2024-03-03 19:00:00,33.22,,32.88
2024-03-03 19:00:30,32.8,31.68,34.77
2024-03-03 19:01:00,32.77,,32.27
2024-03-03 19:01:30,33.42,33.82,32.77
2024-03-03 19:02:00,33.14,32.82,33.74
2024-03-03 19:02:30,33.4,33.03,32.62
2024-03-03 19:03:00,33.7,31.06,33.88
2024-03-03 19:03:30,32.52,33.73,33.2
2024-03-03 19:04:00,31.8,31.39,34.93
2024-03-03 19:04:30,32.61,31.27,33.77
2024-03-03 19:05:00,34.48,33.92,31.77
2024-03-03 19:05:30,33.08,31.9,34.02
2024-03-03 19:06:00,32.92,31.84,35.21
2024-03-03 19:06:30,33.27,32.87,31.17
2024-03-03 19:07:00,32.17,33.84,32.9
2024-03-03 19:07:30,34.17,33.5,
2024-03-03 19:08:00,33.15,32.52,34.84
2024-03-03 19:08:30,33.24,31.63,35.2
2024-03-03 19:09:00,34.26,,34.73
2024-03-03 19:09:30,30.88,32.43,34.06
2024-03-03 19:10:00,34.95,31.44,30.2
2024-03-03 19:10:30,34.41,31.1,33.57
2024-03-03 19:11:00,32.34,31.36,31.13
2024-03-03 19:11:30,34.37,30.58,32.05
2024-03-03 19:12:00,33.5,32.86,33.36
2024-03-03 19:12:30,34.68,33.16,33.5
2024-03-03 19:13:00,34.83,32.69,34.9
2024-03-03 19:13:30,33.0,32.83,35.64
2024-03-03 19:14:00,33.67,31.18,34.14
2024-03-03 19:14:30,33.58,31.74,33.55
2024-03-03 19:15:00,32.84,32.28,
2024-03-03 19:15:30,33.41,32.14,34.14
2024-03-03 19:16:00,31.76,34.15,34.99
2024-03-03 19:16:30,34.03,31.88,31.98
2024-03-03 19:17:00,33.14,30.66,34.09
2024-03-03 19:17:30,33.12,31.65,34.67
2024-03-03 19:18:00,33.14,31.7,33.43
2024-03-03 19:18:30,34.08,31.53,32.62
2024-03-03 19:19:00,30.57,31.87,34.7
2024-03-03 19:19:30,31.77,32.0,32.36
2024-03-03 19:20:00,32.22,32.81,34.31
2024-03-03 19:20:30,33.98,31.66,31.53
2024-03-03 19:21:00,34.1,31.52,35.21
2024-03-03 19:21:30,32.43,32.24,32.24
2024-03-03 19:22:00,35.0,33.24,
2024-03-03 19:22:30,32.33,31.61,33.4
2024-03-03 19:23:00,33.54,32.91,29.41
2024-03-03 19:23:30,32.92,31.89,33.51
2024-03-03 19:24:00,31.95,31.45,32.39
2024-03-03 19:24:30,33.15,31.31,35.56
2024-03-03 19:25:00,32.64,33.24,35.05
2024-03-03 19:25:30,33.16,31.84,32.35
2024-03-03 19:26:00,31.96,32.65,31.96
2024-03-03 19:26:30,31.49,31.7,35.85
2024-03-03 19:27:00,32.21,32.6,32.74
2024-03-03 19:27:30,32.61,31.64,34.71
2024-03-03 19:28:00,32.56,31.72,34.21
2024-03-03 19:28:30,33.34,32.37,32.27
2024-03-03 19:29:00,31.78,31.52,34.23
2024-03-03 19:29:30,34.48,32.1,33.12
2024-03-03 19:30:00,35.69,32.83,35.36
2024-03-03 19:30:30,33.35,31.96,32.24
2024-03-03 19:31:00,33.74,31.34,33.91
2024-03-03 19:31:30,32.87,32.78,33.5
2024-03-03 19:32:00,,31.85,33.81
2024-03-03 19:32:30,31.67,32.58,34.62
2024-03-03 19:33:00,33.18,29.08,32.32
2024-03-03 19:33:30,32.51,33.47,31.73
2024-03-03 19:34:00,33.64,33.3,32.69
2024-03-03 19:34:30,33.59,31.14,33.65
2024-03-03 19:35:00,33.68,30.5,34.96
2024-03-03 19:35:30,33.63,32.32,34.62
2024-03-03 19:36:00,32.79,30.06,33.98
2024-03-03 19:36:30,32.89,33.57,30.79
2024-03-03 19:37:00,34.82,32.05,33.94
2024-03-03 19:37:30,34.17,33.49,33.41
2024-03-03 19:38:00,33.76,31.59,34.23
2024-03-03 19:38:30,31.7,31.54,33.47
2024-03-03 19:39:00,32.94,32.26,34.8
2024-03-03 19:39:30,33.93,29.85,
2024-03-03 19:40:00,35.33,31.93,33.38
2024-03-03 19:40:30,31.68,33.43,33.54
2024-03-03 19:41:00,32.88,31.74,32.97
2024-03-03 19:41:30,32.37,31.08,33.82
2024-03-03 19:42:00,30.8,32.35,33.37
2024-03-03 19:42:30,33.2,33.48,33.23
2024-03-03 19:43:00,32.2,31.26,
2024-03-03 19:43:30,34.45,31.42,34.33
2024-03-03 19:44:00,30.41,32.04,33.01
2024-03-03 19:44:30,34.05,31.32,32.99
2024-03-03 19:45:00,35.19,29.32,33.82
2024-03-03 19:45:30,32.96,32.88,32.49
2024-03-03 19:46:00,33.19,33.81,32.65
2024-03-03 19:46:30,31.0,30.04,34.13
2024-03-03 19:47:00,34.44,33.1,34.76
2024-03-03 19:47:30,32.92,32.47,33.55
2024-03-03 19:48:00,32.39,32.3,33.99
2024-03-03 19:48:30,31.26,32.85,33.5
2024-03-03 19:49:00,33.22,32.16,33.01
2024-03-03 19:49:30,33.35,32.52,34.9
2024-03-03 19:50:00,33.69,30.51,33.48
2024-03-03 19:50:30,33.16,31.61,32.62
2024-03-03 19:51:00,32.22,32.12,33.9
2024-03-03 19:51:30,32.48,32.4,30.81
2024-03-03 19:52:00,33.77,32.06,32.01
2024-03-03 19:52:30,32.37,,35.22
2024-03-03 19:53:00,32.22,33.14,33.96
2024-03-03 19:53:30,32.56,33.6,34.28
2024-03-03 19:54:00,33.8,32.45,32.01
2024-03-03 19:54:30,32.3,30.36,31.57
2024-03-03 19:55:00,34.29,34.39,31.41
2024-03-03 19:55:30,31.84,33.27,31.27
2024-03-03 19:56:00,31.98,32.04,33.63
2024-03-03 19:56:30,33.71,33.34,35.16
2024-03-03 19:57:00,34.96,30.95,
2024-03-03 19:57:30,32.58,32.21,32.28
2024-03-03 19:58:00,34.66,31.63,33.76
2024-03-03 19:58:30,31.6,30.15,35.48
2024-03-03 19:59:00,33.09,32.73,33.47
2024-03-03 19:59:30,32.21,32.7,31.25
2024-03-03 20:00:00,31.9,32.13,35.69
2024-03-03 20:00:30,32.54,32.22,32.56
2024-03-03 20:01:00,33.84,32.66,34.6
2024-03-03 20:01:30,34.45,32.48,32.35
2024-03-03 20:02:00,31.81,32.52,34.51
2024-03-03 20:02:30,32.88,32.97,32.8
2024-03-03 20:03:00,32.42,31.32,33.95
2024-03-03 20:03:30,35.47,31.87,36.05
2024-03-03 20:04:00,31.07,31.61,
2024-03-03 20:04:30,34.76,32.63,33.24
2024-03-03 20:05:00,31.91,32.9,32.07
2024-03-03 20:05:30,35.3,32.5,33.1
2024-03-03 20:06:00,31.94,31.93,35.48
2024-03-03 20:06:30,33.24,34.11,33.06
2024-03-03 20:07:00,32.17,33.17,33.99
2024-03-03 20:07:30,33.16,31.13,29.17
2024-03-03 20:08:00,33.39,33.21,30.86
2024-03-03 20:08:30,33.76,31.59,34.56
2024-03-03 20:09:00,32.61,33.05,31.94
2024-03-03 20:09:30,32.77,31.99,33.47
2024-03-03 20:10:00,30.44,32.06,35.94
2024-03-03 20:10:30,31.07,31.52,31.81
2024-03-03 20:11:00,31.42,30.77,32.3
2024-03-03 20:11:30,33.48,31.87,33.04
2024-03-03 20:12:00,31.73,33.12,33.86
2024-03-03 20:12:30,32.48,33.33,35.39
2024-03-03 20:13:00,33.83,31.04,32.52
2024-03-03 20:13:30,33.1,33.03,32.53
2024-03-03 20:14:00,32.22,31.56,33.01
2024-03-03 20:14:30,34.78,31.67,34.43
2024-03-03 20:15:00,33.49,31.9,31.47
2024-03-03 20:15:30,31.43,32.33,34.86
2024-03-03 20:16:00,33.22,33.35,35.79
2024-03-03 20:16:30,32.81,32.32,34.7
2024-03-03 20:17:00,31.66,33.09,36.31
2024-03-03 20:17:30,34.07,32.4,
2024-03-03 20:18:00,32.77,31.58,33.86
2024-03-03 20:18:30,33.27,34.05,35.3
2024-03-03 20:19:00,33.26,,35.35
2024-03-03 20:19:30,34.3,33.98,33.94
2024-03-03 20:20:00,32.08,33.41,32.6
2024-03-03 20:20:30,34.15,30.5,35.61
2024-03-03 20:21:00,32.66,32.69,34.24
2024-03-03 20:21:30,31.66,31.73,33.18
2024-03-03 20:22:00,32.41,30.34,31.47
2024-03-03 20:22:30,32.62,31.87,31.12
2024-03-03 20:23:00,35.01,32.31,32.94
2024-03-03 20:23:30,30.69,31.49,32.03
2024-03-03 20:24:00,32.81,33.12,34.74
2024-03-03 20:24:30,31.8,33.24,32.48
2024-03-03 20:25:00,33.12,30.85,32.81
2024-03-03 20:25:30,32.29,31.8,32.29
2024-03-03 20:26:00,33.09,32.21,32.65
2024-03-03 20:26:30,34.69,34.28,33.58
2024-03-03 20:27:00,34.56,30.74,35.6
2024-03-03 20:27:30,33.77,31.31,35.26
2024-03-03 20:28:00,32.59,31.58,34.27
2024-03-03 20:28:30,35.4,30.22,31.29
2024-03-03 20:29:00,34.47,33.58,35.27
2024-03-03 20:29:30,34.17,32.5,31.63
2024-03-03 20:30:00,33.58,32.61,33.75
2024-03-03 20:30:30,32.56,31.45,31.52
2024-03-03 20:31:00,33.43,31.64,33.77
2024-03-03 20:31:30,31.87,32.88,34.82
2024-03-03 20:32:00,33.8,31.39,32.2
2024-03-03 20:32:30,32.37,32.28,35.59
2024-03-03 20:33:00,32.13,,33.42
2024-03-03 20:33:30,32.31,33.19,34.55
2024-03-03 20:34:00,33.25,35.24,33.07
2024-03-03 20:34:30,30.94,31.97,32.93
2024-03-03 20:35:00,32.79,31.77,34.32
2024-03-03 20:35:30,33.63,32.05,
2024-03-03 20:36:00,34.33,33.11,35.32
2024-03-03 20:36:30,32.15,33.07,34.34
2024-03-03 20:37:00,33.87,30.87,33.84
2024-03-03 20:37:30,33.66,34.88,32.36
2024-03-03 20:38:00,35.76,31.52,34.48
2024-03-03 20:38:30,33.71,33.31,36.34
2024-03-03 20:39:00,35.0,33.3,32.81
2024-03-03 20:39:30,33.46,32.99,35.55
2024-03-03 20:40:00,34.64,30.41,33.42
2024-03-03 20:40:30,,32.85,34.44
2024-03-03 20:41:00,33.1,31.79,33.2
2024-03-03 20:41:30,33.53,32.94,33.09
2024-03-03 20:42:00,33.68,32.56,33.21
2024-03-03 20:42:30,33.24,30.96,33.81
2024-03-03 20:43:00,33.43,33.14,32.68
2024-03-03 20:43:30,31.84,31.58,33.98
2024-03-03 20:44:00,32.84,30.42,33.94
2024-03-03 20:44:30,33.37,32.0,34.9
2024-03-03 20:45:00,33.53,32.69,33.74
2024-03-03 20:45:30,32.81,30.15,35.5
2024-03-03 20:46:00,34.02,32.67,35.55
2024-03-03 20:46:30,35.91,31.98,35.42
2024-03-03 20:47:00,33.99,32.3,34.76
2024-03-03 20:47:30,33.75,33.91,35.21
2024-03-03 20:48:00,32.99,32.58,34.79
2024-03-03 20:48:30,35.54,31.04,34.66
2024-03-03 20:49:00,31.8,31.89,36.15
2024-03-03 20:49:30,32.11,33.07,33.72
2024-03-03 20:50:00,31.82,31.54,35.49
2024-03-03 20:50:30,33.45,31.25,31.39
2024-03-03 20:51:00,34.12,31.72,34.2
2024-03-03 20:51:30,34.92,33.36,34.05
2024-03-03 20:52:00,35.04,31.97,31.96
2024-03-03 20:52:30,33.1,33.32,30.13
2024-03-03 20:53:00,33.82,31.87,34.43
2024-03-03 20:53:30,31.76,31.71,33.79
2024-03-03 20:54:00,32.49,33.57,33.92
2024-03-03 20:54:30,31.96,32.01,35.26
2024-03-03 20:55:00,32.71,,35.37
2024-03-03 20:55:30,34.03,32.88,33.97
2024-03-03 20:56:00,32.83,33.04,36.08
2024-03-03 20:56:30,32.99,31.18,32.9
2024-03-03 20:57:00,33.34,31.63,35.09
2024-03-03 20:57:30,34.06,34.95,33.0
2024-03-03 20:58:00,32.85,32.4,32.94
2024-03-03 20:58:30,32.42,32.12,33.08
2024-03-03 20:59:00,34.49,32.36,34.63
2024-03-03 20:59:30,34.82,,34.25
2024-03-03 21:00:00,32.98,33.81,33.84
2024-03-03 21:00:30,35.36,31.74,34.21
2024-03-03 21:01:00,32.9,32.05,35.47
2024-03-03 21:01:30,34.41,32.78,35.74
2024-03-03 21:02:00,32.76,30.68,35.12
2024-03-03 21:02:30,30.65,31.88,33.61
2024-03-03 21:03:00,33.79,29.74,36.86
2024-03-03 21:03:30,33.18,32.71,34.97
2024-03-03 21:04:00,35.28,33.7,34.74
2024-03-03 21:04:30,,33.06,32.65
2024-03-03 21:05:00,34.87,33.27,35.15
2024-03-03 21:05:30,32.77,,32.43
2024-03-03 21:06:00,34.99,29.86,31.28
2024-03-03 21:06:30,32.61,32.15,35.13
2024-03-03 21:07:00,32.19,31.79,36.94
2024-03-03 21:07:30,33.79,31.98,33.89
2024-03-03 21:08:00,33.13,31.11,33.33
2024-03-03 21:08:30,31.72,31.81,32.32
2024-03-03 21:09:00,33.21,34.23,34.98
2024-03-03 21:09:30,33.85,33.11,35.23
2024-03-03 21:10:00,33.77,,34.39
2024-03-03 21:10:30,,31.38,35.98
2024-03-03 21:11:00,34.12,31.85,34.9
2024-03-03 21:11:30,33.56,33.49,34.91
2024-03-03 21:12:00,35.27,33.38,32.94
2024-03-03 21:12:30,33.72,34.25,33.1
2024-03-03 21:13:00,33.25,33.2,34.49
2024-03-03 21:13:30,30.44,31.39,38.03
2024-03-03 21:14:00,33.92,32.72,33.21
2024-03-03 21:14:30,33.42,32.74,33.7
2024-03-03 21:15:00,33.96,32.73,
2024-03-03 21:15:30,33.96,32.11,33.09
2024-03-03 21:16:00,32.11,31.72,33.46
2024-03-03 21:16:30,34.02,32.96,36.39
2024-03-03 21:17:00,32.74,32.95,36.56
2024-03-03 21:17:30,33.74,31.93,34.41
2024-03-03 21:18:00,33.28,33.72,34.96
2024-03-03 21:18:30,33.58,33.29,34.78
2024-03-03 21:19:00,34.63,31.96,35.47
2024-03-03 21:19:30,33.34,33.28,30.73
2024-03-03 21:20:00,33.97,34.79,35.11
2024-03-03 21:20:30,33.79,32.34,35.81
2024-03-03 21:21:00,34.9,31.49,34.17
2024-03-03 21:21:30,34.35,33.44,33.52
2024-03-03 21:22:00,34.86,32.65,35.09
2024-03-03 21:22:30,33.65,32.18,34.58
2024-03-03 21:23:00,31.77,32.77,33.13
2024-03-03 21:23:30,33.31,31.61,35.27
2024-03-03 21:24:00,35.05,32.94,35.8
2024-03-03 21:24:30,32.66,33.47,32.39
2024-03-03 21:25:00,34.45,34.19,35.7
2024-03-03 21:25:30,34.61,36.25,31.65
2024-03-03 21:26:00,31.31,31.98,34.5
2024-03-03 21:26:30,33.77,33.75,34.88
2024-03-03 21:27:00,33.54,34.11,34.44
2024-03-03 21:27:30,32.66,33.5,35.45
2024-03-03 21:28:00,34.58,33.26,34.56
2024-03-03 21:28:30,34.67,33.18,37.97
2024-03-03 21:29:00,33.15,33.08,36.2
2024-03-03 21:29:30,34.2,32.36,35.18
2024-03-03 21:30:00,33.42,33.75,33.94
2024-03-03 21:30:30,33.69,33.51,36.04
2024-03-03 21:31:00,32.34,34.61,33.89
2024-03-03 21:31:30,33.34,32.14,35.52
2024-03-03 21:32:00,35.91,34.08,33.54
2024-03-03 21:32:30,32.53,31.81,32.04
2024-03-03 21:33:00,35.12,31.61,33.25
2024-03-03 21:33:30,35.46,34.49,33.16
2024-03-03 21:34:00,34.24,33.85,33.96
2024-03-03 21:34:30,36.24,31.75,31.85
2024-03-03 21:35:00,35.3,33.55,
2024-03-03 21:35:30,35.05,31.85,34.9
2024-03-03 21:36:00,34.02,31.63,35.33
2024-03-03 21:36:30,36.07,32.91,32.44
2024-03-03 21:37:00,33.95,33.52,34.37
2024-03-03 21:37:30,35.66,33.27,36.46
2024-03-03 21:38:00,35.38,35.53,35.89
2024-03-03 21:38:30,35.41,33.35,34.82
2024-03-03 21:39:00,32.85,34.81,35.18
2024-03-03 21:39:30,32.41,32.9,34.08
2024-03-03 21:40:00,33.95,32.46,35.16
2024-03-03 21:40:30,35.98,32.4,34.26
2024-03-03 21:41:00,31.9,33.63,35.76
2024-03-03 21:41:30,33.6,31.97,35.45
2024-03-03 21:42:00,34.06,34.2,35.19
2024-03-03 21:42:30,35.47,32.73,
2024-03-03 21:43:00,34.58,35.36,34.12
2024-03-03 21:43:30,34.85,31.29,35.42
2024-03-03 21:44:00,34.2,33.4,
2024-03-03 21:44:30,32.13,33.75,33.69
2024-03-03 21:45:00,35.45,32.59,34.46
2024-03-03 21:45:30,33.05,33.98,33.91
2024-03-03 21:46:00,,33.2,36.63
2024-03-03 21:46:30,34.26,32.67,36.78
2024-03-03 21:47:00,34.56,32.97,31.8
2024-03-03 21:47:30,32.26,32.24,34.7
2024-03-03 21:48:00,34.27,32.09,36.39
2024-03-03 21:48:30,33.39,31.44,34.02
2024-03-03 21:49:00,36.96,31.58,36.11
2024-03-03 21:49:30,35.79,32.89,35.11
2024-03-03 21:50:00,35.23,32.11,33.76
2024-03-03 21:50:30,36.11,33.18,37.82
2024-03-03 21:51:00,33.87,33.48,36.18
2024-03-03 21:51:30,35.2,33.04,35.06
2024-03-03 21:52:00,34.85,34.06,33.97
2024-03-03 21:52:30,34.74,33.69,36.99
2024-03-03 21:53:00,34.11,32.11,33.0
2024-03-03 21:53:30,32.27,33.86,31.14
2024-03-03 21:54:00,33.84,33.86,36.93
2024-03-03 21:54:30,34.67,34.12,34.13
2024-03-03 21:55:00,34.7,34.44,35.92
2024-03-03 21:55:30,34.2,34.91,33.78
2024-03-03 21:56:00,35.26,36.2,33.47
2024-03-03 21:56:30,35.43,33.11,34.84
2024-03-03 21:57:00,35.08,32.84,35.7
2024-03-03 21:57:30,34.93,34.68,35.34
2024-03-03 21:58:00,32.67,34.4,37.69
2024-03-03 21:58:30,34.83,33.77,36.18
2024-03-03 21:59:00,33.94,31.45,33.2
2024-03-03 21:59:30,34.6,34.87,35.86
2024-03-03 22:00:00,35.36,34.85,36.87
2024-03-03 22:00:30,32.75,34.38,37.52
2024-03-03 22:01:00,33.33,34.82,37.86
2024-03-03 22:01:30,35.57,35.24,35.31
2024-03-03 22:02:00,,35.0,34.73
2024-03-03 22:02:30,34.06,33.4,35.76
2024-03-03 22:03:00,34.54,32.88,35.48
2024-03-03 22:03:30,36.49,34.19,36.71
2024-03-03 22:04:00,32.24,34.29,32.84
2024-03-03 22:04:30,35.82,34.75,34.16
2024-03-03 22:05:00,34.83,34.83,34.36
2024-03-03 22:05:30,35.85,33.13,35.57
2024-03-03 22:06:00,35.19,33.23,34.1
2024-03-03 22:06:30,34.39,34.14,33.8
2024-03-03 22:07:00,34.84,33.35,38.32
2024-03-03 22:07:30,34.8,34.14,35.0
2024-03-03 22:08:00,34.4,33.86,33.62
2024-03-03 22:08:30,35.25,34.26,35.84
2024-03-03 22:09:00,35.99,35.32,35.42
2024-03-03 22:09:30,36.84,34.12,35.43
2024-03-03 22:10:00,35.83,33.77,36.16
2024-03-03 22:10:30,35.11,35.05,34.85
2024-03-03 22:11:00,34.25,31.95,35.06
2024-03-03 22:11:30,34.19,34.35,38.4
2024-03-03 22:12:00,35.83,34.19,34.65
2024-03-03 22:12:30,36.2,32.99,37.74
2024-03-03 22:13:00,34.43,34.3,
2024-03-03 22:13:30,35.5,34.77,35.55
2024-03-03 22:14:00,34.54,34.53,36.85
2024-03-03 22:14:30,34.76,35.38,36.06
2024-03-03 22:15:00,35.43,32.91,34.41
2024-03-03 22:15:30,33.89,34.84,36.33
2024-03-03 22:16:00,34.68,34.23,
2024-03-03 22:16:30,35.63,34.47,37.28
2024-03-03 22:17:00,36.32,34.35,36.0
2024-03-03 22:17:30,33.39,34.88,36.88
2024-03-03 22:18:00,33.5,31.77,36.58
2024-03-03 22:18:30,37.78,36.21,35.27
2024-03-03 22:19:00,35.76,33.17,36.77
2024-03-03 22:19:30,34.64,34.58,34.82
2024-03-03 22:20:00,35.17,35.65,36.58
2024-03-03 22:20:30,36.67,34.23,36.24
2024-03-03 22:21:00,35.59,33.61,36.23
2024-03-03 22:21:30,34.05,34.29,34.52
2024-03-03 22:22:00,36.3,33.94,35.5
2024-03-03 22:22:30,36.01,34.14,37.9
2024-03-03 22:23:00,33.79,34.05,34.67
2024-03-03 22:23:30,36.26,32.35,36.82
2024-03-03 22:24:00,36.3,34.33,35.97
2024-03-03 22:24:30,33.17,34.51,36.35
2024-03-03 22:25:00,35.32,34.57,36.63
2024-03-03 22:25:30,34.7,33.95,36.76
2024-03-03 22:26:00,35.03,35.53,34.43
2024-03-03 22:26:30,35.73,34.03,36.17
2024-03-03 22:27:00,36.63,34.49,37.92
2024-03-03 22:27:30,35.84,35.59,35.77
2024-03-03 22:28:00,35.05,34.42,38.0
2024-03-03 22:28:30,34.87,34.77,34.42
2024-03-03 22:29:00,34.3,34.16,39.57
2024-03-03 22:29:30,35.26,33.3,37.54
2024-03-03 22:30:00,38.42,34.81,37.67
2024-03-03 22:30:30,35.96,33.69,34.66
2024-03-03 22:31:00,33.79,33.94,36.12
2024-03-03 22:31:30,35.87,35.06,35.46
2024-03-03 22:32:00,37.0,34.34,36.01
2024-03-03 22:32:30,32.08,34.8,35.37
2024-03-03 22:33:00,37.86,33.75,34.07
2024-03-03 22:33:30,37.19,34.36,37.67
2024-03-03 22:34:00,39.02,34.58,33.84
2024-03-03 22:34:30,36.81,33.43,37.77
2024-03-03 22:35:00,34.19,36.34,38.35
2024-03-03 22:35:30,37.58,34.54,36.29
2024-03-03 22:36:00,35.37,33.99,34.91
2024-03-03 22:36:30,34.76,34.32,35.15
2024-03-03 22:37:00,36.59,34.35,36.32
2024-03-03 22:37:30,37.03,34.53,34.17
2024-03-03 22:38:00,36.92,34.38,38.63
2024-03-03 22:38:30,35.68,,36.98
2024-03-03 22:39:00,35.02,35.83,38.66
2024-03-03 22:39:30,37.22,35.91,39.22
2024-03-03 22:40:00,35.16,35.81,37.17
2024-03-03 22:40:30,34.41,35.95,37.22
2024-03-03 22:41:00,34.16,33.18,36.84
2024-03-03 22:41:30,36.37,34.66,36.46
2024-03-03 22:42:00,,33.18,36.98
2024-03-03 22:42:30,,34.43,37.78
2024-03-03 22:43:00,36.21,34.13,37.0
2024-03-03 22:43:30,36.79,34.84,38.5
2024-03-03 22:44:00,34.61,33.07,
2024-03-03 22:44:30,36.01,35.54,39.12
2024-03-03 22:45:00,34.36,34.9,37.33
2024-03-03 22:45:30,37.44,34.9,38.67
2024-03-03 22:46:00,35.42,35.44,35.91
2024-03-03 22:46:30,36.13,35.55,34.71
2024-03-03 22:47:00,37.55,36.53,36.72
2024-03-03 22:47:30,35.21,33.68,36.79
2024-03-03 22:48:00,35.86,35.53,39.2
2024-03-03 22:48:30,36.77,35.82,38.31
2024-03-03 22:49:00,38.07,34.09,36.88
2024-03-03 22:49:30,36.22,34.61,37.26
2024-03-03 22:50:00,35.56,35.64,35.23
2024-03-03 22:50:30,37.18,37.04,36.61
2024-03-03 22:51:00,36.86,36.65,37.7
2024-03-03 22:51:30,36.81,35.52,36.92
2024-03-03 22:52:00,37.51,34.62,
2024-03-03 22:52:30,36.74,35.82,37.02
2024-03-03 22:53:00,37.27,35.83,36.95
2024-03-03 22:53:30,35.2,36.89,37.39
2024-03-03 22:54:00,38.15,36.22,35.96
2024-03-03 22:54:30,36.38,35.47,36.61
2024-03-03 22:55:00,37.74,36.94,37.72
2024-03-03 22:55:30,36.82,34.36,36.89
2024-03-03 22:56:00,37.05,36.82,35.89
2024-03-03 22:56:30,36.54,36.15,39.54
2024-03-03 22:57:00,36.95,36.41,37.74
2024-03-03 22:57:30,36.3,34.57,36.38
2024-03-03 22:58:00,36.03,35.62,37.75
2024-03-03 22:58:30,37.6,35.2,
2024-03-03 22:59:00,33.3,38.02,38.04
2024-03-03 22:59:30,36.02,36.07,37.06
2024-03-03 23:00:00,37.27,36.15,39.12
2024-03-03 23:00:30,37.56,36.77,38.32
2024-03-03 23:01:00,35.73,,38.62
2024-03-03 23:01:30,37.35,33.58,37.06
2024-03-03 23:02:00,37.45,36.62,37.3
2024-03-03 23:02:30,34.4,36.25,35.53
2024-03-03 23:03:00,35.96,34.8,37.64
2024-03-03 23:03:30,39.58,35.2,38.23
2024-03-03 23:04:00,39.76,37.04,38.59
2024-03-03 23:04:30,37.16,35.49,37.63
2024-03-03 23:05:00,35.17,35.53,36.76
2024-03-03 23:05:30,37.93,36.7,37.28
2024-03-03 23:06:00,38.03,35.47,37.57
2024-03-03 23:06:30,37.78,36.6,40.01
2024-03-03 23:07:00,37.94,34.45,36.27
2024-03-03 23:07:30,38.52,35.65,38.65
2024-03-03 23:08:00,36.68,37.87,36.88
2024-03-03 23:08:30,36.62,34.98,37.94
2024-03-03 23:09:00,36.78,34.98,37.14
2024-03-03 23:09:30,34.59,36.01,38.31
2024-03-03 23:10:00,,36.06,36.27
2024-03-03 23:10:30,36.69,36.3,38.72
2024-03-03 23:11:00,38.41,33.47,39.11
2024-03-03 23:11:30,35.0,37.17,38.55
2024-03-03 23:12:00,38.52,37.53,37.95
2024-03-03 23:12:30,36.14,34.2,39.02
2024-03-03 23:13:00,37.9,34.12,36.6
2024-03-03 23:13:30,37.06,37.13,37.94
2024-03-03 23:14:00,35.84,36.86,38.15
2024-03-03 23:14:30,36.0,37.29,36.98
2024-03-03 23:15:00,38.06,36.26,39.45
2024-03-03 23:15:30,36.04,35.17,38.78
2024-03-03 23:16:00,36.45,37.33,39.87
2024-03-03 23:16:30,38.55,36.69,36.87
2024-03-03 23:17:00,37.45,35.2,36.98
2024-03-03 23:17:30,38.08,35.12,38.86
2024-03-03 23:18:00,38.17,35.77,38.27
2024-03-03 23:18:30,39.18,36.97,39.04
2024-03-03 23:19:00,37.03,37.11,39.3
2024-03-03 23:19:30,36.58,36.94,39.88
2024-03-03 23:20:00,37.45,36.58,38.0
2024-03-03 23:20:30,37.34,34.6,40.61
2024-03-03 23:21:00,37.24,36.58,38.29
2024-03-03 23:21:30,40.27,35.96,40.37
2024-03-03 23:22:00,38.41,36.37,38.25
2024-03-03 23:22:30,37.87,35.51,39.31
2024-03-03 23:23:00,35.92,38.94,38.22
2024-03-03 23:23:30,36.04,37.95,39.65
2024-03-03 23:24:00,38.25,37.97,37.23
2024-03-03 23:24:30,36.51,38.19,38.35
2024-03-03 23:25:00,37.06,36.58,38.84
2024-03-03 23:25:30,38.71,37.29,37.08
2024-03-03 23:26:00,38.92,34.62,39.7
2024-03-03 23:26:30,38.95,36.1,38.06
2024-03-03 23:27:00,39.01,37.09,39.42
2024-03-03 23:27:30,39.16,37.27,39.14
2024-03-03 23:28:00,39.68,37.91,36.73
2024-03-03 23:28:30,37.59,36.38,39.39
2024-03-03 23:29:00,38.03,36.48,38.09
2024-03-03 23:29:30,38.56,38.83,37.23
2024-03-03 23:30:00,37.03,38.45,36.69
2024-03-03 23:30:30,37.93,36.29,38.29
2024-03-03 23:31:00,36.38,37.37,39.12
2024-03-03 23:31:30,38.06,37.16,37.06
2024-03-03 23:32:00,39.71,37.29,41.01
2024-03-03 23:32:30,37.24,37.09,39.5
2024-03-03 23:33:00,36.62,37.5,38.54
2024-03-03 23:33:30,37.65,35.5,32.08
2024-03-03 23:34:00,37.29,37.65,40.89
2024-03-03 23:34:30,38.11,37.5,41.39
2024-03-03 23:35:00,38.58,36.71,39.98
2024-03-03 23:35:30,37.26,35.95,39.66
2024-03-03 23:36:00,37.83,37.42,38.48
2024-03-03 23:36:30,38.08,38.22,39.26
2024-03-03 23:37:00,36.79,37.63,38.41
2024-03-03 23:37:30,40.0,36.35,39.34
2024-03-03 23:38:00,,36.86,
2024-03-03 23:38:30,38.46,37.41,37.84
2024-03-03 23:39:00,40.17,36.43,39.38
2024-03-03 23:39:30,36.2,38.11,36.95
2024-03-03 23:40:00,38.36,37.3,39.4
2024-03-03 23:40:30,37.08,38.58,40.03
2024-03-03 23:41:00,38.96,38.29,39.97
2024-03-03 23:41:30,38.61,36.72,41.47
2024-03-03 23:42:00,38.32,37.09,39.97
2024-03-03 23:42:30,38.53,39.16,36.46
2024-03-03 23:43:00,37.32,37.41,
2024-03-03 23:43:30,38.88,37.36,39.73
2024-03-03 23:44:00,40.15,36.37,40.52
2024-03-03 23:44:30,,,40.67
2024-03-03 23:45:00,39.29,36.53,40.89
2024-03-03 23:45:30,38.5,39.03,37.61
2024-03-03 23:46:00,38.35,36.81,40.91
2024-03-03 23:46:30,39.04,37.07,39.12
2024-03-03 23:47:00,38.01,36.56,38.64
2024-03-03 23:47:30,39.59,36.4,36.79
2024-03-03 23:48:00,39.65,39.57,39.23
2024-03-03 23:48:30,38.31,36.63,40.02
2024-03-03 23:49:00,39.63,36.95,41.48
2024-03-03 23:49:30,38.41,38.44,39.36
2024-03-03 23:50:00,39.1,36.02,40.84
2024-03-03 23:50:30,40.16,37.59,38.06
2024-03-03 23:51:00,40.03,37.6,38.84
2024-03-03 23:51:30,38.86,38.98,37.89
2024-03-03 23:52:00,38.23,39.29,40.21
2024-03-03 23:52:30,39.55,38.91,38.25
2024-03-03 23:53:00,37.35,37.75,42.42
2024-03-03 23:53:30,38.82,38.26,40.09
2024-03-03 23:54:00,37.82,38.07,39.52
2024-03-03 23:54:30,37.94,37.39,39.09
2024-03-03 23:55:00,40.17,38.19,39.97
2024-03-03 23:55:30,38.99,38.43,39.38
2024-03-03 23:56:00,,35.58,40.29
2024-03-03 23:56:30,36.49,36.91,37.53
2024-03-03 23:57:00,39.77,36.93,40.5
2024-03-03 23:57:30,38.07,37.08,39.73
2024-03-03 23:58:00,41.45,37.8,38.28
2024-03-03 23:58:30,39.47,38.14,38.27
2024-03-03 23:59:00,38.81,38.14,39.23
2024-03-03 23:59:30,41.16,36.68,38.56
2024-03-04 00:00:00,39.34,36.94,39.3
2024-03-04 00:00:30,39.06,38.14,40.89
2024-03-04 00:01:00,42.28,38.39,39.34
2024-03-04 00:01:30,39.12,37.92,39.49
2024-03-04 00:02:00,39.9,,41.91
2024-03-04 00:02:30,40.53,40.54,40.68
2024-03-04 00:03:00,40.71,39.01,43.03
2024-03-04 00:03:30,39.42,38.94,40.06
2024-03-04 00:04:00,39.57,36.96,38.71
2024-03-04 00:04:30,38.67,39.39,40.18
2024-03-04 00:05:00,,39.31,38.82
2024-03-04 00:05:30,38.92,38.81,40.13
2024-03-04 00:06:00,40.02,39.79,39.15
2024-03-04 00:06:30,39.9,37.99,41.94
2024-03-04 00:07:00,40.05,36.47,39.21
2024-03-04 00:07:30,35.85,39.19,40.48
2024-03-04 00:08:00,39.11,38.03,41.3
2024-03-04 00:08:30,38.22,37.85,39.36
2024-03-04 00:09:00,,38.23,
2024-03-04 00:09:30,41.09,37.29,41.32
2024-03-04 00:10:00,39.59,38.96,39.51
2024-03-04 00:10:30,40.85,39.16,40.26
2024-03-04 00:11:00,39.04,38.77,41.03
2024-03-04 00:11:30,39.36,37.67,42.05
2024-03-04 00:12:00,39.79,39.12,41.0
2024-03-04 00:12:30,39.32,37.2,40.89
2024-03-04 00:13:00,39.98,38.37,38.13
2024-03-04 00:13:30,39.37,39.1,38.32
2024-03-04 00:14:00,42.11,38.05,40.6
2024-03-04 00:14:30,39.02,39.27,42.04
2024-03-04 00:15:00,39.98,40.21,42.95
2024-03-04 00:15:30,39.39,38.44,40.81
2024-03-04 00:16:00,40.4,38.34,40.26
2024-03-04 00:16:30,38.86,37.76,41.49
2024-03-04 00:17:00,42.81,38.71,44.0
2024-03-04 00:17:30,39.57,39.25,42.1
2024-03-04 00:18:00,41.03,38.06,39.75
2024-03-04 00:18:30,38.46,38.82,38.88
2024-03-04 00:19:00,40.42,38.39,41.27
2024-03-04 00:19:30,39.74,40.06,39.77
2024-03-04 00:20:00,39.92,35.27,39.68
2024-03-04 00:20:30,38.43,36.82,39.7
2024-03-04 00:21:00,40.38,39.83,41.89
2024-03-04 00:21:30,41.12,38.2,41.52
2024-03-04 00:22:00,41.5,39.43,40.48
2024-03-04 00:22:30,38.96,40.45,39.09
2024-03-04 00:23:00,39.88,39.25,40.63
2024-03-04 00:23:30,41.32,38.46,38.26
2024-03-04 00:24:00,41.52,40.71,41.53
2024-03-04 00:24:30,39.35,39.07,40.02
2024-03-04 00:25:00,40.69,38.93,43.68
2024-03-04 00:25:30,41.31,38.85,39.06
2024-03-04 00:26:00,40.76,39.69,40.07
2024-03-04 00:26:30,40.04,39.46,41.21
2024-03-04 00:27:00,39.43,39.48,41.83
2024-03-04 00:27:30,42.16,38.53,39.61
2024-03-04 00:28:00,40.86,39.83,41.72
2024-03-04 00:28:30,39.73,39.17,41.48
2024-03-04 00:29:00,41.03,39.97,40.94
2024-03-04 00:29:30,38.99,38.52,41.7
2024-03-04 00:30:00,40.34,39.26,42.52
2024-03-04 00:30:30,42.16,40.92,42.59
2024-03-04 00:31:00,40.65,38.53,42.45
2024-03-04 00:31:30,40.14,40.63,40.82
2024-03-04 00:32:00,41.94,39.95,42.73
2024-03-04 00:32:30,40.81,38.83,39.43
2024-03-04 00:33:00,39.82,40.35,40.99
2024-03-04 00:33:30,42.82,40.27,40.24
2024-03-04 00:34:00,41.56,40.36,39.14
2024-03-04 00:34:30,42.14,39.48,40.76
2024-03-04 00:35:00,42.05,38.94,41.14
2024-03-04 00:35:30,41.6,39.33,40.33
2024-03-04 00:36:00,40.37,41.33,41.5
2024-03-04 00:36:30,41.32,40.5,41.87
2024-03-04 00:37:00,,38.74,39.22
2024-03-04 00:37:30,40.67,39.78,42.34
2024-03-04 00:38:00,42.36,40.54,43.14
2024-03-04 00:38:30,38.99,39.55,40.48
2024-03-04 00:39:00,40.34,38.94,43.53
2024-03-04 00:39:30,39.64,39.18,41.54
2024-03-04 00:40:00,41.41,40.93,41.67
2024-03-04 00:40:30,39.5,37.56,41.72
2024-03-04 00:41:00,42.05,39.72,42.61
2024-03-04 00:41:30,42.4,40.33,40.59
2024-03-04 00:42:00,41.16,39.02,40.53
2024-03-04 00:42:30,,39.56,41.52
2024-03-04 00:43:00,42.57,38.51,42.35
2024-03-04 00:43:30,39.26,39.89,45.08
2024-03-04 00:44:00,39.83,40.09,42.07
2024-03-04 00:44:30,41.07,39.87,41.75
2024-03-04 00:45:00,41.16,40.25,40.93
2024-03-04 00:45:30,42.52,40.0,40.45
2024-03-04 00:46:00,42.47,40.85,42.37
2024-03-04 00:46:30,42.28,40.08,43.89
2024-03-04 00:47:00,44.21,40.75,39.85
2024-03-04 00:47:30,41.61,39.25,43.52
2024-03-04 00:48:00,42.71,40.41,44.66
2024-03-04 00:48:30,43.18,38.43,
2024-03-04 00:49:00,42.26,39.31,41.16
2024-03-04 00:49:30,36.72,38.47,40.86
2024-03-04 00:50:00,42.79,41.32,42.02
2024-03-04 00:50:30,43.06,41.72,44.17
2024-03-04 00:51:00,42.2,40.4,42.57
2024-03-04 00:51:30,40.18,40.27,
2024-03-04 00:52:00,,40.75,44.31
2024-03-04 00:52:30,43.03,39.44,40.9
2024-03-04 00:53:00,41.76,39.33,44.9
2024-03-04 00:53:30,43.04,41.93,42.98
2024-03-04 00:54:00,43.05,40.83,46.21
2024-03-04 00:54:30,43.12,38.87,42.6
2024-03-04 00:55:00,42.44,41.56,40.79
2024-03-04 00:55:30,41.29,41.55,
2024-03-04 00:56:00,40.97,40.16,41.29
2024-03-04 00:56:30,42.32,40.78,41.32
2024-03-04 00:57:00,43.8,41.14,42.47
2024-03-04 00:57:30,42.33,39.52,45.9
2024-03-04 00:58:00,40.99,40.65,41.88
2024-03-04 00:58:30,42.88,41.25,43.91
2024-03-04 00:59:00,42.16,41.33,44.02
2024-03-04 00:59:30,42.5,,42.61
2024-03-04 01:00:00,43.52,41.32,42.54
2024-03-04 01:00:30,43.73,,42.38
2024-03-04 01:01:00,41.71,39.79,43.32
2024-03-04 01:01:30,40.94,40.83,43.77
2024-03-04 01:02:00,43.15,41.69,40.47
2024-03-04 01:02:30,41.72,40.06,43.1
2024-03-04 01:03:00,,42.02,44.93
2024-03-04 01:03:30,42.45,39.22,45.29
2024-03-04 01:04:00,42.6,41.32,42.99
2024-03-04 01:04:30,42.89,,42.11
2024-03-04 01:05:00,42.19,42.83,41.89
2024-03-04 01:05:30,42.12,39.73,44.95
2024-03-04 01:06:00,42.77,41.76,42.67
2024-03-04 01:06:30,41.62,42.26,42.17
2024-03-04 01:07:00,40.68,41.61,
2024-03-04 01:07:30,43.0,41.66,45.65
2024-03-04 01:08:00,41.23,42.58,45.51
2024-03-04 01:08:30,42.8,42.69,41.17
2024-03-04 01:09:00,,41.56,42.19
2024-03-04 01:09:30,40.84,42.07,43.38
2024-03-04 01:10:00,45.08,42.67,41.88
2024-03-04 01:10:30,42.21,41.58,41.95
2024-03-04 01:11:00,42.47,40.18,44.05
2024-03-04 01:11:30,42.67,42.89,42.65
2024-03-04 01:12:00,44.86,41.84,43.78
2024-03-04 01:12:30,44.64,44.3,45.79
2024-03-04 01:13:00,42.84,40.79,44.93
2024-03-04 01:13:30,40.68,43.11,42.1
2024-03-04 01:14:00,42.07,42.53,47.45
2024-03-04 01:14:30,43.05,41.9,44.28
2024-03-04 01:15:00,42.28,41.17,43.2
2024-03-04 01:15:30,42.17,41.78,43.43
2024-03-04 01:16:00,42.82,40.95,42.5
2024-03-04 01:16:30,43.73,40.33,
2024-03-04 01:17:00,41.79,43.08,43.46
2024-03-04 01:17:30,42.88,40.32,43.79
2024-03-04 01:18:00,,41.45,44.04
2024-03-04 01:18:30,42.17,43.11,41.74
2024-03-04 01:19:00,42.08,43.53,43.04
2024-03-04 01:19:30,41.7,40.33,45.41
2024-03-04 01:20:00,43.45,42.9,43.77
2024-03-04 01:20:30,41.5,42.6,44.37
2024-03-04 01:21:00,43.46,41.71,44.53
2024-03-04 01:21:30,44.26,41.44,43.38
2024-03-04 01:22:00,42.24,42.82,44.47
2024-03-04 01:22:30,43.99,41.39,41.86
2024-03-04 01:23:00,42.39,43.34,42.95
2024-03-04 01:23:30,42.54,42.3,42.69
2024-03-04 01:24:00,44.29,41.84,44.38
2024-03-04 01:24:30,41.37,43.81,44.9
2024-03-04 01:25:00,43.83,41.65,43.69
2024-03-04 01:25:30,43.6,41.18,44.11
2024-03-04 01:26:00,44.95,41.53,42.99
2024-03-04 01:26:30,42.3,41.93,45.17
2024-03-04 01:27:00,43.23,42.36,44.1
2024-03-04 01:27:30,41.28,42.8,42.71
2024-03-04 01:28:00,43.15,42.98,43.48
2024-03-04 01:28:30,41.86,43.75,46.3
2024-03-04 01:29:00,45.27,41.43,43.19
2024-03-04 01:29:30,44.73,42.78,43.58
2024-03-04 01:30:00,44.29,42.85,45.86
2024-03-04 01:30:30,42.77,43.18,43.36
2024-03-04 01:31:00,44.08,42.07,44.04
2024-03-04 01:31:30,41.51,41.04,43.44
2024-03-04 01:32:00,43.26,43.22,47.06
2024-03-04 01:32:30,44.95,43.5,42.69
2024-03-04 01:33:00,45.02,43.73,43.76
2024-03-04 01:33:30,41.78,43.2,44.12
2024-03-04 01:34:00,44.51,42.35,45.97
2024-03-04 01:34:30,44.98,42.02,47.08
2024-03-04 01:35:00,41.78,39.73,43.16
2024-03-04 01:35:30,44.55,41.05,45.56
2024-03-04 01:36:00,43.25,41.97,42.16
2024-03-04 01:36:30,44.63,43.88,43.68
2024-03-04 01:37:00,44.19,42.25,45.39
2024-03-04 01:37:30,44.89,44.39,44.8
2024-03-04 01:38:00,42.93,42.23,43.71
2024-03-04 01:38:30,43.79,43.6,46.2
2024-03-04 01:39:00,44.32,43.33,45.5
2024-03-04 01:39:30,44.37,44.65,41.08
2024-03-04 01:40:00,,43.19,44.39
2024-03-04 01:40:30,43.63,43.55,44.62
2024-03-04 01:41:00,43.98,46.45,46.14
2024-03-04 01:41:30,44.21,41.74,45.41
2024-03-04 01:42:00,43.05,42.37,46.14
2024-03-04 01:42:30,43.76,41.46,45.88
2024-03-04 01:43:00,44.46,43.04,46.33
2024-03-04 01:43:30,45.69,44.31,46.16
2024-03-04 01:44:00,41.8,44.19,44.79
2024-03-04 01:44:30,44.67,44.79,47.58
2024-03-04 01:45:00,43.98,42.53,
2024-03-04 01:45:30,44.11,44.07,45.32
2024-03-04 01:46:00,45.24,44.79,46.2
2024-03-04 01:46:30,42.63,42.17,46.92
2024-03-04 01:47:00,44.99,43.41,47.86
2024-03-04 01:47:30,43.7,43.15,46.78
2024-03-04 01:48:00,,43.25,45.64
2024-03-04 01:48:30,44.45,43.22,45.58
2024-03-04 01:49:00,43.96,42.37,45.34
2024-03-04 01:49:30,43.62,43.8,45.45
2024-03-04 01:50:00,42.62,41.89,45.05
2024-03-04 01:50:30,44.69,42.61,43.99
2024-03-04 01:51:00,43.16,43.39,47.94
2024-03-04 01:51:30,43.83,43.52,46.24
2024-03-04 01:52:00,44.55,42.58,46.11
2024-03-04 01:52:30,44.53,41.55,50.53
2024-03-04 01:53:00,46.16,44.19,47.14
2024-03-04 01:53:30,42.82,45.29,49.67
2024-03-04 01:54:00,44.88,44.64,46.15
2024-03-04 01:54:30,42.39,43.84,
2024-03-04 01:55:00,44.01,43.03,45.21
2024-03-04 01:55:30,48.53,44.08,46.36
2024-03-04 01:56:00,45.51,43.2,44.28
2024-03-04 01:56:30,45.87,43.97,45.78
2024-03-04 01:57:00,43.94,44.03,46.54
2024-03-04 01:57:30,44.5,46.12,45.91
2024-03-04 01:58:00,45.73,43.32,45.32
2024-03-04 01:58:30,43.54,43.0,46.11
2024-03-04 01:59:00,44.67,44.09,43.46
2024-03-04 01:59:30,44.33,43.59,45.42
2024-03-04 02:00:00,45.45,44.61,44.43
2024-03-04 02:00:30,43.47,44.97,46.72
2024-03-04 02:01:00,45.89,42.86,47.03
2024-03-04 02:01:30,44.78,44.3,44.34
2024-03-04 02:02:00,43.83,43.8,46.55
2024-03-04 02:02:30,45.45,42.13,46.07
2024-03-04 02:03:00,46.06,43.87,45.41
2024-03-04 02:03:30,44.88,43.29,46.81
2024-03-04 02:04:00,44.59,42.54,45.74
2024-03-04 02:04:30,43.05,44.32,46.93
2024-03-04 02:05:00,45.46,44.16,48.41
2024-03-04 02:05:30,43.7,43.75,48.63
2024-03-04 02:06:00,46.07,45.98,44.58
2024-03-04 02:06:30,43.81,45.1,45.72
2024-03-04 02:07:00,47.64,44.61,46.4
2024-03-04 02:07:30,47.81,43.61,45.6
2024-03-04 02:08:00,45.93,43.9,45.89
2024-03-04 02:08:30,46.35,44.64,48.34
2024-03-04 02:09:00,45.01,43.2,45.09
2024-03-04 02:09:30,44.42,44.59,44.56
2024-03-04 02:10:00,44.82,44.44,46.52
2024-03-04 02:10:30,48.44,46.13,47.44
2024-03-04 02:11:00,46.93,46.0,49.27
2024-03-04 02:11:30,46.08,44.68,47.35
2024-03-04 02:12:00,47.24,45.3,46.11
2024-03-04 02:12:30,44.49,45.91,47.59
2024-03-04 02:13:00,48.64,43.95,46.09
2024-03-04 02:13:30,47.23,44.09,45.81
2024-03-04 02:14:00,43.92,45.18,48.68
2024-03-04 02:14:30,45.78,44.03,48.71
2024-03-04 02:15:00,46.2,44.28,47.43
2024-03-04 02:15:30,45.07,44.9,43.23
2024-03-04 02:16:00,47.11,45.15,46.76
2024-03-04 02:16:30,46.57,44.18,46.59
2024-03-04 02:17:00,47.08,44.58,46.68
2024-03-04 02:17:30,45.56,45.68,48.62
2024-03-04 02:18:00,47.28,44.04,46.13
2024-03-04 02:18:30,44.67,45.65,44.35
2024-03-04 02:19:00,46.6,44.45,49.33
2024-03-04 02:19:30,45.75,44.87,47.38
2024-03-04 02:20:00,47.52,44.34,48.73
2024-03-04 02:20:30,46.18,45.51,46.18
2024-03-04 02:21:00,,45.69,47.89
2024-03-04 02:21:30,46.12,44.83,
2024-03-04 02:22:00,45.67,46.43,47.94
2024-03-04 02:22:30,45.57,45.72,46.05
2024-03-04 02:23:00,47.33,45.03,46.51
2024-03-04 02:23:30,46.0,46.17,48.97
2024-03-04 02:24:00,47.83,46.29,47.56
2024-03-04 02:24:30,46.35,44.21,47.5
2024-03-04 02:25:00,47.4,45.09,47.33
2024-03-04 02:25:30,46.7,43.08,48.61
2024-03-04 02:26:00,45.4,44.65,45.86
2024-03-04 02:26:30,45.36,43.02,47.03
2024-03-04 02:27:00,47.31,45.05,49.12
2024-03-04 02:27:30,48.73,45.62,45.39
2024-03-04 02:28:00,46.55,47.46,48.1
2024-03-04 02:28:30,45.54,45.82,48.19
2024-03-04 02:29:00,47.31,43.52,48.34
2024-03-04 02:29:30,47.82,46.14,47.81
2024-03-04 02:30:00,45.97,46.51,47.78
2024-03-04 02:30:30,47.14,45.34,47.38
2024-03-04 02:31:00,47.39,44.18,49.49
2024-03-04 02:31:30,48.63,43.79,48.86
2024-03-04 02:32:00,47.62,45.34,47.0
2024-03-04 02:32:30,44.58,46.39,48.38
2024-03-04 02:33:00,47.98,45.81,46.82
2024-03-04 02:33:30,49.28,46.27,48.6
2024-03-04 02:34:00,46.31,45.04,47.07
2024-03-04 02:34:30,46.98,45.56,46.27
2024-03-04 02:35:00,48.1,45.98,46.56
2024-03-04 02:35:30,45.76,46.45,45.11
2024-03-04 02:36:00,48.37,45.14,48.15
2024-03-04 02:36:30,47.36,45.93,46.32
2024-03-04 02:37:00,46.23,44.47,45.75
2024-03-04 02:37:30,47.8,46.72,47.23
2024-03-04 02:38:00,45.74,46.62,49.35
2024-03-04 02:38:30,48.39,46.41,48.66
2024-03-04 02:39:00,46.75,45.87,46.35
2024-03-04 02:39:30,49.52,45.51,48.78
2024-03-04 02:40:00,48.86,45.66,48.58
2024-03-04 02:40:30,46.95,45.61,49.6
2024-03-04 02:41:00,48.88,44.81,45.05
2024-03-04 02:41:30,46.24,45.98,47.81
2024-03-04 02:42:00,48.52,47.13,50.47
2024-03-04 02:42:30,46.62,46.62,48.88
2024-03-04 02:43:00,49.18,48.13,50.17
2024-03-04 02:43:30,49.61,47.06,50.48
2024-03-04 02:44:00,47.77,48.62,51.19
2024-03-04 02:44:30,48.96,46.48,47.34
2024-03-04 02:45:00,46.91,45.26,49.36
2024-03-04 02:45:30,50.21,46.75,49.33
2024-03-04 02:46:00,46.93,47.81,47.46
2024-03-04 02:46:30,46.37,46.49,47.7
2024-03-04 02:47:00,48.25,44.84,47.95
2024-03-04 02:47:30,46.5,47.37,48.11
2024-03-04 02:48:00,46.15,46.17,47.64
2024-03-04 02:48:30,47.24,45.7,49.17
2024-03-04 02:49:00,46.6,46.37,50.37
2024-03-04 02:49:30,48.72,47.09,50.46
2024-03-04 02:50:00,46.63,45.95,46.75
2024-03-04 02:50:30,48.46,47.79,48.63
2024-03-04 02:51:00,47.55,45.55,49.25
2024-03-04 02:51:30,45.85,46.69,49.08
2024-03-04 02:52:00,49.49,48.52,49.56
2024-03-04 02:52:30,45.72,45.99,48.94
2024-03-04 02:53:00,45.54,45.61,49.55
2024-03-04 02:53:30,51.11,48.14,48.65
2024-03-04 02:54:00,49.71,46.72,50.62
2024-03-04 02:54:30,46.74,45.12,
2024-03-04 02:55:00,49.5,46.33,47.05
2024-03-04 02:55:30,49.76,47.47,49.32
2024-03-04 02:56:00,48.93,47.85,50.45
2024-03-04 02:56:30,47.68,48.15,49.44
2024-03-04 02:57:00,48.85,47.92,47.46
2024-03-04 02:57:30,47.88,47.36,49.83
2024-03-04 02:58:00,50.77,44.12,49.08
2024-03-04 02:58:30,50.18,46.42,48.3
2024-03-04 02:59:00,47.43,48.13,48.2
2024-03-04 02:59:30,52.03,46.75,51.07
2024-03-04 03:00:00,50.39,46.61,50.38
2024-03-04 03:00:30,48.07,44.44,48.21
2024-03-04 03:01:00,48.46,46.31,50.22
2024-03-04 03:01:30,49.03,45.19,47.21
2024-03-04 03:02:00,46.41,45.87,49.6
2024-03-04 03:02:30,48.19,46.74,50.0
2024-03-04 03:03:00,48.66,46.08,49.91
2024-03-04 03:03:30,47.22,47.35,48.9
2024-03-04 03:04:00,49.97,46.38,46.48
2024-03-04 03:04:30,48.51,47.95,50.95
2024-03-04 03:05:00,49.29,47.39,48.31
2024-03-04 03:05:30,47.78,47.86,47.9
2024-03-04 03:06:00,49.99,46.76,50.49
2024-03-04 03:06:30,48.49,47.26,46.53
2024-03-04 03:07:00,48.78,46.35,49.48
2024-03-04 03:07:30,47.39,47.77,51.28
2024-03-04 03:08:00,49.19,49.86,46.7
2024-03-04 03:08:30,50.79,48.8,48.94
2024-03-04 03:09:00,47.54,47.79,46.86
2024-03-04 03:09:30,48.8,46.12,52.11
2024-03-04 03:10:00,50.25,48.85,49.8
2024-03-04 03:10:30,49.45,47.48,46.86
2024-03-04 03:11:00,49.23,47.54,
2024-03-04 03:11:30,48.4,48.05,48.72
2024-03-04 03:12:00,48.4,46.15,50.36
2024-03-04 03:12:30,49.39,47.79,49.93
2024-03-04 03:13:00,49.23,48.72,48.78
2024-03-04 03:13:30,50.51,47.16,49.1
2024-03-04 03:14:00,48.11,46.39,48.71
2024-03-04 03:14:30,,46.86,50.32
2024-03-04 03:15:00,48.34,47.3,50.98
2024-03-04 03:15:30,50.21,46.02,51.67
2024-03-04 03:16:00,50.73,47.33,52.07
2024-03-04 03:16:30,49.92,45.86,50.16
2024-03-04 03:17:00,49.98,48.07,50.68
2024-03-04 03:17:30,50.92,47.7,50.17
2024-03-04 03:18:00,50.42,47.67,50.53
2024-03-04 03:18:30,51.4,48.42,50.65
2024-03-04 03:19:00,48.85,45.07,47.82
2024-03-04 03:19:30,48.15,48.08,50.16
2024-03-04 03:20:00,50.57,48.1,50.21
2024-03-04 03:20:30,48.81,46.84,50.06
2024-03-04 03:21:00,50.74,47.51,50.99
2024-03-04 03:21:30,48.74,47.53,49.69
2024-03-04 03:22:00,51.4,49.29,52.49
2024-03-04 03:22:30,49.6,47.46,48.95
2024-03-04 03:23:00,49.61,48.14,49.6
2024-03-04 03:23:30,47.14,47.63,53.25
2024-03-04 03:24:00,47.91,47.09,50.27
2024-03-04 03:24:30,47.15,47.02,50.08
2024-03-04 03:25:00,50.16,48.03,50.83
2024-03-04 03:25:30,48.07,46.29,47.68
2024-03-04 03:26:00,49.3,47.53,51.32
2024-03-04 03:26:30,49.04,46.93,52.59
2024-03-04 03:27:00,50.85,49.71,51.96
2024-03-04 03:27:30,50.75,45.61,50.6
2024-03-04 03:28:00,47.32,48.21,53.48
2024-03-04 03:28:30,51.08,47.46,48.55
2024-03-04 03:29:00,50.78,49.54,49.92
2024-03-04 03:29:30,48.32,48.45,51.76
2024-03-04 03:30:00,51.51,49.38,51.49
2024-03-04 03:30:30,50.32,47.33,52.53
2024-03-04 03:31:00,50.43,47.78,50.37
2024-03-04 03:31:30,51.07,48.01,50.89
2024-03-04 03:32:00,47.79,46.54,52.82
2024-03-04 03:32:30,50.1,48.78,50.92
2024-03-04 03:33:00,48.02,49.31,51.84
2024-03-04 03:33:30,50.83,48.8,55.62
2024-03-04 03:34:00,50.2,48.8,50.79
2024-03-04 03:34:30,48.03,51.64,51.82
2024-03-04 03:35:00,48.34,48.19,49.13
2024-03-04 03:35:30,48.83,48.23,50.63
2024-03-04 03:36:00,49.37,49.19,49.91
2024-03-04 03:36:30,50.31,49.66,49.87
2024-03-04 03:37:00,49.81,47.85,51.61
2024-03-04 03:37:30,48.5,49.24,51.45
2024-03-04 03:38:00,48.34,50.09,48.71
2024-03-04 03:38:30,52.61,51.01,51.58
2024-03-04 03:39:00,49.1,48.09,49.3
2024-03-04 03:39:30,49.91,49.76,52.05
2024-03-04 03:40:00,50.67,48.19,50.33
2024-03-04 03:40:30,50.2,48.57,50.03
2024-03-04 03:41:00,50.68,50.17,52.42
2024-03-04 03:41:30,50.91,49.41,51.55
2024-03-04 03:42:00,51.16,48.33,50.5
2024-03-04 03:42:30,49.73,49.58,51.83
2024-03-04 03:43:00,50.18,47.08,51.53
2024-03-04 03:43:30,,47.3,50.42
2024-03-04 03:44:00,49.99,48.69,52.36
2024-03-04 03:44:30,52.26,49.13,52.06
2024-03-04 03:45:00,48.99,50.78,50.7
2024-03-04 03:45:30,50.63,50.49,51.84
2024-03-04 03:46:00,49.5,47.83,51.39
2024-03-04 03:46:30,51.93,48.41,48.51
2024-03-04 03:47:00,52.04,47.68,50.77
2024-03-04 03:47:30,50.98,50.28,52.69
2024-03-04 03:48:00,51.09,48.14,49.62
2024-03-04 03:48:30,50.24,48.46,50.75
2024-03-04 03:49:00,51.11,47.41,51.29
2024-03-04 03:49:30,50.34,50.13,
2024-03-04 03:50:00,50.81,49.55,
2024-03-04 03:50:30,52.85,48.37,49.44
2024-03-04 03:51:00,51.55,49.69,52.89
2024-03-04 03:51:30,50.13,51.54,52.81
2024-03-04 03:52:00,48.9,48.28,49.29
2024-03-04 03:52:30,50.81,49.6,54.84
2024-03-04 03:53:00,51.86,48.08,51.08
2024-03-04 03:53:30,52.72,50.24,53.48
2024-03-04 03:54:00,49.43,49.43,50.66
2024-03-04 03:54:30,52.05,49.85,53.1
2024-03-04 03:55:00,48.73,49.97,52.25
2024-03-04 03:55:30,49.51,48.92,52.23
2024-03-04 03:56:00,52.33,49.43,53.14
2024-03-04 03:56:30,50.59,50.6,53.28
2024-03-04 03:57:00,49.71,47.83,52.66
2024-03-04 03:57:30,52.82,46.96,52.1
2024-03-04 03:58:00,51.7,50.9,52.98
2024-03-04 03:58:30,50.48,48.46,51.21
2024-03-04 03:59:00,51.03,48.81,51.76
2024-03-04 03:59:30,51.36,47.71,52.84
2024-03-04 04:00:00,49.56,49.58,53.58
2024-03-04 04:00:30,53.31,49.45,52.06
2024-03-04 04:01:00,51.3,50.91,53.63
2024-03-04 04:01:30,50.27,48.98,53.19
2024-03-04 04:02:00,49.8,48.95,54.0
2024-03-04 04:02:30,52.13,49.06,52.58
2024-03-04 04:03:00,52.46,50.11,52.84
2024-03-04 04:03:30,51.95,50.93,50.31
2024-03-04 04:04:00,50.57,49.88,54.07
2024-03-04 04:04:30,51.61,50.0,
2024-03-04 04:05:00,52.33,50.18,50.35
2024-03-04 04:05:30,53.26,51.24,54.43
2024-03-04 04:06:00,51.94,50.03,56.54
2024-03-04 04:06:30,51.36,50.32,52.54
2024-03-04 04:07:00,52.71,51.63,51.44
2024-03-04 04:07:30,51.74,51.07,51.02
2024-03-04 04:08:00,51.74,50.1,53.03
2024-03-04 04:08:30,51.18,48.65,51.14
2024-03-04 04:09:00,53.14,50.64,51.86
2024-03-04 04:09:30,52.04,50.19,52.57
2024-03-04 04:10:00,50.46,49.9,55.17
2024-03-04 04:10:30,51.99,51.7,52.71
2024-03-04 04:11:00,52.36,50.3,54.95
2024-03-04 04:11:30,52.04,51.27,53.78
2024-03-04 04:12:00,50.79,50.06,55.9
2024-03-04 04:12:30,49.39,50.64,52.75
2024-03-04 04:13:00,50.39,49.38,52.0
2024-03-04 04:13:30,51.08,51.87,55.35
2024-03-04 04:14:00,51.44,49.76,54.09
2024-03-04 04:14:30,53.36,50.79,
2024-03-04 04:15:00,50.57,52.0,53.84
2024-03-04 04:15:30,51.67,52.07,50.4
2024-03-04 04:16:00,53.55,51.05,53.71
2024-03-04 04:16:30,52.8,50.62,52.97
2024-03-04 04:17:00,51.94,51.5,51.86
2024-03-04 04:17:30,52.7,51.13,50.77
2024-03-04 04:18:00,52.14,49.63,51.29
2024-03-04 04:18:30,53.0,50.36,53.38
2024-03-04 04:19:00,52.78,51.11,54.04
2024-03-04 04:19:30,49.64,50.18,53.36
2024-03-04 04:20:00,53.14,49.95,53.25
2024-03-04 04:20:30,52.85,49.54,54.28
2024-03-04 04:21:00,53.01,49.59,51.45
2024-03-04 04:21:30,51.94,50.37,54.74
2024-03-04 04:22:00,53.06,50.8,50.98
2024-03-04 04:22:30,51.78,51.29,53.81
2024-03-04 04:23:00,53.77,50.6,54.73
2024-03-04 04:23:30,52.01,49.34,52.75
2024-03-04 04:24:00,50.08,51.21,51.71
2024-03-04 04:24:30,,52.4,52.12
2024-03-04 04:25:00,51.89,50.97,50.88
2024-03-04 04:25:30,53.68,50.64,54.35
2024-03-04 04:26:00,51.98,50.82,
2024-03-04 04:26:30,53.7,51.23,52.59
2024-03-04 04:27:00,50.75,51.44,53.83
2024-03-04 04:27:30,51.75,50.48,51.53
2024-03-04 04:28:00,53.64,49.96,51.35
2024-03-04 04:28:30,52.13,51.14,54.2
2024-03-04 04:29:00,55.55,48.77,54.53
2024-03-04 04:29:30,52.21,50.15,55.06
2024-03-04 04:30:00,53.42,50.55,51.96
2024-03-04 04:30:30,54.83,50.46,53.9
2024-03-04 04:31:00,53.06,51.44,53.87
2024-03-04 04:31:30,50.39,52.56,54.05
2024-03-04 04:32:00,52.47,,51.86
2024-03-04 04:32:30,54.73,50.19,51.83
2024-03-04 04:33:00,51.66,49.66,56.65
2024-03-04 04:33:30,51.81,50.73,56.3
2024-03-04 04:34:00,53.65,51.55,55.13
2024-03-04 04:34:30,51.52,50.52,54.83
2024-03-04 04:35:00,54.63,51.49,53.31
2024-03-04 04:35:30,53.09,52.82,54.68
2024-03-04 04:36:00,52.85,51.49,52.16
2024-03-04 04:36:30,52.76,52.52,52.42
2024-03-04 04:37:00,52.96,51.77,53.25
2024-03-04 04:37:30,51.42,49.54,55.16
2024-03-04 04:38:00,54.28,51.07,56.61
2024-03-04 04:38:30,51.95,53.18,54.95
2024-03-04 04:39:00,53.34,51.46,53.06
2024-03-04 04:39:30,54.1,51.06,52.25
2024-03-04 04:40:00,54.24,53.52,55.83
2024-03-04 04:40:30,53.05,52.03,57.03
2024-03-04 04:41:00,51.76,51.43,54.78
2024-03-04 04:41:30,53.53,,52.57
2024-03-04 04:42:00,54.03,52.87,54.47
2024-03-04 04:42:30,53.71,53.6,55.6
2024-03-04 04:43:00,53.68,53.14,55.07
2024-03-04 04:43:30,53.75,49.83,53.89
2024-03-04 04:44:00,51.91,51.91,53.96
2024-03-04 04:44:30,53.74,52.06,52.61
2024-03-04 04:45:00,52.71,48.43,
2024-03-04 04:45:30,52.89,52.85,54.48
2024-03-04 04:46:00,53.35,51.55,55.88
2024-03-04 04:46:30,53.68,50.83,56.03
2024-03-04 04:47:00,51.94,50.65,51.89
2024-03-04 04:47:30,52.31,52.3,54.14
2024-03-04 04:48:00,54.89,53.23,56.47
2024-03-04 04:48:30,54.32,52.44,54.59
2024-03-04 04:49:00,52.97,52.1,54.38
2024-03-04 04:49:30,54.15,51.01,53.29
2024-03-04 04:50:00,55.03,53.17,55.6
2024-03-04 04:50:30,53.14,51.39,52.07
2024-03-04 04:51:00,52.47,51.86,
2024-03-04 04:51:30,53.61,52.38,55.13
2024-03-04 04:52:00,52.8,53.7,54.37
2024-03-04 04:52:30,52.76,52.06,51.53
2024-03-04 04:53:00,,49.67,53.81
2024-03-04 04:53:30,52.23,49.97,54.67
2024-03-04 04:54:00,53.1,52.8,54.28
2024-03-04 04:54:30,53.17,52.43,52.76
2024-03-04 04:55:00,52.42,52.84,54.17
2024-03-04 04:55:30,52.91,51.74,54.22
2024-03-04 04:56:00,55.01,51.91,54.99
2024-03-04 04:56:30,52.66,52.79,53.99
2024-03-04 04:57:00,52.84,,54.68
2024-03-04 04:57:30,55.7,52.57,54.38
2024-03-04 04:58:00,54.76,52.04,53.14
2024-03-04 04:58:30,53.08,52.52,56.78
2024-03-04 04:59:00,54.69,52.62,53.45
2024-03-04 04:59:30,55.01,52.09,53.61
2024-03-04 05:00:00,52.58,53.11,53.55
2024-03-04 05:00:30,52.32,52.28,55.65
2024-03-04 05:01:00,54.6,51.37,53.97
2024-03-04 05:01:30,53.8,53.06,53.81
2024-03-04 05:02:00,52.42,50.76,55.09
2024-03-04 05:02:30,54.61,51.23,54.06
2024-03-04 05:03:00,55.76,51.65,56.91
2024-03-04 05:03:30,54.39,50.68,54.15
2024-03-04 05:04:00,53.47,53.58,55.75
2024-03-04 05:04:30,54.27,50.3,53.97
2024-03-04 05:05:00,53.33,52.03,56.16
2024-03-04 05:05:30,55.23,52.43,53.85
2024-03-04 05:06:00,55.16,51.56,
2024-03-04 05:06:30,54.71,54.01,54.15
2024-03-04 05:07:00,52.8,51.54,51.19
2024-03-04 05:07:30,54.28,53.76,55.59
2024-03-04 05:08:00,51.14,50.39,53.44
2024-03-04 05:08:30,52.41,51.83,55.49
2024-03-04 05:09:00,53.78,51.98,55.44
2024-03-04 05:09:30,54.32,53.13,53.26
2024-03-04 05:10:00,53.45,50.54,54.45
2024-03-04 05:10:30,52.59,53.22,55.78
2024-03-04 05:11:00,54.25,51.8,54.95
2024-03-04 05:11:30,54.09,51.3,52.74
2024-03-04 05:12:00,53.22,52.93,54.85
2024-03-04 05:12:30,55.35,52.11,56.27
2024-03-04 05:13:00,,52.7,54.39
2024-03-04 05:13:30,54.7,51.03,55.85
2024-03-04 05:14:00,55.17,53.11,54.94
2024-03-04 05:14:30,53.91,50.34,56.45
2024-03-04 05:15:00,51.94,53.08,56.08
2024-03-04 05:15:30,55.07,53.29,58.18
2024-03-04 05:16:00,54.31,53.43,54.33
2024-03-04 05:16:30,53.36,52.96,54.44
2024-03-04 05:17:00,56.58,50.18,54.87
2024-03-04 05:17:30,54.77,51.8,57.95
2024-03-04 05:18:00,54.9,52.2,55.97
2024-03-04 05:18:30,54.84,53.59,55.55
2024-03-04 05:19:00,54.73,51.89,56.42
2024-03-04 05:19:30,55.45,51.88,54.1
2024-03-04 05:20:00,54.85,53.76,56.76
2024-03-04 05:20:30,54.35,52.31,56.77
2024-03-04 05:21:00,53.34,52.36,54.43
2024-03-04 05:21:30,54.73,51.77,54.3
2024-03-04 05:22:00,53.14,52.85,56.51
2024-03-04 05:22:30,56.07,52.91,52.33
2024-03-04 05:23:00,51.75,53.34,54.64
2024-03-04 05:23:30,55.49,51.83,56.52
2024-03-04 05:24:00,54.16,52.63,54.55
2024-03-04 05:24:30,52.99,53.18,57.5
2024-03-04 05:25:00,54.32,53.9,56.5
2024-03-04 05:25:30,55.67,50.05,53.52
2024-03-04 05:26:00,55.11,53.05,
2024-03-04 05:26:30,55.45,52.23,54.76
2024-03-04 05:27:00,52.63,53.86,54.04
2024-03-04 05:27:30,54.33,51.63,56.51
2024-03-04 05:28:00,55.02,51.84,55.73
2024-03-04 05:28:30,56.08,53.25,55.33
2024-03-04 05:29:00,55.41,52.95,58.67
2024-03-04 05:29:30,54.71,52.92,
2024-03-04 05:30:00,55.77,54.47,57.19
2024-03-04 05:30:30,52.4,52.4,56.91
2024-03-04 05:31:00,54.64,54.96,55.0
2024-03-04 05:31:30,53.2,51.88,56.48
2024-03-04 05:32:00,54.87,51.6,54.7
2024-03-04 05:32:30,52.88,55.11,55.77
2024-03-04 05:33:00,55.67,51.84,56.95
2024-03-04 05:33:30,53.87,52.16,55.85
2024-03-04 05:34:00,53.88,54.21,53.77
2024-03-04 05:34:30,55.25,52.55,55.14
2024-03-04 05:35:00,54.22,52.3,52.46
2024-03-04 05:35:30,55.14,53.69,53.05
2024-03-04 05:36:00,54.6,53.36,55.7
2024-03-04 05:36:30,56.87,50.99,57.88
2024-03-04 05:37:00,55.28,51.44,55.89
2024-03-04 05:37:30,,53.9,56.03
2024-03-04 05:38:00,55.62,53.64,56.79
2024-03-04 05:38:30,54.02,54.58,54.61
2024-03-04 05:39:00,55.1,55.43,53.62
2024-03-04 05:39:30,54.83,53.87,55.39
2024-03-04 05:40:00,53.93,55.4,58.4
2024-03-04 05:40:30,54.72,54.51,55.25
2024-03-04 05:41:00,52.75,52.78,57.65
2024-03-04 05:41:30,56.07,52.98,55.95
2024-03-04 05:42:00,53.87,53.41,54.84
2024-03-04 05:42:30,56.4,53.94,57.01
2024-03-04 05:43:00,56.3,52.35,55.57
2024-03-04 05:43:30,53.47,53.02,55.16
2024-03-04 05:44:00,53.57,54.73,59.5
2024-03-04 05:44:30,56.98,53.91,57.06
2024-03-04 05:45:00,56.49,53.74,56.61
2024-03-04 05:45:30,55.16,50.96,54.89
2024-03-04 05:46:00,,54.62,56.69
2024-03-04 05:46:30,55.16,52.82,54.02
2024-03-04 05:47:00,57.12,53.65,56.49
2024-03-04 05:47:30,56.28,54.18,57.39
2024-03-04 05:48:00,55.82,53.32,57.47
2024-03-04 05:48:30,56.23,51.5,54.59
2024-03-04 05:49:00,57.31,51.42,56.76
2024-03-04 05:49:30,56.39,54.71,56.16
2024-03-04 05:50:00,53.13,52.1,56.9
2024-03-04 05:50:30,54.56,55.14,58.36
2024-03-04 05:51:00,56.0,52.25,56.59
2024-03-04 05:51:30,55.79,54.34,
2024-03-04 05:52:00,57.47,55.2,
2024-03-04 05:52:30,54.01,,53.42
2024-03-04 05:53:00,55.98,54.4,55.36
2024-03-04 05:53:30,53.71,53.4,58.14
2024-03-04 05:54:00,56.07,55.33,56.77
2024-03-04 05:54:30,56.69,53.69,59.6
2024-03-04 05:55:00,56.18,54.85,58.92
2024-03-04 05:55:30,56.28,54.07,54.5
2024-03-04 05:56:00,54.95,50.94,57.1
2024-03-04 05:56:30,54.79,54.08,55.53
2024-03-04 05:57:00,54.48,56.38,56.3
2024-03-04 05:57:30,56.23,52.64,55.41
2024-03-04 05:58:00,56.33,53.58,58.04
2024-03-04 05:58:30,55.97,54.54,58.23
2024-03-04 05:59:00,55.55,53.72,58.05
2024-03-04 05:59:30,53.36,52.64,57.11
2024-03-04 06:00:00,54.67,56.29,56.22
2024-03-04 06:00:30,55.47,54.55,54.06
2024-03-04 06:01:00,54.77,54.42,55.09
2024-03-04 06:01:30,56.7,52.87,56.35
2024-03-04 06:02:00,54.47,54.86,
2024-03-04 06:02:30,,53.64,57.75
2024-03-04 06:03:00,54.35,53.0,57.91
2024-03-04 06:03:30,57.08,55.47,
2024-03-04 06:04:00,56.07,53.0,56.54
2024-03-04 06:04:30,55.91,52.91,54.51
2024-03-04 06:05:00,54.72,54.37,57.61
2024-03-04 06:05:30,56.0,54.63,56.49
2024-03-04 06:06:00,55.14,54.59,59.65
2024-03-04 06:06:30,55.47,54.24,55.1
2024-03-04 06:07:00,56.97,52.78,56.39
2024-03-04 06:07:30,55.77,54.89,56.47
2024-03-04 06:08:00,56.9,55.65,55.75
2024-03-04 06:08:30,57.26,53.79,55.6
2024-03-04 06:09:00,55.15,,57.12
2024-03-04 06:09:30,56.28,54.12,55.9
2024-03-04 06:10:00,56.33,52.56,57.03
2024-03-04 06:10:30,55.12,55.72,56.78
2024-03-04 06:11:00,56.39,53.72,56.05
2024-03-04 06:11:30,55.69,52.89,58.08
2024-03-04 06:12:00,56.04,56.12,54.56
2024-03-04 06:12:30,55.46,54.75,58.85
2024-03-04 06:13:00,56.81,55.03,56.01
2024-03-04 06:13:30,57.17,54.06,57.73
2024-03-04 06:14:00,53.73,52.9,58.45
2024-03-04 06:14:30,56.23,54.03,58.53
2024-03-04 06:15:00,55.04,54.8,54.69
2024-03-04 06:15:30,57.46,53.31,55.85
2024-03-04 06:16:00,55.24,54.69,57.99
2024-03-04 06:16:30,57.09,54.78,56.15
2024-03-04 06:17:00,54.74,54.42,58.17
2024-03-04 06:17:30,54.24,55.65,58.3
2024-03-04 06:18:00,55.57,55.11,57.28
2024-03-04 06:18:30,55.11,53.99,59.24
2024-03-04 06:19:00,56.49,53.24,55.97
2024-03-04 06:19:30,54.01,53.82,57.79
2024-03-04 06:20:00,55.48,54.75,59.28
2024-03-04 06:20:30,58.31,53.25,55.31
2024-03-04 06:21:00,56.42,54.32,56.71
2024-03-04 06:21:30,54.73,56.21,57.84
2024-03-04 06:22:00,56.36,54.55,58.77
2024-03-04 06:22:30,56.0,54.92,57.25
2024-03-04 06:23:00,57.51,54.33,
2024-03-04 06:23:30,56.62,55.22,56.92
2024-03-04 06:24:00,55.91,53.85,57.03
2024-03-04 06:24:30,,54.28,57.73
2024-03-04 06:25:00,58.52,54.96,58.0
2024-03-04 06:25:30,55.77,54.37,56.18
2024-03-04 06:26:00,56.77,54.34,58.27
2024-03-04 06:26:30,56.4,55.02,57.09
2024-03-04 06:27:00,53.28,55.09,57.94
2024-03-04 06:27:30,58.05,54.29,57.62
2024-03-04 06:28:00,55.11,52.93,57.75
2024-03-04 06:28:30,54.72,56.37,59.16
2024-03-04 06:29:00,56.96,52.73,55.18
2024-03-04 06:29:30,55.5,54.06,54.85
2024-03-04 06:30:00,,53.52,57.58
2024-03-04 06:30:30,54.31,55.58,55.85
2024-03-04 06:31:00,57.47,54.46,57.82
2024-03-04 06:31:30,53.64,55.11,58.92
2024-03-04 06:32:00,55.49,55.96,55.05
2024-03-04 06:32:30,55.84,53.91,58.94
2024-03-04 06:33:00,56.37,55.19,58.19
2024-03-04 06:33:30,,54.97,59.35
2024-03-04 06:34:00,55.13,56.48,57.86
2024-03-04 06:34:30,57.1,53.83,56.61
2024-03-04 06:35:00,53.89,54.15,58.8
2024-03-04 06:35:30,53.73,55.06,56.51
2024-03-04 06:36:00,54.04,55.95,55.87
2024-03-04 06:36:30,55.19,54.45,57.45
2024-03-04 06:37:00,55.94,54.68,57.62
2024-03-04 06:37:30,55.79,55.19,57.37
2024-03-04 06:38:00,56.67,54.82,58.76
2024-03-04 06:38:30,55.93,54.37,59.95
2024-03-04 06:39:00,57.28,55.23,54.74
2024-03-04 06:39:30,57.41,55.51,
2024-03-04 06:40:00,57.13,55.99,57.02
2024-03-04 06:40:30,56.95,55.0,57.29
2024-03-04 06:41:00,55.47,54.65,58.23
2024-03-04 06:41:30,54.84,53.69,58.92
2024-03-04 06:42:00,57.11,54.8,61.22
2024-03-04 06:42:30,55.47,56.92,57.52
2024-03-04 06:43:00,56.2,54.32,58.31
2024-03-04 06:43:30,56.15,54.42,58.16
2024-03-04 06:44:00,58.21,54.28,56.63
2024-03-04 06:44:30,57.31,55.56,58.75
2024-03-04 06:45:00,57.65,54.71,
2024-03-04 06:45:30,57.8,56.12,56.16
2024-03-04 06:46:00,57.27,52.27,
2024-03-04 06:46:30,56.43,53.86,56.19
2024-03-04 06:47:00,55.93,56.04,55.46
2024-03-04 06:47:30,57.79,53.41,57.58
2024-03-04 06:48:00,56.17,55.11,57.37
2024-03-04 06:48:30,55.34,55.24,57.26
2024-03-04 06:49:00,58.62,53.82,57.57
2024-03-04 06:49:30,57.68,56.28,58.46
2024-03-04 06:50:00,53.22,53.25,56.77
2024-03-04 06:50:30,56.26,53.91,57.88
2024-03-04 06:51:00,55.92,54.53,55.2
2024-03-04 06:51:30,56.37,55.26,59.49
2024-03-04 06:52:00,55.78,54.61,58.6
2024-03-04 06:52:30,55.72,56.12,59.05
2024-03-04 06:53:00,56.55,55.04,57.01
2024-03-04 06:53:30,57.4,54.26,56.51
2024-03-04 06:54:00,57.06,56.07,57.53
2024-03-04 06:54:30,56.75,55.42,59.03
2024-03-04 06:55:00,56.33,,57.25
2024-03-04 06:55:30,56.18,54.99,61.05
2024-03-04 06:56:00,53.93,55.02,54.69
2024-03-04 06:56:30,58.02,54.53,57.63
2024-03-04 06:57:00,57.13,55.19,56.79
2024-03-04 06:57:30,58.87,55.03,57.06
2024-03-04 06:58:00,57.21,54.35,55.69
2024-03-04 06:58:30,55.09,54.26,56.48
2024-03-04 06:59:00,57.29,57.09,55.53
2024-03-04 06:59:30,57.2,55.57,58.29
2024-03-04 07:00:00,59.4,55.75,57.59
2024-03-04 07:00:30,56.07,55.87,56.86
2024-03-04 07:01:00,56.04,55.9,57.07
2024-03-04 07:01:30,56.87,55.49,57.33
2024-03-04 07:02:00,56.6,55.07,57.72
2024-03-04 07:02:30,56.85,,57.13
2024-03-04 07:03:00,57.06,54.46,58.0
2024-03-04 07:03:30,58.07,56.17,
2024-03-04 07:04:00,56.29,54.6,57.01
2024-03-04 07:04:30,55.53,54.44,58.64
2024-03-04 07:05:00,54.83,54.02,59.65
2024-03-04 07:05:30,56.73,54.05,56.3
2024-03-04 07:06:00,57.84,54.95,
2024-03-04 07:06:30,56.46,55.78,
2024-03-04 07:07:00,57.07,55.52,57.95
2024-03-04 07:07:30,57.82,54.08,60.27
2024-03-04 07:08:00,56.13,55.57,57.67
2024-03-04 07:08:30,57.39,54.5,56.45
2024-03-04 07:09:00,58.26,56.2,57.87
2024-03-04 07:09:30,55.75,54.0,55.76
2024-03-04 07:10:00,56.59,55.75,58.27
2024-03-04 07:10:30,58.18,55.45,58.65
2024-03-04 07:11:00,55.85,55.25,59.91
2024-03-04 07:11:30,56.91,54.92,58.06
2024-03-04 07:12:00,58.58,55.75,57.17
2024-03-04 07:12:30,57.43,55.25,58.56
2024-03-04 07:13:00,55.24,55.72,59.79
2024-03-04 07:13:30,55.22,55.18,57.33
2024-03-04 07:14:00,57.64,55.89,56.38
2024-03-04 07:14:30,57.05,54.32,57.85
2024-03-04 07:15:00,58.02,55.58,57.1
2024-03-04 07:15:30,56.4,56.24,57.6
2024-03-04 07:16:00,57.69,54.48,58.23
2024-03-04 07:16:30,56.29,56.95,58.17
2024-03-04 07:17:00,56.5,55.49,58.88
2024-03-04 07:17:30,56.46,54.49,58.49
2024-03-04 07:18:00,58.18,54.16,56.22
2024-03-04 07:18:30,56.81,54.63,58.88
2024-03-04 07:19:00,57.57,55.35,58.11
2024-03-04 07:19:30,60.23,55.26,59.48
2024-03-04 07:20:00,56.14,55.32,59.34
2024-03-04 07:20:30,57.66,55.11,56.3
2024-03-04 07:21:00,55.18,53.51,56.17
2024-03-04 07:21:30,56.95,55.76,57.69
2024-03-04 07:22:00,55.6,53.34,57.06
2024-03-04 07:22:30,55.18,55.41,57.41
2024-03-04 07:23:00,56.91,54.89,57.66
2024-03-04 07:23:30,60.16,53.57,56.35
2024-03-04 07:24:00,59.63,55.96,60.06
2024-03-04 07:24:30,57.8,54.03,57.89
2024-03-04 07:25:00,57.81,54.61,59.12
2024-03-04 07:25:30,56.45,54.89,59.97
2024-03-04 07:26:00,57.76,55.94,59.58
2024-03-04 07:26:30,53.34,55.12,57.64
2024-03-04 07:27:00,56.64,54.79,58.58
2024-03-04 07:27:30,57.46,55.94,55.66
2024-03-04 07:28:00,58.17,55.87,56.74
2024-03-04 07:28:30,56.16,54.19,59.17
2024-03-04 07:29:00,57.13,54.02,57.68
2024-03-04 07:29:30,57.71,55.14,58.73
2024-03-04 07:30:00,58.45,55.01,58.2
2024-03-04 07:30:30,58.78,57.54,56.29
2024-03-04 07:31:00,56.86,56.43,58.22
2024-03-04 07:31:30,57.76,55.79,57.3
2024-03-04 07:32:00,55.96,55.28,56.72
2024-03-04 07:32:30,57.41,54.19,58.65
2024-03-04 07:33:00,56.74,53.42,58.65
2024-03-04 07:33:30,57.74,54.33,57.6
2024-03-04 07:34:00,54.55,55.19,58.62
2024-03-04 07:34:30,56.05,56.36,57.72
2024-03-04 07:35:00,56.5,54.52,58.49
2024-03-04 07:35:30,56.4,55.37,56.83
2024-03-04 07:36:00,54.63,55.9,57.82
2024-03-04 07:36:30,55.04,55.81,59.02
2024-03-04 07:37:00,55.84,54.59,
2024-03-04 07:37:30,57.44,55.95,56.79
2024-03-04 07:38:00,56.32,54.86,55.82
2024-03-04 07:38:30,56.5,55.62,57.81
2024-03-04 07:39:00,56.18,54.9,57.83
2024-03-04 07:39:30,56.84,56.4,56.22
2024-03-04 07:40:00,56.83,54.53,60.5
2024-03-04 07:40:30,57.55,54.96,58.17
2024-03-04 07:41:00,57.82,55.53,56.04
2024-03-04 07:41:30,56.57,53.02,57.25
2024-03-04 07:42:00,56.05,56.42,57.61
2024-03-04 07:42:30,56.11,55.99,58.72
2024-03-04 07:43:00,57.97,56.63,57.06
2024-03-04 07:43:30,56.9,54.17,57.36
2024-03-04 07:44:00,55.42,55.75,57.9
2024-03-04 07:44:30,55.13,53.56,59.99
2024-03-04 07:45:00,56.47,55.08,55.55
2024-03-04 07:45:30,58.64,55.58,60.93
2024-03-04 07:46:00,,55.15,60.8
2024-03-04 07:46:30,55.8,55.19,56.53
2024-03-04 07:47:00,58.13,56.1,59.03
2024-03-04 07:47:30,58.17,54.76,59.55
2024-03-04 07:48:00,56.08,53.62,57.71
2024-03-04 07:48:30,57.02,56.3,58.51
2024-03-04 07:49:00,59.04,55.6,57.87
2024-03-04 07:49:30,54.56,56.13,57.84
2024-03-04 07:50:00,57.53,55.17,56.08
2024-03-04 07:50:30,57.39,53.95,56.94
2024-03-04 07:51:00,57.44,54.48,59.87
2024-03-04 07:51:30,57.12,54.96,57.61
2024-03-04 07:52:00,57.81,56.0,57.64
2024-03-04 07:52:30,56.6,55.85,58.14
2024-03-04 07:53:00,57.33,56.08,59.9
2024-03-04 07:53:30,57.69,55.0,57.15
2024-03-04 07:54:00,58.04,55.36,58.65
2024-03-04 07:54:30,57.19,55.94,57.75
2024-03-04 07:55:00,54.68,54.22,55.64
2024-03-04 07:55:30,56.49,57.45,58.47
2024-03-04 07:56:00,55.19,56.13,57.6
2024-03-04 07:56:30,58.17,53.7,58.2
2024-03-04 07:57:00,56.94,54.43,57.36
2024-03-04 07:57:30,56.8,54.64,57.87
2024-03-04 07:58:00,58.21,54.31,59.82
2024-03-04 07:58:30,56.4,54.56,55.92
2024-03-04 07:59:00,56.25,,56.48
2024-03-04 07:59:30,57.01,55.93,61.53
2024-03-04 08:00:00,56.06,54.72,56.45
2024-03-04 08:00:30,56.07,55.04,57.63
2024-03-04 08:01:00,56.63,55.21,57.13
2024-03-04 08:01:30,58.08,55.43,59.0
2024-03-04 08:02:00,57.41,55.6,59.16
2024-03-04 08:02:30,59.68,54.59,57.75
2024-03-04 08:03:00,56.6,57.73,56.42
2024-03-04 08:03:30,56.19,54.5,58.73
2024-03-04 08:04:00,57.26,54.8,58.55
2024-03-04 08:04:30,54.14,55.4,57.34
2024-03-04 08:05:00,56.23,56.62,57.51
2024-03-04 08:05:30,55.32,54.63,57.65
2024-03-04 08:06:00,55.52,55.8,60.2
2024-03-04 08:06:30,57.56,53.85,58.43
2024-03-04 08:07:00,58.27,55.81,57.82
2024-03-04 08:07:30,57.07,55.82,56.92
2024-03-04 08:08:00,60.44,55.22,57.56
2024-03-04 08:08:30,57.0,57.18,59.21
2024-03-04 08:09:00,57.57,58.18,57.82
2024-03-04 08:09:30,56.67,55.06,58.3
2024-03-04 08:10:00,58.19,56.48,58.44
2024-03-04 08:10:30,56.55,54.75,59.19
2024-03-04 08:11:00,58.07,55.21,58.23
2024-03-04 08:11:30,56.51,55.91,58.33
2024-03-04 08:12:00,52.89,55.11,57.62
2024-03-04 08:12:30,56.37,54.46,
2024-03-04 08:13:00,56.85,56.2,59.52
2024-03-04 08:13:30,57.39,,58.82
2024-03-04 08:14:00,55.21,54.52,
2024-03-04 08:14:30,58.55,56.95,58.88
2024-03-04 08:15:00,54.69,57.13,58.55
2024-03-04 08:15:30,55.95,54.99,58.55
2024-03-04 08:16:00,54.47,55.74,54.98
2024-03-04 08:16:30,59.99,57.15,61.34
2024-03-04 08:17:00,57.67,55.0,57.42
2024-03-04 08:17:30,54.84,56.33,57.05
2024-03-04 08:18:00,58.25,54.32,56.89
2024-03-04 08:18:30,55.05,55.53,58.0
2024-03-04 08:19:00,58.66,56.5,57.62
2024-03-04 08:19:30,57.38,55.57,57.73
2024-03-04 08:20:00,57.71,56.38,58.23
2024-03-04 08:20:30,57.28,55.86,57.91
2024-03-04 08:21:00,57.52,55.87,55.66
2024-03-04 08:21:30,54.94,56.44,58.67
2024-03-04 08:22:00,55.54,55.99,58.14
2024-03-04 08:22:30,56.74,55.17,58.67
2024-03-04 08:23:00,57.96,54.96,54.92
2024-03-04 08:23:30,56.02,57.7,59.14
2024-03-04 08:24:00,58.11,54.24,58.41
2024-03-04 08:24:30,55.22,53.78,59.89
2024-03-04 08:25:00,57.51,55.94,60.29
2024-03-04 08:25:30,57.47,56.22,58.82
2024-03-04 08:26:00,55.82,54.76,60.83
2024-03-04 08:26:30,57.2,55.48,56.29
2024-03-04 08:27:00,55.87,55.44,53.85
2024-03-04 08:27:30,57.69,55.51,59.45
2024-03-04 08:28:00,58.15,56.14,57.45
2024-03-04 08:28:30,56.23,54.3,58.23
2024-03-04 08:29:00,57.36,54.69,58.72
2024-03-04 08:29:30,58.01,55.24,55.54
2024-03-04 08:30:00,54.96,55.86,58.05
2024-03-04 08:30:30,57.25,56.02,56.09
2024-03-04 08:31:00,56.35,56.01,57.92
2024-03-04 08:31:30,55.66,55.89,59.89
2024-03-04 08:32:00,58.12,55.65,60.34
2024-03-04 08:32:30,58.96,54.68,55.29
2024-03-04 08:33:00,59.34,54.89,56.91
2024-03-04 08:33:30,54.87,55.13,56.01
2024-03-04 08:34:00,58.92,,59.31
2024-03-04 08:34:30,57.26,55.02,59.0
2024-03-04 08:35:00,55.1,55.97,57.74
2024-03-04 08:35:30,56.91,54.71,58.96
2024-03-04 08:36:00,57.1,55.22,58.14
2024-03-04 08:36:30,56.5,56.54,60.41
2024-03-04 08:37:00,54.91,56.05,57.65
2024-03-04 08:37:30,55.91,54.87,57.8
2024-03-04 08:38:00,57.6,54.67,60.37
2024-03-04 08:38:30,56.87,55.99,60.19
2024-03-04 08:39:00,56.28,55.38,57.3
2024-03-04 08:39:30,56.03,55.9,58.01
2024-03-04 08:40:00,59.34,55.86,59.15
2024-03-04 08:40:30,56.77,56.87,58.21
2024-03-04 08:41:00,56.02,53.65,57.31
2024-03-04 08:41:30,56.72,56.2,57.74
2024-03-04 08:42:00,58.39,55.78,59.49
2024-03-04 08:42:30,56.81,56.1,57.21
2024-03-04 08:43:00,58.79,54.95,56.97
2024-03-04 08:43:30,57.77,53.84,57.31
2024-03-04 08:44:00,57.16,55.83,58.21
2024-03-04 08:44:30,55.43,54.18,56.78
2024-03-04 08:45:00,54.83,55.27,58.81
2024-03-04 08:45:30,55.85,55.07,58.13
2024-03-04 08:46:00,58.11,54.98,57.05
2024-03-04 08:46:30,,54.89,56.11
2024-03-04 08:47:00,55.32,56.66,
2024-03-04 08:47:30,57.23,56.35,56.65
2024-03-04 08:48:00,56.93,55.83,56.96
2024-03-04 08:48:30,54.62,55.31,57.41
2024-03-04 08:49:00,56.82,53.73,58.76
2024-03-04 08:49:30,55.47,57.05,57.59
2024-03-04 08:50:00,56.46,54.89,59.22
2024-03-04 08:50:30,56.04,55.72,58.85
2024-03-04 08:51:00,56.23,56.16,57.22
2024-03-04 08:51:30,54.97,53.02,56.72
2024-03-04 08:52:00,56.28,55.42,56.34
2024-03-04 08:52:30,55.34,54.74,60.18
2024-03-04 08:53:00,56.98,53.96,56.6
2024-03-04 08:53:30,57.88,55.95,59.23
2024-03-04 08:54:00,56.86,54.77,57.33
2024-03-04 08:54:30,56.04,53.88,61.8
2024-03-04 08:55:00,57.05,54.84,59.04
2024-03-04 08:55:30,56.79,55.39,57.28
2024-03-04 08:56:00,56.26,54.73,55.38
2024-03-04 08:56:30,55.85,54.21,57.15
2024-03-04 08:57:00,57.8,54.45,57.49
2024-03-04 08:57:30,57.08,55.31,57.84
2024-03-04 08:58:00,56.05,53.29,54.71
2024-03-04 08:58:30,57.8,55.29,57.66
2024-03-04 08:59:00,55.97,53.36,57.6
2024-03-04 08:59:30,57.68,55.35,58.32
2024-03-04 09:00:00,54.19,55.67,58.91
2024-03-04 09:00:30,58.15,55.21,57.84
2024-03-04 09:01:00,57.08,54.62,57.99
2024-03-04 09:01:30,56.5,53.7,56.36
2024-03-04 09:02:00,54.54,56.69,56.69
2024-03-04 09:02:30,54.88,55.3,57.0
2024-03-04 09:03:00,55.58,55.41,58.84
2024-03-04 09:03:30,56.22,57.69,58.17
2024-03-04 09:04:00,58.99,53.61,59.81
2024-03-04 09:04:30,54.0,53.77,56.97
2024-03-04 09:05:00,57.32,54.41,56.32
2024-03-04 09:05:30,56.77,55.78,57.85
2024-03-04 09:06:00,57.53,54.02,56.56
2024-03-04 09:06:30,57.46,53.14,57.69
2024-03-04 09:07:00,55.92,55.14,57.38
2024-03-04 09:07:30,56.18,56.8,57.58
2024-03-04 09:08:00,57.19,54.43,58.26
2024-03-04 09:08:30,55.96,54.57,56.69
2024-03-04 09:09:00,57.98,55.3,59.34
2024-03-04 09:09:30,56.99,54.58,54.97
2024-03-04 09:10:00,58.02,54.22,57.65
2024-03-04 09:10:30,55.02,52.63,57.15
2024-03-04 09:11:00,,55.31,56.74
2024-03-04 09:11:30,56.01,55.57,56.05
2024-03-04 09:12:00,55.79,55.48,56.53
2024-03-04 09:12:30,55.77,54.82,59.91
2024-03-04 09:13:00,56.84,55.15,59.84
2024-03-04 09:13:30,56.55,55.37,57.29
2024-03-04 09:14:00,56.54,54.29,57.2
2024-03-04 09:14:30,57.29,55.49,58.5
2024-03-04 09:15:00,57.57,54.12,57.6
2024-03-04 09:15:30,56.63,54.88,56.93
2024-03-04 09:16:00,55.12,55.25,57.08
2024-03-04 09:16:30,55.77,54.13,55.88
2024-03-04 09:17:00,55.58,54.0,55.83
2024-03-04 09:17:30,56.47,52.95,58.73
2024-03-04 09:18:00,55.12,,58.46
2024-03-04 09:18:30,54.31,54.48,56.24
2024-03-04 09:19:00,54.93,54.88,56.89
2024-03-04 09:19:30,56.77,55.74,58.14
2024-03-04 09:20:00,59.72,55.58,57.37
2024-03-04 09:20:30,55.82,53.11,56.05
2024-03-04 09:21:00,56.7,53.69,57.05
2024-03-04 09:21:30,55.23,53.41,58.7
2024-03-04 09:22:00,56.93,52.74,58.74
2024-03-04 09:22:30,56.29,55.17,56.54
2024-03-04 09:23:00,55.69,55.56,58.25
2024-03-04 09:23:30,56.84,54.2,59.6
2024-03-04 09:24:00,55.96,54.11,56.89
2024-03-04 09:24:30,57.58,52.87,59.45
2024-03-04 09:25:00,56.21,53.04,58.23
2024-03-04 09:25:30,56.68,54.38,54.52
2024-03-04 09:26:00,56.48,55.51,59.46
2024-03-04 09:26:30,57.18,54.89,55.83
2024-03-04 09:27:00,56.32,53.56,58.92
2024-03-04 09:27:30,57.02,55.45,60.37
2024-03-04 09:28:00,57.88,55.17,59.49
2024-03-04 09:28:30,56.75,53.96,54.78
2024-03-04 09:29:00,54.7,53.23,57.36
2024-03-04 09:29:30,54.46,53.63,55.2
2024-03-04 09:30:00,55.25,54.41,58.11
2024-03-04 09:30:30,56.4,55.17,57.49
2024-03-04 09:31:00,56.21,53.06,52.48
2024-03-04 09:31:30,55.56,53.68,56.61
2024-03-04 09:32:00,54.15,55.46,57.13
2024-03-04 09:32:30,56.04,53.91,55.07
2024-03-04 09:33:00,55.83,53.87,55.24
2024-03-04 09:33:30,58.41,54.18,57.78
2024-03-04 09:34:00,55.47,55.4,58.72
2024-03-04 09:34:30,56.34,54.32,
2024-03-04 09:35:00,55.76,52.84,56.35
2024-03-04 09:35:30,56.0,52.28,56.29
2024-03-04 09:36:00,55.58,53.84,56.77
2024-03-04 09:36:30,54.72,55.05,56.87
2024-03-04 09:37:00,54.82,54.4,55.05
2024-03-04 09:37:30,54.59,54.72,56.37
2024-03-04 09:38:00,56.51,55.16,55.37
2024-03-04 09:38:30,55.77,54.02,56.67
2024-03-04 09:39:00,55.62,,55.09
2024-03-04 09:39:30,55.58,55.86,58.08
2024-03-04 09:40:00,53.96,56.34,58.36
2024-03-04 09:40:30,55.02,53.57,56.23
2024-03-04 09:41:00,54.74,56.03,55.87
2024-03-04 09:41:30,54.6,52.21,54.1
2024-03-04 09:42:00,55.96,53.96,58.13
2024-03-04 09:42:30,56.02,53.34,58.04
2024-03-04 09:43:00,55.54,53.25,57.55
2024-03-04 09:43:30,56.88,53.41,55.69
2024-03-04 09:44:00,54.44,54.13,56.31
2024-03-04 09:44:30,57.08,54.67,
2024-03-04 09:45:00,54.96,55.41,56.27
2024-03-04 09:45:30,55.78,54.2,57.42
2024-03-04 09:46:00,54.87,52.78,57.98
2024-03-04 09:46:30,55.25,53.86,55.41
2024-03-04 09:47:00,56.14,53.66,58.4
2024-03-04 09:47:30,52.37,53.54,56.49
2024-03-04 09:48:00,56.7,55.55,54.43
2024-03-04 09:48:30,55.85,55.62,57.37
2024-03-04 09:49:00,54.63,54.25,56.57
2024-03-04 09:49:30,55.38,54.56,54.15
2024-03-04 09:50:00,55.91,54.38,56.64
2024-03-04 09:50:30,56.1,54.8,57.52
2024-03-04 09:51:00,54.09,53.58,56.46
2024-03-04 09:51:30,55.68,53.38,
2024-03-04 09:52:00,56.27,53.05,56.96
2024-03-04 09:52:30,54.41,,56.91
2024-03-04 09:53:00,57.7,53.94,57.83
2024-03-04 09:53:30,55.79,53.4,55.99
2024-03-04 09:54:00,56.5,54.12,57.45
2024-03-04 09:54:30,57.25,53.26,59.17
2024-03-04 09:55:00,54.19,54.23,59.14
2024-03-04 09:55:30,56.95,54.67,55.42
2024-03-04 09:56:00,55.56,55.48,57.36
2024-03-04 09:56:30,54.45,54.05,57.42
2024-03-04 09:57:00,54.98,54.74,53.36
2024-03-04 09:57:30,55.91,53.75,57.58
2024-03-04 09:58:00,55.03,54.83,57.97
2024-03-04 09:58:30,53.74,53.43,55.32
2024-03-04 09:59:00,53.06,55.03,58.45
2024-03-04 09:59:30,56.3,53.55,57.9
2024-03-04 10:00:00,54.34,54.68,57.15
2024-03-04 10:00:30,55.31,54.26,53.26
2024-03-04 10:01:00,53.38,53.68,55.94
2024-03-04 10:01:30,55.35,53.73,57.07
2024-03-04 10:02:00,53.92,54.78,56.3
2024-03-04 10:02:30,55.79,55.4,55.25
2024-03-04 10:03:00,54.09,52.15,57.22
2024-03-04 10:03:30,55.58,50.68,57.03
2024-03-04 10:04:00,55.96,54.67,55.09
2024-03-04 10:04:30,54.19,52.3,59.42
2024-03-04 10:05:00,55.97,51.69,55.85
2024-03-04 10:05:30,55.45,53.79,58.53
2024-03-04 10:06:00,53.09,53.18,55.64
2024-03-04 10:06:30,55.93,54.0,57.88
2024-03-04 10:07:00,55.02,52.26,54.21
2024-03-04 10:07:30,54.16,52.49,58.29
2024-03-04 10:08:00,53.66,53.52,54.45
2024-03-04 10:08:30,55.07,54.09,57.74
2024-03-04 10:09:00,57.02,52.73,54.78
2024-03-04 10:09:30,54.7,52.85,58.52
2024-03-04 10:10:00,54.28,53.46,57.0
2024-03-04 10:10:30,54.17,52.48,53.25
2024-03-04 10:11:00,56.26,54.0,57.26
2024-03-04 10:11:30,54.08,53.39,54.68
2024-03-04 10:12:00,53.2,53.67,57.88
2024-03-04 10:12:30,53.46,53.88,54.35
2024-03-04 10:13:00,54.87,53.81,55.42
2024-03-04 10:13:30,54.73,51.68,56.01
2024-03-04 10:14:00,55.44,54.33,54.26
2024-03-04 10:14:30,54.71,51.61,53.82
2024-03-04 10:15:00,52.58,51.23,54.81
2024-03-04 10:15:30,55.23,53.42,55.16
2024-03-04 10:16:00,55.26,53.56,57.18
2024-03-04 10:16:30,55.26,54.16,56.86
2024-03-04 10:17:00,54.43,54.26,56.41
2024-03-04 10:17:30,53.62,54.18,56.92
2024-03-04 10:18:00,54.09,52.62,53.28
2024-03-04 10:18:30,54.83,53.91,55.79
2024-03-04 10:19:00,53.89,53.43,56.06
2024-03-04 10:19:30,54.27,52.06,55.7
2024-03-04 10:20:00,54.35,52.32,55.41
2024-03-04 10:20:30,52.94,52.69,55.33
2024-03-04 10:21:00,54.41,53.07,55.21
2024-03-04 10:21:30,54.04,51.93,56.27
2024-03-04 10:22:00,55.92,52.4,56.47
2024-03-04 10:22:30,53.24,52.63,55.3
2024-03-04 10:23:00,55.17,53.45,55.28
2024-03-04 10:23:30,53.85,52.32,54.67
2024-03-04 10:24:00,53.7,53.25,52.75
2024-03-04 10:24:30,55.98,52.29,53.69
2024-03-04 10:25:00,53.83,52.81,55.61
2024-03-04 10:25:30,54.41,53.46,56.39
2024-03-04 10:26:00,52.92,51.55,54.35
2024-03-04 10:26:30,53.71,51.82,55.52
2024-03-04 10:27:00,55.51,53.87,55.93
2024-03-04 10:27:30,53.19,51.54,54.19
2024-03-04 10:28:00,54.8,54.07,56.65
2024-03-04 10:28:30,56.3,53.61,55.78
2024-03-04 10:29:00,52.05,51.0,56.28
2024-03-04 10:29:30,54.83,53.4,56.49
2024-03-04 10:30:00,55.07,51.44,55.02
2024-03-04 10:30:30,56.0,50.64,56.24
2024-03-04 10:31:00,54.4,53.18,56.12
2024-03-04 10:31:30,54.71,53.05,55.83
2024-03-04 10:32:00,52.82,51.52,54.53
2024-03-04 10:32:30,52.84,53.38,55.34
2024-03-04 10:33:00,56.81,50.36,56.93
2024-03-04 10:33:30,55.51,52.86,
2024-03-04 10:34:00,54.64,52.21,54.49
2024-03-04 10:34:30,55.7,51.73,53.31
2024-03-04 10:35:00,55.25,53.92,57.66
2024-03-04 10:35:30,56.85,53.3,58.19
2024-03-04 10:36:00,55.13,54.56,54.93
2024-03-04 10:36:30,55.03,52.62,54.91
2024-03-04 10:37:00,56.31,53.84,54.71
2024-03-04 10:37:30,54.59,52.02,53.38
2024-03-04 10:38:00,54.46,53.84,54.89
2024-03-04 10:38:30,,51.93,55.02
2024-03-04 10:39:00,54.92,50.98,54.8
2024-03-04 10:39:30,52.62,53.53,56.04
2024-03-04 10:40:00,52.57,50.15,55.87
2024-03-04 10:40:30,54.01,51.42,56.87
2024-03-04 10:41:00,53.23,50.56,55.79
2024-03-04 10:41:30,53.28,50.52,55.06
2024-03-04 10:42:00,54.29,54.15,55.55
2024-03-04 10:42:30,54.69,52.2,56.63
2024-03-04 10:43:00,55.83,52.4,
2024-03-04 10:43:30,55.26,51.61,56.6
2024-03-04 10:44:00,53.32,55.13,53.4
2024-03-04 10:44:30,52.51,52.25,56.23
2024-03-04 10:45:00,52.16,51.43,52.34
2024-03-04 10:45:30,52.19,52.43,56.87
2024-03-04 10:46:00,54.22,50.47,54.75
2024-03-04 10:46:30,54.99,53.13,53.55
2024-03-04 10:47:00,54.59,52.3,52.66
2024-03-04 10:47:30,53.42,52.04,54.35
2024-03-04 10:48:00,52.34,49.4,54.19
2024-03-04 10:48:30,55.47,52.43,53.36
2024-03-04 10:49:00,51.66,51.53,53.26
2024-03-04 10:49:30,54.95,,53.84
2024-03-04 10:50:00,52.72,52.65,53.21
2024-03-04 10:50:30,52.24,52.16,53.82
2024-03-04 10:51:00,54.47,51.3,55.06
2024-03-04 10:51:30,54.54,50.69,58.34
2024-03-04 10:52:00,52.53,52.73,55.73
2024-03-04 10:52:30,54.39,51.23,51.42
2024-03-04 10:53:00,53.0,51.38,54.7
2024-03-04 10:53:30,52.59,54.47,54.44
2024-03-04 10:54:00,54.77,51.0,51.68
2024-03-04 10:54:30,54.36,52.55,52.94
2024-03-04 10:55:00,54.56,50.88,54.72
2024-03-04 10:55:30,55.07,51.33,55.64
2024-03-04 10:56:00,54.1,53.57,55.13
2024-03-04 10:56:30,53.55,52.21,53.44
2024-03-04 10:57:00,54.45,53.31,53.73
2024-03-04 10:57:30,55.26,51.34,53.7
2024-03-04 10:58:00,52.74,51.43,52.75
2024-03-04 10:58:30,52.99,51.4,56.02
2024-03-04 10:59:00,52.68,52.94,54.06
2024-03-04 10:59:30,54.63,50.08,53.74
2024-03-04 11:00:00,51.13,51.05,55.41
2024-03-04 11:00:30,53.26,52.29,53.76
2024-03-04 11:01:00,55.02,53.16,52.68
2024-03-04 11:01:30,53.79,50.73,52.01
2024-03-04 11:02:00,52.37,49.01,55.17
2024-03-04 11:02:30,53.31,52.02,55.0
2024-03-04 11:03:00,53.08,50.41,54.0
2024-03-04 11:03:30,53.26,52.63,53.28
2024-03-04 11:04:00,51.33,51.7,56.14
2024-03-04 11:04:30,52.12,50.07,52.57
2024-03-04 11:05:00,53.22,52.48,52.13
2024-03-04 11:05:30,50.68,50.88,55.35
2024-03-04 11:06:00,54.7,51.68,55.04
2024-03-04 11:06:30,53.69,51.96,51.89
2024-03-04 11:07:00,52.68,52.47,55.95
2024-03-04 11:07:30,52.93,52.42,54.95
2024-03-04 11:08:00,53.28,51.62,53.31
2024-03-04 11:08:30,52.26,51.04,55.85
2024-03-04 11:09:00,53.02,51.36,54.38
2024-03-04 11:09:30,52.39,50.6,56.44
2024-03-04 11:10:00,53.36,51.11,54.54
2024-03-04 11:10:30,54.5,51.38,53.31
2024-03-04 11:11:00,53.42,53.06,58.26
2024-03-04 11:11:30,52.25,51.15,53.21
2024-03-04 11:12:00,54.75,52.29,53.94
2024-03-04 11:12:30,53.44,51.61,51.84
2024-03-04 11:13:00,53.2,52.05,55.4
2024-03-04 11:13:30,52.64,50.56,51.48
2024-03-04 11:14:00,54.63,50.22,50.54
2024-03-04 11:14:30,54.33,51.6,53.36
2024-03-04 11:15:00,54.19,50.2,52.5
2024-03-04 11:15:30,55.51,52.96,53.94
2024-03-04 11:16:00,53.01,49.64,52.81
2024-03-04 11:16:30,50.94,50.08,57.03
2024-03-04 11:17:00,54.02,49.36,52.34
2024-03-04 11:17:30,52.69,50.16,54.1
2024-03-04 11:18:00,50.64,51.31,52.68
2024-03-04 11:18:30,51.89,50.96,
2024-03-04 11:19:00,51.55,,51.15
2024-03-04 11:19:30,53.82,49.93,54.27
2024-03-04 11:20:00,51.8,48.97,53.31
2024-03-04 11:20:30,52.65,51.42,52.9
2024-03-04 11:21:00,52.12,50.31,53.16
2024-03-04 11:21:30,52.83,49.68,
2024-03-04 11:22:00,50.26,52.91,53.46
2024-03-04 11:22:30,51.05,50.56,55.22
2024-03-04 11:23:00,51.59,53.2,
2024-03-04 11:23:30,51.28,50.84,53.63
2024-03-04 11:24:00,54.16,50.93,55.64
2024-03-04 11:24:30,51.26,48.98,52.97
2024-03-04 11:25:00,52.5,50.3,53.95
2024-03-04 11:25:30,49.89,51.0,53.25
2024-03-04 11:26:00,51.65,50.63,51.05
2024-03-04 11:26:30,51.33,50.58,51.43
2024-03-04 11:27:00,51.16,52.12,53.56
2024-03-04 11:27:30,52.61,50.12,53.97
2024-03-04 11:28:00,51.21,50.73,53.56
2024-03-04 11:28:30,52.45,50.55,53.97
2024-03-04 11:29:00,52.37,51.48,51.71
2024-03-04 11:29:30,52.7,50.45,52.77
2024-03-04 11:30:00,53.06,50.98,51.39
2024-03-04 11:30:30,50.04,51.3,53.53
2024-03-04 11:31:00,50.98,50.27,51.82
2024-03-04 11:31:30,53.51,50.9,54.78
2024-03-04 11:32:00,52.43,49.03,54.09
2024-03-04 11:32:30,50.14,51.4,53.68
2024-03-04 11:33:00,52.4,49.7,54.81
2024-03-04 11:33:30,50.19,48.9,54.84
2024-03-04 11:34:00,52.53,49.57,53.48
2024-03-04 11:34:30,51.31,51.22,54.47
2024-03-04 11:35:00,51.67,50.97,53.08
2024-03-04 11:35:30,51.76,49.67,53.4
2024-03-04 11:36:00,53.09,50.04,51.84
2024-03-04 11:36:30,51.57,51.32,
2024-03-04 11:37:00,49.93,50.81,53.55
2024-03-04 11:37:30,51.58,51.49,50.44
2024-03-04 11:38:00,52.15,48.58,51.66
2024-03-04 11:38:30,51.87,49.28,50.51
2024-03-04 11:39:00,51.61,49.59,49.99
2024-03-04 11:39:30,53.11,53.23,54.27
2024-03-04 11:40:00,52.63,51.4,53.12
2024-03-04 11:40:30,51.75,50.61,51.37
2024-03-04 11:41:00,51.28,50.23,52.34
2024-03-04 11:41:30,51.43,50.8,51.57
2024-03-04 11:42:00,52.94,48.58,50.43
2024-03-04 11:42:30,53.83,48.47,53.38
2024-03-04 11:43:00,51.22,50.31,52.26
2024-03-04 11:43:30,51.43,51.97,54.4
2024-03-04 11:44:00,50.42,48.66,50.91
2024-03-04 11:44:30,51.67,49.35,54.06
2024-03-04 11:45:00,52.8,51.3,51.77
2024-03-04 11:45:30,48.62,49.53,54.15
2024-03-04 11:46:00,49.02,47.55,54.67
2024-03-04 11:46:30,51.12,51.43,51.71
2024-03-04 11:47:00,51.75,50.44,52.17
2024-03-04 11:47:30,49.15,49.15,53.1
2024-03-04 11:48:00,50.12,48.96,51.76
2024-03-04 11:48:30,50.01,51.33,52.66
2024-03-04 11:49:00,52.5,49.96,52.47
2024-03-04 11:49:30,,,52.62
2024-03-04 11:50:00,51.38,50.62,54.91
2024-03-04 11:50:30,52.5,50.4,50.91
2024-03-04 11:51:00,51.67,48.56,51.75
2024-03-04 11:51:30,51.67,49.5,51.47
2024-03-04 11:52:00,51.22,50.5,53.26
2024-03-04 11:52:30,51.03,50.45,55.68
2024-03-04 11:53:00,50.79,50.06,48.32
2024-03-04 11:53:30,49.23,48.31,54.07
2024-03-04 11:54:00,50.44,50.04,52.48
2024-03-04 11:54:30,50.46,49.46,52.16
2024-03-04 11:55:00,50.01,48.35,51.87
2024-03-04 11:55:30,51.68,49.09,50.71
2024-03-04 11:56:00,50.63,50.31,51.72
2024-03-04 11:56:30,50.3,48.59,52.22
2024-03-04 11:57:00,51.08,49.81,52.9
2024-03-04 11:57:30,50.09,49.64,51.43
2024-03-04 11:58:00,50.22,49.44,51.14
2024-03-04 11:58:30,49.1,47.93,51.8
2024-03-04 11:59:00,51.11,49.08,49.37
2024-03-04 11:59:30,49.67,49.36,51.97
2024-03-04 12:00:00,50.27,49.68,51.18
2024-03-04 12:00:30,52.51,51.14,52.92
2024-03-04 12:01:00,52.43,49.0,52.96
2024-03-04 12:01:30,50.14,47.97,48.25
2024-03-04 12:02:00,50.99,49.08,52.04
2024-03-04 12:02:30,49.8,48.53,52.73
2024-03-04 12:03:00,,48.54,51.94
2024-03-04 12:03:30,51.6,49.6,49.79
2024-03-04 12:04:00,52.59,48.84,52.4
2024-03-04 12:04:30,51.72,48.99,50.32
2024-03-04 12:05:00,52.06,49.71,49.71
2024-03-04 12:05:30,52.25,48.01,52.09
2024-03-04 12:06:00,49.42,49.45,51.76
2024-03-04 12:06:30,51.89,48.44,52.44
2024-03-04 12:07:00,50.66,49.4,52.41
2024-03-04 12:07:30,51.76,48.12,51.75
2024-03-04 12:08:00,50.17,50.47,51.96
2024-03-04 12:08:30,50.95,48.28,50.51
2024-03-04 12:09:00,50.43,47.59,51.24
2024-03-04 12:09:30,48.58,49.48,51.96
2024-03-04 12:10:00,48.73,50.94,50.38
2024-03-04 12:10:30,50.61,48.39,50.3
2024-03-04 12:11:00,50.49,48.62,49.2
2024-03-04 12:11:30,49.19,49.65,51.54
2024-03-04 12:12:00,48.79,49.59,55.56
2024-03-04 12:12:30,49.86,48.34,
2024-03-04 12:13:00,49.1,49.05,50.87
2024-03-04 12:13:30,49.68,48.12,50.84
2024-03-04 12:14:00,48.8,48.34,50.19
2024-03-04 12:14:30,48.75,49.26,52.31
2024-03-04 12:15:00,48.77,48.99,
2024-03-04 12:15:30,51.81,48.69,52.77
2024-03-04 12:16:00,49.29,48.61,52.03
2024-03-04 12:16:30,49.58,51.06,51.36
2024-03-04 12:17:00,52.3,47.43,49.11
2024-03-04 12:17:30,50.68,49.38,51.84
2024-03-04 12:18:00,48.51,48.51,52.09
2024-03-04 12:18:30,49.13,47.25,52.61
2024-03-04 12:19:00,49.07,48.21,50.54
2024-03-04 12:19:30,47.9,49.37,50.94
2024-03-04 12:20:00,50.21,47.85,50.43
2024-03-04 12:20:30,50.25,47.78,50.57
2024-03-04 12:21:00,49.98,48.61,50.48
2024-03-04 12:21:30,49.62,49.16,50.35
2024-03-04 12:22:00,51.05,49.09,49.54
2024-03-04 12:22:30,47.91,49.18,52.43
2024-03-04 12:23:00,50.71,47.08,51.81
2024-03-04 12:23:30,50.15,49.92,52.57
2024-03-04 12:24:00,51.12,48.44,50.32
2024-03-04 12:24:30,50.02,47.42,49.36
2024-03-04 12:25:00,49.46,47.8,50.88
2024-03-04 12:25:30,49.62,47.37,49.44
2024-03-04 12:26:00,48.97,48.37,49.14
2024-03-04 12:26:30,49.58,48.54,50.42
2024-03-04 12:27:00,49.3,47.48,53.19
2024-03-04 12:27:30,49.79,47.5,48.11
2024-03-04 12:28:00,51.55,48.98,50.04
2024-03-04 12:28:30,49.62,46.2,49.81
2024-03-04 12:29:00,50.65,48.85,49.74
2024-03-04 12:29:30,47.68,49.67,50.02
2024-03-04 12:30:00,48.22,46.88,
2024-03-04 12:30:30,48.54,48.42,52.59
2024-03-04 12:31:00,50.7,47.78,
2024-03-04 12:31:30,50.1,47.0,48.87
2024-03-04 12:32:00,49.79,47.83,49.28
2024-03-04 12:32:30,50.44,47.81,48.22
2024-03-04 12:33:00,48.53,48.65,50.44
2024-03-04 12:33:30,49.82,48.35,49.41
2024-03-04 12:34:00,48.44,48.19,50.05
2024-03-04 12:34:30,50.18,47.33,49.04
2024-03-04 12:35:00,50.98,47.54,50.98
2024-03-04 12:35:30,48.88,47.67,48.02
2024-03-04 12:36:00,48.76,46.41,50.02
2024-03-04 12:36:30,50.42,47.26,49.84
2024-03-04 12:37:00,46.99,46.61,
2024-03-04 12:37:30,47.31,48.11,49.77
2024-03-04 12:38:00,51.33,47.39,50.08
2024-03-04 12:38:30,47.62,46.44,48.8
2024-03-04 12:39:00,49.21,48.0,50.72
2024-03-04 12:39:30,49.85,46.54,49.46
2024-03-04 12:40:00,46.92,46.92,49.9
2024-03-04 12:40:30,47.85,47.1,49.87
2024-03-04 12:41:00,48.42,48.15,52.58
2024-03-04 12:41:30,49.1,47.49,49.72
2024-03-04 12:42:00,50.89,49.17,47.32
2024-03-04 12:42:30,49.75,48.62,51.5
2024-03-04 12:43:00,50.39,46.26,48.32
2024-03-04 12:43:30,46.75,46.33,49.79
2024-03-04 12:44:00,50.16,48.37,49.73
2024-03-04 12:44:30,48.55,46.26,48.02
2024-03-04 12:45:00,50.03,46.97,47.25
2024-03-04 12:45:30,48.27,47.39,47.97
2024-03-04 12:46:00,47.71,45.95,47.84
2024-03-04 12:46:30,,46.94,46.16
2024-03-04 12:47:00,48.05,46.21,48.67
2024-03-04 12:47:30,49.36,47.64,50.99
2024-03-04 12:48:00,49.49,46.5,47.22
2024-03-04 12:48:30,47.84,46.01,49.39
2024-03-04 12:49:00,49.41,46.89,48.69
2024-03-04 12:49:30,,46.56,49.09
2024-03-04 12:50:00,50.17,45.72,48.59
2024-03-04 12:50:30,47.73,46.78,48.94
2024-03-04 12:51:00,48.49,45.03,48.76
2024-03-04 12:51:30,46.67,47.4,47.83
2024-03-04 12:52:00,49.28,46.8,48.99
2024-03-04 12:52:30,48.68,46.18,48.46
2024-03-04 12:53:00,49.63,46.0,50.08
2024-03-04 12:53:30,49.72,44.11,51.58
2024-03-04 12:54:00,49.48,47.51,49.63
2024-03-04 12:54:30,48.77,46.71,49.29
2024-03-04 12:55:00,46.98,45.92,46.82
2024-03-04 12:55:30,45.57,45.23,47.34
2024-03-04 12:56:00,45.4,46.12,50.22
2024-03-04 12:56:30,48.9,46.39,48.55
2024-03-04 12:57:00,48.31,47.05,48.12
2024-03-04 12:57:30,46.53,47.36,47.72
2024-03-04 12:58:00,48.24,48.52,47.37
2024-03-04 12:58:30,48.01,46.35,
2024-03-04 12:59:00,46.58,45.35,49.6
2024-03-04 12:59:30,48.29,46.34,49.07
2024-03-04 13:00:00,48.97,44.51,47.84
2024-03-04 13:00:30,46.37,45.77,50.16
2024-03-04 13:01:00,47.0,46.84,49.53
2024-03-04 13:01:30,47.25,47.57,47.33
2024-03-04 13:02:00,48.24,46.14,47.12
2024-03-04 13:02:30,45.0,44.7,46.79
2024-03-04 13:03:00,47.16,45.56,
2024-03-04 13:03:30,48.51,46.1,47.77
2024-03-04 13:04:00,46.99,46.19,47.53
2024-03-04 13:04:30,45.06,44.65,47.07
2024-03-04 13:05:00,47.27,46.19,48.58
2024-03-04 13:05:30,46.21,46.51,
2024-03-04 13:06:00,48.83,44.73,50.38
2024-03-04 13:06:30,49.05,45.74,49.77
2024-03-04 13:07:00,45.9,46.26,48.57
2024-03-04 13:07:30,46.79,44.8,47.82
2024-03-04 13:08:00,45.91,46.77,50.42
2024-03-04 13:08:30,48.92,45.61,47.45
2024-03-04 13:09:00,45.18,46.95,50.77
2024-03-04 13:09:30,47.59,45.06,49.92
2024-03-04 13:10:00,46.99,48.48,48.71
2024-03-04 13:10:30,47.96,44.94,
2024-03-04 13:11:00,47.51,44.15,47.86
2024-03-04 13:11:30,47.33,45.01,47.42
2024-03-04 13:12:00,46.67,46.3,
2024-03-04 13:12:30,48.13,46.48,46.39
2024-03-04 13:13:00,46.4,45.98,48.44
2024-03-04 13:13:30,45.9,46.67,47.13
2024-03-04 13:14:00,45.78,46.59,48.18
2024-03-04 13:14:30,46.5,43.28,47.5
2024-03-04 13:15:00,46.48,45.68,45.79
2024-03-04 13:15:30,45.52,45.4,47.99
2024-03-04 13:16:00,46.57,45.83,49.39
2024-03-04 13:16:30,48.19,45.07,48.61
2024-03-04 13:17:00,47.56,46.27,48.13
2024-03-04 13:17:30,46.63,44.03,47.44
2024-03-04 13:18:00,48.62,46.63,47.64
2024-03-04 13:18:30,44.24,44.16,50.11
2024-03-04 13:19:00,48.38,45.17,45.96
2024-03-04 13:19:30,44.98,44.82,48.15
2024-03-04 13:20:00,45.19,44.39,
2024-03-04 13:20:30,45.81,45.43,46.77
2024-03-04 13:21:00,45.38,44.26,47.86
2024-03-04 13:21:30,45.17,45.72,49.78
2024-03-04 13:22:00,45.7,43.56,48.05
2024-03-04 13:22:30,47.76,47.58,47.66
2024-03-04 13:23:00,47.51,44.63,47.36
2024-03-04 13:23:30,46.23,46.46,45.99
2024-03-04 13:24:00,46.38,45.4,47.63
2024-03-04 13:24:30,48.24,46.18,47.88
2024-03-04 13:25:00,48.0,45.07,50.11
2024-03-04 13:25:30,49.95,44.23,46.93
2024-03-04 13:26:00,47.36,44.96,47.9
2024-03-04 13:26:30,46.15,44.02,48.37
2024-03-04 13:27:00,49.06,44.63,47.58
2024-03-04 13:27:30,,44.51,47.75
2024-03-04 13:28:00,46.6,44.9,49.01
2024-03-04 13:28:30,48.06,44.97,47.23
2024-03-04 13:29:00,46.15,43.63,47.67
2024-03-04 13:29:30,,43.3,47.35
2024-03-04 13:30:00,45.79,44.69,46.39
2024-03-04 13:30:30,45.79,45.14,46.32
2024-03-04 13:31:00,47.2,45.91,46.14
2024-03-04 13:31:30,47.48,43.04,46.44
2024-03-04 13:32:00,46.84,43.18,48.68
2024-03-04 13:32:30,46.66,45.44,48.93
2024-03-04 13:33:00,47.0,46.47,45.9
2024-03-04 13:33:30,46.39,44.67,46.99
2024-03-04 13:34:00,47.81,46.32,45.97
2024-03-04 13:34:30,46.3,44.44,45.11
2024-03-04 13:35:00,45.62,42.93,46.45
2024-03-04 13:35:30,47.47,44.49,47.43
2024-03-04 13:36:00,46.05,43.73,48.06
2024-03-04 13:36:30,45.77,44.84,44.99
2024-03-04 13:37:00,44.54,44.5,46.75
2024-03-04 13:37:30,44.56,45.14,46.96
2024-03-04 13:38:00,46.38,42.93,44.87
2024-03-04 13:38:30,45.84,44.11,45.83
2024-03-04 13:39:00,44.45,43.45,46.47
2024-03-04 13:39:30,46.84,42.67,46.7
2024-03-04 13:40:00,46.63,45.3,45.13
2024-03-04 13:40:30,46.4,44.58,50.15
2024-03-04 13:41:00,47.35,43.61,45.0
2024-03-04 13:41:30,46.27,43.45,44.0
2024-03-04 13:42:00,46.2,41.66,47.58
2024-03-04 13:42:30,46.14,45.34,
2024-03-04 13:43:00,44.36,45.44,47.64
2024-03-04 13:43:30,47.27,43.39,48.55
2024-03-04 13:44:00,45.27,44.48,46.11
2024-03-04 13:44:30,45.75,43.84,46.3
2024-03-04 13:45:00,44.04,42.07,46.77
2024-03-04 13:45:30,45.53,45.9,45.71
2024-03-04 13:46:00,45.75,42.56,48.39
2024-03-04 13:46:30,46.04,44.46,47.14
2024-03-04 13:47:00,47.83,41.81,48.49
2024-03-04 13:47:30,46.98,43.71,45.23
2024-03-04 13:48:00,44.83,43.92,46.29
2024-03-04 13:48:30,44.71,43.02,46.65
2024-03-04 13:49:00,43.29,42.98,48.43
2024-03-04 13:49:30,44.09,43.38,46.56
2024-03-04 13:50:00,44.56,42.97,46.72
2024-03-04 13:50:30,46.65,43.22,43.66
2024-03-04 13:51:00,44.32,45.25,46.35
2024-03-04 13:51:30,44.79,43.32,42.83
2024-03-04 13:52:00,45.93,44.2,45.49
2024-03-04 13:52:30,45.23,44.0,47.66
2024-03-04 13:53:00,45.26,45.61,47.36
2024-03-04 13:53:30,44.94,43.14,43.7
2024-03-04 13:54:00,43.99,43.58,44.73
2024-03-04 13:54:30,46.84,41.86,45.46
2024-03-04 13:55:00,45.9,44.19,47.93
2024-03-04 13:55:30,47.72,43.45,48.53
2024-03-04 13:56:00,46.4,43.8,45.98
2024-03-04 13:56:30,45.15,43.22,46.42
2024-03-04 13:57:00,44.99,43.72,45.19
2024-03-04 13:57:30,46.27,43.34,44.99
2024-03-04 13:58:00,46.33,44.76,45.84
2024-03-04 13:58:30,43.1,41.84,46.57
2024-03-04 13:59:00,46.57,42.1,46.8
2024-03-04 13:59:30,44.37,42.44,45.07
2024-03-04 14:00:00,46.53,43.92,42.8
2024-03-04 14:00:30,42.73,45.15,45.09
2024-03-04 14:01:00,47.56,42.56,47.98
2024-03-04 14:01:30,44.95,42.82,44.12
2024-03-04 14:02:00,45.22,45.19,43.92
2024-03-04 14:02:30,45.21,42.29,44.58
2024-03-04 14:03:00,46.13,43.44,46.86
2024-03-04 14:03:30,44.25,43.02,44.77
2024-03-04 14:04:00,45.42,45.12,46.09
2024-03-04 14:04:30,45.73,43.28,46.54
2024-03-04 14:05:00,46.83,43.92,46.12
2024-03-04 14:05:30,43.56,43.36,43.61
2024-03-04 14:06:00,47.66,44.18,44.71
2024-03-04 14:06:30,45.21,43.01,46.19
2024-03-04 14:07:00,43.73,43.16,45.42
2024-03-04 14:07:30,45.18,43.67,45.6
2024-03-04 14:08:00,44.1,43.04,43.47
2024-03-04 14:08:30,45.37,44.07,44.52
2024-03-04 14:09:00,44.91,41.07,47.69
2024-03-04 14:09:30,43.1,42.77,43.49
2024-03-04 14:10:00,45.43,41.8,45.56
2024-03-04 14:10:30,43.59,44.54,43.8
2024-03-04 14:11:00,43.8,44.64,42.85
2024-03-04 14:11:30,43.03,43.47,44.79
2024-03-04 14:12:00,43.89,44.4,43.93
2024-03-04 14:12:30,44.6,43.6,47.17
2024-03-04 14:13:00,44.37,43.29,46.04
2024-03-04 14:13:30,45.09,43.92,43.97
2024-03-04 14:14:00,44.23,43.8,44.61
2024-03-04 14:14:30,46.29,42.76,45.98
2024-03-04 14:15:00,45.48,42.12,45.62
2024-03-04 14:15:30,45.72,42.62,43.12
2024-03-04 14:16:00,41.87,43.37,42.34
2024-03-04 14:16:30,43.06,43.13,45.81
2024-03-04 14:17:00,41.25,42.7,
2024-03-04 14:17:30,41.27,41.55,49.07
2024-03-04 14:18:00,42.94,42.27,45.45
2024-03-04 14:18:30,41.59,42.35,45.63
2024-03-04 14:19:00,44.93,40.64,44.58
2024-03-04 14:19:30,46.09,42.92,43.73
2024-03-04 14:20:00,42.77,42.35,44.95
2024-03-04 14:20:30,43.36,43.26,44.7
2024-03-04 14:21:00,43.87,42.76,43.3
2024-03-04 14:21:30,42.84,42.52,43.16
2024-03-04 14:22:00,43.52,42.84,41.85
2024-03-04 14:22:30,44.72,43.53,44.08
2024-03-04 14:23:00,43.53,41.88,44.52
2024-03-04 14:23:30,43.49,41.48,44.34
2024-03-04 14:24:00,42.14,40.4,44.01
2024-03-04 14:24:30,41.98,40.56,45.69
2024-03-04 14:25:00,41.7,42.51,42.67
2024-03-04 14:25:30,42.05,42.55,46.11
2024-03-04 14:26:00,43.98,42.91,43.13
2024-03-04 14:26:30,43.58,42.09,44.12
2024-03-04 14:27:00,43.2,40.74,44.37
2024-03-04 14:27:30,42.33,41.12,46.26
2024-03-04 14:28:00,42.34,43.13,46.41
2024-03-04 14:28:30,43.32,42.27,46.03
2024-03-04 14:29:00,44.67,41.83,43.37
2024-03-04 14:29:30,41.66,40.41,44.03
2024-03-04 14:30:00,46.12,41.71,42.95
2024-03-04 14:30:30,43.03,42.48,45.17
2024-03-04 14:31:00,43.42,42.52,44.49
2024-03-04 14:31:30,43.58,41.57,41.78
2024-03-04 14:32:00,44.0,40.35,44.98
2024-03-04 14:32:30,43.9,42.27,47.45
2024-03-04 14:33:00,43.77,41.13,46.57
2024-03-04 14:33:30,42.46,,46.03
2024-03-04 14:34:00,42.71,41.31,45.75
2024-03-04 14:34:30,44.86,43.68,41.45
2024-03-04 14:35:00,42.43,41.33,42.13
2024-03-04 14:35:30,42.12,41.32,46.41
2024-03-04 14:36:00,41.83,42.19,44.13
2024-03-04 14:36:30,41.38,42.11,43.91
2024-03-04 14:37:00,42.87,42.56,
2024-03-04 14:37:30,41.47,41.9,44.42
2024-03-04 14:38:00,43.86,42.22,44.36
2024-03-04 14:38:30,44.01,42.11,44.48
2024-03-04 14:39:00,42.39,42.67,42.77
2024-03-04 14:39:30,43.01,41.44,43.84
2024-03-04 14:40:00,41.89,41.03,43.65
2024-03-04 14:40:30,43.89,40.57,41.48
2024-03-04 14:41:00,41.71,41.78,38.6
2024-03-04 14:41:30,42.59,41.65,45.44
2024-03-04 14:42:00,41.44,40.14,43.31
2024-03-04 14:42:30,42.93,39.03,43.39
2024-03-04 14:43:00,42.86,40.17,43.63
2024-03-04 14:43:30,42.44,42.07,42.9
2024-03-04 14:44:00,41.36,41.98,44.38
2024-03-04 14:44:30,41.07,40.01,43.94
2024-03-04 14:45:00,41.3,40.4,39.56
2024-03-04 14:45:30,43.28,40.38,42.92
2024-03-04 14:46:00,42.63,,39.84
2024-03-04 14:46:30,43.59,40.23,43.08
2024-03-04 14:47:00,42.58,40.12,41.13
2024-03-04 14:47:30,43.19,41.41,42.78
2024-03-04 14:48:00,43.13,41.63,42.35
2024-03-04 14:48:30,41.3,40.85,45.52
2024-03-04 14:49:00,44.5,39.33,43.62
2024-03-04 14:49:30,42.07,39.19,41.35
2024-03-04 14:50:00,42.49,39.65,41.24
2024-03-04 14:50:30,43.72,42.53,43.58
2024-03-04 14:51:00,41.24,41.05,42.24
2024-03-04 14:51:30,42.07,41.83,
2024-03-04 14:52:00,40.72,40.98,42.25
2024-03-04 14:52:30,43.12,40.02,40.68
2024-03-04 14:53:00,41.67,39.53,42.02
2024-03-04 14:53:30,42.01,39.86,
2024-03-04 14:54:00,43.35,41.0,43.13
2024-03-04 14:54:30,42.95,40.37,43.48
2024-03-04 14:55:00,41.9,39.6,43.04
2024-03-04 14:55:30,40.93,41.78,43.88
2024-03-04 14:56:00,42.92,40.79,42.56
2024-03-04 14:56:30,42.11,39.29,41.0
2024-03-04 14:57:00,41.41,41.21,44.46
2024-03-04 14:57:30,42.56,40.51,42.2
2024-03-04 14:58:00,41.61,39.15,40.86
2024-03-04 14:58:30,42.48,39.8,42.86
2024-03-04 14:59:00,39.88,39.98,42.52
2024-03-04 14:59:30,41.08,40.94,43.03
2024-03-04 15:00:00,42.11,41.31,43.02
2024-03-04 15:00:30,42.21,40.57,42.92
2024-03-04 15:01:00,42.26,40.16,41.91
2024-03-04 15:01:30,41.31,41.68,41.32
2024-03-04 15:02:00,41.79,39.22,42.45
2024-03-04 15:02:30,40.68,39.77,39.04
2024-03-04 15:03:00,42.91,39.52,42.5
2024-03-04 15:03:30,41.99,39.81,40.06
2024-03-04 15:04:00,41.22,40.9,41.94
2024-03-04 15:04:30,42.95,39.32,43.92
2024-03-04 15:05:00,42.31,38.73,41.37
2024-03-04 15:05:30,40.6,38.11,42.33
2024-03-04 15:06:00,40.81,39.46,42.89
2024-03-04 15:06:30,38.2,41.15,40.84
2024-03-04 15:07:00,40.76,40.72,42.77
2024-03-04 15:07:30,41.48,41.52,43.18
2024-03-04 15:08:00,41.96,41.91,42.87
2024-03-04 15:08:30,42.56,40.11,42.09
2024-03-04 15:09:00,41.65,38.47,42.27
2024-03-04 15:09:30,41.14,38.1,41.5
2024-03-04 15:10:00,41.94,41.58,42.46
2024-03-04 15:10:30,42.11,41.35,39.77
2024-03-04 15:11:00,39.87,40.76,43.32
2024-03-04 15:11:30,39.34,38.06,41.89
2024-03-04 15:12:00,41.82,39.35,41.39
2024-03-04 15:12:30,41.55,40.24,42.73
2024-03-04 15:13:00,40.61,40.99,43.11
2024-03-04 15:13:30,40.97,37.74,41.57
2024-03-04 15:14:00,39.68,39.25,43.14
2024-03-04 15:14:30,41.89,39.65,39.9
2024-03-04 15:15:00,40.66,38.47,43.57
2024-03-04 15:15:30,43.54,40.74,42.32
2024-03-04 15:16:00,41.93,38.06,43.5
2024-03-04 15:16:30,40.64,36.19,42.29
2024-03-04 15:17:00,38.37,39.26,40.91
2024-03-04 15:17:30,42.58,39.51,42.26
2024-03-04 15:18:00,38.1,39.67,43.54
2024-03-04 15:18:30,40.75,39.9,40.78
2024-03-04 15:19:00,39.48,39.0,42.19
2024-03-04 15:19:30,41.44,39.24,41.23
2024-03-04 15:20:00,40.86,39.72,43.83
2024-03-04 15:20:30,42.19,39.59,41.47
2024-03-04 15:21:00,40.15,37.15,40.08
2024-03-04 15:21:30,40.96,38.56,40.3
2024-03-04 15:22:00,41.71,40.88,40.81
2024-03-04 15:22:30,40.34,38.76,40.8
2024-03-04 15:23:00,42.37,40.81,41.44
2024-03-04 15:23:30,40.05,39.22,39.02
2024-03-04 15:24:00,40.06,38.54,42.39
2024-03-04 15:24:30,39.44,40.12,38.57
2024-03-04 15:25:00,44.1,38.77,39.74
2024-03-04 15:25:30,42.26,39.24,41.44
2024-03-04 15:26:00,40.99,38.37,40.67
2024-03-04 15:26:30,40.51,38.32,44.28
2024-03-04 15:27:00,41.49,39.16,41.76
2024-03-04 15:27:30,41.29,38.98,42.53
2024-03-04 15:28:00,40.09,39.07,40.74
2024-03-04 15:28:30,41.37,37.87,41.6
2024-03-04 15:29:00,41.04,36.71,41.08
2024-03-04 15:29:30,41.68,38.27,43.38
2024-03-04 15:30:00,40.6,36.8,42.17
2024-03-04 15:30:30,40.34,39.64,41.22
2024-03-04 15:31:00,39.4,38.36,39.31
2024-03-04 15:31:30,40.3,36.78,39.91
2024-03-04 15:32:00,41.06,40.89,
2024-03-04 15:32:30,41.43,40.5,40.91
2024-03-04 15:33:00,42.12,37.92,40.81
2024-03-04 15:33:30,39.69,38.53,41.13
2024-03-04 15:34:00,39.51,39.64,40.0
2024-03-04 15:34:30,38.18,39.07,42.78
2024-03-04 15:35:00,40.0,38.86,42.04
2024-03-04 15:35:30,,37.92,40.27
2024-03-04 15:36:00,39.32,38.45,41.39
2024-03-04 15:36:30,39.6,37.56,40.42
2024-03-04 15:37:00,38.39,38.98,38.46
2024-03-04 15:37:30,39.52,37.85,39.39
2024-03-04 15:38:00,40.08,37.84,40.88
2024-03-04 15:38:30,38.76,39.23,40.43
2024-03-04 15:39:00,40.43,39.28,43.51
2024-03-04 15:39:30,39.07,39.9,42.72
2024-03-04 15:40:00,40.22,38.83,41.35
2024-03-04 15:40:30,40.43,37.79,39.28
2024-03-04 15:41:00,41.4,37.24,37.75
2024-03-04 15:41:30,38.39,36.25,39.17
2024-03-04 15:42:00,40.87,39.29,43.11
2024-03-04 15:42:30,41.08,38.3,40.5
2024-03-04 15:43:00,39.98,39.76,39.91
2024-03-04 15:43:30,39.53,39.68,39.27
2024-03-04 15:44:00,40.24,38.25,41.45
2024-03-04 15:44:30,40.55,39.11,41.68
2024-03-04 15:45:00,39.12,37.49,39.01
2024-03-04 15:45:30,38.19,38.39,41.48
2024-03-04 15:46:00,39.36,40.43,39.38
2024-03-04 15:46:30,40.42,38.38,41.7
2024-03-04 15:47:00,40.15,37.8,40.98
2024-03-04 15:47:30,41.33,38.6,41.88
2024-03-04 15:48:00,38.5,37.44,41.61
2024-03-04 15:48:30,39.12,39.34,40.11
2024-03-04 15:49:00,38.4,39.45,39.14
2024-03-04 15:49:30,39.28,38.49,37.74
2024-03-04 15:50:00,37.87,39.16,35.61
2024-03-04 15:50:30,39.06,38.1,40.24
2024-03-04 15:51:00,39.54,40.41,41.77
2024-03-04 15:51:30,40.59,38.51,37.3
2024-03-04 15:52:00,38.1,36.42,41.24
2024-03-04 15:52:30,37.67,37.06,37.04
2024-03-04 15:53:00,38.89,37.3,
2024-03-04 15:53:30,38.1,39.07,39.16
2024-03-04 15:54:00,39.0,36.53,39.36
2024-03-04 15:54:30,40.76,36.77,40.94
2024-03-04 15:55:00,39.97,37.49,37.77
2024-03-04 15:55:30,39.47,38.34,40.85
2024-03-04 15:56:00,39.66,37.8,37.36
2024-03-04 15:56:30,39.0,37.17,
2024-03-04 15:57:00,39.06,36.91,37.15
2024-03-04 15:57:30,37.97,37.43,38.58
2024-03-04 15:58:00,36.78,36.26,40.74
2024-03-04 15:58:30,40.5,34.44,39.5
2024-03-04 15:59:00,38.52,35.9,38.92
2024-03-04 15:59:30,39.2,36.95,39.9
2024-03-04 16:00:00,38.11,38.16,39.97
2024-03-04 16:00:30,38.25,37.37,38.87
2024-03-04 16:01:00,39.01,38.07,40.1
2024-03-04 16:01:30,36.52,38.25,35.03
2024-03-04 16:02:00,40.35,39.5,40.04
2024-03-04 16:02:30,38.44,36.61,41.62
2024-03-04 16:03:00,40.9,36.96,42.41
2024-03-04 16:03:30,38.12,36.83,42.03
2024-03-04 16:04:00,39.99,37.43,39.8
2024-03-04 16:04:30,39.61,36.44,39.25
2024-03-04 16:05:00,38.17,38.58,39.09
2024-03-04 16:05:30,39.02,38.69,39.51
2024-03-04 16:06:00,37.73,36.3,41.11
2024-03-04 16:06:30,37.18,38.0,39.13
2024-03-04 16:07:00,38.84,37.22,40.43
2024-03-04 16:07:30,39.7,38.07,41.64
2024-03-04 16:08:00,38.14,36.86,41.03
2024-03-04 16:08:30,38.27,36.18,36.93
2024-03-04 16:09:00,38.79,37.16,39.17
2024-03-04 16:09:30,40.34,35.57,39.02
2024-03-04 16:10:00,38.82,37.6,40.39
2024-03-04 16:10:30,39.82,37.47,37.8
2024-03-04 16:11:00,35.94,39.21,37.9
2024-03-04 16:11:30,,36.82,37.46
2024-03-04 16:12:00,39.2,38.9,40.09
2024-03-04 16:12:30,41.06,34.35,38.11
2024-03-04 16:13:00,38.05,36.55,36.6
2024-03-04 16:13:30,38.82,38.66,38.69
2024-03-04 16:14:00,37.69,38.79,37.19
2024-03-04 16:14:30,37.54,36.73,37.09
2024-03-04 16:15:00,38.28,36.17,38.81
2024-03-04 16:15:30,38.76,36.09,36.4
2024-03-04 16:16:00,39.77,36.97,38.61
2024-03-04 16:16:30,37.49,36.26,38.43
2024-03-04 16:17:00,36.82,36.77,40.58
2024-03-04 16:17:30,40.14,36.52,38.75
2024-03-04 16:18:00,39.4,36.53,38.91
2024-03-04 16:18:30,37.01,37.2,37.97
2024-03-04 16:19:00,37.06,38.82,37.3
2024-03-04 16:19:30,40.86,35.23,37.49
2024-03-04 16:20:00,37.19,37.09,36.11
2024-03-04 16:20:30,37.32,36.51,36.82
2024-03-04 16:21:00,35.48,37.11,37.94
2024-03-04 16:21:30,38.15,38.3,38.01
2024-03-04 16:22:00,39.48,37.34,39.53
2024-03-04 16:22:30,39.94,36.77,39.23
2024-03-04 16:23:00,38.23,37.22,35.52
2024-03-04 16:23:30,39.07,37.93,39.52
2024-03-04 16:24:00,38.65,36.79,41.62
2024-03-04 16:24:30,34.94,36.37,38.88
2024-03-04 16:25:00,37.24,35.89,39.25
2024-03-04 16:25:30,38.16,37.47,38.09
2024-03-04 16:26:00,36.9,37.51,40.41
2024-03-04 16:26:30,38.23,36.96,40.72
2024-03-04 16:27:00,38.6,37.6,39.91
2024-03-04 16:27:30,36.72,36.28,40.01
2024-03-04 16:28:00,38.91,37.56,38.99
2024-03-04 16:28:30,37.53,36.15,37.76
2024-03-04 16:29:00,38.93,36.09,36.71
2024-03-04 16:29:30,39.47,35.39,39.94
2024-03-04 16:30:00,36.23,36.42,39.62
2024-03-04 16:30:30,37.27,36.11,36.15
2024-03-04 16:31:00,38.49,36.39,38.96
2024-03-04 16:31:30,36.76,36.29,39.77
2024-03-04 16:32:00,39.13,36.08,37.26
2024-03-04 16:32:30,38.57,36.8,36.45
2024-03-04 16:33:00,37.24,35.62,39.15
2024-03-04 16:33:30,37.68,36.49,37.68
2024-03-04 16:34:00,37.25,35.99,39.82
2024-03-04 16:34:30,37.77,36.47,38.16
2024-03-04 16:35:00,38.23,35.86,37.66
2024-03-04 16:35:30,38.42,34.59,39.87
2024-03-04 16:36:00,38.02,35.56,39.9
2024-03-04 16:36:30,37.26,36.11,38.09
2024-03-04 16:37:00,37.85,37.15,35.95
2024-03-04 16:37:30,37.95,36.65,39.66
2024-03-04 16:38:00,37.68,36.66,38.63
2024-03-04 16:38:30,36.77,35.27,36.65
2024-03-04 16:39:00,35.95,35.97,34.3
2024-03-04 16:39:30,38.51,38.3,40.03
2024-03-04 16:40:00,36.23,35.82,36.99
2024-03-04 16:40:30,35.21,37.52,37.91
2024-03-04 16:41:00,38.16,38.11,37.9
2024-03-04 16:41:30,36.66,36.31,37.2
2024-03-04 16:42:00,35.73,35.92,39.58
2024-03-04 16:42:30,38.27,36.26,39.03
2024-03-04 16:43:00,37.9,37.99,37.69
2024-03-04 16:43:30,35.4,35.54,39.96
2024-03-04 16:44:00,36.39,36.41,34.72
2024-03-04 16:44:30,36.07,36.97,37.19
2024-03-04 16:45:00,38.06,36.67,36.83
2024-03-04 16:45:30,40.11,35.38,36.67
2024-03-04 16:46:00,39.11,36.07,34.1
2024-03-04 16:46:30,35.12,35.2,36.47
2024-03-04 16:47:00,37.34,35.72,
2024-03-04 16:47:30,36.43,34.42,35.25
2024-03-04 16:48:00,37.59,37.12,38.89
2024-03-04 16:48:30,37.4,35.18,36.45
2024-03-04 16:49:00,36.36,37.36,37.87
2024-03-04 16:49:30,35.38,33.39,36.01
2024-03-04 16:50:00,36.0,36.17,35.32
2024-03-04 16:50:30,35.59,34.77,38.21
2024-03-04 16:51:00,34.97,35.71,37.41
2024-03-04 16:51:30,36.63,36.35,39.55
2024-03-04 16:52:00,37.09,35.68,33.42
2024-03-04 16:52:30,38.15,34.84,37.59
2024-03-04 16:53:00,36.05,34.58,38.65
2024-03-04 16:53:30,36.81,35.31,38.27
2024-03-04 16:54:00,35.59,35.93,35.89
2024-03-04 16:54:30,34.44,35.71,35.43
2024-03-04 16:55:00,37.76,34.63,35.6
2024-03-04 16:55:30,35.83,34.85,37.68
2024-03-04 16:56:00,38.24,34.49,35.27
2024-03-04 16:56:30,36.5,35.86,38.72
2024-03-04 16:57:00,37.34,34.83,37.38
2024-03-04 16:57:30,34.34,34.97,37.58
2024-03-04 16:58:00,34.11,36.61,36.76
2024-03-04 16:58:30,35.78,35.82,35.76
2024-03-04 16:59:00,34.86,35.32,37.01
2024-03-04 16:59:30,36.19,35.08,36.88
2024-03-04 17:00:00,36.72,34.72,36.42
2024-03-04 17:00:30,38.0,34.85,38.11
2024-03-04 17:01:00,35.87,33.41,36.99
2024-03-04 17:01:30,36.13,35.04,34.91
2024-03-04 17:02:00,35.47,35.08,39.39
2024-03-04 17:02:30,35.44,34.67,34.49
2024-03-04 17:03:00,35.22,,37.25
2024-03-04 17:03:30,37.28,35.33,37.25
2024-03-04 17:04:00,36.32,35.66,37.85
2024-03-04 17:04:30,35.78,34.35,
2024-03-04 17:05:00,36.06,34.56,38.14
2024-03-04 17:05:30,36.52,36.62,37.58
2024-03-04 17:06:00,35.7,35.84,39.83
2024-03-04 17:06:30,35.83,34.58,38.96
2024-03-04 17:07:00,38.71,34.35,35.61
2024-03-04 17:07:30,37.02,33.56,37.77
2024-03-04 17:08:00,35.8,35.06,38.05
2024-03-04 17:08:30,36.29,33.8,35.48
2024-03-04 17:09:00,35.06,34.79,36.6
2024-03-04 17:09:30,36.47,35.21,37.38
2024-03-04 17:10:00,36.28,34.58,40.04
2024-03-04 17:10:30,36.04,33.55,35.37
2024-03-04 17:11:00,34.65,33.12,36.22
2024-03-04 17:11:30,35.85,37.93,36.79
2024-03-04 17:12:00,37.13,35.45,34.75
2024-03-04 17:12:30,35.01,34.33,36.84
2024-03-04 17:13:00,36.19,33.99,37.34
2024-03-04 17:13:30,35.88,33.92,37.1
2024-03-04 17:14:00,36.7,35.4,37.98
2024-03-04 17:14:30,36.51,35.44,39.19
2024-03-04 17:15:00,35.88,35.66,38.41
2024-03-04 17:15:30,37.16,35.19,37.55
2024-03-04 17:16:00,36.65,35.05,35.66
2024-03-04 17:16:30,35.47,34.84,34.23
2024-03-04 17:17:00,35.77,34.34,35.67
2024-03-04 17:17:30,35.22,33.8,38.2
2024-03-04 17:18:00,35.55,34.02,37.89
2024-03-04 17:18:30,34.81,33.64,34.39
2024-03-04 17:19:00,36.99,33.47,36.09
2024-03-04 17:19:30,37.06,34.73,34.31
2024-03-04 17:20:00,36.23,33.27,38.63
2024-03-04 17:20:30,35.46,34.93,36.56
2024-03-04 17:21:00,36.26,34.22,37.77
2024-03-04 17:21:30,34.39,33.21,34.39
2024-03-04 17:22:00,35.43,35.88,34.18
2024-03-04 17:22:30,35.91,33.04,36.66
2024-03-04 17:23:00,35.5,34.47,38.86
2024-03-04 17:23:30,36.95,,36.71
2024-03-04 17:24:00,35.05,35.0,
2024-03-04 17:24:30,35.76,34.97,37.22
2024-03-04 17:25:00,36.23,34.66,37.44
2024-03-04 17:25:30,34.57,33.99,36.65
2024-03-04 17:26:00,33.68,32.94,34.41
2024-03-04 17:26:30,35.34,34.51,35.24
2024-03-04 17:27:00,35.71,35.25,38.0
2024-03-04 17:27:30,35.67,34.22,35.0
2024-03-04 17:28:00,34.4,33.26,34.31
2024-03-04 17:28:30,33.8,35.74,33.71
2024-03-04 17:29:00,33.94,34.07,36.36
2024-03-04 17:29:30,37.27,33.94,34.31
2024-03-04 17:30:00,34.13,34.79,35.23
2024-03-04 17:30:30,35.44,32.95,35.51
2024-03-04 17:31:00,35.43,33.2,35.15
2024-03-04 17:31:30,35.26,35.34,35.66
2024-03-04 17:32:00,35.63,34.64,35.04
2024-03-04 17:32:30,34.68,34.86,35.58
2024-03-04 17:33:00,34.46,34.0,35.74
2024-03-04 17:33:30,36.51,34.29,
2024-03-04 17:34:00,34.91,33.67,35.51
2024-03-04 17:34:30,33.85,33.88,34.7
2024-03-04 17:35:00,33.87,32.46,37.79
2024-03-04 17:35:30,33.58,35.05,35.18
2024-03-04 17:36:00,33.47,34.84,35.85
2024-03-04 17:36:30,34.46,34.25,32.84
2024-03-04 17:37:00,35.62,32.75,36.55
2024-03-04 17:37:30,36.66,34.22,35.57
2024-03-04 17:38:00,35.87,32.93,36.3
2024-03-04 17:38:30,35.53,32.96,35.7
2024-03-04 17:39:00,36.41,32.78,35.19
2024-03-04 17:39:30,34.39,34.25,33.18
2024-03-04 17:40:00,34.05,33.95,36.66
2024-03-04 17:40:30,35.24,34.29,35.75
2024-03-04 17:41:00,35.82,35.28,36.23
2024-03-04 17:41:30,34.7,33.19,32.5
2024-03-04 17:42:00,34.48,34.46,36.9
2024-03-04 17:42:30,33.04,32.57,36.22
2024-03-04 17:43:00,34.24,33.28,34.43
2024-03-04 17:43:30,36.12,31.86,33.71
2024-03-04 17:44:00,33.2,32.3,34.9
2024-03-04 17:44:30,38.69,35.01,35.32
2024-03-04 17:45:00,33.05,32.38,36.89
2024-03-04 17:45:30,35.79,32.26,35.73
2024-03-04 17:46:00,36.38,33.45,
2024-03-04 17:46:30,33.07,34.97,34.12
2024-03-04 17:47:00,33.42,35.08,36.31
2024-03-04 17:47:30,35.66,34.82,34.51
2024-03-04 17:48:00,34.87,32.69,35.11
2024-03-04 17:48:30,35.63,33.41,35.33
2024-03-04 17:49:00,32.95,34.37,36.53
2024-03-04 17:49:30,33.45,32.04,35.86
2024-03-04 17:50:00,36.37,34.75,37.44
2024-03-04 17:50:30,35.31,34.37,36.86
2024-03-04 17:51:00,35.62,34.21,38.2
2024-03-04 17:51:30,,32.61,35.31
2024-03-04 17:52:00,34.76,34.69,35.9
2024-03-04 17:52:30,34.41,33.4,37.34
2024-03-04 17:53:00,34.36,31.92,35.63
2024-03-04 17:53:30,34.93,32.81,35.06
2024-03-04 17:54:00,32.73,32.7,35.41
2024-03-04 17:54:30,35.22,33.02,36.16
2024-03-04 17:55:00,35.06,35.57,36.5
2024-03-04 17:55:30,33.74,32.77,35.75
2024-03-04 17:56:00,36.97,33.53,37.9
2024-03-04 17:56:30,31.98,33.92,32.76
2024-03-04 17:57:00,35.18,33.7,35.08
2024-03-04 17:57:30,35.24,30.98,34.96
2024-03-04 17:58:00,36.16,32.93,35.94
2024-03-04 17:58:30,35.45,31.24,36.69
2024-03-04 17:59:00,33.32,33.94,35.92
2024-03-04 17:59:30,31.79,32.91,34.85
2024-03-04 18:00:00,34.93,32.4,34.06
2024-03-04 18:00:30,33.58,32.77,35.07
2024-03-04 18:01:00,35.65,32.73,36.49
2024-03-04 18:01:30,34.38,33.54,34.78
2024-03-04 18:02:00,34.47,34.05,35.93
2024-03-04 18:02:30,33.48,32.07,37.94
2024-03-04 18:03:00,34.27,31.66,35.92
2024-03-04 18:03:30,34.73,35.07,35.81
2024-03-04 18:04:00,34.26,33.29,37.3
2024-03-04 18:04:30,35.13,32.32,33.42
2024-03-04 18:05:00,34.55,33.38,
2024-03-04 18:05:30,37.04,32.12,36.34
2024-03-04 18:06:00,35.52,33.26,36.32
2024-03-04 18:06:30,34.96,33.74,33.95
2024-03-04 18:07:00,32.92,34.95,35.1
2024-03-04 18:07:30,34.03,33.34,35.4
2024-03-04 18:08:00,34.22,34.84,34.58
2024-03-04 18:08:30,35.09,33.16,34.32
2024-03-04 18:09:00,36.33,33.32,36.8
2024-03-04 18:09:30,35.58,34.04,33.66
2024-03-04 18:10:00,34.93,32.92,35.24
2024-03-04 18:10:30,34.69,31.51,33.44
2024-03-04 18:11:00,32.66,32.72,36.21
2024-03-04 18:11:30,35.0,32.21,33.86
2024-03-04 18:12:00,33.67,32.53,35.55
2024-03-04 18:12:30,33.85,33.1,36.32
2024-03-04 18:13:00,37.01,32.31,36.09
2024-03-04 18:13:30,31.08,34.5,36.63
2024-03-04 18:14:00,34.87,32.52,35.22
2024-03-04 18:14:30,33.84,34.03,36.92
2024-03-04 18:15:00,36.28,35.03,36.46
2024-03-04 18:15:30,33.43,33.62,33.78
2024-03-04 18:16:00,35.23,33.01,34.34
2024-03-04 18:16:30,32.74,33.49,32.61
2024-03-04 18:17:00,34.28,34.34,35.03
2024-03-04 18:17:30,36.44,35.24,33.86
2024-03-04 18:18:00,34.45,32.84,35.44
2024-03-04 18:18:30,32.74,34.31,32.34
2024-03-04 18:19:00,33.37,33.04,34.68
2024-03-04 18:19:30,32.5,35.7,35.25
2024-03-04 18:20:00,34.99,32.75,37.93
2024-03-04 18:20:30,36.18,35.6,34.91
2024-03-04 18:21:00,34.35,32.18,32.86
2024-03-04 18:21:30,33.87,35.65,34.36
2024-03-04 18:22:00,33.48,32.21,35.28
2024-03-04 18:22:30,36.49,32.44,35.13
2024-03-04 18:23:00,33.81,32.13,33.56
2024-03-04 18:23:30,34.37,32.09,34.58
2024-03-04 18:24:00,33.23,33.86,37.32
2024-03-04 18:24:30,34.38,33.47,32.44
2024-03-04 18:25:00,33.9,31.9,33.94
2024-03-04 18:25:30,33.29,34.5,35.43
2024-03-04 18:26:00,33.94,32.16,34.59
2024-03-04 18:26:30,33.93,32.61,35.68
2024-03-04 18:27:00,33.24,33.02,35.22
2024-03-04 18:27:30,34.47,33.71,33.54
2024-03-04 18:28:00,32.1,32.57,35.2
2024-03-04 18:28:30,33.66,35.18,35.07
2024-03-04 18:29:00,35.36,32.86,35.16
2024-03-04 18:29:30,31.53,33.76,35.64
2024-03-04 18:30:00,35.93,32.24,36.16
2024-03-04 18:30:30,35.98,33.58,34.46
2024-03-04 18:31:00,32.79,32.87,34.03
2024-03-04 18:31:30,34.06,32.19,34.81
2024-03-04 18:32:00,34.99,32.75,32.53
2024-03-04 18:32:30,33.51,31.45,33.19
2024-03-04 18:33:00,34.36,32.14,30.8
2024-03-04 18:33:30,34.27,33.5,33.55
2024-03-04 18:34:00,32.8,31.93,34.52
2024-03-04 18:34:30,34.66,33.28,36.05
2024-03-04 18:35:00,34.05,32.02,33.91
2024-03-04 18:35:30,35.13,,33.96
2024-03-04 18:36:00,34.03,33.49,34.57
2024-03-04 18:36:30,33.6,34.23,35.25
2024-03-04 18:37:00,32.65,34.49,32.69
2024-03-04 18:37:30,31.43,34.58,33.3
2024-03-04 18:38:00,34.05,32.42,34.44
2024-03-04 18:38:30,34.94,32.21,35.72
2024-03-04 18:39:00,,32.33,35.13
2024-03-04 18:39:30,31.56,33.03,32.62
2024-03-04 18:40:00,32.46,32.49,35.16
2024-03-04 18:40:30,35.1,33.57,34.86
2024-03-04 18:41:00,32.97,31.7,36.56
2024-03-04 18:41:30,32.94,34.21,33.6
2024-03-04 18:42:00,35.23,32.21,35.02
2024-03-04 18:42:30,33.74,33.03,32.01
2024-03-04 18:43:00,32.88,32.28,37.63
2024-03-04 18:43:30,32.02,33.03,34.48
2024-03-04 18:44:00,33.62,33.64,33.18
2024-03-04 18:44:30,32.77,33.29,33.67
2024-03-04 18:45:00,31.74,32.57,32.61
2024-03-04 18:45:30,32.49,33.99,34.66
2024-03-04 18:46:00,34.61,32.36,35.5
2024-03-04 18:46:30,32.76,31.73,30.22
2024-03-04 18:47:00,32.08,33.66,35.04
2024-03-04 18:47:30,32.48,34.38,36.29
2024-03-04 18:48:00,35.0,32.03,32.51
2024-03-04 18:48:30,32.84,33.1,36.09
2024-03-04 18:49:00,33.99,32.59,35.43
2024-03-04 18:49:30,,34.24,31.9
2024-03-04 18:50:00,30.59,31.74,35.85
2024-03-04 18:50:30,33.38,32.46,33.57
2024-03-04 18:51:00,34.54,33.61,33.61
2024-03-04 18:51:30,34.09,30.95,33.85
2024-03-04 18:52:00,34.57,31.87,32.61
2024-03-04 18:52:30,32.51,31.73,35.21
2024-03-04 18:53:00,31.62,33.37,34.63
2024-03-04 18:53:30,33.45,32.94,33.63
2024-03-04 18:54:00,32.97,30.01,33.18
2024-03-04 18:54:30,35.02,30.47,36.0
2024-03-04 18:55:00,33.19,31.23,34.06
2024-03-04 18:55:30,34.46,32.59,35.66
2024-03-04 18:56:00,35.09,32.33,34.3
2024-03-04 18:56:30,33.55,32.34,30.88
2024-03-04 18:57:00,32.11,32.3,32.64
2024-03-04 18:57:30,36.02,30.85,31.98
2024-03-04 18:58:00,33.34,32.53,35.35
2024-03-04 18:58:30,34.13,34.14,34.27
2024-03-04 18:59:00,31.78,31.17,34.5
2024-03-04 18:59:30,33.44,33.32,35.99
2024-03-04 19:00:00,32.69,31.1,34.23
2024-03-04 19:00:30,32.31,31.94,34.62
2024-03-04 19:01:00,33.31,32.24,34.75
2024-03-04 19:01:30,32.77,33.71,36.78
2024-03-04 19:02:00,32.65,32.74,33.85
2024-03-04 19:02:30,33.82,30.87,32.64
2024-03-04 19:03:00,33.43,33.42,32.4
2024-03-04 19:03:30,33.28,32.1,31.66
2024-03-04 19:04:00,32.85,31.88,33.63
2024-03-04 19:04:30,33.95,31.77,36.73
2024-03-04 19:05:00,32.0,30.81,35.06
2024-03-04 19:05:30,31.34,32.73,32.71
2024-03-04 19:06:00,33.55,31.95,33.76
2024-03-04 19:06:30,32.55,31.93,34.24
2024-03-04 19:07:00,32.19,33.47,35.47
2024-03-04 19:07:30,33.36,32.8,35.0
2024-03-04 19:08:00,33.62,32.58,33.12
2024-03-04 19:08:30,32.62,31.63,34.84
2024-03-04 19:09:00,31.35,31.16,31.45
2024-03-04 19:09:30,33.3,32.47,33.87
2024-03-04 19:10:00,34.53,33.67,34.39
2024-03-04 19:10:30,36.75,31.74,34.88
2024-03-04 19:11:00,34.83,32.22,35.09
2024-03-04 19:11:30,35.64,31.41,32.25
2024-03-04 19:12:00,35.13,33.22,32.63
2024-03-04 19:12:30,33.93,32.36,31.58
2024-03-04 19:13:00,35.72,32.21,34.14
2024-03-04 19:13:30,33.98,32.02,34.38
2024-03-04 19:14:00,33.83,32.28,34.01
2024-03-04 19:14:30,31.5,31.87,34.2
2024-03-04 19:15:00,31.92,32.72,32.56
2024-03-04 19:15:30,35.44,31.93,34.24
2024-03-04 19:16:00,32.49,32.9,34.72
2024-03-04 19:16:30,31.7,32.02,
2024-03-04 19:17:00,34.38,32.0,34.1
2024-03-04 19:17:30,32.19,31.47,35.48
2024-03-04 19:18:00,29.38,,32.63
2024-03-04 19:18:30,32.57,31.28,34.14
2024-03-04 19:19:00,32.15,32.95,34.51
2024-03-04 19:19:30,32.16,32.02,33.55
2024-03-04 19:20:00,32.37,30.73,31.92
2024-03-04 19:20:30,30.14,31.71,34.14
2024-03-04 19:21:00,33.3,32.87,31.47
2024-03-04 19:21:30,34.27,33.29,35.4
2024-03-04 19:22:00,33.26,29.86,31.69
2024-03-04 19:22:30,33.14,32.05,32.96
2024-03-04 19:23:00,34.08,31.91,31.22
2024-03-04 19:23:30,32.89,32.73,34.68
2024-03-04 19:24:00,32.08,31.48,34.79
2024-03-04 19:24:30,32.19,30.87,33.97
2024-03-04 19:25:00,34.23,33.58,33.05
2024-03-04 19:25:30,34.09,32.42,34.46
2024-03-04 19:26:00,32.06,32.69,32.39
2024-03-04 19:26:30,33.31,33.08,35.07
2024-03-04 19:27:00,34.22,32.01,33.7
2024-03-04 19:27:30,34.88,33.79,34.98
2024-03-04 19:28:00,33.65,32.17,33.25
2024-03-04 19:28:30,33.79,33.29,35.39
2024-03-04 19:29:00,32.34,32.04,34.02
2024-03-04 19:29:30,33.32,32.59,35.42
2024-03-04 19:30:00,33.27,31.32,36.04
2024-03-04 19:30:30,34.9,33.15,30.7
2024-03-04 19:31:00,31.22,32.13,36.32
2024-03-04 19:31:30,33.05,31.46,33.86
2024-03-04 19:32:00,32.38,29.37,34.2
2024-03-04 19:32:30,31.77,33.1,30.86
2024-03-04 19:33:00,31.76,30.36,31.81
2024-03-04 19:33:30,33.51,33.04,34.36
2024-03-04 19:34:00,32.91,30.79,37.28
2024-03-04 19:34:30,33.11,29.6,33.75
2024-03-04 19:35:00,34.56,30.26,32.74
2024-03-04 19:35:30,31.96,30.43,
2024-03-04 19:36:00,33.36,31.45,34.0
2024-03-04 19:36:30,31.68,31.96,35.18
2024-03-04 19:37:00,32.44,32.22,34.16
2024-03-04 19:37:30,35.18,31.52,34.46
2024-03-04 19:38:00,32.96,32.51,35.01
2024-03-04 19:38:30,32.98,32.46,32.13
2024-03-04 19:39:00,33.78,32.88,33.48
2024-03-04 19:39:30,32.73,32.51,32.77
2024-03-04 19:40:00,31.66,31.94,33.54
2024-03-04 19:40:30,34.05,33.07,31.63
2024-03-04 19:41:00,31.97,32.36,32.44
2024-03-04 19:41:30,32.31,32.33,32.82
2024-03-04 19:42:00,33.84,31.71,34.19
2024-03-04 19:42:30,34.48,33.65,33.23
2024-03-04 19:43:00,34.43,32.58,32.57
2024-03-04 19:43:30,32.76,33.03,31.2
2024-03-04 19:44:00,31.7,32.45,34.57
2024-03-04 19:44:30,32.01,33.39,33.18
2024-03-04 19:45:00,32.9,31.91,32.96
2024-03-04 19:45:30,33.72,31.56,36.51
2024-03-04 19:46:00,32.84,30.24,34.58
2024-03-04 19:46:30,31.9,33.31,33.42
2024-03-04 19:47:00,33.76,30.64,33.65
2024-03-04 19:47:30,31.36,32.25,36.65
2024-03-04 19:48:00,34.23,31.84,34.1
2024-03-04 19:48:30,32.13,32.17,33.08
2024-03-04 19:49:00,30.81,32.07,32.95
2024-03-04 19:49:30,34.36,30.56,33.18
2024-03-04 19:50:00,32.61,33.02,35.88
2024-03-04 19:50:30,30.78,31.48,32.69
2024-03-04 19:51:00,32.73,32.52,34.72
2024-03-04 19:51:30,33.65,32.62,34.07
2024-03-04 19:52:00,32.59,32.62,34.68
2024-03-04 19:52:30,31.81,31.93,36.73
2024-03-04 19:53:00,33.27,30.95,34.61
2024-03-04 19:53:30,32.97,30.8,30.92
2024-03-04 19:54:00,32.93,33.39,36.04
2024-03-04 19:54:30,30.5,32.51,35.93
2024-03-04 19:55:00,33.39,32.15,31.03
2024-03-04 19:55:30,32.46,32.23,32.84
2024-03-04 19:56:00,32.91,31.6,35.62
2024-03-04 19:56:30,31.91,30.7,34.49
2024-03-04 19:57:00,31.79,32.31,35.43
2024-03-04 19:57:30,35.95,35.21,32.77
2024-03-04 19:58:00,31.93,33.84,33.74
2024-03-04 19:58:30,33.96,31.75,33.83
2024-03-04 19:59:00,34.16,33.76,33.81
2024-03-04 19:59:30,32.89,,33.34
2024-03-04 20:00:00,32.25,33.46,30.43
2024-03-04 20:00:30,33.46,31.73,34.14
2024-03-04 20:01:00,32.5,34.74,34.45
2024-03-04 20:01:30,33.72,32.23,32.72
2024-03-04 20:02:00,,33.05,34.26
2024-03-04 20:02:30,33.17,32.44,31.56
2024-03-04 20:03:00,33.25,33.26,31.62
2024-03-04 20:03:30,32.62,31.44,33.55
2024-03-04 20:04:00,34.7,32.51,32.99
2024-03-04 20:04:30,32.81,32.44,34.02
2024-03-04 20:05:00,32.77,32.67,31.32
2024-03-04 20:05:30,32.87,33.65,35.04
2024-03-04 20:06:00,33.39,32.29,31.93
2024-03-04 20:06:30,34.27,31.66,36.04
2024-03-04 20:07:00,,31.44,36.22
2024-03-04 20:07:30,33.18,31.93,31.16
2024-03-04 20:08:00,34.21,,33.41
2024-03-04 20:08:30,30.29,31.26,34.72
2024-03-04 20:09:00,33.23,31.78,32.46
2024-03-04 20:09:30,34.08,33.92,31.16
2024-03-04 20:10:00,32.63,31.84,36.55
2024-03-04 20:10:30,33.22,31.62,33.46
2024-03-04 20:11:00,32.62,32.38,33.14
2024-03-04 20:11:30,31.73,32.87,34.29
2024-03-04 20:12:00,34.57,31.98,35.01
2024-03-04 20:12:30,32.68,33.34,32.01
2024-03-04 20:13:00,35.37,32.46,34.68
2024-03-04 20:13:30,34.21,31.87,32.0
2024-03-04 20:14:00,31.74,33.56,32.56
2024-03-04 20:14:30,35.33,32.0,34.39
2024-03-04 20:15:00,32.27,31.42,33.51
2024-03-04 20:15:30,32.73,32.19,32.99
2024-03-04 20:16:00,32.81,34.0,34.79
2024-03-04 20:16:30,33.66,31.32,33.64
2024-03-04 20:17:00,33.17,32.19,33.04
2024-03-04 20:17:30,35.0,32.26,30.29
2024-03-04 20:18:00,32.61,32.74,35.04
2024-03-04 20:18:30,31.98,31.93,33.86
2024-03-04 20:19:00,33.31,32.18,32.89
2024-03-04 20:19:30,33.26,31.71,34.11
2024-03-04 20:20:00,35.53,32.69,33.02
2024-03-04 20:20:30,33.33,34.86,33.83
2024-03-04 20:21:00,34.46,33.44,33.58
2024-03-04 20:21:30,34.45,32.24,37.12
2024-03-04 20:22:00,33.67,33.31,34.37
2024-03-04 20:22:30,32.75,33.42,33.84
2024-03-04 20:23:00,34.24,32.72,34.51
2024-03-04 20:23:30,32.38,32.77,
2024-03-04 20:24:00,32.76,32.94,33.03
2024-03-04 20:24:30,34.43,33.23,33.42
2024-03-04 20:25:00,33.07,32.07,35.24
2024-03-04 20:25:30,33.26,32.81,31.53
2024-03-04 20:26:00,34.6,32.13,34.39
2024-03-04 20:26:30,33.71,32.94,33.08
2024-03-04 20:27:00,32.88,33.41,33.13
2024-03-04 20:27:30,30.42,,31.77
2024-03-04 20:28:00,33.27,32.21,30.32
2024-03-04 20:28:30,34.55,31.23,36.65
2024-03-04 20:29:00,32.92,32.0,34.13
2024-03-04 20:29:30,34.5,33.88,35.06
2024-03-04 20:30:00,32.78,29.67,33.82
2024-03-04 20:30:30,31.43,31.06,32.01
2024-03-04 20:31:00,34.29,31.49,34.76
2024-03-04 20:31:30,32.85,32.62,33.06
2024-03-04 20:32:00,34.38,32.91,33.56
2024-03-04 20:32:30,31.78,32.69,36.23
2024-03-04 20:33:00,33.45,33.06,33.05
2024-03-04 20:33:30,31.7,32.33,33.74
2024-03-04 20:34:00,34.38,33.08,35.22
2024-03-04 20:34:30,35.8,32.22,34.42
2024-03-04 20:35:00,36.11,32.98,32.63
2024-03-04 20:35:30,31.55,30.92,34.1
2024-03-04 20:36:00,33.36,32.89,33.06
2024-03-04 20:36:30,34.43,32.95,32.62
2024-03-04 20:37:00,31.82,32.69,34.06
2024-03-04 20:37:30,31.28,33.25,31.47
2024-03-04 20:38:00,32.86,31.36,34.65
2024-03-04 20:38:30,32.19,34.08,34.22
2024-03-04 20:39:00,34.12,31.59,32.81
2024-03-04 20:39:30,32.48,32.65,
2024-03-04 20:40:00,33.55,30.01,35.01
2024-03-04 20:40:30,33.37,30.81,32.8
2024-03-04 20:41:00,32.61,32.24,33.6
2024-03-04 20:41:30,34.14,32.25,36.14
2024-03-04 20:42:00,34.07,31.34,31.84
2024-03-04 20:42:30,,30.8,33.85
2024-03-04 20:43:00,32.75,,34.96
2024-03-04 20:43:30,33.54,30.71,33.84
2024-03-04 20:44:00,33.46,32.42,33.4
2024-03-04 20:44:30,32.22,31.43,33.9
2024-03-04 20:45:00,31.94,32.69,36.18
2024-03-04 20:45:30,34.01,31.84,37.63
2024-03-04 20:46:00,33.22,31.44,33.24
2024-03-04 20:46:30,33.25,31.62,33.38
2024-03-04 20:47:00,32.48,32.01,36.09
2024-03-04 20:47:30,34.55,33.1,34.55
2024-03-04 20:48:00,30.97,33.04,34.77
2024-03-04 20:48:30,34.21,31.99,32.91
2024-03-04 20:49:00,33.25,31.6,32.97
2024-03-04 20:49:30,34.0,32.29,34.34
2024-03-04 20:50:00,34.17,31.22,35.89
2024-03-04 20:50:30,32.96,33.4,31.14
2024-03-04 20:51:00,33.81,34.55,33.81
2024-03-04 20:51:30,34.5,32.9,33.19
2024-03-04 20:52:00,35.55,32.37,33.44
2024-03-04 20:52:30,32.79,32.44,31.08
2024-03-04 20:53:00,33.73,,32.72
2024-03-04 20:53:30,30.79,33.83,36.77
2024-03-04 20:54:00,32.76,32.42,36.36
2024-03-04 20:54:30,36.13,31.98,34.15
2024-03-04 20:55:00,33.36,32.83,34.84
2024-03-04 20:55:30,33.31,32.32,
2024-03-04 20:56:00,34.95,33.25,34.62
2024-03-04 20:56:30,32.3,32.54,36.53
2024-03-04 20:57:00,34.14,31.25,33.67
2024-03-04 20:57:30,33.81,33.68,38.27
2024-03-04 20:58:00,35.89,33.22,34.13
2024-03-04 20:58:30,34.46,31.42,33.7
2024-03-04 20:59:00,33.84,32.55,32.22
2024-03-04 20:59:30,32.81,33.44,33.95
2024-03-04 21:00:00,32.23,33.95,34.6
2024-03-04 21:00:30,33.45,33.13,33.96
2024-03-04 21:01:00,33.4,31.34,30.75
2024-03-04 21:01:30,32.93,32.44,
2024-03-04 21:02:00,33.02,33.36,34.15
2024-03-04 21:02:30,33.84,31.72,32.77
2024-03-04 21:03:00,32.44,31.32,33.01
2024-03-04 21:03:30,31.71,31.46,33.66
2024-03-04 21:04:00,35.93,33.73,33.91
2024-03-04 21:04:30,34.62,33.97,35.13
2024-03-04 21:05:00,33.77,33.78,35.7
2024-03-04 21:05:30,32.85,31.31,33.92
2024-03-04 21:06:00,32.87,32.76,34.28
2024-03-04 21:06:30,34.33,33.17,32.85
2024-03-04 21:07:00,34.36,31.72,32.58
2024-03-04 21:07:30,33.45,32.69,34.32
2024-03-04 21:08:00,31.39,31.68,32.3
2024-03-04 21:08:30,35.74,33.81,35.44
2024-03-04 21:09:00,32.44,32.62,33.28
2024-03-04 21:09:30,33.77,31.3,32.49
2024-03-04 21:10:00,32.97,31.24,34.9
2024-03-04 21:10:30,32.23,32.47,32.39
2024-03-04 21:11:00,35.25,32.4,33.38
2024-03-04 21:11:30,34.08,33.53,36.11
2024-03-04 21:12:00,34.55,33.99,33.13
2024-03-04 21:12:30,33.47,32.56,33.78
2024-03-04 21:13:00,33.98,32.26,36.25
2024-03-04 21:13:30,33.16,33.5,35.01
2024-03-04 21:14:00,36.6,32.7,34.5
2024-03-04 21:14:30,32.95,32.96,33.14
2024-03-04 21:15:00,31.91,33.45,34.66
2024-03-04 21:15:30,32.91,33.11,36.75
2024-03-04 21:16:00,32.79,33.41,33.49
2024-03-04 21:16:30,33.4,32.78,35.69
2024-03-04 21:17:00,33.09,32.14,32.63
2024-03-04 21:17:30,33.31,32.49,33.12
2024-03-04 21:18:00,36.04,33.27,32.93
2024-03-04 21:18:30,34.35,32.38,35.99
2024-03-04 21:19:00,36.03,33.22,36.76
2024-03-04 21:19:30,32.24,32.92,34.93
2024-03-04 21:20:00,30.87,33.6,35.3
2024-03-04 21:20:30,34.1,32.67,35.32
2024-03-04 21:21:00,32.26,32.84,35.73
2024-03-04 21:21:30,34.75,33.43,33.73
2024-03-04 21:22:00,35.2,33.28,34.66
2024-03-04 21:22:30,34.1,36.14,33.44
2024-03-04 21:23:00,32.98,31.77,36.29
2024-03-04 21:23:30,32.93,34.42,36.88
2024-03-04 21:24:00,32.08,32.01,35.89
2024-03-04 21:24:30,32.33,35.16,37.18
2024-03-04 21:25:00,34.94,32.88,33.95
2024-03-04 21:25:30,34.37,32.06,34.83
2024-03-04 21:26:00,34.92,34.15,35.9
2024-03-04 21:26:30,34.61,32.51,37.31
2024-03-04 21:27:00,34.94,32.52,35.96
2024-03-04 21:27:30,33.67,32.95,36.53
2024-03-04 21:28:00,32.55,33.74,35.92
2024-03-04 21:28:30,33.11,32.61,35.33
2024-03-04 21:29:00,33.2,31.85,35.7
2024-03-04 21:29:30,34.99,33.11,35.9
2024-03-04 21:30:00,37.44,33.17,32.76
2024-03-04 21:30:30,34.14,32.47,35.54
2024-03-04 21:31:00,35.54,34.43,34.58
2024-03-04 21:31:30,35.83,32.43,32.55
2024-03-04 21:32:00,32.31,33.66,36.06
2024-03-04 21:32:30,33.25,32.15,32.54
2024-03-04 21:33:00,35.22,35.15,33.15
2024-03-04 21:33:30,32.91,32.34,33.57
2024-03-04 21:34:00,35.07,33.87,34.83
2024-03-04 21:34:30,36.1,31.4,36.0
2024-03-04 21:35:00,31.59,32.26,34.6
2024-03-04 21:35:30,34.42,32.26,34.57
2024-03-04 21:36:00,33.33,32.57,36.13
2024-03-04 21:36:30,33.0,34.8,34.47
2024-03-04 21:37:00,32.12,31.75,33.59
2024-03-04 21:37:30,35.05,32.13,33.83
2024-03-04 21:38:00,35.47,33.48,33.25
2024-03-04 21:38:30,36.26,31.96,34.24
2024-03-04 21:39:00,33.0,31.35,35.79
2024-03-04 21:39:30,34.26,34.63,35.05
2024-03-04 21:40:00,35.39,34.69,34.18
2024-03-04 21:40:30,34.76,34.44,36.15
2024-03-04 21:41:00,36.39,33.41,34.37
2024-03-04 21:41:30,34.61,33.9,35.05
2024-03-04 21:42:00,35.22,33.45,33.55
2024-03-04 21:42:30,34.3,33.56,35.7
2024-03-04 21:43:00,30.27,33.42,36.83
2024-03-04 21:43:30,34.02,31.69,34.71
2024-03-04 21:44:00,33.15,34.37,38.46
2024-03-04 21:44:30,33.64,34.64,34.62
2024-03-04 21:45:00,34.74,32.14,35.38
2024-03-04 21:45:30,,32.67,35.32
2024-03-04 21:46:00,35.71,32.98,36.74
2024-03-04 21:46:30,32.28,34.52,37.27
2024-03-04 21:47:00,32.54,32.16,34.58
2024-03-04 21:47:30,35.37,33.12,33.31
2024-03-04 21:48:00,33.18,33.03,33.36
2024-03-04 21:48:30,33.3,32.49,34.11
2024-03-04 21:49:00,35.28,33.5,36.47
2024-03-04 21:49:30,34.29,32.32,35.89
2024-03-04 21:50:00,35.5,33.33,34.19
2024-03-04 21:50:30,35.51,32.64,35.44
2024-03-04 21:51:00,35.04,33.75,35.11
2024-03-04 21:51:30,34.47,31.99,35.01
2024-03-04 21:52:00,32.72,32.59,35.07
2024-03-04 21:52:30,34.07,32.38,34.8
2024-03-04 21:53:00,34.08,31.72,35.45
2024-03-04 21:53:30,35.37,32.73,33.78
2024-03-04 21:54:00,34.43,33.38,35.45
2024-03-04 21:54:30,33.09,33.29,36.68
2024-03-04 21:55:00,36.17,33.32,36.33
2024-03-04 21:55:30,34.31,33.92,37.88
2024-03-04 21:56:00,32.67,34.79,31.7
2024-03-04 21:56:30,33.97,33.79,36.79
2024-03-04 21:57:00,33.68,34.39,35.56
2024-03-04 21:57:30,33.85,33.79,36.68
2024-03-04 21:58:00,33.71,33.85,33.68
2024-03-04 21:58:30,34.48,,32.92
2024-03-04 21:59:00,34.27,33.37,33.93
2024-03-04 21:59:30,32.57,34.01,35.39
2024-03-04 22:00:00,35.08,34.94,37.2
2024-03-04 22:00:30,35.92,32.77,36.74
2024-03-04 22:01:00,33.11,34.07,37.45
2024-03-04 22:01:30,35.65,34.22,33.84
2024-03-04 22:02:00,35.2,33.94,36.21
2024-03-04 22:02:30,35.35,34.64,37.6
2024-03-04 22:03:00,33.88,32.5,35.96
2024-03-04 22:03:30,32.85,33.19,34.14
2024-03-04 22:04:00,36.28,33.98,33.31
2024-03-04 22:04:30,33.6,34.04,34.46
2024-03-04 22:05:00,34.64,33.21,36.63
2024-03-04 22:05:30,37.24,34.86,37.14
2024-03-04 22:06:00,37.23,33.67,36.29
2024-03-04 22:06:30,33.84,33.52,38.04
2024-03-04 22:07:00,34.24,34.06,37.24
2024-03-04 22:07:30,33.76,32.64,37.94
2024-03-04 22:08:00,35.05,32.78,36.62
2024-03-04 22:08:30,35.16,34.28,35.97
2024-03-04 22:09:00,34.53,35.62,37.35
2024-03-04 22:09:30,34.33,33.49,34.34
2024-03-04 22:10:00,34.61,33.58,35.29
2024-03-04 22:10:30,34.62,33.63,35.6
2024-03-04 22:11:00,35.73,36.6,38.09
2024-03-04 22:11:30,33.55,34.91,36.94
2024-03-04 22:12:00,34.56,33.67,36.09
2024-03-04 22:12:30,34.58,32.08,37.02
2024-03-04 22:13:00,35.63,33.99,34.28
2024-03-04 22:13:30,36.43,35.26,37.24
2024-03-04 22:14:00,35.27,34.1,36.67
2024-03-04 22:14:30,34.47,34.67,35.43
2024-03-04 22:15:00,33.41,32.29,35.94
2024-03-04 22:15:30,35.39,34.99,37.19
2024-03-04 22:16:00,35.64,33.6,36.04
2024-03-04 22:16:30,33.22,34.36,36.02
2024-03-04 22:17:00,33.25,34.45,36.45
2024-03-04 22:17:30,33.86,33.96,38.45
2024-03-04 22:18:00,35.08,34.69,35.8
2024-03-04 22:18:30,34.02,34.76,35.92
2024-03-04 22:19:00,34.16,35.08,37.57
2024-03-04 22:19:30,33.65,34.14,38.14
2024-03-04 22:20:00,36.9,34.17,35.28
2024-03-04 22:20:30,36.06,33.85,36.94
2024-03-04 22:21:00,36.94,34.4,36.17
2024-03-04 22:21:30,34.08,33.68,36.2
2024-03-04 22:22:00,37.04,34.75,36.41
2024-03-04 22:22:30,33.84,35.39,36.21
2024-03-04 22:23:00,36.11,32.36,37.06
2024-03-04 22:23:30,34.77,34.22,37.54
2024-03-04 22:24:00,33.36,33.44,33.51
2024-03-04 22:24:30,34.81,33.27,37.07
2024-03-04 22:25:00,36.07,35.23,36.88
2024-03-04 22:25:30,35.55,36.06,34.86
2024-03-04 22:26:00,36.4,32.8,38.14
2024-03-04 22:26:30,37.61,33.56,36.66
2024-03-04 22:27:00,37.25,34.24,36.33
2024-03-04 22:27:30,36.15,34.85,37.67
2024-03-04 22:28:00,37.33,35.87,35.12
2024-03-04 22:28:30,36.21,34.68,35.63
2024-03-04 22:29:00,36.7,32.8,34.31
2024-03-04 22:29:30,35.43,33.81,
2024-03-04 22:30:00,34.9,34.57,33.23
2024-03-04 22:30:30,35.75,33.88,35.75
2024-03-04 22:31:00,35.21,33.68,36.23
2024-03-04 22:31:30,36.02,33.57,35.74
2024-03-04 22:32:00,35.01,35.41,39.24
2024-03-04 22:32:30,37.09,,36.21
2024-03-04 22:33:00,36.49,35.72,36.25
2024-03-04 22:33:30,35.46,34.06,37.47
2024-03-04 22:34:00,35.23,35.51,34.69
2024-03-04 22:34:30,36.94,34.82,36.39
2024-03-04 22:35:00,35.8,33.48,37.62
2024-03-04 22:35:30,36.23,34.36,36.52
2024-03-04 22:36:00,34.29,37.26,36.83
2024-03-04 22:36:30,35.62,32.49,36.47
2024-03-04 22:37:00,34.94,36.27,34.57
2024-03-04 22:37:30,33.4,33.58,36.26
2024-03-04 22:38:00,34.74,35.03,35.72
2024-03-04 22:38:30,36.76,33.53,36.56
2024-03-04 22:39:00,36.51,35.41,35.21
2024-03-04 22:39:30,36.58,36.19,36.39
2024-03-04 22:40:00,34.43,31.97,
2024-03-04 22:40:30,33.53,35.0,37.47
2024-03-04 22:41:00,38.42,33.93,34.49
2024-03-04 22:41:30,35.17,34.88,37.55
2024-03-04 22:42:00,37.75,33.85,36.86
2024-03-04 22:42:30,36.32,33.28,37.08
2024-03-04 22:43:00,35.81,35.8,38.64
2024-03-04 22:43:30,35.97,35.0,33.89
2024-03-04 22:44:00,37.15,35.2,37.9
2024-03-04 22:44:30,35.34,35.17,35.28
2024-03-04 22:45:00,36.04,35.27,35.58
2024-03-04 22:45:30,35.22,34.77,38.32
2024-03-04 22:46:00,35.18,35.28,35.26
2024-03-04 22:46:30,37.13,35.27,36.39
2024-03-04 22:47:00,36.77,36.37,36.95
2024-03-04 22:47:30,35.61,35.33,36.88
2024-03-04 22:48:00,36.51,34.92,38.15
2024-03-04 22:48:30,38.57,34.65,35.75
2024-03-04 22:49:00,36.28,33.45,36.21
2024-03-04 22:49:30,37.73,34.12,37.66
2024-03-04 22:50:00,36.23,,35.99
2024-03-04 22:50:30,38.87,36.58,36.34
2024-03-04 22:51:00,37.46,35.33,37.25
2024-03-04 22:51:30,38.41,35.81,39.06
2024-03-04 22:52:00,35.12,36.55,35.92
2024-03-04 22:52:30,36.48,36.08,37.34
2024-03-04 22:53:00,38.19,35.51,35.12
2024-03-04 22:53:30,36.78,37.12,37.39
2024-03-04 22:54:00,33.74,36.88,38.7
2024-03-04 22:54:30,35.25,34.85,37.77
2024-03-04 22:55:00,34.73,34.21,37.32
2024-03-04 22:55:30,36.4,33.77,40.51
2024-03-04 22:56:00,37.83,36.38,36.59
2024-03-04 22:56:30,35.7,35.5,39.1
2024-03-04 22:57:00,37.09,35.82,38.73
2024-03-04 22:57:30,36.59,35.2,
2024-03-04 22:58:00,39.17,35.25,36.6
2024-03-04 22:58:30,,35.39,35.87
2024-03-04 22:59:00,36.81,36.19,37.52
2024-03-04 22:59:30,37.21,36.21,37.79
2024-03-04 23:00:00,34.51,35.41,35.48
2024-03-04 23:00:30,36.98,36.82,38.0
2024-03-04 23:01:00,36.74,34.73,37.1
2024-03-04 23:01:30,37.36,35.57,36.89
2024-03-04 23:02:00,36.06,37.53,38.42
2024-03-04 23:02:30,37.76,36.24,38.1
2024-03-04 23:03:00,36.53,35.84,40.48
2024-03-04 23:03:30,39.31,35.56,36.62
2024-03-04 23:04:00,37.88,34.94,38.98
2024-03-04 23:04:30,36.01,35.45,37.57
2024-03-04 23:05:00,38.22,35.56,
2024-03-04 23:05:30,38.51,36.88,37.77
2024-03-04 23:06:00,36.39,34.8,37.82
2024-03-04 23:06:30,35.43,36.29,39.93
2024-03-04 23:07:00,36.15,36.27,39.26
2024-03-04 23:07:30,35.43,35.35,36.5
2024-03-04 23:08:00,36.66,38.14,40.2
2024-03-04 23:08:30,38.42,35.48,38.16
2024-03-04 23:09:00,35.27,36.22,38.15
2024-03-04 23:09:30,36.82,36.56,36.1
2024-03-04 23:10:00,37.91,35.71,38.02
2024-03-04 23:10:30,38.74,36.01,37.9
2024-03-04 23:11:00,38.79,35.62,39.87
2024-03-04 23:11:30,37.73,35.53,37.97
2024-03-04 23:12:00,37.25,36.27,37.72
2024-03-04 23:12:30,37.31,35.62,40.07
2024-03-04 23:13:00,39.22,36.06,37.74
2024-03-04 23:13:30,37.75,35.9,37.68
2024-03-04 23:14:00,39.16,36.16,39.09
2024-03-04 23:14:30,37.33,36.47,37.29
2024-03-04 23:15:00,38.17,36.71,38.04
2024-03-04 23:15:30,37.09,36.4,36.63
2024-03-04 23:16:00,37.04,37.18,39.57
2024-03-04 23:16:30,38.49,35.91,36.72
2024-03-04 23:17:00,37.44,35.25,36.18
2024-03-04 23:17:30,39.41,34.6,40.05
2024-03-04 23:18:00,37.58,36.96,38.22
2024-03-04 23:18:30,38.54,35.65,35.62
2024-03-04 23:19:00,35.49,36.03,37.81
2024-03-04 23:19:30,38.73,35.13,36.13
2024-03-04 23:20:00,38.77,34.84,38.62
2024-03-04 23:20:30,36.61,35.87,34.47
2024-03-04 23:21:00,37.33,36.44,38.25
2024-03-04 23:21:30,39.76,37.99,37.78
2024-03-04 23:22:00,39.49,37.0,35.97
2024-03-04 23:22:30,38.32,34.6,38.8
2024-03-04 23:23:00,40.31,36.17,38.06
2024-03-04 23:23:30,38.42,,38.46
2024-03-04 23:24:00,37.96,38.06,38.74
2024-03-04 23:24:30,38.17,36.84,36.86
2024-03-04 23:25:00,37.9,35.74,35.94
2024-03-04 23:25:30,37.26,37.09,39.71
2024-03-04 23:26:00,38.75,37.15,
2024-03-04 23:26:30,37.85,37.57,39.16
2024-03-04 23:27:00,36.34,34.66,38.45
2024-03-04 23:27:30,38.41,36.17,40.59
2024-03-04 23:28:00,37.23,37.05,38.45
2024-03-04 23:28:30,37.69,36.73,40.67
2024-03-04 23:29:00,38.35,38.26,37.7
2024-03-04 23:29:30,38.11,37.67,40.96
2024-03-04 23:30:00,37.47,37.61,38.56
2024-03-04 23:30:30,37.32,36.96,38.46
2024-03-04 23:31:00,40.62,35.57,38.25
2024-03-04 23:31:30,39.14,36.02,40.35
2024-03-04 23:32:00,39.9,37.24,41.91
2024-03-04 23:32:30,38.32,36.76,36.7
2024-03-04 23:33:00,39.08,37.03,39.43
2024-03-04 23:33:30,38.18,38.02,38.62
2024-03-04 23:34:00,36.79,38.14,38.87
2024-03-04 23:34:30,37.71,37.17,38.19
2024-03-04 23:35:00,37.97,37.79,35.58
2024-03-04 23:35:30,41.88,37.64,38.01
2024-03-04 23:36:00,,37.93,39.74
2024-03-04 23:36:30,38.03,34.89,37.9
2024-03-04 23:37:00,39.56,35.78,40.2
2024-03-04 23:37:30,36.91,36.6,39.03
2024-03-04 23:38:00,37.94,36.58,39.85
2024-03-04 23:38:30,39.99,35.18,37.29
2024-03-04 23:39:00,37.43,35.53,38.75
2024-03-04 23:39:30,37.93,38.37,38.62
2024-03-04 23:40:00,38.22,36.34,40.23
2024-03-04 23:40:30,37.74,37.98,39.21
2024-03-04 23:41:00,39.29,36.78,37.06
2024-03-04 23:41:30,37.13,37.89,36.58
2024-03-04 23:42:00,40.36,36.02,38.65
2024-03-04 23:42:30,37.8,37.74,37.44
2024-03-04 23:43:00,37.4,36.6,43.15
2024-03-04 23:43:30,38.84,37.16,38.57
2024-03-04 23:44:00,36.81,36.09,38.52
2024-03-04 23:44:30,40.12,38.37,38.19
2024-03-04 23:45:00,38.02,38.34,
2024-03-04 23:45:30,37.02,36.84,37.41
2024-03-04 23:46:00,38.76,36.45,40.92
2024-03-04 23:46:30,39.82,38.38,39.43
2024-03-04 23:47:00,37.01,36.87,40.09
2024-03-04 23:47:30,39.77,37.84,41.75
2024-03-04 23:48:00,37.37,38.61,37.84
2024-03-04 23:48:30,37.14,37.09,40.02
2024-03-04 23:49:00,38.24,36.96,38.18
2024-03-04 23:49:30,38.94,37.87,38.93
2024-03-04 23:50:00,38.27,38.58,38.6
2024-03-04 23:50:30,39.77,37.75,39.68
2024-03-04 23:51:00,38.16,38.34,39.81
2024-03-04 23:51:30,37.57,38.93,39.43
2024-03-04 23:52:00,38.81,39.12,39.56
2024-03-04 23:52:30,37.63,38.19,38.82
2024-03-04 23:53:00,39.12,39.29,41.72
2024-03-04 23:53:30,37.89,36.14,39.18
2024-03-04 23:54:00,38.03,39.73,40.27
2024-03-04 23:54:30,38.9,38.99,40.65
2024-03-04 23:55:00,38.33,38.94,42.87
2024-03-04 23:55:30,39.15,37.36,37.81
2024-03-04 23:56:00,38.67,38.59,41.13
2024-03-04 23:56:30,38.48,37.04,38.9
2024-03-04 23:57:00,40.88,38.2,38.96
2024-03-04 23:57:30,42.31,39.41,38.91
2024-03-04 23:58:00,40.28,39.03,40.54
2024-03-04 23:58:30,38.98,37.42,39.94
2024-03-04 23:59:00,38.85,38.45,40.88
2024-03-04 23:59:30,37.54,36.68,
2024-03-05 00:00:00,39.24,37.25,40.46
2024-03-05 00:00:30,38.82,38.64,41.52
2024-03-05 00:01:00,37.07,38.17,41.14
2024-03-05 00:01:30,40.57,38.88,39.92
2024-03-05 00:02:00,39.61,38.32,38.91
2024-03-05 00:02:30,38.64,37.96,38.86
2024-03-05 00:03:00,,37.81,41.46
2024-03-05 00:03:30,39.84,36.54,
2024-03-05 00:04:00,40.64,38.08,40.47
2024-03-05 00:04:30,37.97,38.56,38.89
2024-03-05 00:05:00,37.9,40.16,39.13
2024-03-05 00:05:30,38.62,37.53,40.18
2024-03-05 00:06:00,41.57,40.73,42.09
2024-03-05 00:06:30,38.86,37.9,40.44
2024-03-05 00:07:00,38.8,38.96,41.28
2024-03-05 00:07:30,40.08,37.15,40.3
2024-03-05 00:08:00,38.85,38.71,42.2
2024-03-05 00:08:30,40.32,37.24,40.23
2024-03-05 00:09:00,39.44,39.24,39.68
2024-03-05 00:09:30,38.24,39.5,39.61
2024-03-05 00:10:00,40.91,,41.18
2024-03-05 00:10:30,40.21,39.5,41.3
2024-03-05 00:11:00,39.15,38.07,41.69
2024-03-05 00:11:30,40.28,40.2,41.57
2024-03-05 00:12:00,41.2,37.98,39.36
2024-03-05 00:12:30,39.72,39.14,39.32
2024-03-05 00:13:00,40.98,39.38,40.08
2024-03-05 00:13:30,40.4,38.5,
2024-03-05 00:14:00,,39.45,39.43
2024-03-05 00:14:30,41.24,38.45,42.21
2024-03-05 00:15:00,39.59,38.56,41.01
2024-03-05 00:15:30,40.42,38.65,39.8
2024-03-05 00:16:00,41.11,,39.97
2024-03-05 00:16:30,42.4,38.17,41.84
2024-03-05 00:17:00,39.87,38.18,43.24
2024-03-05 00:17:30,39.6,38.84,42.79
2024-03-05 00:18:00,40.62,38.39,41.18
2024-03-05 00:18:30,39.3,40.35,40.56
2024-03-05 00:19:00,39.15,40.25,41.29
2024-03-05 00:19:30,38.82,40.55,39.24
2024-03-05 00:20:00,41.06,38.45,40.52
2024-03-05 00:20:30,41.83,38.78,43.59
2024-03-05 00:21:00,41.86,39.38,42.72
2024-03-05 00:21:30,40.08,37.42,38.74
2024-03-05 00:22:00,40.74,37.05,41.91
2024-03-05 00:22:30,39.1,,40.62
2024-03-05 00:23:00,38.7,39.11,40.98
2024-03-05 00:23:30,39.33,39.09,41.43
2024-03-05 00:24:00,41.31,40.04,40.56
2024-03-05 00:24:30,40.76,37.5,40.57
2024-03-05 00:25:00,41.17,40.46,43.12
2024-03-05 00:25:30,41.55,39.14,42.0
2024-03-05 00:26:00,41.29,40.37,40.41
2024-03-05 00:26:30,40.44,40.01,41.55
2024-03-05 00:27:00,39.75,41.25,42.75
2024-03-05 00:27:30,42.9,38.98,42.5
2024-03-05 00:28:00,39.79,38.22,41.11
2024-03-05 00:28:30,40.14,40.4,41.59
2024-03-05 00:29:00,40.45,39.97,41.65
2024-03-05 00:29:30,42.04,39.75,39.9
2024-03-05 00:30:00,41.01,38.12,39.83
2024-03-05 00:30:30,39.82,37.94,40.05
2024-03-05 00:31:00,41.66,,40.89
2024-03-05 00:31:30,40.74,40.31,41.49
2024-03-05 00:32:00,42.42,40.47,42.08
2024-03-05 00:32:30,41.35,39.06,41.96
2024-03-05 00:33:00,39.66,39.72,42.94
2024-03-05 00:33:30,39.89,39.64,40.25
2024-03-05 00:34:00,40.11,39.37,40.66
2024-03-05 00:34:30,40.35,38.35,41.2
2024-03-05 00:35:00,39.48,39.11,42.44
2024-03-05 00:35:30,41.0,40.57,43.72
2024-03-05 00:36:00,41.56,40.69,40.56
2024-03-05 00:36:30,41.16,39.77,43.65
2024-03-05 00:37:00,40.76,39.36,41.97
2024-03-05 00:37:30,42.37,40.1,40.71
2024-03-05 00:38:00,39.63,38.36,44.12
2024-03-05 00:38:30,41.53,39.54,42.5
2024-03-05 00:39:00,39.44,41.34,42.67
2024-03-05 00:39:30,43.14,40.46,43.47
2024-03-05 00:40:00,40.91,39.06,42.03
2024-03-05 00:40:30,41.95,39.31,41.41
2024-03-05 00:41:00,40.18,39.16,43.5
2024-03-05 00:41:30,42.71,37.18,43.91
2024-03-05 00:42:00,42.37,39.68,42.73
2024-03-05 00:42:30,38.95,40.35,43.99
2024-03-05 00:43:00,42.06,38.96,40.22
2024-03-05 00:43:30,43.79,41.02,
2024-03-05 00:44:00,42.82,41.66,42.39
2024-03-05 00:44:30,43.33,40.74,42.79
2024-03-05 00:45:00,41.45,41.23,42.35
2024-03-05 00:45:30,40.44,41.5,41.9
2024-03-05 00:46:00,40.4,39.5,44.14
2024-03-05 00:46:30,41.1,39.71,
2024-03-05 00:47:00,43.47,40.18,43.24
2024-03-05 00:47:30,43.11,40.65,43.01
2024-03-05 00:48:00,42.99,41.02,42.57
2024-03-05 00:48:30,41.32,40.1,44.98
2024-03-05 00:49:00,41.21,41.22,41.81
2024-03-05 00:49:30,40.72,38.67,44.39
2024-03-05 00:50:00,41.04,38.79,43.22
2024-03-05 00:50:30,41.05,40.71,43.8
2024-03-05 00:51:00,42.13,39.33,42.05
2024-03-05 00:51:30,44.6,39.49,41.62
2024-03-05 00:52:00,42.78,40.95,42.68
2024-03-05 00:52:30,42.28,39.43,43.33
2024-03-05 00:53:00,39.25,41.79,42.69
2024-03-05 00:53:30,40.62,40.11,42.52
2024-03-05 00:54:00,41.88,42.15,41.77
2024-03-05 00:54:30,42.62,40.37,41.8
2024-03-05 00:55:00,,39.96,42.04
2024-03-05 00:55:30,42.41,42.53,43.2
2024-03-05 00:56:00,40.86,40.16,43.75
2024-03-05 00:56:30,43.42,41.24,42.14
2024-03-05 00:57:00,42.75,41.58,44.08
2024-03-05 00:57:30,42.74,41.5,43.79
2024-03-05 00:58:00,43.41,41.34,43.28
2024-03-05 00:58:30,40.11,42.52,42.82
2024-03-05 00:59:00,40.05,39.65,41.64
2024-03-05 00:59:30,41.36,39.66,39.7
2024-03-05 01:00:00,41.45,40.47,44.3
2024-03-05 01:00:30,,42.05,43.99
2024-03-05 01:01:00,40.46,40.22,40.32
2024-03-05 01:01:30,41.36,41.66,43.05
2024-03-05 01:02:00,42.83,42.7,42.38
2024-03-05 01:02:30,42.5,39.69,44.56
2024-03-05 01:03:00,43.09,40.92,42.71
2024-03-05 01:03:30,43.23,41.0,45.48
2024-03-05 01:04:00,41.17,40.67,42.64
2024-03-05 01:04:30,41.96,39.84,42.0
2024-03-05 01:05:00,44.14,42.33,44.28
2024-03-05 01:05:30,,41.26,43.86
2024-03-05 01:06:00,41.77,42.92,43.47
2024-03-05 01:06:30,41.55,40.38,43.75
2024-03-05 01:07:00,41.14,41.9,44.51
2024-03-05 01:07:30,44.31,40.21,43.41
2024-03-05 01:08:00,43.69,41.56,43.47
2024-03-05 01:08:30,41.54,41.97,43.92
2024-03-05 01:09:00,42.13,40.15,45.33
2024-03-05 01:09:30,43.71,42.18,45.34
2024-03-05 01:10:00,42.56,40.52,42.16
2024-03-05 01:10:30,43.72,40.76,42.11
2024-03-05 01:11:00,42.49,39.79,44.56
2024-03-05 01:11:30,43.18,41.35,40.95
2024-03-05 01:12:00,42.37,40.93,42.91
2024-03-05 01:12:30,44.73,41.99,43.47
2024-03-05 01:13:00,40.91,42.41,42.08
2024-03-05 01:13:30,43.3,41.57,40.85
2024-03-05 01:14:00,44.55,42.7,
2024-03-05 01:14:30,42.78,42.69,46.55
2024-03-05 01:15:00,44.09,41.67,44.29
2024-03-05 01:15:30,42.82,40.87,44.41
2024-03-05 01:16:00,43.0,41.12,46.01
2024-03-05 01:16:30,42.76,42.36,45.08
2024-03-05 01:17:00,44.12,42.58,44.91
2024-03-05 01:17:30,46.04,43.0,44.91
2024-03-05 01:18:00,42.08,39.32,43.1
2024-03-05 01:18:30,43.46,41.38,44.75
2024-03-05 01:19:00,43.22,42.47,42.63
2024-03-05 01:19:30,45.52,41.85,42.89
2024-03-05 01:20:00,43.15,39.73,42.58
2024-03-05 01:20:30,44.17,38.92,44.32
2024-03-05 01:21:00,44.76,42.06,44.95
2024-03-05 01:21:30,43.57,42.94,43.43
2024-03-05 01:22:00,41.59,42.03,44.26
2024-03-05 01:22:30,42.21,41.62,44.42
2024-03-05 01:23:00,41.99,41.27,45.48
2024-03-05 01:23:30,45.07,41.72,42.55
2024-03-05 01:24:00,44.28,41.22,44.27
2024-03-05 01:24:30,46.06,42.12,44.98
2024-03-05 01:25:00,44.29,41.92,44.04
2024-03-05 01:25:30,44.31,43.01,44.65
2024-03-05 01:26:00,41.85,43.06,43.98
2024-03-05 01:26:30,42.32,41.77,46.16
2024-03-05 01:27:00,45.75,43.2,44.79
2024-03-05 01:27:30,42.93,43.47,42.83
2024-03-05 01:28:00,42.18,41.05,45.78
2024-03-05 01:28:30,42.85,41.69,43.15
2024-03-05 01:29:00,44.87,42.3,41.08
2024-03-05 01:29:30,43.93,41.21,43.2
2024-03-05 01:30:00,45.3,41.31,47.55
2024-03-05 01:30:30,43.79,42.28,45.86
2024-03-05 01:31:00,42.97,46.07,43.12
2024-03-05 01:31:30,46.3,44.04,45.67
2024-03-05 01:32:00,44.11,41.16,46.62
2024-03-05 01:32:30,43.39,41.35,44.23
2024-03-05 01:33:00,43.63,42.22,46.29
2024-03-05 01:33:30,42.6,41.72,39.79
2024-03-05 01:34:00,44.38,43.13,45.37
2024-03-05 01:34:30,44.68,42.7,43.69
2024-03-05 01:35:00,46.08,42.43,46.56
2024-03-05 01:35:30,45.02,41.61,47.63
2024-03-05 01:36:00,42.33,42.42,46.34
2024-03-05 01:36:30,44.11,41.53,42.77
2024-03-05 01:37:00,44.19,40.6,42.51
2024-03-05 01:37:30,44.44,42.0,43.05
2024-03-05 01:38:00,44.41,44.14,45.25
2024-03-05 01:38:30,44.49,43.37,42.7
2024-03-05 01:39:00,42.99,43.09,43.99
2024-03-05 01:39:30,45.13,43.11,45.1
2024-03-05 01:40:00,44.56,43.3,45.03
2024-03-05 01:40:30,43.11,42.92,46.63
2024-03-05 01:41:00,43.55,43.41,46.66
2024-03-05 01:41:30,44.25,44.88,45.82
2024-03-05 01:42:00,44.75,41.93,45.24
2024-03-05 01:42:30,46.28,41.78,44.28
2024-03-05 01:43:00,44.3,43.66,46.57
2024-03-05 01:43:30,43.62,43.09,45.03
2024-03-05 01:44:00,44.97,43.23,45.21
2024-03-05 01:44:30,44.25,42.77,45.81
2024-03-05 01:45:00,46.0,44.49,42.07
2024-03-05 01:45:30,44.03,42.58,44.88
2024-03-05 01:46:00,43.47,42.54,45.08
2024-03-05 01:46:30,44.85,42.25,43.71
2024-03-05 01:47:00,43.68,41.97,45.46
2024-03-05 01:47:30,43.66,44.0,43.82
2024-03-05 01:48:00,47.5,42.69,44.54
2024-03-05 01:48:30,45.52,42.69,48.0
2024-03-05 01:49:00,44.17,43.66,45.69
2024-03-05 01:49:30,43.68,43.13,45.81
2024-03-05 01:50:00,44.75,43.89,46.98
2024-03-05 01:50:30,45.22,43.51,47.3
2024-03-05 01:51:00,43.72,44.26,47.6
2024-03-05 01:51:30,46.14,41.89,48.03
2024-03-05 01:52:00,47.0,44.19,42.58
2024-03-05 01:52:30,46.19,44.39,44.08
2024-03-05 01:53:00,43.81,43.39,47.63
2024-03-05 01:53:30,44.91,43.64,43.18
2024-03-05 01:54:00,43.63,44.03,46.54
2024-03-05 01:54:30,43.92,42.57,45.66
2024-03-05 01:55:00,45.75,44.13,47.21
2024-03-05 01:55:30,44.36,42.91,47.31
2024-03-05 01:56:00,45.39,45.27,46.15
2024-03-05 01:56:30,46.95,43.42,44.45
2024-03-05 01:57:00,44.27,43.44,47.46
2024-03-05 01:57:30,45.19,42.86,43.86
2024-03-05 01:58:00,46.42,45.39,46.59
2024-03-05 01:58:30,44.71,43.18,47.11
2024-03-05 01:59:00,46.18,43.76,44.9
2024-03-05 01:59:30,44.58,43.76,45.11
2024-03-05 02:00:00,45.0,44.52,47.73
2024-03-05 02:00:30,42.49,44.14,47.68
2024-03-05 02:01:00,46.52,43.51,46.62
2024-03-05 02:01:30,46.3,43.58,44.38
2024-03-05 02:02:00,45.05,43.82,48.83
2024-03-05 02:02:30,43.82,44.53,46.61
2024-03-05 02:03:00,47.12,43.7,45.84
2024-03-05 02:03:30,47.19,42.97,45.85
2024-03-05 02:04:00,44.6,44.62,47.04
2024-03-05 02:04:30,45.94,43.82,47.38
2024-03-05 02:05:00,44.25,43.95,46.32
2024-03-05 02:05:30,46.73,44.9,44.57
2024-03-05 02:06:00,45.19,45.27,46.54
2024-03-05 02:06:30,44.73,45.59,47.24
2024-03-05 02:07:00,46.42,43.48,47.93
2024-03-05 02:07:30,44.57,,46.61
2024-03-05 02:08:00,46.22,44.0,47.21
2024-03-05 02:08:30,47.46,43.46,46.35
2024-03-05 02:09:00,45.4,43.57,49.16
2024-03-05 02:09:30,46.61,44.63,48.06
2024-03-05 02:10:00,44.79,44.84,43.76
2024-03-05 02:10:30,46.97,43.85,46.15
2024-03-05 02:11:00,46.02,45.27,49.47
2024-03-05 02:11:30,45.1,44.81,48.26
2024-03-05 02:12:00,45.48,46.59,
2024-03-05 02:12:30,45.21,43.59,48.45
2024-03-05 02:13:00,46.39,46.57,47.47
2024-03-05 02:13:30,47.15,44.24,46.32
2024-03-05 02:14:00,44.87,46.21,47.81
2024-03-05 02:14:30,45.41,44.27,48.32
2024-03-05 02:15:00,47.32,45.77,48.33
2024-03-05 02:15:30,45.15,45.27,46.37
2024-03-05 02:16:00,45.5,45.22,48.54
2024-03-05 02:16:30,46.83,44.39,44.25
2024-03-05 02:17:00,46.22,43.89,45.2
2024-03-05 02:17:30,45.47,45.19,48.12
2024-03-05 02:18:00,49.36,44.72,46.27
2024-03-05 02:18:30,44.11,43.6,46.25
2024-03-05 02:19:00,47.31,44.83,46.88
2024-03-05 02:19:30,46.95,45.35,46.24
2024-03-05 02:20:00,46.48,44.54,48.41
2024-03-05 02:20:30,47.65,44.27,48.39
2024-03-05 02:21:00,46.93,43.97,45.12
2024-03-05 02:21:30,46.27,44.72,48.67
2024-03-05 02:22:00,47.02,44.55,47.45
2024-03-05 02:22:30,47.53,43.1,47.2
2024-03-05 02:23:00,45.86,46.21,47.9
2024-03-05 02:23:30,46.15,44.98,49.27
2024-03-05 02:24:00,45.99,44.88,46.34
2024-03-05 02:24:30,45.52,45.78,48.94
2024-03-05 02:25:00,44.42,44.41,48.21
2024-03-05 02:25:30,44.41,44.77,49.96
2024-03-05 02:26:00,44.29,44.88,46.5
2024-03-05 02:26:30,46.29,42.86,46.21
2024-03-05 02:27:00,44.98,45.16,45.28
2024-03-05 02:27:30,47.89,44.54,47.57
2024-03-05 02:28:00,46.3,43.79,48.34
2024-03-05 02:28:30,46.25,45.44,47.69
2024-03-05 02:29:00,45.08,44.64,47.91
2024-03-05 02:29:30,46.08,45.7,46.35
2024-03-05 02:30:00,47.24,44.23,46.98
2024-03-05 02:30:30,46.13,45.88,46.06
2024-03-05 02:31:00,47.22,44.39,48.96
2024-03-05 02:31:30,49.37,44.45,48.08
2024-03-05 02:32:00,47.14,45.68,48.96
2024-03-05 02:32:30,46.61,43.77,48.91
2024-03-05 02:33:00,46.03,47.02,49.46
2024-03-05 02:33:30,46.18,45.3,48.7
2024-03-05 02:34:00,46.29,45.58,49.45
2024-03-05 02:34:30,47.99,46.39,52.6
2024-03-05 02:35:00,46.79,45.16,46.08
2024-03-05 02:35:30,48.06,43.92,49.42
2024-03-05 02:36:00,47.12,45.44,47.66
2024-03-05 02:36:30,47.2,45.61,48.99
2024-03-05 02:37:00,48.39,45.3,48.93
2024-03-05 02:37:30,47.71,46.14,48.24
2024-03-05 02:38:00,46.3,45.88,51.51
2024-03-05 02:38:30,47.87,46.61,49.27
2024-03-05 02:39:00,46.94,47.04,46.8
2024-03-05 02:39:30,48.66,45.93,49.09
2024-03-05 02:40:00,47.1,44.63,48.52
2024-03-05 02:40:30,46.55,45.75,48.79
2024-03-05 02:41:00,48.55,45.47,47.08
2024-03-05 02:41:30,48.44,45.25,46.73
2024-03-05 02:42:00,46.43,45.53,48.05
2024-03-05 02:42:30,47.09,44.82,49.18
2024-03-05 02:43:00,47.3,46.76,46.44
2024-03-05 02:43:30,47.7,45.86,48.1
2024-03-05 02:44:00,47.55,46.4,49.16
2024-03-05 02:44:30,48.53,47.35,49.29
2024-03-05 02:45:00,46.56,46.3,48.06
2024-03-05 02:45:30,45.84,48.17,47.29
2024-03-05 02:46:00,49.23,45.51,48.3
2024-03-05 02:46:30,49.46,46.36,50.02
2024-03-05 02:47:00,49.88,45.83,46.31
2024-03-05 02:47:30,47.69,47.66,49.11
2024-03-05 02:48:00,47.48,46.86,47.19
2024-03-05 02:48:30,47.48,46.61,46.46
2024-03-05 02:49:00,48.68,46.83,48.59
2024-03-05 02:49:30,46.71,46.63,51.2
2024-03-05 02:50:00,47.92,46.39,49.0
2024-03-05 02:50:30,48.09,47.55,46.24
2024-03-05 02:51:00,47.23,47.06,45.92
2024-03-05 02:51:30,48.42,,48.23
2024-03-05 02:52:00,49.27,45.62,49.77
2024-03-05 02:52:30,48.87,45.47,51.03
2024-03-05 02:53:00,49.28,46.93,49.57
2024-03-05 02:53:30,46.99,45.85,48.18
2024-03-05 02:54:00,47.62,45.55,47.84
2024-03-05 02:54:30,47.25,48.32,47.56
2024-03-05 02:55:00,48.59,46.36,49.63
2024-03-05 02:55:30,47.49,47.16,49.19
2024-03-05 02:56:00,47.23,46.7,49.49
2024-03-05 02:56:30,48.99,46.27,50.19
2024-03-05 02:57:00,47.18,47.2,46.91
2024-03-05 02:57:30,47.71,47.64,50.43
2024-03-05 02:58:00,,47.32,49.19
2024-03-05 02:58:30,47.22,46.83,49.94
2024-03-05 02:59:00,50.42,44.48,47.37
2024-03-05 02:59:30,46.81,46.25,50.78
2024-03-05 03:00:00,47.3,46.87,51.64
2024-03-05 03:00:30,46.69,47.83,49.5
2024-03-05 03:01:00,48.16,47.01,50.76
2024-03-05 03:01:30,46.84,48.33,50.59
2024-03-05 03:02:00,48.89,47.04,51.51
2024-03-05 03:02:30,47.53,47.21,49.02
2024-03-05 03:03:00,46.85,47.51,46.29
2024-03-05 03:03:30,48.37,48.66,49.01
2024-03-05 03:04:00,47.93,47.89,49.17
2024-03-05 03:04:30,47.16,47.34,50.92
2024-03-05 03:05:00,48.84,46.29,49.65
2024-03-05 03:05:30,48.52,46.49,49.86
2024-03-05 03:06:00,49.28,46.75,53.34
2024-03-05 03:06:30,48.82,47.82,51.85
2024-03-05 03:07:00,47.87,46.54,49.94
2024-03-05 03:07:30,47.01,46.56,47.94
2024-03-05 03:08:00,48.51,46.27,49.97
2024-03-05 03:08:30,47.09,45.77,50.44
2024-03-05 03:09:00,48.48,46.99,48.83
2024-03-05 03:09:30,48.12,46.95,51.47
2024-03-05 03:10:00,49.32,47.17,51.31
2024-03-05 03:10:30,49.69,48.72,50.1
2024-03-05 03:11:00,48.57,48.29,51.24
2024-03-05 03:11:30,51.5,46.56,
2024-03-05 03:12:00,47.53,49.19,49.87
2024-03-05 03:12:30,50.2,47.57,49.12
2024-03-05 03:13:00,48.89,47.33,51.64
2024-03-05 03:13:30,47.69,46.84,50.1
2024-03-05 03:14:00,49.21,46.08,50.31
2024-03-05 03:14:30,,47.02,47.11
2024-03-05 03:15:00,49.72,47.08,50.91
2024-03-05 03:15:30,49.4,47.23,54.34
2024-03-05 03:16:00,48.37,47.08,49.55
2024-03-05 03:16:30,49.8,48.04,50.05
2024-03-05 03:17:00,48.89,47.68,49.11
2024-03-05 03:17:30,48.3,,48.47
2024-03-05 03:18:00,49.47,46.45,50.33
2024-03-05 03:18:30,50.57,48.75,50.21
2024-03-05 03:19:00,48.97,49.3,49.38
2024-03-05 03:19:30,48.7,48.87,48.99
2024-03-05 03:20:00,48.8,46.57,51.79
2024-03-05 03:20:30,50.13,49.27,48.35
2024-03-05 03:21:00,49.92,49.21,48.77
2024-03-05 03:21:30,48.28,47.79,50.23
2024-03-05 03:22:00,48.53,47.95,49.19
2024-03-05 03:22:30,50.48,47.21,51.95
2024-03-05 03:23:00,49.54,49.19,49.43
2024-03-05 03:23:30,47.78,46.54,50.34
2024-03-05 03:24:00,50.56,46.81,51.6
2024-03-05 03:24:30,47.59,48.84,49.93
2024-03-05 03:25:00,49.0,49.46,46.93
2024-03-05 03:25:30,49.63,47.03,46.72
2024-03-05 03:26:00,47.08,48.89,48.92
2024-03-05 03:26:30,50.51,48.61,50.97
2024-03-05 03:27:00,47.49,48.72,52.17
2024-03-05 03:27:30,49.83,48.07,
2024-03-05 03:28:00,49.36,46.74,51.43
2024-03-05 03:28:30,48.52,45.85,
2024-03-05 03:29:00,50.91,48.49,51.25
2024-03-05 03:29:30,49.82,48.02,50.56
2024-03-05 03:30:00,49.22,48.35,53.35
2024-03-05 03:30:30,49.58,49.33,48.87
2024-03-05 03:31:00,50.78,47.38,49.33
2024-03-05 03:31:30,50.75,46.6,50.91
2024-03-05 03:32:00,52.27,48.41,49.81
2024-03-05 03:32:30,50.44,47.49,46.71
2024-03-05 03:33:00,50.48,47.89,50.26
2024-03-05 03:33:30,49.37,48.62,52.31
2024-03-05 03:34:00,47.98,48.83,53.2
2024-03-05 03:34:30,49.87,49.71,51.05
2024-03-05 03:35:00,51.98,45.74,49.0
2024-03-05 03:35:30,50.47,48.73,
2024-03-05 03:36:00,48.24,47.38,50.87
2024-03-05 03:36:30,47.68,49.01,50.23
2024-03-05 03:37:00,48.19,49.07,50.85
2024-03-05 03:37:30,51.02,48.11,52.64
2024-03-05 03:38:00,49.45,49.2,52.97
2024-03-05 03:38:30,52.2,49.54,50.74
2024-03-05 03:39:00,51.22,49.44,51.6
2024-03-05 03:39:30,50.39,47.98,52.51
2024-03-05 03:40:00,52.67,48.03,50.26
2024-03-05 03:40:30,49.75,50.69,53.82
2024-03-05 03:41:00,51.31,48.42,51.78
2024-03-05 03:41:30,51.65,47.98,51.1
2024-03-05 03:42:00,48.57,47.25,51.83
2024-03-05 03:42:30,50.91,49.37,51.67
2024-03-05 03:43:00,50.62,48.53,51.34
2024-03-05 03:43:30,52.72,48.78,49.36
2024-03-05 03:44:00,48.11,47.18,49.7
2024-03-05 03:44:30,52.86,48.14,54.47
2024-03-05 03:45:00,48.61,47.96,51.09
2024-03-05 03:45:30,53.15,49.97,50.4
2024-03-05 03:46:00,48.91,50.27,49.16
2024-03-05 03:46:30,51.21,49.74,53.11
2024-03-05 03:47:00,51.24,49.03,50.14
2024-03-05 03:47:30,48.85,49.25,50.47
2024-03-05 03:48:00,50.03,47.92,52.76
2024-03-05 03:48:30,48.44,48.38,53.98
2024-03-05 03:49:00,50.83,51.83,50.04
2024-03-05 03:49:30,50.37,49.9,51.01
2024-03-05 03:50:00,49.38,,51.17
2024-03-05 03:50:30,49.25,49.42,55.37
2024-03-05 03:51:00,50.32,48.73,50.98
2024-03-05 03:51:30,51.52,48.83,53.82
2024-03-05 03:52:00,51.68,48.51,50.47
2024-03-05 03:52:30,49.92,50.66,52.15
2024-03-05 03:53:00,50.79,48.49,51.11
2024-03-05 03:53:30,50.28,49.28,53.78
2024-03-05 03:54:00,51.8,50.67,52.38
2024-03-05 03:54:30,52.6,49.37,51.71
2024-03-05 03:55:00,51.25,48.49,52.2
2024-03-05 03:55:30,50.3,50.36,51.69
2024-03-05 03:56:00,52.17,49.3,
2024-03-05 03:56:30,51.57,49.27,52.54
2024-03-05 03:57:00,51.18,48.86,53.46
2024-03-05 03:57:30,51.41,49.1,52.98
2024-03-05 03:58:00,52.11,48.83,51.02
2024-03-05 03:58:30,50.59,50.24,52.67
2024-03-05 03:59:00,49.95,49.7,52.22
2024-03-05 03:59:30,52.19,47.78,55.13
2024-03-05 04:00:00,52.0,50.31,53.21
2024-03-05 04:00:30,52.24,48.95,53.19
2024-03-05 04:01:00,52.19,48.08,52.98
2024-03-05 04:01:30,50.39,48.68,54.78
2024-03-05 04:02:00,53.38,49.59,50.69
2024-03-05 04:02:30,53.35,48.95,51.06
2024-03-05 04:03:00,53.43,48.06,51.98
2024-03-05 04:03:30,52.23,50.35,52.76
2024-03-05 04:04:00,50.44,47.56,53.02
2024-03-05 04:04:30,51.63,51.57,53.73
2024-03-05 04:05:00,51.77,51.86,54.34
2024-03-05 04:05:30,52.13,48.97,53.79
2024-03-05 04:06:00,52.51,48.76,52.88
2024-03-05 04:06:30,49.4,50.44,52.78
2024-03-05 04:07:00,52.96,50.46,52.85
2024-03-05 04:07:30,52.65,51.2,51.96
2024-03-05 04:08:00,51.61,50.29,51.36
2024-03-05 04:08:30,51.56,49.57,52.76
2024-03-05 04:09:00,50.77,49.48,51.91
2024-03-05 04:09:30,52.76,49.7,53.32
2024-03-05 04:10:00,53.38,,49.93
2024-03-05 04:10:30,52.81,50.74,52.99
2024-03-05 04:11:00,51.39,49.18,53.32
2024-03-05 04:11:30,52.91,50.32,53.61
2024-03-05 04:12:00,54.17,51.82,50.58
2024-03-05 04:12:30,53.09,48.79,54.61
2024-03-05 04:13:00,54.7,49.96,55.5
2024-03-05 04:13:30,51.71,51.02,52.38
2024-03-05 04:14:00,52.79,52.0,51.88
2024-03-05 04:14:30,52.93,51.24,53.52
2024-03-05 04:15:00,51.32,49.17,52.85
2024-03-05 04:15:30,51.32,51.48,55.87
2024-03-05 04:16:00,50.77,51.09,50.97
2024-03-05 04:16:30,52.96,50.69,
2024-03-05 04:17:00,50.63,50.69,50.56
2024-03-05 04:17:30,51.53,49.49,54.94
2024-03-05 04:18:00,52.07,51.65,52.99
2024-03-05 04:18:30,52.6,51.13,55.88
2024-03-05 04:19:00,52.33,49.52,53.03
2024-03-05 04:19:30,52.18,50.36,52.57
2024-03-05 04:20:00,50.48,50.8,53.15
2024-03-05 04:20:30,53.65,50.12,53.06
2024-03-05 04:21:00,51.33,50.59,53.79
2024-03-05 04:21:30,52.01,50.64,
2024-03-05 04:22:00,51.76,49.7,51.35
2024-03-05 04:22:30,52.92,50.42,53.08
2024-03-05 04:23:00,51.0,50.11,54.63
2024-03-05 04:23:30,52.54,50.23,49.16
2024-03-05 04:24:00,50.47,50.27,51.77
2024-03-05 04:24:30,53.82,51.18,51.97
2024-03-05 04:25:00,53.75,52.05,50.74
2024-03-05 04:25:30,49.83,51.58,52.21
2024-03-05 04:26:00,51.96,49.38,
2024-03-05 04:26:30,52.89,50.68,54.28
2024-03-05 04:27:00,51.36,51.62,57.04
2024-03-05 04:27:30,54.7,51.19,50.88
2024-03-05 04:28:00,50.27,49.94,56.19
2024-03-05 04:28:30,50.99,53.13,55.08
2024-03-05 04:29:00,53.22,51.97,55.04
2024-03-05 04:29:30,50.33,52.28,51.99
2024-03-05 04:30:00,52.26,49.45,52.92
2024-03-05 04:30:30,51.89,50.91,53.46
2024-03-05 04:31:00,54.61,50.08,52.78
2024-03-05 04:31:30,53.4,52.64,54.65
2024-03-05 04:32:00,52.68,51.13,52.13
2024-03-05 04:32:30,50.39,50.67,53.32
2024-03-05 04:33:00,53.72,50.73,52.42
2024-03-05 04:33:30,51.95,50.4,52.4
2024-03-05 04:34:00,53.35,50.6,54.11
2024-03-05 04:34:30,53.0,50.1,55.12
2024-03-05 04:35:00,54.2,51.77,53.0
2024-03-05 04:35:30,52.63,51.32,55.74
2024-03-05 04:36:00,52.73,,53.74
2024-03-05 04:36:30,53.13,50.48,55.54
2024-03-05 04:37:00,54.23,54.13,54.14
2024-03-05 04:37:30,53.79,49.94,53.74
2024-03-05 04:38:00,53.38,49.79,53.05
2024-03-05 04:38:30,53.99,51.99,54.62
2024-03-05 04:39:00,54.29,50.56,52.3
2024-03-05 04:39:30,52.41,52.07,53.36
2024-03-05 04:40:00,48.89,50.5,54.21
2024-03-05 04:40:30,51.52,49.83,56.04
2024-03-05 04:41:00,52.07,52.66,55.36
2024-03-05 04:41:30,51.28,49.52,53.39
2024-03-05 04:42:00,52.44,52.38,54.77
2024-03-05 04:42:30,50.72,51.41,54.15
2024-03-05 04:43:00,52.93,51.41,56.03
2024-03-05 04:43:30,52.47,49.36,54.21
2024-03-05 04:44:00,51.53,52.74,
2024-03-05 04:44:30,57.03,52.68,
2024-03-05 04:45:00,52.46,52.23,53.89
2024-03-05 04:45:30,53.26,50.74,54.74
2024-03-05 04:46:00,52.06,50.53,
2024-03-05 04:46:30,55.76,49.67,50.75
2024-03-05 04:47:00,53.75,50.12,55.77
2024-03-05 04:47:30,53.53,52.99,53.31
2024-03-05 04:48:00,52.01,51.74,53.51
2024-03-05 04:48:30,54.24,53.59,52.29
2024-03-05 04:49:00,53.46,51.61,53.41
2024-03-05 04:49:30,52.49,51.37,55.99
2024-03-05 04:50:00,53.51,51.89,52.55
2024-03-05 04:50:30,54.05,51.52,51.86
2024-03-05 04:51:00,52.53,52.43,56.61
2024-03-05 04:51:30,53.16,50.43,55.08
2024-03-05 04:52:00,54.68,51.85,55.75
2024-03-05 04:52:30,53.18,49.63,52.63
2024-03-05 04:53:00,51.5,52.28,57.67
2024-03-05 04:53:30,52.09,50.08,55.97
2024-03-05 04:54:00,53.11,51.83,54.66
2024-03-05 04:54:30,52.89,52.28,51.02
2024-03-05 04:55:00,51.56,49.71,54.43
2024-03-05 04:55:30,54.42,51.45,57.0
2024-03-05 04:56:00,53.81,52.87,54.76
2024-03-05 04:56:30,54.32,51.64,54.92
2024-03-05 04:57:00,53.04,52.22,57.05
2024-03-05 04:57:30,55.74,51.58,55.43
2024-03-05 04:58:00,52.88,52.24,54.43
2024-03-05 04:58:30,53.87,54.26,55.28
2024-03-05 04:59:00,54.17,52.92,56.59
2024-03-05 04:59:30,54.96,52.22,
2024-03-05 05:00:00,53.51,50.95,52.15
2024-03-05 05:00:30,54.07,52.2,54.46
2024-03-05 05:01:00,52.91,49.39,52.82
2024-03-05 05:01:30,52.95,51.43,54.7
2024-03-05 05:02:00,54.89,54.41,53.9
2024-03-05 05:02:30,53.56,52.22,54.38
2024-03-05 05:03:00,54.64,54.05,55.5
2024-03-05 05:03:30,54.73,51.74,
2024-03-05 05:04:00,53.05,52.2,52.97
2024-03-05 05:04:30,52.56,52.83,55.43
2024-03-05 05:05:00,51.56,51.82,54.51
2024-03-05 05:05:30,51.42,53.53,55.88
2024-03-05 05:06:00,53.11,52.53,54.82
2024-03-05 05:06:30,53.35,51.19,57.23
2024-03-05 05:07:00,57.21,49.59,53.98
2024-03-05 05:07:30,54.65,52.17,56.61
2024-03-05 05:08:00,52.23,53.22,55.07
2024-03-05 05:08:30,53.04,51.18,53.48
2024-03-05 05:09:00,53.46,52.16,55.61
2024-03-05 05:09:30,52.61,53.91,53.97
2024-03-05 05:10:00,53.38,52.64,54.04
2024-03-05 05:10:30,54.48,52.54,54.62
2024-03-05 05:11:00,53.1,53.94,55.23
2024-03-05 05:11:30,56.46,53.31,54.66
2024-03-05 05:12:00,53.44,53.51,55.85
2024-03-05 05:12:30,53.7,51.56,53.53
2024-03-05 05:13:00,54.68,53.05,55.44
2024-03-05 05:13:30,53.49,51.53,53.57
2024-03-05 05:14:00,54.94,52.2,54.79
2024-03-05 05:14:30,54.39,53.52,54.44
2024-03-05 05:15:00,52.79,52.72,55.43
2024-03-05 05:15:30,54.63,51.24,54.28
2024-03-05 05:16:00,54.47,52.58,55.86
2024-03-05 05:16:30,54.18,51.23,55.68
2024-03-05 05:17:00,55.45,53.0,56.08
2024-03-05 05:17:30,54.36,52.07,56.48
2024-03-05 05:18:00,53.55,53.98,53.93
2024-03-05 05:18:30,55.7,52.34,52.95
2024-03-05 05:19:00,53.87,51.45,53.52
2024-03-05 05:19:30,53.56,51.36,56.82
2024-03-05 05:20:00,54.08,54.06,55.68
2024-03-05 05:20:30,56.13,52.34,56.73
2024-03-05 05:21:00,53.22,53.63,53.78
2024-03-05 05:21:30,54.24,53.61,55.12
2024-03-05 05:22:00,54.16,50.93,54.07
2024-03-05 05:22:30,54.42,51.66,55.59
2024-03-05 05:23:00,53.41,52.81,58.92
2024-03-05 05:23:30,55.79,53.42,56.39
2024-03-05 05:24:00,54.89,52.01,57.31
2024-03-05 05:24:30,53.67,52.97,
2024-03-05 05:25:00,53.78,53.04,52.05
2024-03-05 05:25:30,53.41,53.14,56.79
2024-03-05 05:26:00,,53.14,55.77
2024-03-05 05:26:30,53.81,52.45,53.28
2024-03-05 05:27:00,52.28,53.09,55.84
2024-03-05 05:27:30,54.9,52.04,57.21
2024-03-05 05:28:00,52.95,52.98,52.76
2024-03-05 05:28:30,54.84,51.18,54.43
2024-03-05 05:29:00,54.37,51.39,55.18
2024-03-05 05:29:30,53.52,53.5,54.77
2024-03-05 05:30:00,55.52,53.18,56.18
2024-03-05 05:30:30,54.39,52.8,55.28
2024-03-05 05:31:00,54.95,50.83,55.67
2024-03-05 05:31:30,54.7,54.59,56.98
2024-03-05 05:32:00,52.74,52.4,
2024-03-05 05:32:30,54.4,52.25,55.51
2024-03-05 05:33:00,56.1,53.44,57.64
2024-03-05 05:33:30,55.25,53.0,56.24
2024-03-05 05:34:00,52.42,52.98,55.11
2024-03-05 05:34:30,55.81,51.61,54.86
2024-03-05 05:35:00,53.76,51.67,54.02
2024-03-05 05:35:30,54.16,55.31,57.91
2024-03-05 05:36:00,54.88,53.89,57.91
2024-03-05 05:36:30,53.47,52.01,54.45
2024-03-05 05:37:00,54.01,54.38,55.59
2024-03-05 05:37:30,56.82,53.34,56.03
2024-03-05 05:38:00,55.72,53.2,55.38
2024-03-05 05:38:30,55.64,53.65,54.78
2024-03-05 05:39:00,56.76,53.18,53.41
2024-03-05 05:39:30,56.05,55.07,56.39
2024-03-05 05:40:00,53.33,52.34,57.3
2024-03-05 05:40:30,54.24,53.44,55.28
2024-03-05 05:41:00,55.5,53.9,55.08
2024-03-05 05:41:30,53.42,54.49,55.99
2024-03-05 05:42:00,53.58,50.05,54.88
2024-03-05 05:42:30,53.34,52.87,56.84
2024-03-05 05:43:00,56.55,54.29,57.74
2024-03-05 05:43:30,56.47,54.76,54.86
2024-03-05 05:44:00,55.3,51.17,56.31
2024-03-05 05:44:30,56.25,53.55,55.87
2024-03-05 05:45:00,55.28,53.83,54.81
2024-03-05 05:45:30,56.45,54.73,57.24
2024-03-05 05:46:00,55.02,53.39,55.86
2024-03-05 05:46:30,54.69,53.11,58.91
2024-03-05 05:47:00,54.73,54.99,
2024-03-05 05:47:30,56.33,52.36,56.21
2024-03-05 05:48:00,55.62,51.31,55.01
2024-03-05 05:48:30,55.56,55.18,57.29
2024-03-05 05:49:00,57.69,52.95,58.9
2024-03-05 05:49:30,55.98,54.4,56.16
2024-03-05 05:50:00,55.24,55.16,56.43
2024-03-05 05:50:30,52.97,52.69,56.16
2024-03-05 05:51:00,56.29,53.31,56.29
2024-03-05 05:51:30,53.24,53.91,56.91
2024-03-05 05:52:00,54.09,54.03,54.31
2024-03-05 05:52:30,55.21,55.16,55.17
2024-03-05 05:53:00,54.47,53.41,54.55
2024-03-05 05:53:30,56.18,53.67,56.07
2024-03-05 05:54:00,54.21,55.09,56.08
2024-03-05 05:54:30,54.42,52.34,55.96
2024-03-05 05:55:00,53.42,52.11,60.16
2024-03-05 05:55:30,55.64,53.89,56.71
2024-03-05 05:56:00,55.19,52.65,56.69
2024-03-05 05:56:30,55.03,55.71,57.67
2024-03-05 05:57:00,54.61,53.22,56.29
2024-03-05 05:57:30,55.53,54.68,55.52
2024-03-05 05:58:00,54.78,55.42,58.07
2024-03-05 05:58:30,57.37,56.41,56.91
2024-03-05 05:59:00,57.42,54.92,56.12
2024-03-05 05:59:30,57.44,55.31,55.07
2024-03-05 06:00:00,56.77,53.44,56.6
2024-03-05 06:00:30,54.3,53.0,56.56
2024-03-05 06:01:00,58.1,52.86,58.54
2024-03-05 06:01:30,54.42,53.03,57.49
2024-03-05 06:02:00,56.06,54.81,
2024-03-05 06:02:30,56.41,53.07,55.95
2024-03-05 06:03:00,56.3,54.4,58.21
2024-03-05 06:03:30,56.62,54.18,56.08
2024-03-05 06:04:00,57.22,54.81,57.24
2024-03-05 06:04:30,56.23,52.22,53.55
2024-03-05 06:05:00,54.2,53.83,56.92
2024-03-05 06:05:30,56.22,53.73,54.46
2024-03-05 06:06:00,57.05,55.26,54.9
2024-03-05 06:06:30,53.91,52.31,57.13
2024-03-05 06:07:00,56.2,53.25,54.05
2024-03-05 06:07:30,52.99,54.36,54.24
2024-03-05 06:08:00,55.09,52.53,54.98
2024-03-05 06:08:30,56.59,55.54,58.07
2024-03-05 06:09:00,54.07,,57.31
2024-03-05 06:09:30,55.8,54.32,54.22
2024-03-05 06:10:00,53.85,54.0,57.57
2024-03-05 06:10:30,53.75,53.1,58.6
2024-03-05 06:11:00,55.83,54.96,58.36
2024-03-05 06:11:30,55.6,56.49,57.22
2024-03-05 06:12:00,55.04,54.77,55.43
2024-03-05 06:12:30,57.54,52.89,59.93
2024-03-05 06:13:00,56.46,52.93,57.3
2024-03-05 06:13:30,54.97,54.91,55.96
2024-03-05 06:14:00,55.71,55.1,58.05
2024-03-05 06:14:30,55.59,52.27,54.02
2024-03-05 06:15:00,55.27,53.67,56.84
2024-03-05 06:15:30,56.9,55.42,58.44
2024-03-05 06:16:00,56.59,55.49,57.76
2024-03-05 06:16:30,54.04,51.97,60.32
2024-03-05 06:17:00,55.58,55.72,57.0
2024-03-05 06:17:30,57.38,54.77,54.56
2024-03-05 06:18:00,54.49,54.3,56.8
2024-03-05 06:18:30,55.3,54.71,57.14
2024-03-05 06:19:00,57.19,55.74,60.69
2024-03-05 06:19:30,55.28,56.18,57.98
2024-03-05 06:20:00,57.59,52.68,59.66
2024-03-05 06:20:30,52.8,55.74,56.89
2024-03-05 06:21:00,55.1,54.05,56.07
2024-03-05 06:21:30,55.5,55.33,57.99
2024-03-05 06:22:00,55.83,55.88,56.76
2024-03-05 06:22:30,56.52,54.02,57.35
2024-03-05 06:23:00,55.07,54.9,57.99
2024-03-05 06:23:30,57.02,54.09,56.55
2024-03-05 06:24:00,57.47,54.9,58.23
2024-03-05 06:24:30,55.96,56.09,57.94
2024-03-05 06:25:00,57.26,56.78,55.72
2024-03-05 06:25:30,55.78,54.39,56.23
2024-03-05 06:26:00,55.24,54.86,58.21
2024-03-05 06:26:30,57.84,55.72,58.11
2024-03-05 06:27:00,56.31,54.35,56.27
2024-03-05 06:27:30,57.54,55.04,57.83
2024-03-05 06:28:00,55.74,54.61,55.81
2024-03-05 06:28:30,54.66,55.79,58.6
2024-03-05 06:29:00,55.8,54.33,56.62
2024-03-05 06:29:30,57.06,53.87,55.25
2024-03-05 06:30:00,54.51,54.5,55.66
2024-03-05 06:30:30,55.63,55.17,58.12
2024-03-05 06:31:00,58.22,55.02,57.08
2024-03-05 06:31:30,59.07,54.21,56.17
2024-03-05 06:32:00,57.11,53.16,58.36
2024-03-05 06:32:30,56.19,54.46,56.83
2024-03-05 06:33:00,55.01,54.88,58.12
2024-03-05 06:33:30,53.93,52.99,58.11
2024-03-05 06:34:00,56.32,55.45,56.27
2024-03-05 06:34:30,54.44,55.78,55.83
2024-03-05 06:35:00,56.52,56.34,55.99
2024-03-05 06:35:30,55.89,54.76,57.88
2024-03-05 06:36:00,57.42,54.55,56.25
2024-03-05 06:36:30,53.83,55.98,55.76
2024-03-05 06:37:00,55.37,55.15,57.08
2024-03-05 06:37:30,56.9,55.73,55.36
2024-03-05 06:38:00,56.36,54.89,55.04
2024-03-05 06:38:30,57.85,54.22,56.56
2024-03-05 06:39:00,55.3,55.45,56.42
2024-03-05 06:39:30,55.33,54.74,58.76
2024-03-05 06:40:00,57.28,53.78,56.52
2024-03-05 06:40:30,55.84,57.08,55.24
2024-03-05 06:41:00,57.34,55.07,59.15
2024-03-05 06:41:30,55.04,56.02,58.8
2024-03-05 06:42:00,56.7,54.17,57.49
2024-03-05 06:42:30,57.41,53.84,57.38
2024-03-05 06:43:00,57.5,54.37,58.8
2024-03-05 06:43:30,57.5,55.63,
2024-03-05 06:44:00,54.9,55.85,57.26
2024-03-05 06:44:30,56.3,55.86,57.44
2024-03-05 06:45:00,57.15,54.02,55.3
2024-03-05 06:45:30,56.18,55.2,57.63
2024-03-05 06:46:00,55.5,54.36,55.9
2024-03-05 06:46:30,54.47,54.76,57.23
2024-03-05 06:47:00,56.68,54.04,55.82
2024-03-05 06:47:30,55.33,55.58,55.91
2024-03-05 06:48:00,57.84,54.26,56.82
2024-03-05 06:48:30,54.6,56.72,59.91
2024-03-05 06:49:00,55.37,55.09,58.71
2024-03-05 06:49:30,55.54,54.84,56.46
2024-03-05 06:50:00,56.35,55.71,55.25
2024-03-05 06:50:30,55.66,54.94,59.6
2024-03-05 06:51:00,59.76,52.57,57.77
2024-03-05 06:51:30,58.99,53.52,58.33
2024-03-05 06:52:00,55.33,54.31,56.28
2024-03-05 06:52:30,58.52,56.73,57.37
2024-03-05 06:53:00,56.64,54.71,56.22
2024-03-05 06:53:30,54.89,56.05,56.67
2024-03-05 06:54:00,56.06,53.99,57.31
2024-03-05 06:54:30,57.7,56.12,58.26
2024-03-05 06:55:00,57.66,54.56,57.23
2024-03-05 06:55:30,57.27,55.47,60.52
2024-03-05 06:56:00,55.52,54.57,56.71
2024-03-05 06:56:30,55.24,55.5,58.67
2024-03-05 06:57:00,54.96,55.76,58.04
2024-03-05 06:57:30,58.46,56.5,56.59
2024-03-05 06:58:00,53.58,54.35,58.86
2024-03-05 06:58:30,57.59,56.27,56.38
2024-03-05 06:59:00,57.98,56.19,58.05
2024-03-05 06:59:30,55.93,57.16,57.26
2024-03-05 07:00:00,56.5,54.55,55.3
2024-03-05 07:00:30,55.93,55.72,60.36
2024-03-05 07:01:00,58.33,52.49,57.93
2024-03-05 07:01:30,56.1,56.6,57.54
2024-03-05 07:02:00,56.99,53.63,57.53
2024-03-05 07:02:30,54.75,55.42,56.48
2024-03-05 07:03:00,56.68,54.84,56.82
2024-03-05 07:03:30,55.9,55.93,55.63
2024-03-05 07:04:00,57.48,53.84,55.91
2024-03-05 07:04:30,55.82,54.06,55.59
2024-03-05 07:05:00,56.52,53.61,57.02
2024-03-05 07:05:30,57.62,56.84,58.38
2024-03-05 07:06:00,58.24,53.56,58.22
2024-03-05 07:06:30,55.57,53.46,57.55
2024-03-05 07:07:00,58.35,55.72,56.54
2024-03-05 07:07:30,55.11,54.95,57.09
2024-03-05 07:08:00,57.55,54.2,58.38
2024-03-05 07:08:30,56.04,53.9,57.11
2024-03-05 07:09:00,57.57,55.4,60.42
2024-03-05 07:09:30,57.81,54.12,56.76
2024-03-05 07:10:00,56.67,54.8,55.8
2024-03-05 07:10:30,57.38,55.88,57.57
2024-03-05 07:11:00,58.2,54.83,58.81
2024-03-05 07:11:30,,55.56,56.94
2024-03-05 07:12:00,55.1,56.04,57.13
2024-03-05 07:12:30,55.95,55.38,58.28
2024-03-05 07:13:00,57.74,56.82,59.09
2024-03-05 07:13:30,57.7,53.88,56.47
2024-03-05 07:14:00,55.08,55.55,57.74
2024-03-05 07:14:30,59.49,55.13,57.02
2024-03-05 07:15:00,55.11,54.12,57.99
2024-03-05 07:15:30,54.89,54.93,56.11
2024-03-05 07:16:00,57.45,55.76,58.92
2024-03-05 07:16:30,54.52,54.97,57.34
2024-03-05 07:17:00,55.88,54.06,56.9
2024-03-05 07:17:30,53.94,55.62,57.16
2024-03-05 07:18:00,56.0,54.64,57.59
2024-03-05 07:18:30,54.75,55.54,56.66
2024-03-05 07:19:00,58.07,,60.28
2024-03-05 07:19:30,56.71,56.14,59.25
2024-03-05 07:20:00,52.78,55.58,57.78
2024-03-05 07:20:30,59.24,54.99,
2024-03-05 07:21:00,56.01,54.95,59.63
2024-03-05 07:21:30,57.18,58.1,56.39
2024-03-05 07:22:00,55.19,55.36,57.38
2024-03-05 07:22:30,58.79,56.35,57.32
2024-03-05 07:23:00,56.86,54.81,59.22
2024-03-05 07:23:30,57.71,54.72,57.36
2024-03-05 07:24:00,53.79,53.48,55.74
2024-03-05 07:24:30,57.11,56.21,56.27
2024-03-05 07:25:00,56.01,54.53,57.75
2024-03-05 07:25:30,57.32,54.11,56.53
2024-03-05 07:26:00,57.73,56.52,57.17
2024-03-05 07:26:30,59.19,55.46,55.91
2024-03-05 07:27:00,57.06,55.26,57.98
2024-03-05 07:27:30,55.12,55.48,56.09
2024-03-05 07:28:00,56.64,55.46,
2024-03-05 07:28:30,56.63,54.87,55.99
2024-03-05 07:29:00,56.11,54.98,58.34
2024-03-05 07:29:30,54.72,,56.47
2024-03-05 07:30:00,55.72,56.93,59.69
2024-03-05 07:30:30,56.98,52.51,58.82
2024-03-05 07:31:00,56.62,56.3,59.09
2024-03-05 07:31:30,54.14,54.58,
2024-03-05 07:32:00,55.19,56.52,55.78
2024-03-05 07:32:30,56.2,55.79,60.32
2024-03-05 07:33:00,54.76,55.66,58.29
2024-03-05 07:33:30,56.81,54.36,58.86
2024-03-05 07:34:00,59.15,55.95,56.66
2024-03-05 07:34:30,56.48,56.57,58.65
2024-03-05 07:35:00,58.2,55.41,58.87
2024-03-05 07:35:30,58.2,55.03,59.68
2024-03-05 07:36:00,57.33,55.43,57.74
2024-03-05 07:36:30,58.01,54.56,57.7
2024-03-05 07:37:00,55.84,53.09,58.34
2024-03-05 07:37:30,56.92,55.14,58.56
2024-03-05 07:38:00,58.25,54.45,58.94
2024-03-05 07:38:30,56.55,55.66,55.4
2024-03-05 07:39:00,58.51,53.71,57.09
2024-03-05 07:39:30,57.64,56.56,59.21
2024-03-05 07:40:00,57.85,57.1,59.64
2024-03-05 07:40:30,55.42,56.36,57.45
2024-03-05 07:41:00,59.17,55.53,58.28
2024-03-05 07:41:30,55.87,56.36,57.48
2024-03-05 07:42:00,57.62,55.02,
2024-03-05 07:42:30,57.68,56.48,59.11
2024-03-05 07:43:00,57.79,55.66,58.82
2024-03-05 07:43:30,59.04,54.19,55.92
2024-03-05 07:44:00,57.31,54.05,
2024-03-05 07:44:30,57.23,55.46,59.81
2024-03-05 07:45:00,56.4,56.48,57.51
2024-03-05 07:45:30,54.83,55.4,57.9
2024-03-05 07:46:00,58.07,56.23,56.75
2024-03-05 07:46:30,55.34,55.16,
2024-03-05 07:47:00,57.51,53.33,56.8
2024-03-05 07:47:30,57.76,56.75,54.96
2024-03-05 07:48:00,56.54,55.84,59.26
2024-03-05 07:48:30,56.5,56.47,59.29
2024-03-05 07:49:00,57.06,54.03,
2024-03-05 07:49:30,55.37,54.42,56.67
2024-03-05 07:50:00,58.89,54.2,58.51
2024-03-05 07:50:30,56.53,53.85,59.26
2024-03-05 07:51:00,56.63,54.91,58.26
2024-03-05 07:51:30,57.25,56.11,
2024-03-05 07:52:00,58.57,53.89,58.17
2024-03-05 07:52:30,58.02,54.99,57.5
2024-03-05 07:53:00,59.86,54.39,57.69
2024-03-05 07:53:30,57.2,55.14,58.39
2024-03-05 07:54:00,55.26,55.14,58.68
2024-03-05 07:54:30,57.94,56.76,58.38
2024-03-05 07:55:00,56.79,55.75,56.95
2024-03-05 07:55:30,57.06,55.55,58.44
2024-03-05 07:56:00,56.64,55.45,57.58
2024-03-05 07:56:30,57.57,56.55,58.94
2024-03-05 07:57:00,57.54,56.31,57.8
2024-03-05 07:57:30,57.49,53.54,57.56
2024-03-05 07:58:00,56.61,55.48,55.97
2024-03-05 07:58:30,58.52,56.22,60.04
2024-03-05 07:59:00,56.79,55.5,59.27
2024-03-05 07:59:30,56.62,55.9,57.88
2024-03-05 08:00:00,56.16,55.81,57.15
2024-03-05 08:00:30,54.66,54.77,55.13
2024-03-05 08:01:00,56.41,55.17,57.71
2024-03-05 08:01:30,59.15,53.79,59.26
2024-03-05 08:02:00,56.33,54.39,
2024-03-05 08:02:30,56.76,55.44,57.74
2024-03-05 08:03:00,56.76,55.4,59.76
2024-03-05 08:03:30,58.24,54.5,57.76
2024-03-05 08:04:00,56.62,55.38,57.57
2024-03-05 08:04:30,,53.03,58.95
2024-03-05 08:05:00,58.29,55.49,57.95
2024-03-05 08:05:30,58.57,54.09,60.28
2024-03-05 08:06:00,57.91,54.18,59.79
2024-03-05 08:06:30,57.22,56.18,56.08
2024-03-05 08:07:00,55.08,55.33,54.82
2024-03-05 08:07:30,57.05,56.98,57.8
2024-03-05 08:08:00,57.57,56.92,57.13
2024-03-05 08:08:30,57.42,56.86,57.94
2024-03-05 08:09:00,57.38,55.04,55.35
2024-03-05 08:09:30,55.12,54.98,56.43
2024-03-05 08:10:00,55.72,54.82,
2024-03-05 08:10:30,58.82,56.13,58.59
2024-03-05 08:11:00,56.55,55.18,59.15
2024-03-05 08:11:30,56.89,55.44,58.1
2024-03-05 08:12:00,55.87,57.3,
2024-03-05 08:12:30,58.06,53.56,59.11
2024-03-05 08:13:00,57.46,54.27,54.64
2024-03-05 08:13:30,55.99,,56.42
2024-03-05 08:14:00,58.54,55.3,60.05
2024-03-05 08:14:30,59.62,56.2,59.58
2024-03-05 08:15:00,55.58,54.53,58.6
2024-03-05 08:15:30,58.79,55.79,60.66
2024-03-05 08:16:00,54.84,55.28,61.33
2024-03-05 08:16:30,58.89,55.6,59.43
2024-03-05 08:17:00,56.76,54.29,57.98
2024-03-05 08:17:30,56.34,56.03,57.11
2024-03-05 08:18:00,55.1,54.85,57.54
2024-03-05 08:18:30,56.71,56.55,61.59
2024-03-05 08:19:00,56.45,54.62,56.32
2024-03-05 08:19:30,57.24,55.92,57.67
2024-03-05 08:20:00,57.49,54.54,57.04
2024-03-05 08:20:30,56.97,54.82,56.04
2024-03-05 08:21:00,58.34,54.78,57.28
2024-03-05 08:21:30,55.86,55.09,
2024-03-05 08:22:00,57.31,55.94,56.47
2024-03-05 08:22:30,58.28,57.41,59.37
2024-03-05 08:23:00,58.01,56.2,55.53
2024-03-05 08:23:30,60.25,54.7,55.58
2024-03-05 08:24:00,58.33,55.86,57.17
2024-03-05 08:24:30,57.2,53.57,58.84
2024-03-05 08:25:00,58.21,54.77,60.15
2024-03-05 08:25:30,56.0,54.03,58.37
2024-03-05 08:26:00,57.02,58.23,55.33
2024-03-05 08:26:30,58.05,54.77,60.68
2024-03-05 08:27:00,57.8,56.48,57.46
2024-03-05 08:27:30,57.54,55.39,58.83
2024-03-05 08:28:00,58.1,55.88,58.42
2024-03-05 08:28:30,,54.44,56.21
2024-03-05 08:29:00,56.14,55.17,57.43
2024-03-05 08:29:30,58.54,55.48,57.3
2024-03-05 08:30:00,55.63,55.68,58.45
2024-03-05 08:30:30,58.75,56.29,55.93
2024-03-05 08:31:00,54.76,56.05,58.41
2024-03-05 08:31:30,57.47,55.08,59.11
2024-03-05 08:32:00,58.58,55.47,59.68
2024-03-05 08:32:30,55.91,55.27,58.97
2024-03-05 08:33:00,56.51,55.75,58.37
2024-03-05 08:33:30,56.32,54.84,61.74
2024-03-05 08:34:00,59.32,53.34,55.82
2024-03-05 08:34:30,59.75,54.76,57.1
2024-03-05 08:35:00,56.36,55.16,60.33
2024-03-05 08:35:30,56.81,54.86,59.07
2024-03-05 08:36:00,55.36,55.32,57.65
2024-03-05 08:36:30,56.65,55.19,57.64
2024-03-05 08:37:00,57.14,55.73,57.85
2024-03-05 08:37:30,57.91,55.4,58.36
2024-03-05 08:38:00,55.73,54.53,57.68
2024-03-05 08:38:30,57.4,55.19,55.04
2024-03-05 08:39:00,57.47,55.76,58.89
2024-03-05 08:39:30,55.91,53.86,57.04
2024-03-05 08:40:00,57.29,57.78,56.38
2024-03-05 08:40:30,55.14,54.66,58.99
2024-03-05 08:41:00,58.1,54.02,59.14
2024-03-05 08:41:30,57.65,55.05,58.13
2024-03-05 08:42:00,55.93,54.7,58.34
2024-03-05 08:42:30,55.98,55.46,56.24
2024-03-05 08:43:00,56.11,56.1,59.76
2024-03-05 08:43:30,56.79,56.52,56.73
2024-03-05 08:44:00,56.74,55.57,57.77
2024-03-05 08:44:30,54.97,55.27,54.69
2024-03-05 08:45:00,53.95,53.35,56.99
2024-03-05 08:45:30,56.55,55.22,58.65
2024-03-05 08:46:00,55.72,54.7,58.34
2024-03-05 08:46:30,57.61,54.4,56.95
2024-03-05 08:47:00,56.99,54.76,57.43
2024-03-05 08:47:30,56.46,55.49,57.96
2024-03-05 08:48:00,53.53,54.45,57.44
2024-03-05 08:48:30,55.66,56.07,57.99
2024-03-05 08:49:00,55.21,56.92,58.16
2024-03-05 08:49:30,57.25,53.31,57.67
2024-03-05 08:50:00,56.77,56.2,
2024-03-05 08:50:30,57.98,55.19,58.45
2024-03-05 08:51:00,57.9,54.79,
2024-03-05 08:51:30,56.28,53.95,61.64
2024-03-05 08:52:00,58.05,55.09,56.24
2024-03-05 08:52:30,57.53,56.74,56.55
2024-03-05 08:53:00,55.44,54.36,57.01
2024-03-05 08:53:30,58.7,56.47,58.73
2024-03-05 08:54:00,58.13,53.66,56.58
2024-03-05 08:54:30,58.29,55.92,59.22
2024-03-05 08:55:00,57.47,55.12,56.32
2024-03-05 08:55:30,56.68,55.48,56.4
2024-03-05 08:56:00,57.71,55.17,55.69
2024-03-05 08:56:30,56.37,54.01,58.08
2024-03-05 08:57:00,58.22,57.53,
2024-03-05 08:57:30,55.01,55.07,57.96
2024-03-05 08:58:00,56.62,55.57,56.42
2024-03-05 08:58:30,56.59,55.28,56.02
2024-03-05 08:59:00,56.66,53.96,55.94
2024-03-05 08:59:30,,53.28,57.89
2024-03-05 09:00:00,54.07,55.27,59.0
2024-03-05 09:00:30,55.71,54.02,55.83
2024-03-05 09:01:00,56.37,54.34,56.75
2024-03-05 09:01:30,56.53,55.14,57.75
2024-03-05 09:02:00,54.89,55.47,57.13
2024-03-05 09:02:30,55.86,56.02,58.96
2024-03-05 09:03:00,56.24,55.68,58.16
2024-03-05 09:03:30,55.26,53.77,58.57
2024-03-05 09:04:00,55.89,54.05,56.91
2024-03-05 09:04:30,56.69,57.51,57.89
2024-03-05 09:05:00,54.33,55.45,57.54
2024-03-05 09:05:30,55.06,55.37,58.05
2024-03-05 09:06:00,56.64,55.1,59.28
2024-03-05 09:06:30,55.91,54.63,57.78
2024-03-05 09:07:00,55.6,53.83,60.64
2024-03-05 09:07:30,55.83,54.25,54.01
2024-03-05 09:08:00,59.09,54.57,57.24
2024-03-05 09:08:30,55.45,53.85,56.26
2024-03-05 09:09:00,55.35,54.73,57.77
2024-03-05 09:09:30,55.11,55.13,58.51
2024-03-05 09:10:00,57.03,55.53,60.1
2024-03-05 09:10:30,56.2,54.76,56.04
2024-03-05 09:11:00,55.84,53.75,60.3
2024-03-05 09:11:30,56.65,56.34,58.9
2024-03-05 09:12:00,59.0,54.16,58.1
2024-03-05 09:12:30,57.71,55.16,58.77
2024-03-05 09:13:00,56.92,54.25,58.28
2024-03-05 09:13:30,58.55,53.81,58.52
2024-03-05 09:14:00,53.5,53.79,56.47
2024-03-05 09:14:30,57.84,53.89,54.6
2024-03-05 09:15:00,56.67,54.02,58.74
2024-03-05 09:15:30,55.12,55.99,57.78
2024-03-05 09:16:00,55.96,54.38,56.65
2024-03-05 09:16:30,55.07,54.22,54.79
2024-03-05 09:17:00,54.49,,56.14
2024-03-05 09:17:30,,54.43,56.42
2024-03-05 09:18:00,56.49,54.23,56.6
2024-03-05 09:18:30,55.46,53.82,57.93
2024-03-05 09:19:00,57.93,56.02,56.68
2024-03-05 09:19:30,57.57,54.24,58.97
2024-03-05 09:20:00,58.4,53.37,55.72
2024-03-05 09:20:30,55.56,53.13,57.11
2024-03-05 09:21:00,54.69,55.06,56.83
2024-03-05 09:21:30,55.4,54.32,56.3
2024-03-05 09:22:00,57.09,53.84,55.76
2024-03-05 09:22:30,57.1,53.93,55.8
2024-03-05 09:23:00,56.4,52.92,57.68
2024-03-05 09:23:30,58.65,54.43,56.44
2024-03-05 09:24:00,55.91,54.63,54.71
2024-03-05 09:24:30,55.48,54.68,59.1
2024-03-05 09:25:00,56.42,54.89,57.21
2024-03-05 09:25:30,57.3,54.49,57.14
2024-03-05 09:26:00,55.32,54.38,56.13
2024-03-05 09:26:30,56.37,53.62,58.36
2024-03-05 09:27:00,57.0,53.8,56.75
2024-03-05 09:27:30,56.64,,57.85
2024-03-05 09:28:00,54.01,54.93,57.46
2024-03-05 09:28:30,56.54,52.58,55.44
2024-03-05 09:29:00,56.4,55.96,58.52
2024-03-05 09:29:30,55.99,54.39,56.23
2024-03-05 09:30:00,54.39,53.94,55.56
2024-03-05 09:30:30,55.85,54.69,58.94
2024-03-05 09:31:00,55.07,54.28,58.74
2024-03-05 09:31:30,57.59,53.44,56.16
2024-03-05 09:32:00,56.31,53.38,59.63
2024-03-05 09:32:30,58.21,54.9,57.99
2024-03-05 09:33:00,54.66,53.95,54.98
2024-03-05 09:33:30,56.56,53.53,57.26
2024-03-05 09:34:00,56.87,54.62,56.93
2024-03-05 09:34:30,56.28,52.88,56.51
2024-03-05 09:35:00,55.3,53.95,56.07
2024-03-05 09:35:30,56.83,55.87,58.72
2024-03-05 09:36:00,57.22,53.92,58.52
2024-03-05 09:36:30,56.85,55.93,56.29
2024-03-05 09:37:00,55.62,54.13,56.9
2024-03-05 09:37:30,56.45,,
2024-03-05 09:38:00,55.5,,56.81
2024-03-05 09:38:30,56.76,53.72,56.8
2024-03-05 09:39:00,54.0,54.09,57.29
2024-03-05 09:39:30,56.4,53.88,58.64
2024-03-05 09:40:00,56.83,55.15,56.28
2024-03-05 09:40:30,54.54,54.23,58.01
2024-03-05 09:41:00,57.96,55.04,58.46
2024-03-05 09:41:30,55.78,53.46,56.87
2024-03-05 09:42:00,56.58,53.46,56.27
2024-03-05 09:42:30,55.61,52.79,57.1
2024-03-05 09:43:00,55.1,54.48,55.54
2024-03-05 09:43:30,56.22,54.03,55.53
2024-03-05 09:44:00,54.16,54.82,55.25
2024-03-05 09:44:30,54.94,54.04,57.7
2024-03-05 09:45:00,55.34,54.63,57.54
2024-03-05 09:45:30,53.85,53.47,55.5
2024-03-05 09:46:00,56.17,53.41,56.56
2024-03-05 09:46:30,54.58,55.79,57.83
2024-03-05 09:47:00,55.51,52.25,58.33
2024-03-05 09:47:30,56.36,54.93,54.29
2024-03-05 09:48:00,56.56,52.84,55.05
2024-03-05 09:48:30,56.94,53.42,56.74
2024-03-05 09:49:00,54.89,53.43,58.57
2024-03-05 09:49:30,54.61,53.98,56.79
2024-03-05 09:50:00,55.1,53.44,58.08
2024-03-05 09:50:30,57.79,53.11,57.4
2024-03-05 09:51:00,56.65,53.7,56.53
2024-03-05 09:51:30,56.0,54.01,58.56
2024-03-05 09:52:00,57.17,54.17,55.33
2024-03-05 09:52:30,56.46,53.89,56.01
2024-03-05 09:53:00,56.14,52.64,59.65
2024-03-05 09:53:30,56.22,52.4,56.93
2024-03-05 09:54:00,54.3,52.9,55.9
2024-03-05 09:54:30,54.51,54.59,57.28
2024-03-05 09:55:00,53.98,55.08,57.67
2024-03-05 09:55:30,54.96,52.49,55.69
2024-03-05 09:56:00,54.84,51.82,55.25
2024-03-05 09:56:30,54.28,54.84,59.13
2024-03-05 09:57:00,55.72,53.53,54.09
2024-03-05 09:57:30,55.39,53.4,56.42
2024-03-05 09:58:00,54.4,52.83,59.73
2024-03-05 09:58:30,56.43,53.94,56.2
2024-03-05 09:59:00,56.7,54.54,57.06
2024-03-05 09:59:30,54.02,52.38,55.84
2024-03-05 10:00:00,54.63,53.31,54.66
2024-03-05 10:00:30,56.75,52.75,55.35
2024-03-05 10:01:00,54.01,52.84,56.2
2024-03-05 10:01:30,55.51,54.34,54.89
2024-03-05 10:02:00,54.67,54.44,57.0
2024-03-05 10:02:30,55.5,54.66,55.62
2024-03-05 10:03:00,54.41,54.27,56.06
2024-03-05 10:03:30,54.81,51.56,53.81
2024-03-05 10:04:00,55.74,53.96,57.17
2024-03-05 10:04:30,56.45,54.94,55.68
2024-03-05 10:05:00,57.09,50.9,55.53
2024-03-05 10:05:30,54.78,54.54,56.68
2024-03-05 10:06:00,55.0,54.07,54.86
2024-03-05 10:06:30,56.13,52.95,57.05
2024-03-05 10:07:00,53.59,52.26,56.42
2024-03-05 10:07:30,56.1,52.74,56.79
2024-03-05 10:08:00,54.78,53.18,56.45
2024-03-05 10:08:30,55.79,53.36,55.53
2024-03-05 10:09:00,54.23,52.84,57.9
2024-03-05 10:09:30,,50.57,54.76
2024-03-05 10:10:00,56.36,51.9,54.96
2024-03-05 10:10:30,52.58,54.27,
2024-03-05 10:11:00,54.11,54.31,56.42
2024-03-05 10:11:30,55.1,52.9,57.71
2024-03-05 10:12:00,53.36,53.49,56.48
2024-03-05 10:12:30,54.34,54.06,54.6
2024-03-05 10:13:00,54.54,53.82,56.13
2024-03-05 10:13:30,56.07,53.82,56.47
2024-03-05 10:14:00,53.44,52.6,54.92
2024-03-05 10:14:30,55.77,53.0,55.96
2024-03-05 10:15:00,55.61,53.09,54.84
2024-03-05 10:15:30,55.31,51.63,57.71
2024-03-05 10:16:00,54.96,52.86,55.53
2024-03-05 10:16:30,55.89,53.42,54.58
2024-03-05 10:17:00,52.86,51.45,56.07
2024-03-05 10:17:30,54.4,53.98,58.7
2024-03-05 10:18:00,54.56,53.08,55.68
2024-03-05 10:18:30,54.29,54.56,57.6
2024-03-05 10:19:00,56.59,52.29,56.78
2024-03-05 10:19:30,56.28,54.44,55.66
2024-03-05 10:20:00,56.01,54.12,55.91
2024-03-05 10:20:30,52.54,52.29,56.22
2024-03-05 10:21:00,55.11,53.65,56.18
2024-03-05 10:21:30,52.97,54.05,55.31
2024-03-05 10:22:00,54.15,53.01,53.97
2024-03-05 10:22:30,55.47,52.59,55.74
2024-03-05 10:23:00,52.5,53.7,54.35
2024-03-05 10:23:30,53.4,52.73,56.05
2024-03-05 10:24:00,55.97,53.48,56.46
2024-03-05 10:24:30,55.25,51.73,52.52
2024-03-05 10:25:00,55.15,51.76,59.25
2024-03-05 10:25:30,55.45,51.76,54.79
2024-03-05 10:26:00,57.55,53.3,56.43
2024-03-05 10:26:30,55.41,52.78,54.32
2024-03-05 10:27:00,53.46,52.38,55.17
2024-03-05 10:27:30,57.17,52.88,56.58
2024-03-05 10:28:00,55.27,52.97,57.26
2024-03-05 10:28:30,,53.05,55.38
2024-03-05 10:29:00,55.95,51.65,55.03
2024-03-05 10:29:30,52.86,50.95,56.06
2024-03-05 10:30:00,53.8,53.08,53.04
2024-03-05 10:30:30,55.48,52.69,52.87
2024-03-05 10:31:00,55.23,53.14,56.8
2024-03-05 10:31:30,51.78,52.28,55.45
2024-03-05 10:32:00,53.95,52.64,55.78
2024-03-05 10:32:30,54.79,52.75,53.75
2024-03-05 10:33:00,54.0,53.15,54.89
2024-03-05 10:33:30,53.34,54.71,56.7
2024-03-05 10:34:00,53.97,52.7,
2024-03-05 10:34:30,52.58,51.97,50.96
2024-03-05 10:35:00,55.54,52.14,55.97
2024-03-05 10:35:30,55.77,53.34,53.66
2024-03-05 10:36:00,53.79,52.5,58.22
2024-03-05 10:36:30,52.03,54.57,54.3
2024-03-05 10:37:00,54.38,52.82,54.27
2024-03-05 10:37:30,56.12,55.0,55.24
2024-03-05 10:38:00,54.53,53.74,54.5
2024-03-05 10:38:30,54.01,54.95,57.07
2024-03-05 10:39:00,53.18,52.21,54.23
2024-03-05 10:39:30,54.38,52.88,55.28
2024-03-05 10:40:00,52.34,51.25,52.41
2024-03-05 10:40:30,53.3,53.15,54.23
2024-03-05 10:41:00,53.25,51.28,
2024-03-05 10:41:30,53.07,52.61,55.56
2024-03-05 10:42:00,,52.93,54.25
2024-03-05 10:42:30,53.84,52.29,52.82
2024-03-05 10:43:00,53.33,52.54,55.87
2024-03-05 10:43:30,54.72,51.02,55.68
2024-03-05 10:44:00,54.36,50.88,56.03
2024-03-05 10:44:30,53.39,51.59,55.79
2024-03-05 10:45:00,53.83,50.01,
2024-03-05 10:45:30,54.14,52.83,53.79
2024-03-05 10:46:00,55.57,52.54,54.99
2024-03-05 10:46:30,55.4,50.2,54.98
2024-03-05 10:47:00,53.78,52.46,55.4
2024-03-05 10:47:30,54.98,52.38,55.92
2024-03-05 10:48:00,53.79,51.1,53.63
2024-03-05 10:48:30,52.5,50.6,53.98
2024-03-05 10:49:00,53.23,55.09,52.97
2024-03-05 10:49:30,54.05,53.83,56.44
2024-03-05 10:50:00,51.87,50.8,58.25
2024-03-05 10:50:30,53.58,50.87,56.83
2024-03-05 10:51:00,52.45,53.18,
2024-03-05 10:51:30,54.61,51.74,54.14
2024-03-05 10:52:00,53.02,50.88,54.1
2024-03-05 10:52:30,52.98,51.4,54.28
2024-03-05 10:53:00,52.62,51.38,54.44
2024-03-05 10:53:30,55.5,51.69,52.02
2024-03-05 10:54:00,53.74,52.38,55.1
2024-03-05 10:54:30,54.36,52.76,53.46
2024-03-05 10:55:00,52.98,51.52,52.35
2024-03-05 10:55:30,53.79,,53.49
2024-03-05 10:56:00,52.49,52.08,54.38
2024-03-05 10:56:30,56.02,51.85,54.17
2024-03-05 10:57:00,52.01,52.13,53.42
2024-03-05 10:57:30,52.92,51.61,52.87
2024-03-05 10:58:00,51.83,51.92,54.46
2024-03-05 10:58:30,53.83,51.59,55.43
2024-03-05 10:59:00,52.11,51.3,52.1
2024-03-05 10:59:30,53.2,51.36,55.4
2024-03-05 11:00:00,54.47,53.3,54.15
2024-03-05 11:00:30,52.86,51.38,55.4
2024-03-05 11:01:00,53.44,52.99,51.29
2024-03-05 11:01:30,53.11,51.58,54.86
2024-03-05 11:02:00,52.83,51.23,55.23
2024-03-05 11:02:30,52.43,52.71,52.1
2024-03-05 11:03:00,51.85,52.08,54.82
2024-03-05 11:03:30,52.14,51.49,55.03
2024-03-05 11:04:00,52.57,51.77,55.91
2024-03-05 11:04:30,54.92,50.83,55.11
2024-03-05 11:05:00,53.99,51.34,54.31
2024-03-05 11:05:30,54.9,,53.01
2024-03-05 11:06:00,53.87,50.5,54.61
2024-03-05 11:06:30,51.53,50.77,54.53
2024-03-05 11:07:00,53.52,51.53,55.37
2024-03-05 11:07:30,54.55,49.38,53.67
2024-03-05 11:08:00,55.03,53.58,54.16
2024-03-05 11:08:30,53.37,52.66,53.15
2024-03-05 11:09:00,54.55,49.72,53.17
2024-03-05 11:09:30,53.19,50.87,53.74
2024-03-05 11:10:00,52.58,51.46,
2024-03-05 11:10:30,53.71,50.51,57.68
2024-03-05 11:11:00,53.93,50.52,56.62
2024-03-05 11:11:30,,50.23,53.87
2024-03-05 11:12:00,51.59,51.27,56.24
2024-03-05 11:12:30,52.15,51.97,52.82
2024-03-05 11:13:00,51.83,51.7,52.53
2024-03-05 11:13:30,51.57,49.44,53.95
2024-03-05 11:14:00,51.24,50.35,56.46
2024-03-05 11:14:30,52.02,51.97,52.27
2024-03-05 11:15:00,53.16,51.25,52.43
2024-03-05 11:15:30,53.63,50.67,56.08
2024-03-05 11:16:00,53.7,51.55,54.7
2024-03-05 11:16:30,54.7,50.41,54.07
2024-03-05 11:17:00,52.53,51.46,51.4
2024-03-05 11:17:30,52.27,52.16,52.47
2024-03-05 11:18:00,51.81,51.38,52.93
2024-03-05 11:18:30,54.05,50.86,53.62
2024-03-05 11:19:00,52.94,51.04,51.8
2024-03-05 11:19:30,51.96,49.3,54.32
2024-03-05 11:20:00,52.45,51.26,52.76
2024-03-05 11:20:30,53.61,49.96,52.28
2024-03-05 11:21:00,52.88,52.11,52.18
2024-03-05 11:21:30,55.25,51.31,55.17
2024-03-05 11:22:00,52.33,51.76,52.6
2024-03-05 11:22:30,53.47,49.81,54.72
2024-03-05 11:23:00,51.37,51.35,51.09
2024-03-05 11:23:30,53.36,50.4,52.77
2024-03-05 11:24:00,50.39,51.97,53.32
2024-03-05 11:24:30,50.99,50.58,50.5
2024-03-05 11:25:00,51.13,50.43,51.37
2024-03-05 11:25:30,52.62,49.03,52.85
2024-03-05 11:26:00,53.61,49.76,54.46
2024-03-05 11:26:30,52.49,50.69,53.95
2024-03-05 11:27:00,53.43,50.25,53.02
2024-03-05 11:27:30,52.44,49.38,54.39
2024-03-05 11:28:00,53.7,51.54,51.94
2024-03-05 11:28:30,52.94,50.59,52.07
2024-03-05 11:29:00,50.83,50.86,53.69
2024-03-05 11:29:30,50.5,50.97,
2024-03-05 11:30:00,55.14,51.17,51.77
2024-03-05 11:30:30,53.39,51.62,53.45
2024-03-05 11:31:00,52.17,49.61,51.33
2024-03-05 11:31:30,48.64,52.04,53.54
2024-03-05 11:32:00,53.77,50.5,51.06
2024-03-05 11:32:30,51.42,,54.72
2024-03-05 11:33:00,51.19,50.06,54.5
2024-03-05 11:33:30,51.98,50.26,52.05
2024-03-05 11:34:00,52.93,48.75,53.63
2024-03-05 11:34:30,52.24,49.79,53.94
2024-03-05 11:35:00,52.18,50.13,53.26
2024-03-05 11:35:30,52.19,51.03,49.09
2024-03-05 11:36:00,53.27,49.3,50.62
2024-03-05 11:36:30,50.8,51.13,51.72
2024-03-05 11:37:00,48.93,49.79,51.91
2024-03-05 11:37:30,53.8,49.28,53.93
2024-03-05 11:38:00,51.21,47.95,50.85
2024-03-05 11:38:30,53.64,48.43,50.82
2024-03-05 11:39:00,51.96,49.29,50.69
2024-03-05 11:39:30,52.49,50.83,52.23
2024-03-05 11:40:00,52.17,53.11,52.62
2024-03-05 11:40:30,52.97,50.48,56.27
2024-03-05 11:41:00,53.18,50.43,49.98
2024-03-05 11:41:30,52.7,,53.85
2024-03-05 11:42:00,52.48,51.11,51.71
2024-03-05 11:42:30,52.46,49.43,52.58
2024-03-05 11:43:00,50.02,49.87,54.87
2024-03-05 11:43:30,51.23,49.98,51.87
2024-03-05 11:44:00,48.24,50.49,56.2
2024-03-05 11:44:30,50.7,49.38,51.77
2024-03-05 11:45:00,52.05,49.27,52.2
2024-03-05 11:45:30,52.13,49.28,52.24
2024-03-05 11:46:00,51.83,51.31,57.01
2024-03-05 11:46:30,51.87,48.27,55.08
2024-03-05 11:47:00,51.46,51.67,53.01
2024-03-05 11:47:30,52.03,50.7,55.99
2024-03-05 11:48:00,52.03,49.68,52.1
2024-03-05 11:48:30,48.82,49.04,55.03
2024-03-05 11:49:00,51.88,49.26,52.7
2024-03-05 11:49:30,52.19,50.15,51.35
2024-03-05 11:50:00,50.18,48.75,50.88
2024-03-05 11:50:30,51.0,47.36,52.87
2024-03-05 11:51:00,48.89,47.86,50.74
2024-03-05 11:51:30,52.29,50.14,51.82
2024-03-05 11:52:00,51.49,50.95,50.59
2024-03-05 11:52:30,51.64,47.02,
2024-03-05 11:53:00,51.61,49.56,52.87
2024-03-05 11:53:30,52.07,47.67,53.42
2024-03-05 11:54:00,51.27,49.4,52.13
2024-03-05 11:54:30,48.32,49.96,54.14
2024-03-05 11:55:00,50.81,51.65,52.17
2024-03-05 11:55:30,50.2,49.67,52.88
2024-03-05 11:56:00,49.71,49.94,52.74
2024-03-05 11:56:30,50.97,50.47,53.35
2024-03-05 11:57:00,53.11,50.55,49.89
2024-03-05 11:57:30,49.0,47.4,51.48
2024-03-05 11:58:00,51.5,49.81,52.68
2024-03-05 11:58:30,50.92,50.13,49.15
2024-03-05 11:59:00,50.53,47.41,51.06
2024-03-05 11:59:30,51.91,48.58,51.29
2024-03-05 12:00:00,52.1,50.23,52.14
2024-03-05 12:00:30,49.74,49.39,54.19
2024-03-05 12:01:00,50.75,48.06,51.14
2024-03-05 12:01:30,50.67,49.58,50.02
2024-03-05 12:02:00,51.85,49.29,53.32
2024-03-05 12:02:30,50.76,48.76,51.41
2024-03-05 12:03:00,50.7,49.57,47.36
2024-03-05 12:03:30,49.65,48.93,52.26
2024-03-05 12:04:00,50.96,49.32,51.2
2024-03-05 12:04:30,47.25,47.57,50.93
2024-03-05 12:05:00,52.66,50.75,51.56
2024-03-05 12:05:30,51.24,50.26,53.96
2024-03-05 12:06:00,51.14,47.63,53.43
2024-03-05 12:06:30,49.18,49.75,52.33
2024-03-05 12:07:00,53.32,48.66,51.98
2024-03-05 12:07:30,51.53,49.5,52.21
2024-03-05 12:08:00,51.93,48.03,53.73
2024-03-05 12:08:30,49.95,48.78,49.31
2024-03-05 12:09:00,48.46,50.06,49.2
2024-03-05 12:09:30,50.14,48.14,49.84
2024-03-05 12:10:00,49.25,48.85,52.21
2024-03-05 12:10:30,49.88,48.16,51.01
2024-03-05 12:11:00,50.47,48.64,52.04
2024-03-05 12:11:30,50.07,49.49,51.97
2024-03-05 12:12:00,50.39,47.39,50.54
2024-03-05 12:12:30,49.73,50.33,49.95
2024-03-05 12:13:00,51.71,47.33,51.86
2024-03-05 12:13:30,49.66,47.76,51.26
2024-03-05 12:14:00,50.03,49.07,50.38
2024-03-05 12:14:30,48.41,47.34,50.6
2024-03-05 12:15:00,49.12,49.67,52.13
2024-03-05 12:15:30,48.61,47.8,51.59
2024-03-05 12:16:00,49.59,50.25,52.16
2024-03-05 12:16:30,53.32,47.68,51.17
2024-03-05 12:17:00,49.23,48.96,50.83
2024-03-05 12:17:30,48.6,48.59,49.2
2024-03-05 12:18:00,50.13,47.4,49.26
2024-03-05 12:18:30,48.97,48.46,52.76
2024-03-05 12:19:00,,49.06,53.01
2024-03-05 12:19:30,49.32,47.87,52.61
2024-03-05 12:20:00,50.46,48.63,50.44
2024-03-05 12:20:30,47.4,48.21,49.66
2024-03-05 12:21:00,51.71,47.57,51.15
2024-03-05 12:21:30,51.06,48.86,53.4
2024-03-05 12:22:00,50.23,48.57,51.93
2024-03-05 12:22:30,,48.33,49.64
2024-03-05 12:23:00,50.89,46.84,52.27
2024-03-05 12:23:30,51.14,48.13,51.25
2024-03-05 12:24:00,49.34,48.0,50.08
2024-03-05 12:24:30,49.48,49.36,
2024-03-05 12:25:00,47.26,50.1,50.72
2024-03-05 12:25:30,48.69,48.06,50.45
2024-03-05 12:26:00,50.15,47.47,49.39
2024-03-05 12:26:30,49.14,47.63,50.45
2024-03-05 12:27:00,50.42,48.07,50.68
2024-03-05 12:27:30,47.57,47.61,48.57
2024-03-05 12:28:00,50.44,48.47,51.6
2024-03-05 12:28:30,49.9,49.19,46.89
2024-03-05 12:29:00,48.65,49.79,50.65
2024-03-05 12:29:30,48.43,47.07,52.0
2024-03-05 12:30:00,47.31,46.22,49.96
2024-03-05 12:30:30,48.92,46.9,51.75
2024-03-05 12:31:00,48.42,49.52,47.25
2024-03-05 12:31:30,48.61,46.95,50.42
2024-03-05 12:32:00,47.81,48.71,50.69
2024-03-05 12:32:30,49.66,46.51,51.96
2024-03-05 12:33:00,47.05,47.51,49.48
2024-03-05 12:33:30,49.98,47.63,50.11
2024-03-05 12:34:00,47.36,47.38,51.13
2024-03-05 12:34:30,49.62,46.97,48.79
2024-03-05 12:35:00,49.57,46.55,50.99
2024-03-05 12:35:30,49.54,47.12,48.12
2024-03-05 12:36:00,48.63,47.5,46.03
2024-03-05 12:36:30,50.27,48.4,51.96
2024-03-05 12:37:00,48.28,48.38,49.86
2024-03-05 12:37:30,48.08,47.64,49.07
2024-03-05 12:38:00,49.88,48.13,47.14
2024-03-05 12:38:30,51.1,47.2,48.69
2024-03-05 12:39:00,48.56,46.63,51.94
2024-03-05 12:39:30,49.02,47.03,49.92
2024-03-05 12:40:00,47.2,48.76,51.72
2024-03-05 12:40:30,48.04,46.21,50.24
2024-03-05 12:41:00,49.53,46.92,49.17
2024-03-05 12:41:30,49.77,46.26,50.53
2024-03-05 12:42:00,47.04,48.27,49.27
2024-03-05 12:42:30,48.62,46.76,50.23
2024-03-05 12:43:00,49.39,47.94,47.72
2024-03-05 12:43:30,47.74,45.84,49.57
2024-03-05 12:44:00,51.11,45.53,47.66
2024-03-05 12:44:30,,49.45,49.24
2024-03-05 12:45:00,48.87,49.44,49.6
2024-03-05 12:45:30,49.92,46.94,49.14
2024-03-05 12:46:00,48.05,48.5,49.27
2024-03-05 12:46:30,47.89,45.78,52.36
2024-03-05 12:47:00,47.32,46.42,50.63
2024-03-05 12:47:30,47.18,46.64,49.2
2024-03-05 12:48:00,47.65,46.11,49.17
2024-03-05 12:48:30,47.09,47.37,49.92
2024-03-05 12:49:00,48.38,46.89,48.97
2024-03-05 12:49:30,47.8,44.09,47.99
2024-03-05 12:50:00,48.18,48.28,48.43
2024-03-05 12:50:30,48.64,46.95,50.9
2024-03-05 12:51:00,49.11,46.68,47.18
2024-03-05 12:51:30,47.45,47.37,46.9
2024-03-05 12:52:00,48.24,48.07,48.24
2024-03-05 12:52:30,48.58,46.79,49.15
2024-03-05 12:53:00,47.79,47.2,49.73
2024-03-05 12:53:30,47.35,44.14,49.77
2024-03-05 12:54:00,45.73,,48.99
2024-03-05 12:54:30,47.37,47.77,50.7
2024-03-05 12:55:00,47.98,47.14,49.77
2024-03-05 12:55:30,48.87,48.12,46.43
2024-03-05 12:56:00,49.35,45.45,47.57
2024-03-05 12:56:30,48.96,46.89,49.54
2024-03-05 12:57:00,48.16,47.13,47.38
2024-03-05 12:57:30,48.07,45.68,50.37
2024-03-05 12:58:00,47.7,46.56,48.07
2024-03-05 12:58:30,48.95,45.0,46.77
2024-03-05 12:59:00,47.37,46.63,48.6
2024-03-05 12:59:30,50.66,47.02,46.78
2024-03-05 13:00:00,48.0,47.46,47.25
2024-03-05 13:00:30,48.98,45.0,47.5
2024-03-05 13:01:00,50.06,46.19,
2024-03-05 13:01:30,49.18,44.76,50.21
2024-03-05 13:02:00,46.99,45.22,49.47
2024-03-05 13:02:30,46.86,45.45,48.66
2024-03-05 13:03:00,48.65,44.79,47.85
2024-03-05 13:03:30,,45.83,47.89
2024-03-05 13:04:00,49.08,45.83,49.97
2024-03-05 13:04:30,48.04,46.41,
2024-03-05 13:05:00,49.89,46.85,48.25
2024-03-05 13:05:30,47.86,46.85,48.49
2024-03-05 13:06:00,45.26,47.38,50.33
2024-03-05 13:06:30,47.48,45.74,49.73
2024-03-05 13:07:00,47.09,46.37,48.43
2024-03-05 13:07:30,48.95,46.51,48.56
2024-03-05 13:08:00,49.48,46.44,49.14
2024-03-05 13:08:30,44.59,45.16,46.62
2024-03-05 13:09:00,47.56,46.99,45.84
2024-03-05 13:09:30,46.93,45.76,45.96
2024-03-05 13:10:00,46.69,,50.37
2024-03-05 13:10:30,46.42,45.69,48.21
2024-03-05 13:11:00,48.39,47.37,50.95
2024-03-05 13:11:30,48.12,47.56,47.46
2024-03-05 13:12:00,47.72,44.44,49.19
2024-03-05 13:12:30,47.15,45.36,47.97
2024-03-05 13:13:00,48.88,47.08,47.24
2024-03-05 13:13:30,47.06,47.0,46.85
2024-03-05 13:14:00,48.81,45.93,47.38
2024-03-05 13:14:30,45.13,44.6,48.21
2024-03-05 13:15:00,47.74,44.43,45.76
2024-03-05 13:15:30,45.64,46.34,47.69
2024-03-05 13:16:00,46.74,45.05,46.63
2024-03-05 13:16:30,46.81,46.17,49.17
2024-03-05 13:17:00,47.66,47.04,48.19
2024-03-05 13:17:30,47.12,46.98,47.46
2024-03-05 13:18:00,46.3,46.34,48.0
2024-03-05 13:18:30,48.12,44.44,47.93
2024-03-05 13:19:00,47.95,46.4,50.16
2024-03-05 13:19:30,48.6,45.77,45.52
2024-03-05 13:20:00,46.89,44.49,46.96
2024-03-05 13:20:30,48.12,44.67,45.4
2024-03-05 13:21:00,46.25,43.85,46.64
2024-03-05 13:21:30,48.13,46.3,48.52
2024-03-05 13:22:00,46.84,44.64,49.14
2024-03-05 13:22:30,46.42,44.75,48.07
2024-03-05 13:23:00,49.69,45.18,47.38
2024-03-05 13:23:30,47.78,45.31,49.12
2024-03-05 13:24:00,45.42,44.82,45.59
2024-03-05 13:24:30,47.86,44.8,46.38
2024-03-05 13:25:00,45.4,45.26,47.55
2024-03-05 13:25:30,47.87,45.21,48.07
2024-03-05 13:26:00,45.7,46.2,47.31
2024-03-05 13:26:30,43.79,44.94,49.11
2024-03-05 13:27:00,46.28,44.55,48.11
2024-03-05 13:27:30,46.9,46.57,47.9
2024-03-05 13:28:00,46.62,41.82,47.51
2024-03-05 13:28:30,46.91,45.99,48.97
2024-03-05 13:29:00,48.0,44.77,47.48
2024-03-05 13:29:30,45.33,44.84,45.33
2024-03-05 13:30:00,45.32,43.55,47.46
2024-03-05 13:30:30,44.85,45.1,46.04
2024-03-05 13:31:00,46.53,45.54,46.76
2024-03-05 13:31:30,45.28,45.09,47.46
2024-03-05 13:32:00,48.03,41.36,47.81
2024-03-05 13:32:30,47.98,44.29,48.72
2024-03-05 13:33:00,46.18,,47.9
2024-03-05 13:33:30,46.91,45.77,45.47
2024-03-05 13:34:00,46.57,45.96,49.81
2024-03-05 13:34:30,46.76,46.28,47.56
2024-03-05 13:35:00,46.47,44.14,44.52
2024-03-05 13:35:30,47.24,45.19,47.34
2024-03-05 13:36:00,45.14,46.1,48.11
2024-03-05 13:36:30,48.23,44.23,45.09
2024-03-05 13:37:00,46.5,45.18,48.52
2024-03-05 13:37:30,46.18,46.11,44.81
2024-03-05 13:38:00,46.97,45.47,46.61
2024-03-05 13:38:30,46.82,44.25,46.53
2024-03-05 13:39:00,44.69,43.24,46.52
2024-03-05 13:39:30,44.7,46.67,46.1
2024-03-05 13:40:00,45.42,44.46,45.22
2024-03-05 13:40:30,45.78,44.91,46.87
2024-03-05 13:41:00,46.34,44.78,46.56
2024-03-05 13:41:30,46.17,44.87,
2024-03-05 13:42:00,46.18,,44.95
2024-03-05 13:42:30,46.21,44.21,45.63
2024-03-05 13:43:00,45.95,45.9,45.7
2024-03-05 13:43:30,46.46,42.48,45.71
2024-03-05 13:44:00,44.5,43.61,43.42
2024-03-05 13:44:30,45.4,42.52,46.5
2024-03-05 13:45:00,47.19,43.43,46.21
2024-03-05 13:45:30,44.3,43.76,46.12
2024-03-05 13:46:00,44.25,43.98,44.21
2024-03-05 13:46:30,42.73,44.33,45.18
2024-03-05 13:47:00,44.97,44.19,46.19
2024-03-05 13:47:30,46.26,45.15,46.99
2024-03-05 13:48:00,46.45,44.07,45.38
2024-03-05 13:48:30,44.92,44.08,46.19
2024-03-05 13:49:00,45.96,44.39,43.03
2024-03-05 13:49:30,43.25,43.61,46.67
2024-03-05 13:50:00,42.42,44.88,48.32
2024-03-05 13:50:30,43.61,42.8,44.3
2024-03-05 13:51:00,47.01,43.51,47.41
2024-03-05 13:51:30,44.99,44.1,48.73
2024-03-05 13:52:00,45.28,44.06,45.97
2024-03-05 13:52:30,42.79,43.63,46.44
2024-03-05 13:53:00,46.29,42.47,45.56
2024-03-05 13:53:30,44.87,44.21,46.07
2024-03-05 13:54:00,46.82,43.12,46.27
2024-03-05 13:54:30,45.6,44.9,47.81
2024-03-05 13:55:00,46.08,43.79,
2024-03-05 13:55:30,45.27,44.86,45.75
2024-03-05 13:56:00,46.46,43.03,48.62
2024-03-05 13:56:30,46.37,43.99,45.4
2024-03-05 13:57:00,45.94,42.71,45.9
2024-03-05 13:57:30,43.77,43.5,44.26
2024-03-05 13:58:00,46.27,,
2024-03-05 13:58:30,45.62,43.48,47.78
2024-03-05 13:59:00,44.42,44.26,45.14
2024-03-05 13:59:30,45.37,43.15,46.9
2024-03-05 14:00:00,46.62,42.25,45.86
2024-03-05 14:00:30,45.51,44.04,45.76
2024-03-05 14:01:00,43.63,40.9,44.95
2024-03-05 14:01:30,45.37,42.03,46.73
2024-03-05 14:02:00,45.14,43.1,44.56
2024-03-05 14:02:30,44.32,45.09,47.63
2024-03-05 14:03:00,46.3,42.67,46.03
2024-03-05 14:03:30,44.24,44.53,45.73
2024-03-05 14:04:00,44.08,41.41,43.77
2024-03-05 14:04:30,42.33,42.31,45.18
2024-03-05 14:05:00,44.81,43.07,43.99
2024-03-05 14:05:30,44.25,44.22,47.23
2024-03-05 14:06:00,45.38,43.68,46.8
2024-03-05 14:06:30,43.86,43.73,45.03
2024-03-05 14:07:00,45.49,42.13,43.78
2024-03-05 14:07:30,43.77,44.14,49.44
2024-03-05 14:08:00,44.17,44.08,46.3
2024-03-05 14:08:30,45.24,44.06,47.57
2024-03-05 14:09:00,45.2,42.86,46.48
2024-03-05 14:09:30,44.15,42.13,46.34
2024-03-05 14:10:00,42.6,42.54,45.6
2024-03-05 14:10:30,41.6,42.15,45.84
2024-03-05 14:11:00,43.95,41.71,43.87
2024-03-05 14:11:30,42.9,41.53,45.2
2024-03-05 14:12:00,42.71,43.86,44.07
2024-03-05 14:12:30,44.37,43.48,45.93
2024-03-05 14:13:00,45.41,41.96,47.67
2024-03-05 14:13:30,44.24,41.7,43.59
2024-03-05 14:14:00,44.2,41.16,44.13
2024-03-05 14:14:30,43.11,42.98,46.49
2024-03-05 14:15:00,42.45,41.89,43.23
2024-03-05 14:15:30,43.9,41.95,46.98
2024-03-05 14:16:00,45.23,41.35,43.04
2024-03-05 14:16:30,45.6,42.93,45.59
2024-03-05 14:17:00,43.77,41.87,44.63
2024-03-05 14:17:30,44.78,43.64,46.77
2024-03-05 14:18:00,43.9,42.57,45.46
2024-03-05 14:18:30,44.59,42.04,43.49
2024-03-05 14:19:00,43.23,41.03,43.8
2024-03-05 14:19:30,43.01,42.37,47.06
2024-03-05 14:20:00,44.55,40.78,45.51
2024-03-05 14:20:30,43.99,40.78,45.24
2024-03-05 14:21:00,45.27,42.49,45.46
2024-03-05 14:21:30,43.99,41.57,43.82
2024-03-05 14:22:00,44.6,42.75,45.84
2024-03-05 14:22:30,44.17,40.55,44.89
2024-03-05 14:23:00,43.04,43.27,45.17
2024-03-05 14:23:30,43.25,44.54,44.82
2024-03-05 14:24:00,46.08,43.8,46.15
2024-03-05 14:24:30,45.15,41.97,43.8
2024-03-05 14:25:00,43.23,43.93,44.49
2024-03-05 14:25:30,44.0,44.39,44.95
2024-03-05 14:26:00,44.07,41.3,45.08
2024-03-05 14:26:30,43.19,42.91,44.82
2024-03-05 14:27:00,43.68,41.85,43.09
2024-03-05 14:27:30,44.56,41.35,44.39
2024-03-05 14:28:00,44.01,42.15,43.43
2024-03-05 14:28:30,42.62,41.8,43.54
2024-03-05 14:29:00,44.86,42.8,44.19
2024-03-05 14:29:30,44.22,42.33,44.66
2024-03-05 14:30:00,41.9,42.91,44.09
2024-03-05 14:30:30,43.75,42.99,43.26
2024-03-05 14:31:00,43.8,41.86,43.51
2024-03-05 14:31:30,43.01,41.06,43.29
2024-03-05 14:32:00,42.02,41.31,43.77
2024-03-05 14:32:30,43.32,40.6,44.31
2024-03-05 14:33:00,42.65,42.73,44.71
2024-03-05 14:33:30,42.11,41.14,43.99
2024-03-05 14:34:00,43.89,41.1,42.03
2024-03-05 14:34:30,42.91,39.25,41.67
2024-03-05 14:35:00,42.01,40.8,45.06
2024-03-05 14:35:30,41.87,41.27,43.35
2024-03-05 14:36:00,41.04,40.97,43.6
2024-03-05 14:36:30,43.22,40.76,44.67
2024-03-05 14:37:00,41.8,41.06,44.08
2024-03-05 14:37:30,43.55,42.33,45.34
2024-03-05 14:38:00,42.5,39.4,44.94
2024-03-05 14:38:30,43.42,41.12,45.05
2024-03-05 14:39:00,40.13,42.5,42.37
2024-03-05 14:39:30,42.51,43.02,41.23
2024-03-05 14:40:00,41.49,41.69,43.11
2024-03-05 14:40:30,42.7,42.92,46.37
2024-03-05 14:41:00,44.03,,43.93
2024-03-05 14:41:30,41.6,42.06,43.0
2024-03-05 14:42:00,41.31,42.8,44.49
2024-03-05 14:42:30,43.77,42.32,42.91
2024-03-05 14:43:00,43.76,40.71,42.77
2024-03-05 14:43:30,41.31,41.97,44.37
2024-03-05 14:44:00,44.14,41.26,45.14
2024-03-05 14:44:30,43.05,42.84,45.29
2024-03-05 14:45:00,42.35,40.87,43.14
2024-03-05 14:45:30,40.97,39.59,45.37
2024-03-05 14:46:00,41.89,42.59,42.7
2024-03-05 14:46:30,43.76,42.22,43.53
2024-03-05 14:47:00,43.05,39.99,44.41
2024-03-05 14:47:30,41.7,43.34,41.84
2024-03-05 14:48:00,42.19,42.1,
2024-03-05 14:48:30,41.95,39.48,43.07
2024-03-05 14:49:00,43.1,40.29,44.16
2024-03-05 14:49:30,42.05,42.11,43.5
2024-03-05 14:50:00,42.64,39.99,42.41
2024-03-05 14:50:30,41.83,39.14,41.59
2024-03-05 14:51:00,42.61,39.93,43.14
2024-03-05 14:51:30,42.85,39.99,41.76
2024-03-05 14:52:00,40.37,40.54,40.98
2024-03-05 14:52:30,42.01,41.09,42.85
2024-03-05 14:53:00,41.66,41.58,42.92
2024-03-05 14:53:30,43.71,41.3,42.81
2024-03-05 14:54:00,42.29,40.48,42.97
2024-03-05 14:54:30,42.83,39.79,42.48
2024-03-05 14:55:00,40.0,41.27,43.54
2024-03-05 14:55:30,41.01,40.03,41.67
2024-03-05 14:56:00,41.66,41.2,42.19
2024-03-05 14:56:30,43.05,39.95,43.06
2024-03-05 14:57:00,44.73,42.81,41.87
2024-03-05 14:57:30,41.95,40.3,42.81
2024-03-05 14:58:00,40.62,39.98,42.17
2024-03-05 14:58:30,42.49,38.64,45.73
2024-03-05 14:59:00,43.37,39.93,41.48
2024-03-05 14:59:30,41.71,40.59,44.0
2024-03-05 15:00:00,42.55,39.2,42.38
2024-03-05 15:00:30,43.11,41.76,43.13
2024-03-05 15:01:00,41.91,40.66,43.29
2024-03-05 15:01:30,42.78,39.16,43.43
2024-03-05 15:02:00,42.49,40.63,45.92
2024-03-05 15:02:30,39.64,40.9,45.09
2024-03-05 15:03:00,42.22,39.91,39.22
2024-03-05 15:03:30,40.82,40.8,42.06
2024-03-05 15:04:00,38.77,40.21,44.01
2024-03-05 15:04:30,42.26,40.16,43.6
2024-03-05 15:05:00,42.88,39.25,
2024-03-05 15:05:30,41.25,42.8,39.41
2024-03-05 15:06:00,40.92,39.68,40.1
2024-03-05 15:06:30,40.2,41.71,42.09
2024-03-05 15:07:00,41.48,39.64,42.22
2024-03-05 15:07:30,40.95,39.83,39.94
2024-03-05 15:08:00,43.17,38.65,41.43
2024-03-05 15:08:30,41.72,38.61,41.95
2024-03-05 15:09:00,39.37,40.08,41.8
2024-03-05 15:09:30,40.37,41.25,42.19
2024-03-05 15:10:00,41.49,39.91,41.92
2024-03-05 15:10:30,42.61,41.37,42.74
2024-03-05 15:11:00,40.77,41.31,43.34
2024-03-05 15:11:30,40.54,39.24,40.84
2024-03-05 15:12:00,,40.68,42.98
2024-03-05 15:12:30,44.14,41.89,41.56
2024-03-05 15:13:00,41.36,38.55,41.87
2024-03-05 15:13:30,43.32,40.24,43.04
2024-03-05 15:14:00,41.51,38.82,
2024-03-05 15:14:30,41.18,40.96,41.43
2024-03-05 15:15:00,41.43,40.26,42.36
2024-03-05 15:15:30,41.25,40.25,42.05
2024-03-05 15:16:00,41.09,39.75,42.32
2024-03-05 15:16:30,38.21,39.28,41.74
2024-03-05 15:17:00,41.53,40.34,42.69
2024-03-05 15:17:30,40.81,38.58,43.33
2024-03-05 15:18:00,40.04,39.49,41.21
2024-03-05 15:18:30,40.63,39.46,40.43
2024-03-05 15:19:00,41.16,37.68,39.77
2024-03-05 15:19:30,40.34,38.6,40.82
2024-03-05 15:20:00,39.13,40.06,39.48
2024-03-05 15:20:30,40.68,38.86,38.89
2024-03-05 15:21:00,41.67,39.9,41.41
2024-03-05 15:21:30,41.37,38.76,40.2
2024-03-05 15:22:00,38.5,39.05,38.91
2024-03-05 15:22:30,41.84,39.45,
2024-03-05 15:23:00,41.59,40.11,42.01
2024-03-05 15:23:30,40.85,38.28,41.37
2024-03-05 15:24:00,37.93,38.35,41.96
2024-03-05 15:24:30,42.28,40.8,43.97
2024-03-05 15:25:00,39.62,40.08,41.86
2024-03-05 15:25:30,39.36,39.33,41.5
2024-03-05 15:26:00,38.52,40.12,42.18
2024-03-05 15:26:30,38.47,40.15,41.8
2024-03-05 15:27:00,40.5,40.58,40.54
2024-03-05 15:27:30,39.3,39.02,42.78
2024-03-05 15:28:00,39.58,39.21,39.5
2024-03-05 15:28:30,42.87,39.73,41.96
2024-03-05 15:29:00,38.7,39.26,42.98
2024-03-05 15:29:30,42.21,39.42,40.25
2024-03-05 15:30:00,39.85,37.83,45.55
2024-03-05 15:30:30,39.89,38.1,41.03
2024-03-05 15:31:00,40.71,40.95,39.47
2024-03-05 15:31:30,39.86,40.08,38.9
2024-03-05 15:32:00,40.93,37.54,38.71
2024-03-05 15:32:30,39.8,39.98,
2024-03-05 15:33:00,37.02,39.78,39.96
2024-03-05 15:33:30,40.41,37.31,41.05
2024-03-05 15:34:00,38.37,39.55,42.2
2024-03-05 15:34:30,41.8,38.04,42.01
2024-03-05 15:35:00,39.7,,39.7
2024-03-05 15:35:30,40.6,38.88,40.91
2024-03-05 15:36:00,40.92,38.92,41.06
2024-03-05 15:36:30,39.34,38.98,37.59
2024-03-05 15:37:00,37.75,38.64,41.17
2024-03-05 15:37:30,40.83,,42.53
2024-03-05 15:38:00,40.03,39.6,42.49
2024-03-05 15:38:30,41.44,38.71,43.92
2024-03-05 15:39:00,40.27,36.8,40.5
2024-03-05 15:39:30,40.33,37.97,41.47
2024-03-05 15:40:00,40.46,39.39,41.93
2024-03-05 15:40:30,,39.3,38.03
2024-03-05 15:41:00,38.08,38.74,39.88
2024-03-05 15:41:30,37.65,37.46,42.15
2024-03-05 15:42:00,37.74,38.35,41.1
2024-03-05 15:42:30,38.93,37.98,41.75
2024-03-05 15:43:00,38.42,,40.62
2024-03-05 15:43:30,38.71,37.82,42.46
2024-03-05 15:44:00,38.72,38.9,39.92
2024-03-05 15:44:30,38.99,39.36,38.05
2024-03-05 15:45:00,38.87,39.03,38.18
2024-03-05 15:45:30,39.44,38.94,43.12
2024-03-05 15:46:00,39.1,38.5,41.36
2024-03-05 15:46:30,38.84,37.2,39.8
2024-03-05 15:47:00,40.98,37.3,40.26
2024-03-05 15:47:30,40.45,39.58,37.72
2024-03-05 15:48:00,37.38,36.82,39.44
2024-03-05 15:48:30,37.9,39.2,37.91
2024-03-05 15:49:00,37.5,37.32,39.83
2024-03-05 15:49:30,38.84,36.85,39.16
2024-03-05 15:50:00,38.37,39.33,37.79
2024-03-05 15:50:30,39.12,37.7,39.56
2024-03-05 15:51:00,39.28,36.97,40.98
2024-03-05 15:51:30,38.8,37.83,42.19
2024-03-05 15:52:00,39.75,38.5,37.46
2024-03-05 15:52:30,39.69,38.44,41.76
2024-03-05 15:53:00,35.67,38.23,40.11
2024-03-05 15:53:30,36.84,37.19,39.5
2024-03-05 15:54:00,39.14,,39.38
2024-03-05 15:54:30,38.59,37.74,40.04
2024-03-05 15:55:00,39.12,38.61,39.64
2024-03-05 15:55:30,40.34,38.46,40.44
2024-03-05 15:56:00,39.19,40.52,41.1
2024-03-05 15:56:30,39.7,37.25,39.1
2024-03-05 15:57:00,40.34,39.24,41.08
2024-03-05 15:57:30,37.52,36.23,40.5
2024-03-05 15:58:00,38.4,37.81,40.61
2024-03-05 15:58:30,37.25,37.99,37.23
2024-03-05 15:59:00,39.87,37.5,39.44
2024-03-05 15:59:30,39.8,38.28,41.07
2024-03-05 16:00:00,42.01,36.63,40.98
2024-03-05 16:00:30,39.14,38.23,38.03
2024-03-05 16:01:00,37.99,37.55,42.09
2024-03-05 16:01:30,40.82,37.33,38.28
2024-03-05 16:02:00,38.21,36.56,39.94
2024-03-05 16:02:30,40.93,38.4,37.75
2024-03-05 16:03:00,39.01,38.33,41.59
2024-03-05 16:03:30,37.93,38.01,39.92
2024-03-05 16:04:00,38.47,39.35,36.09
2024-03-05 16:04:30,38.43,38.7,38.99
2024-03-05 16:05:00,39.12,38.74,41.18
2024-03-05 16:05:30,36.12,37.16,38.9
2024-03-05 16:06:00,37.87,36.42,39.76
2024-03-05 16:06:30,38.32,38.01,38.73
2024-03-05 16:07:00,38.04,37.94,36.58
2024-03-05 16:07:30,38.41,37.78,39.1
2024-03-05 16:08:00,39.96,37.78,42.78
2024-03-05 16:08:30,39.86,37.72,41.64
2024-03-05 16:09:00,37.27,35.68,39.51
2024-03-05 16:09:30,38.06,38.18,38.36
2024-03-05 16:10:00,38.37,37.06,39.02
2024-03-05 16:10:30,37.77,38.07,37.92
2024-03-05 16:11:00,37.84,36.38,39.29
2024-03-05 16:11:30,40.29,37.77,40.73
2024-03-05 16:12:00,37.51,37.27,38.91
2024-03-05 16:12:30,38.79,37.79,38.3
2024-03-05 16:13:00,39.22,36.8,39.31
2024-03-05 16:13:30,39.68,36.45,40.55
2024-03-05 16:14:00,39.26,38.22,41.22
2024-03-05 16:14:30,37.07,37.36,38.05
2024-03-05 16:15:00,35.0,37.57,39.67
2024-03-05 16:15:30,38.4,37.81,38.23
2024-03-05 16:16:00,38.89,36.47,35.85
2024-03-05 16:16:30,37.69,35.26,37.79
2024-03-05 16:17:00,37.06,35.99,41.18
2024-03-05 16:17:30,35.92,35.11,38.05
2024-03-05 16:18:00,37.77,35.67,38.83
2024-03-05 16:18:30,38.15,37.13,38.74
2024-03-05 16:19:00,37.35,37.32,39.42
2024-03-05 16:19:30,38.34,35.71,37.68
2024-03-05 16:20:00,37.89,35.86,41.05
2024-03-05 16:20:30,38.84,37.71,38.93
2024-03-05 16:21:00,36.66,36.66,38.07
2024-03-05 16:21:30,38.01,36.81,42.63
2024-03-05 16:22:00,38.58,36.86,38.14
2024-03-05 16:22:30,35.85,36.7,35.84
2024-03-05 16:23:00,39.58,35.87,38.21
2024-03-05 16:23:30,38.65,37.08,39.71
2024-03-05 16:24:00,38.05,37.64,39.34
2024-03-05 16:24:30,37.3,35.69,37.82
2024-03-05 16:25:00,38.22,36.71,35.74
2024-03-05 16:25:30,37.56,35.86,36.93
2024-03-05 16:26:00,36.56,35.27,38.58
2024-03-05 16:26:30,39.27,35.37,38.66
2024-03-05 16:27:00,37.04,38.17,38.82
2024-03-05 16:27:30,36.41,35.57,38.01
2024-03-05 16:28:00,36.69,36.0,40.34
2024-03-05 16:28:30,37.45,37.03,38.66
2024-03-05 16:29:00,37.69,36.49,40.82
2024-03-05 16:29:30,37.03,35.42,37.29
2024-03-05 16:30:00,36.37,36.09,40.67
2024-03-05 16:30:30,37.7,37.3,37.72
2024-03-05 16:31:00,39.39,35.66,37.69
2024-03-05 16:31:30,35.89,35.1,36.53
2024-03-05 16:32:00,36.78,34.43,39.73
2024-03-05 16:32:30,37.14,34.1,37.41
2024-03-05 16:33:00,38.71,37.48,35.99
2024-03-05 16:33:30,37.19,34.36,35.48
2024-03-05 16:34:00,38.49,37.85,37.24
2024-03-05 16:34:30,34.58,35.74,37.97
2024-03-05 16:35:00,36.27,34.93,38.12
2024-03-05 16:35:30,38.49,34.29,
2024-03-05 16:36:00,36.4,36.77,36.86
2024-03-05 16:36:30,34.78,35.87,39.46
2024-03-05 16:37:00,35.98,35.43,38.33
2024-03-05 16:37:30,38.2,36.16,36.36
2024-03-05 16:38:00,38.17,36.44,
2024-03-05 16:38:30,35.41,35.77,38.63
2024-03-05 16:39:00,37.71,36.9,34.49
2024-03-05 16:39:30,35.42,35.68,37.71
2024-03-05 16:40:00,34.86,35.37,34.73
2024-03-05 16:40:30,38.65,36.97,38.2
2024-03-05 16:41:00,35.07,36.82,38.5
2024-03-05 16:41:30,36.55,37.0,36.96
2024-03-05 16:42:00,39.54,36.22,36.59
2024-03-05 16:42:30,35.38,36.95,35.13
2024-03-05 16:43:00,35.44,34.99,37.5
2024-03-05 16:43:30,37.97,35.43,38.44
2024-03-05 16:44:00,36.22,33.85,34.98
2024-03-05 16:44:30,36.31,,38.48
2024-03-05 16:45:00,38.78,36.12,36.63
2024-03-05 16:45:30,36.36,35.0,38.6
2024-03-05 16:46:00,36.04,35.06,36.51
2024-03-05 16:46:30,36.96,34.43,37.87
2024-03-05 16:47:00,35.92,35.55,39.15
2024-03-05 16:47:30,37.74,34.95,38.23
2024-03-05 16:48:00,34.94,35.72,38.83
2024-03-05 16:48:30,36.68,35.8,40.51
2024-03-05 16:49:00,34.06,37.55,34.47
2024-03-05 16:49:30,37.15,34.75,36.48
2024-03-05 16:50:00,36.88,36.1,36.52
2024-03-05 16:50:30,36.95,36.16,39.5
2024-03-05 16:51:00,38.4,35.48,38.14
2024-03-05 16:51:30,35.15,36.21,35.4
2024-03-05 16:52:00,35.34,35.67,38.42
2024-03-05 16:52:30,35.33,34.37,36.18
2024-03-05 16:53:00,37.67,35.67,35.58
2024-03-05 16:53:30,37.74,34.54,35.83
2024-03-05 16:54:00,37.51,35.49,35.42
2024-03-05 16:54:30,37.66,35.68,37.72
2024-03-05 16:55:00,38.23,37.31,35.78
2024-03-05 16:55:30,33.43,35.2,35.86
2024-03-05 16:56:00,36.2,33.88,36.25
2024-03-05 16:56:30,35.42,33.37,34.46
2024-03-05 16:57:00,34.84,35.52,37.7
2024-03-05 16:57:30,36.85,34.23,37.53
2024-03-05 16:58:00,35.88,34.72,40.26
2024-03-05 16:58:30,38.28,36.08,36.42
2024-03-05 16:59:00,35.42,35.56,36.65
2024-03-05 16:59:30,36.2,35.29,38.31
2024-03-05 17:00:00,37.59,35.65,35.72
2024-03-05 17:00:30,35.24,35.62,39.27
2024-03-05 17:01:00,33.29,34.74,38.68
2024-03-05 17:01:30,37.59,34.95,36.06
2024-03-05 17:02:00,34.31,34.92,36.81
2024-03-05 17:02:30,36.61,34.48,37.43
2024-03-05 17:03:00,38.05,35.73,38.46
2024-03-05 17:03:30,35.46,34.81,36.65
2024-03-05 17:04:00,36.99,36.03,38.24
2024-03-05 17:04:30,35.42,35.57,35.7
2024-03-05 17:05:00,33.71,34.64,38.37
2024-03-05 17:05:30,35.92,35.81,35.59
2024-03-05 17:06:00,36.89,35.33,36.07
2024-03-05 17:06:30,37.07,35.76,38.55
2024-03-05 17:07:00,34.43,35.44,38.93
2024-03-05 17:07:30,34.77,35.35,36.11
2024-03-05 17:08:00,34.59,34.32,36.35
2024-03-05 17:08:30,35.13,33.86,35.2
2024-03-05 17:09:00,37.41,35.39,35.9
2024-03-05 17:09:30,36.73,,37.08
2024-03-05 17:10:00,36.44,34.86,35.78
2024-03-05 17:10:30,35.83,37.01,36.64
2024-03-05 17:11:00,37.09,34.98,37.44
2024-03-05 17:11:30,34.21,36.33,
2024-03-05 17:12:00,35.57,33.7,37.34
2024-03-05 17:12:30,34.87,37.59,37.11
2024-03-05 17:13:00,35.96,32.87,37.38
2024-03-05 17:13:30,34.4,34.66,37.15
2024-03-05 17:14:00,33.78,34.51,36.46
2024-03-05 17:14:30,36.64,33.98,35.81
2024-03-05 17:15:00,35.93,35.03,37.27
2024-03-05 17:15:30,35.16,33.3,
2024-03-05 17:16:00,37.64,35.48,37.22
2024-03-05 17:16:30,35.37,35.28,33.32
2024-03-05 17:17:00,34.08,34.04,36.3
2024-03-05 17:17:30,34.64,36.26,34.56
2024-03-05 17:18:00,34.69,33.81,37.71
2024-03-05 17:18:30,37.66,33.56,38.47
2024-03-05 17:19:00,,36.59,35.51
2024-03-05 17:19:30,36.41,32.92,36.0
2024-03-05 17:20:00,34.46,35.24,36.41
2024-03-05 17:20:30,34.36,35.61,37.18
2024-03-05 17:21:00,34.93,33.58,35.54
2024-03-05 17:21:30,35.75,34.6,35.38
2024-03-05 17:22:00,37.11,33.93,36.92
2024-03-05 17:22:30,36.07,34.28,37.11
2024-03-05 17:23:00,35.66,34.66,34.56
2024-03-05 17:23:30,33.44,34.49,35.82
2024-03-05 17:24:00,36.14,35.53,35.16
2024-03-05 17:24:30,34.32,32.81,33.65
2024-03-05 17:25:00,35.04,35.73,34.04
2024-03-05 17:25:30,36.41,36.0,35.85
2024-03-05 17:26:00,34.8,,35.73
2024-03-05 17:26:30,36.56,35.05,36.32
2024-03-05 17:27:00,34.14,34.26,35.4
2024-03-05 17:27:30,35.4,34.94,38.73
2024-03-05 17:28:00,38.04,35.35,39.19
2024-03-05 17:28:30,35.79,34.51,38.75
2024-03-05 17:29:00,37.3,34.42,34.54
2024-03-05 17:29:30,34.01,35.23,38.61
2024-03-05 17:30:00,35.76,34.88,37.39
2024-03-05 17:30:30,36.25,34.32,35.86
2024-03-05 17:31:00,35.02,33.25,36.01
2024-03-05 17:31:30,34.98,33.0,37.92
2024-03-05 17:32:00,36.92,35.77,37.83
2024-03-05 17:32:30,33.87,34.76,35.93
2024-03-05 17:33:00,34.82,34.73,34.06
2024-03-05 17:33:30,36.15,34.33,36.02
2024-03-05 17:34:00,34.69,34.12,35.16
2024-03-05 17:34:30,34.26,34.74,36.88
2024-03-05 17:35:00,37.05,34.1,34.36
2024-03-05 17:35:30,34.18,35.1,36.34
2024-03-05 17:36:00,33.67,34.9,34.71
2024-03-05 17:36:30,35.09,34.36,35.29
2024-03-05 17:37:00,34.98,33.44,36.98
2024-03-05 17:37:30,36.17,34.15,34.65
2024-03-05 17:38:00,36.09,31.53,37.31
2024-03-05 17:38:30,36.8,34.44,35.46
2024-03-05 17:39:00,34.78,33.38,36.67
2024-03-05 17:39:30,34.97,32.97,37.68
2024-03-05 17:40:00,34.87,35.52,37.19
2024-03-05 17:40:30,34.99,32.73,36.68
2024-03-05 17:41:00,34.17,34.05,35.81
2024-03-05 17:41:30,32.83,35.18,36.54
2024-03-05 17:42:00,34.72,33.29,35.67
2024-03-05 17:42:30,34.73,33.38,36.59
2024-03-05 17:43:00,34.34,33.94,35.53
2024-03-05 17:43:30,35.59,33.11,37.75
2024-03-05 17:44:00,33.35,33.18,35.63
2024-03-05 17:44:30,36.44,32.2,33.72
2024-03-05 17:45:00,34.93,32.9,34.59
2024-03-05 17:45:30,37.51,34.29,35.24
2024-03-05 17:46:00,33.63,33.39,36.99
2024-03-05 17:46:30,31.92,34.86,35.56
2024-03-05 17:47:00,35.15,35.37,36.94
2024-03-05 17:47:30,32.49,35.84,37.4
2024-03-05 17:48:00,36.76,33.34,34.04
2024-03-05 17:48:30,34.1,32.29,36.51
2024-03-05 17:49:00,34.16,34.19,34.59
2024-03-05 17:49:30,35.62,32.28,35.04
2024-03-05 17:50:00,34.73,34.22,35.27
2024-03-05 17:50:30,35.36,35.81,34.92
2024-03-05 17:51:00,33.9,34.27,36.39
2024-03-05 17:51:30,33.63,34.04,36.65
2024-03-05 17:52:00,35.41,33.45,36.42
2024-03-05 17:52:30,35.53,33.88,34.13
2024-03-05 17:53:00,36.01,33.81,35.94
2024-03-05 17:53:30,35.56,34.31,34.24
2024-03-05 17:54:00,35.16,34.02,35.29
2024-03-05 17:54:30,34.86,,34.41
2024-03-05 17:55:00,35.38,32.79,36.39
2024-03-05 17:55:30,33.31,32.78,37.24
2024-03-05 17:56:00,35.34,32.86,35.83
2024-03-05 17:56:30,33.55,33.51,33.36
2024-03-05 17:57:00,34.68,32.74,
2024-03-05 17:57:30,35.53,35.21,33.86
2024-03-05 17:58:00,32.85,33.97,35.61
2024-03-05 17:58:30,33.62,32.7,34.2
2024-03-05 17:59:00,32.65,33.14,
2024-03-05 17:59:30,34.25,34.62,37.22
2024-03-05 18:00:00,34.79,32.84,33.26
2024-03-05 18:00:30,34.93,33.91,36.0
2024-03-05 18:01:00,36.47,33.39,35.08
2024-03-05 18:01:30,,32.69,36.28
2024-03-05 18:02:00,34.48,33.14,32.16
2024-03-05 18:02:30,34.6,34.89,35.64
2024-03-05 18:03:00,34.3,32.27,35.63
2024-03-05 18:03:30,33.37,34.39,34.51
2024-03-05 18:04:00,35.53,34.93,34.14
2024-03-05 18:04:30,,33.5,33.61
2024-03-05 18:05:00,32.1,34.14,35.64
2024-03-05 18:05:30,33.35,32.92,36.95
2024-03-05 18:06:00,33.93,32.7,32.13
2024-03-05 18:06:30,34.63,33.04,36.0
2024-03-05 18:07:00,33.22,31.56,33.71
2024-03-05 18:07:30,34.53,30.59,36.12
2024-03-05 18:08:00,35.03,32.52,34.44
2024-03-05 18:08:30,34.31,32.62,37.34
2024-03-05 18:09:00,34.29,33.92,33.26
2024-03-05 18:09:30,35.75,33.18,36.47
2024-03-05 18:10:00,33.8,31.58,33.83
2024-03-05 18:10:30,34.12,32.66,35.73
2024-03-05 18:11:00,33.4,33.39,33.71
2024-03-05 18:11:30,33.55,34.15,35.63
2024-03-05 18:12:00,34.22,34.56,33.85
2024-03-05 18:12:30,35.37,33.44,34.39
2024-03-05 18:13:00,33.6,34.25,
2024-03-05 18:13:30,34.31,34.47,36.02
2024-03-05 18:14:00,33.8,34.18,32.85
2024-03-05 18:14:30,35.22,32.83,
2024-03-05 18:15:00,34.72,,33.1
2024-03-05 18:15:30,33.46,34.15,
2024-03-05 18:16:00,33.66,32.82,36.74
2024-03-05 18:16:30,34.69,32.9,33.84
2024-03-05 18:17:00,33.74,33.18,35.23
2024-03-05 18:17:30,34.73,33.42,37.17
2024-03-05 18:18:00,34.74,33.58,32.16
2024-03-05 18:18:30,32.42,33.29,35.96
2024-03-05 18:19:00,33.03,34.26,34.42
2024-03-05 18:19:30,36.0,33.15,36.07
2024-03-05 18:20:00,34.58,33.24,34.82
2024-03-05 18:20:30,31.83,33.28,33.19
2024-03-05 18:21:00,35.94,33.54,33.72
2024-03-05 18:21:30,34.95,32.29,33.92
2024-03-05 18:22:00,35.58,33.88,32.42
2024-03-05 18:22:30,34.17,32.89,35.03
2024-03-05 18:23:00,33.74,32.86,33.92
2024-03-05 18:23:30,33.55,31.81,34.76
2024-03-05 18:24:00,35.12,32.54,35.15
2024-03-05 18:24:30,32.64,32.42,37.34
2024-03-05 18:25:00,33.84,31.91,33.45
2024-03-05 18:25:30,33.12,34.31,34.44
2024-03-05 18:26:00,33.91,32.88,35.16
2024-03-05 18:26:30,33.76,32.23,33.27
2024-03-05 18:27:00,34.64,31.87,32.55
2024-03-05 18:27:30,35.8,33.88,33.37
2024-03-05 18:28:00,32.6,33.42,35.59
2024-03-05 18:28:30,34.49,32.67,32.75
2024-03-05 18:29:00,34.97,31.24,35.25
2024-03-05 18:29:30,35.11,33.15,34.56
2024-03-05 18:30:00,32.05,31.32,35.75
2024-03-05 18:30:30,32.75,31.44,34.55
2024-03-05 18:31:00,35.51,32.03,32.8
2024-03-05 18:31:30,33.44,31.02,33.18
2024-03-05 18:32:00,34.92,30.75,34.29
2024-03-05 18:32:30,33.52,32.11,33.19
2024-03-05 18:33:00,33.67,32.88,34.28
2024-03-05 18:33:30,35.43,32.36,32.72
2024-03-05 18:34:00,33.76,33.47,36.65
2024-03-05 18:34:30,35.63,33.12,36.84
2024-03-05 18:35:00,34.11,30.94,34.05
2024-03-05 18:35:30,35.77,,32.09
2024-03-05 18:36:00,34.43,31.96,35.28
2024-03-05 18:36:30,35.06,34.22,35.05
2024-03-05 18:37:00,34.1,32.81,33.81
2024-03-05 18:37:30,34.68,31.61,33.71
2024-03-05 18:38:00,31.63,33.24,32.31
2024-03-05 18:38:30,32.24,34.41,33.41
2024-03-05 18:39:00,34.64,32.76,33.89
2024-03-05 18:39:30,35.23,32.52,34.47
2024-03-05 18:40:00,36.81,33.01,32.67
2024-03-05 18:40:30,31.58,32.36,35.74
2024-03-05 18:41:00,34.51,34.07,31.88
2024-03-05 18:41:30,34.91,30.49,35.49
2024-03-05 18:42:00,33.3,33.05,33.48
2024-03-05 18:42:30,33.6,32.71,33.43
2024-03-05 18:43:00,32.41,32.78,36.09
2024-03-05 18:43:30,32.46,32.56,35.76
2024-03-05 18:44:00,33.22,33.12,36.24
2024-03-05 18:44:30,33.14,32.7,30.38
2024-03-05 18:45:00,34.07,33.48,33.16
2024-03-05 18:45:30,33.26,31.63,35.94
2024-03-05 18:46:00,33.65,29.96,36.05
2024-03-05 18:46:30,32.28,32.62,34.65
2024-03-05 18:47:00,34.29,30.75,33.56
2024-03-05 18:47:30,33.6,33.92,33.9
2024-03-05 18:48:00,32.75,32.4,32.87
2024-03-05 18:48:30,32.14,31.64,35.95
2024-03-05 18:49:00,36.0,33.21,34.57
2024-03-05 18:49:30,32.7,33.18,36.67
2024-03-05 18:50:00,32.55,31.44,32.35
2024-03-05 18:50:30,32.58,33.13,31.79
2024-03-05 18:51:00,33.66,31.82,33.52
2024-03-05 18:51:30,34.18,33.96,32.91
2024-03-05 18:52:00,34.33,32.65,33.24
2024-03-05 18:52:30,33.5,32.51,36.72
2024-03-05 18:53:00,35.6,32.66,34.89
2024-03-05 18:53:30,34.7,31.94,33.85
2024-03-05 18:54:00,33.37,33.39,32.49
2024-03-05 18:54:30,36.63,33.97,34.33
2024-03-05 18:55:00,37.12,31.57,
2024-03-05 18:55:30,34.84,32.49,33.32
2024-03-05 18:56:00,34.74,32.24,35.59
2024-03-05 18:56:30,34.75,32.87,30.36
2024-03-05 18:57:00,,32.08,32.08
2024-03-05 18:57:30,34.16,32.5,36.32
2024-03-05 18:58:00,34.55,34.61,35.14
2024-03-05 18:58:30,32.9,32.03,32.38
2024-03-05 18:59:00,32.81,29.98,32.35
2024-03-05 18:59:30,34.28,32.44,31.9
2024-03-05 19:00:00,33.13,31.76,32.88
2024-03-05 19:00:30,33.35,31.62,32.14
2024-03-05 19:01:00,,33.38,35.15
2024-03-05 19:01:30,32.51,33.41,34.03
2024-03-05 19:02:00,32.45,32.85,33.48
2024-03-05 19:02:30,34.28,32.65,35.89
2024-03-05 19:03:00,33.25,31.38,33.51
2024-03-05 19:03:30,,32.28,35.95
2024-03-05 19:04:00,33.51,32.08,36.3
2024-03-05 19:04:30,,30.77,34.08
2024-03-05 19:05:00,33.76,32.23,33.5
2024-03-05 19:05:30,33.92,31.32,33.55
2024-03-05 19:06:00,32.16,33.22,35.39
2024-03-05 19:06:30,32.52,33.97,33.56
2024-03-05 19:07:00,32.91,29.54,32.41
2024-03-05 19:07:30,33.54,31.27,33.0
2024-03-05 19:08:00,31.77,33.46,33.88
2024-03-05 19:08:30,34.74,30.87,34.98
2024-03-05 19:09:00,31.97,31.63,32.57
2024-03-05 19:09:30,34.38,32.68,32.13
2024-03-05 19:10:00,35.47,31.23,36.13
2024-03-05 19:10:30,32.85,32.98,34.43
2024-03-05 19:11:00,32.94,32.02,35.64
2024-03-05 19:11:30,33.49,31.73,34.73
2024-03-05 19:12:00,34.32,32.85,34.85
2024-03-05 19:12:30,33.5,33.57,33.08
2024-03-05 19:13:00,33.28,32.47,33.36
2024-03-05 19:13:30,32.79,32.79,34.52
2024-03-05 19:14:00,33.66,33.35,34.96
2024-03-05 19:14:30,33.46,31.56,33.88
2024-03-05 19:15:00,34.44,33.45,33.37
2024-03-05 19:15:30,32.51,31.69,31.64
2024-03-05 19:16:00,32.92,32.21,35.17
2024-03-05 19:16:30,32.27,31.83,32.54
2024-03-05 19:17:00,32.37,32.39,32.11
2024-03-05 19:17:30,,32.37,32.22
2024-03-05 19:18:00,35.25,32.68,34.26
2024-03-05 19:18:30,32.08,32.73,34.59
2024-03-05 19:19:00,34.11,32.67,33.29
2024-03-05 19:19:30,32.98,31.92,34.28
2024-03-05 19:20:00,33.15,33.95,35.37
2024-03-05 19:20:30,31.32,31.49,35.61
2024-03-05 19:21:00,34.86,31.94,34.61
2024-03-05 19:21:30,35.44,33.26,33.84
2024-03-05 19:22:00,35.02,32.15,35.8
2024-03-05 19:22:30,34.32,31.74,33.22
2024-03-05 19:23:00,32.7,33.05,32.97
2024-03-05 19:23:30,32.72,33.66,33.6
2024-03-05 19:24:00,34.05,34.0,34.22
2024-03-05 19:24:30,34.57,32.79,31.96
2024-03-05 19:25:00,31.56,32.09,34.48
2024-03-05 19:25:30,31.87,31.31,35.78
2024-03-05 19:26:00,32.62,30.48,32.52
2024-03-05 19:26:30,31.62,33.75,34.25
2024-03-05 19:27:00,33.9,29.46,33.54
2024-03-05 19:27:30,33.88,33.13,29.74
2024-03-05 19:28:00,32.49,32.01,34.25
2024-03-05 19:28:30,33.47,30.87,33.46
2024-03-05 19:29:00,33.33,32.16,34.71
2024-03-05 19:29:30,31.89,31.27,32.0
2024-03-05 19:30:00,34.08,30.14,32.46
2024-03-05 19:30:30,33.38,31.76,32.47
2024-03-05 19:31:00,33.34,30.6,
2024-03-05 19:31:30,33.12,32.5,31.27
2024-03-05 19:32:00,31.96,33.72,35.32
2024-03-05 19:32:30,33.3,31.99,35.13
2024-03-05 19:33:00,32.81,31.51,33.36
2024-03-05 19:33:30,32.48,31.67,34.58
2024-03-05 19:34:00,34.41,31.77,35.57
2024-03-05 19:34:30,32.48,33.05,29.76
2024-03-05 19:35:00,33.5,32.2,35.29
2024-03-05 19:35:30,30.97,30.93,32.43
2024-03-05 19:36:00,33.45,33.79,34.79
2024-03-05 19:36:30,34.35,31.77,32.41
2024-03-05 19:37:00,34.21,32.66,32.63
2024-03-05 19:37:30,32.66,30.82,33.96
2024-03-05 19:38:00,33.09,32.31,33.2
2024-03-05 19:38:30,34.04,30.33,35.04
2024-03-05 19:39:00,34.71,32.05,32.09
2024-03-05 19:39:30,32.47,31.57,34.01
2024-03-05 19:40:00,34.31,33.35,33.03
2024-03-05 19:40:30,32.19,32.24,34.08
2024-03-05 19:41:00,33.08,33.08,33.75
2024-03-05 19:41:30,33.4,30.79,33.03
2024-03-05 19:42:00,33.22,33.66,32.5
2024-03-05 19:42:30,34.11,31.64,33.1
2024-03-05 19:43:00,32.33,33.26,
2024-03-05 19:43:30,32.73,31.56,33.86
2024-03-05 19:44:00,31.68,33.53,34.78
2024-03-05 19:44:30,32.16,31.86,35.51
2024-03-05 19:45:00,32.51,32.09,33.31
2024-03-05 19:45:30,35.11,29.91,34.48
2024-03-05 19:46:00,34.79,32.09,32.98
2024-03-05 19:46:30,,31.1,35.17
2024-03-05 19:47:00,33.24,30.98,32.54
2024-03-05 19:47:30,32.34,30.74,34.89
2024-03-05 19:48:00,34.36,30.66,33.17
2024-03-05 19:48:30,32.64,31.73,33.89
2024-03-05 19:49:00,32.29,33.86,36.55
2024-03-05 19:49:30,34.04,31.35,33.01
2024-03-05 19:50:00,31.43,30.63,34.3
2024-03-05 19:50:30,33.64,32.35,34.33
2024-03-05 19:51:00,32.46,31.23,35.97
2024-03-05 19:51:30,33.12,29.58,35.28
2024-03-05 19:52:00,32.48,32.64,34.27
2024-03-05 19:52:30,31.87,32.58,34.16
2024-03-05 19:53:00,33.29,33.38,34.6
2024-03-05 19:53:30,32.85,32.87,34.36
2024-03-05 19:54:00,32.61,30.15,34.76
2024-03-05 19:54:30,35.3,31.9,35.25
2024-03-05 19:55:00,32.96,33.04,35.46
2024-03-05 19:55:30,30.78,30.39,34.96
2024-03-05 19:56:00,32.88,32.84,32.95
2024-03-05 19:56:30,33.52,32.08,35.57
2024-03-05 19:57:00,33.34,30.86,33.57
2024-03-05 19:57:30,33.41,31.62,33.94
2024-03-05 19:58:00,32.78,31.96,33.3
2024-03-05 19:58:30,30.48,32.82,33.78
2024-03-05 19:59:00,32.3,32.96,32.89
2024-03-05 19:59:30,32.58,32.89,34.92
2024-03-05 20:00:00,34.24,31.96,32.91
2024-03-05 20:00:30,32.95,32.06,30.43
2024-03-05 20:01:00,34.98,31.67,33.44
2024-03-05 20:01:30,35.15,32.24,33.12
2024-03-05 20:02:00,32.49,31.53,32.21
2024-03-05 20:02:30,31.6,32.31,36.42
2024-03-05 20:03:00,33.12,33.15,35.74
2024-03-05 20:03:30,33.74,31.34,31.92
2024-03-05 20:04:00,34.19,32.2,34.79
2024-03-05 20:04:30,32.48,31.8,
2024-03-05 20:05:00,,32.6,34.54
2024-03-05 20:05:30,32.03,32.56,33.69
2024-03-05 20:06:00,32.33,32.99,33.07
2024-03-05 20:06:30,33.66,30.63,31.83
2024-03-05 20:07:00,31.73,33.94,34.31
2024-03-05 20:07:30,32.63,32.57,33.65
2024-03-05 20:08:00,34.44,31.39,32.88
2024-03-05 20:08:30,32.5,32.15,31.48
2024-03-05 20:09:00,32.4,29.72,34.45
2024-03-05 20:09:30,32.8,31.35,35.03
2024-03-05 20:10:00,34.59,33.21,32.61
2024-03-05 20:10:30,32.9,32.5,34.3
2024-03-05 20:11:00,31.86,30.75,33.77
2024-03-05 20:11:30,32.38,31.82,34.08
2024-03-05 20:12:00,32.7,30.81,33.23
2024-03-05 20:12:30,32.01,32.04,33.74
2024-03-05 20:13:00,33.05,33.15,35.42
2024-03-05 20:13:30,32.45,33.75,32.34
2024-03-05 20:14:00,32.93,31.63,34.77
2024-03-05 20:14:30,33.55,33.06,36.25
2024-03-05 20:15:00,33.92,33.09,34.27
2024-03-05 20:15:30,35.44,32.64,33.8
2024-03-05 20:16:00,34.68,32.67,30.68
2024-03-05 20:16:30,31.21,31.19,35.35
2024-03-05 20:17:00,32.98,32.65,
2024-03-05 20:17:30,32.49,33.04,33.62
2024-03-05 20:18:00,34.45,31.05,34.96
2024-03-05 20:18:30,32.0,32.29,32.96
2024-03-05 20:19:00,31.83,31.91,33.3
2024-03-05 20:19:30,32.72,29.73,34.09
2024-03-05 20:20:00,33.66,32.6,32.66
2024-03-05 20:20:30,32.04,32.78,33.67
2024-03-05 20:21:00,34.89,32.52,34.3
2024-03-05 20:21:30,32.69,31.59,37.54
2024-03-05 20:22:00,32.32,,33.19
2024-03-05 20:22:30,32.88,32.0,31.87
2024-03-05 20:23:00,30.07,32.78,34.69
2024-03-05 20:23:30,34.26,32.28,34.14
2024-03-05 20:24:00,32.14,30.7,34.37
2024-03-05 20:24:30,29.45,33.49,33.8
2024-03-05 20:25:00,33.94,32.2,33.87
2024-03-05 20:25:30,35.36,33.78,33.51
2024-03-05 20:26:00,33.73,31.59,32.99
2024-03-05 20:26:30,32.73,32.08,35.23
2024-03-05 20:27:00,32.81,33.66,35.93
2024-03-05 20:27:30,31.92,33.27,33.51
2024-03-05 20:28:00,34.52,31.32,37.26
2024-03-05 20:28:30,34.09,32.88,32.33
2024-03-05 20:29:00,33.48,30.47,34.5
2024-03-05 20:29:30,31.72,32.18,32.04
2024-03-05 20:30:00,33.01,34.15,33.45
2024-03-05 20:30:30,32.76,30.77,35.52
2024-03-05 20:31:00,32.57,,31.9
2024-03-05 20:31:30,34.86,31.13,36.38
2024-03-05 20:32:00,31.9,32.96,34.67
2024-03-05 20:32:30,33.29,33.08,32.37
2024-03-05 20:33:00,34.05,33.29,33.45
2024-03-05 20:33:30,35.04,32.14,36.33
2024-03-05 20:34:00,33.83,32.68,33.2
2024-03-05 20:34:30,32.22,32.31,34.98
2024-03-05 20:35:00,31.26,32.84,35.13
2024-03-05 20:35:30,33.2,31.0,35.9
2024-03-05 20:36:00,34.76,32.3,29.04
2024-03-05 20:36:30,32.58,33.97,
2024-03-05 20:37:00,34.47,31.09,31.18
2024-03-05 20:37:30,33.64,33.22,33.0
2024-03-05 20:38:00,33.89,32.88,32.17
2024-03-05 20:38:30,33.16,33.07,35.75
2024-03-05 20:39:00,33.78,33.89,34.76
2024-03-05 20:39:30,33.75,33.41,33.18
2024-03-05 20:40:00,33.86,32.93,34.0
2024-03-05 20:40:30,30.96,33.17,33.11
2024-03-05 20:41:00,31.65,31.63,32.25
2024-03-05 20:41:30,33.46,30.62,31.39
2024-03-05 20:42:00,32.59,33.27,33.42
2024-03-05 20:42:30,33.9,33.69,33.42
2024-03-05 20:43:00,32.43,29.86,34.93
2024-03-05 20:43:30,31.76,31.18,36.75
2024-03-05 20:44:00,33.09,30.77,33.33
2024-03-05 20:44:30,34.81,31.89,34.06
2024-03-05 20:45:00,31.52,32.71,34.48
2024-03-05 20:45:30,32.65,32.11,33.93
2024-03-05 20:46:00,32.98,31.69,33.76
2024-03-05 20:46:30,32.96,31.56,31.53
2024-03-05 20:47:00,32.09,33.31,34.97
2024-03-05 20:47:30,,30.62,34.85
2024-03-05 20:48:00,33.98,32.91,33.51
2024-03-05 20:48:30,34.35,31.48,35.21
2024-03-05 20:49:00,31.67,32.57,35.01
2024-03-05 20:49:30,33.23,32.17,35.69
2024-03-05 20:50:00,33.54,29.76,34.81
2024-03-05 20:50:30,33.49,33.68,34.29
2024-03-05 20:51:00,33.46,33.61,30.58
2024-03-05 20:51:30,32.47,31.67,34.73
2024-03-05 20:52:00,33.77,33.05,33.93
2024-03-05 20:52:30,31.89,31.97,32.77
2024-03-05 20:53:00,31.22,34.94,31.62
2024-03-05 20:53:30,35.97,31.66,33.62
2024-03-05 20:54:00,33.49,31.59,34.85
2024-03-05 20:54:30,33.74,32.36,34.0
2024-03-05 20:55:00,31.95,33.77,34.81
2024-03-05 20:55:30,34.53,32.17,36.38
2024-03-05 20:56:00,34.14,33.12,33.15
2024-03-05 20:56:30,33.6,32.9,34.35
2024-03-05 20:57:00,33.22,32.64,35.53
2024-03-05 20:57:30,32.56,31.47,32.67
2024-03-05 20:58:00,33.72,32.25,32.49
2024-03-05 20:58:30,33.82,31.23,36.59
2024-03-05 20:59:00,34.51,33.87,35.18
2024-03-05 20:59:30,36.12,32.33,32.51
2024-03-05 21:00:00,34.02,34.39,33.48
2024-03-05 21:00:30,33.48,32.31,35.02
2024-03-05 21:01:00,32.19,32.04,34.23
2024-03-05 21:01:30,33.49,30.82,33.28
2024-03-05 21:02:00,32.54,33.04,33.51
2024-03-05 21:02:30,35.47,32.14,33.71
2024-03-05 21:03:00,34.96,32.62,35.25
2024-03-05 21:03:30,31.99,31.81,36.81
2024-03-05 21:04:00,35.53,31.38,33.96
2024-03-05 21:04:30,34.37,31.2,34.86
2024-03-05 21:05:00,32.2,33.27,33.03
2024-03-05 21:05:30,33.0,34.41,33.41
2024-03-05 21:06:00,33.46,31.71,35.53
2024-03-05 21:06:30,36.17,32.05,36.31
2024-03-05 21:07:00,33.38,33.05,35.24
2024-03-05 21:07:30,34.08,32.21,33.84
2024-03-05 21:08:00,35.09,33.59,33.98
2024-03-05 21:08:30,35.89,33.09,30.2
2024-03-05 21:09:00,34.48,32.99,34.52
2024-03-05 21:09:30,32.88,31.46,32.94
2024-03-05 21:10:00,33.64,32.31,36.07
2024-03-05 21:10:30,34.28,33.28,31.88
2024-03-05 21:11:00,33.98,33.38,34.64
2024-03-05 21:11:30,34.13,33.18,33.61
2024-03-05 21:12:00,31.75,32.83,32.11
2024-03-05 21:12:30,35.08,31.53,32.46
2024-03-05 21:13:00,36.17,33.39,34.36
2024-03-05 21:13:30,34.16,32.71,36.74
2024-03-05 21:14:00,32.37,31.65,33.63
2024-03-05 21:14:30,32.27,32.12,36.18
2024-03-05 21:15:00,32.11,32.54,34.02
2024-03-05 21:15:30,33.97,32.68,34.81
2024-03-05 21:16:00,32.03,30.62,34.73
2024-03-05 21:16:30,34.08,32.33,35.17
2024-03-05 21:17:00,,31.88,32.87
2024-03-05 21:17:30,35.68,32.37,33.7
2024-03-05 21:18:00,32.6,34.68,34.19
2024-03-05 21:18:30,35.28,,34.84
2024-03-05 21:19:00,34.24,32.41,31.98
2024-03-05 21:19:30,33.3,30.83,36.68
2024-03-05 21:20:00,34.69,32.9,33.35
2024-03-05 21:20:30,33.2,33.99,35.78
2024-03-05 21:21:00,33.43,31.78,35.54
2024-03-05 21:21:30,34.85,33.69,35.67
2024-03-05 21:22:00,35.47,33.29,35.56
2024-03-05 21:22:30,33.49,32.4,34.87
2024-03-05 21:23:00,35.18,30.43,32.48
2024-03-05 21:23:30,35.04,30.81,33.56
2024-03-05 21:24:00,32.56,33.35,34.1
2024-03-05 21:24:30,35.88,33.91,32.11
2024-03-05 21:25:00,33.5,33.02,34.01
2024-03-05 21:25:30,31.72,32.56,34.25
2024-03-05 21:26:00,34.49,34.04,36.92
2024-03-05 21:26:30,34.89,32.24,33.12
2024-03-05 21:27:00,33.34,32.95,32.93
2024-03-05 21:27:30,34.4,32.57,33.22
2024-03-05 21:28:00,33.19,33.39,34.55
2024-03-05 21:28:30,35.41,32.71,34.52
2024-03-05 21:29:00,33.62,31.09,35.66
2024-03-05 21:29:30,33.51,33.39,36.19
2024-03-05 21:30:00,34.82,34.82,33.28
2024-03-05 21:30:30,33.37,32.63,35.85
2024-03-05 21:31:00,33.6,34.09,36.9
2024-03-05 21:31:30,32.93,33.28,30.68
2024-03-05 21:32:00,33.74,30.88,33.97
2024-03-05 21:32:30,32.31,32.89,35.16
2024-03-05 21:33:00,35.34,31.58,36.32
2024-03-05 21:33:30,34.39,31.92,35.7
2024-03-05 21:34:00,34.33,33.46,36.71
2024-03-05 21:34:30,34.2,33.21,36.93
2024-03-05 21:35:00,35.47,33.92,33.55
2024-03-05 21:35:30,35.39,32.95,35.66
2024-03-05 21:36:00,33.14,32.29,35.4
2024-03-05 21:36:30,32.07,33.22,34.2
2024-03-05 21:37:00,34.96,32.26,36.48
2024-03-05 21:37:30,35.2,33.99,36.69
2024-03-05 21:38:00,31.65,32.15,34.86
2024-03-05 21:38:30,35.42,32.0,36.75
2024-03-05 21:39:00,33.47,34.25,34.75
2024-03-05 21:39:30,34.56,33.16,34.08
2024-03-05 21:40:00,34.23,33.53,36.51
2024-03-05 21:40:30,35.9,33.27,35.58
2024-03-05 21:41:00,34.44,30.98,34.17
2024-03-05 21:41:30,30.99,33.38,35.6
2024-03-05 21:42:00,35.42,31.65,36.99
2024-03-05 21:42:30,34.25,33.23,36.06
2024-03-05 21:43:00,35.38,33.9,34.08
2024-03-05 21:43:30,35.23,31.84,34.11
2024-03-05 21:44:00,33.38,34.49,34.42
2024-03-05 21:44:30,32.58,34.28,34.56
2024-03-05 21:45:00,35.83,32.22,35.71
2024-03-05 21:45:30,34.48,31.89,35.12
2024-03-05 21:46:00,35.16,32.58,34.53
2024-03-05 21:46:30,34.8,32.59,35.51
2024-03-05 21:47:00,35.02,32.64,32.85
2024-03-05 21:47:30,33.63,34.1,36.15
2024-03-05 21:48:00,36.27,32.12,36.68
2024-03-05 21:48:30,34.9,33.38,35.29
2024-03-05 21:49:00,32.6,33.23,32.94
2024-03-05 21:49:30,35.33,33.59,
2024-03-05 21:50:00,35.43,34.23,34.7
2024-03-05 21:50:30,35.59,32.64,34.7
2024-03-05 21:51:00,33.72,34.24,34.33
2024-03-05 21:51:30,34.22,34.49,33.58
2024-03-05 21:52:00,33.79,33.41,32.8
2024-03-05 21:52:30,33.77,33.78,38.75
2024-03-05 21:53:00,35.95,32.38,33.66
2024-03-05 21:53:30,34.32,34.5,35.49
2024-03-05 21:54:00,34.08,34.84,34.37
2024-03-05 21:54:30,32.98,33.54,32.78
2024-03-05 21:55:00,34.48,35.3,34.88
2024-03-05 21:55:30,34.89,33.01,35.35
2024-03-05 21:56:00,33.0,,33.82
2024-03-05 21:56:30,34.89,33.88,34.78
2024-03-05 21:57:00,33.38,34.31,35.1
2024-03-05 21:57:30,36.62,33.0,34.88
2024-03-05 21:58:00,35.49,36.03,33.53
2024-03-05 21:58:30,33.41,32.79,
2024-03-05 21:59:00,32.25,32.91,35.99
2024-03-05 21:59:30,34.18,33.2,33.76
2024-03-05 22:00:00,34.41,32.69,36.01
2024-03-05 22:00:30,33.91,33.16,36.7
2024-03-05 22:01:00,33.56,32.43,36.04
2024-03-05 22:01:30,35.42,34.29,34.23
2024-03-05 22:02:00,35.65,32.51,37.17
2024-03-05 22:02:30,34.24,36.27,34.91
2024-03-05 22:03:00,32.55,34.89,35.13
2024-03-05 22:03:30,36.05,35.4,37.03
2024-03-05 22:04:00,36.49,33.7,36.0
2024-03-05 22:04:30,35.04,32.92,34.74
2024-03-05 22:05:00,35.43,34.53,37.45
2024-03-05 22:05:30,36.12,35.12,38.07
2024-03-05 22:06:00,33.1,34.52,36.57
2024-03-05 22:06:30,35.09,32.96,38.23
2024-03-05 22:07:00,36.16,34.1,35.23
2024-03-05 22:07:30,34.37,35.53,34.16
2024-03-05 22:08:00,33.61,35.57,36.15
2024-03-05 22:08:30,34.39,34.87,36.75
2024-03-05 22:09:00,35.27,32.59,31.54
2024-03-05 22:09:30,35.06,34.21,37.01
2024-03-05 22:10:00,33.82,33.08,33.52
2024-03-05 22:10:30,34.19,35.37,37.63
2024-03-05 22:11:00,34.78,32.63,35.86
2024-03-05 22:11:30,34.08,31.9,34.09
2024-03-05 22:12:00,36.89,35.15,34.72
2024-03-05 22:12:30,33.69,32.78,
2024-03-05 22:13:00,35.45,32.66,37.47
2024-03-05 22:13:30,34.37,34.57,34.56
2024-03-05 22:14:00,34.48,33.32,34.71
2024-03-05 22:14:30,35.58,33.55,37.81
2024-03-05 22:15:00,34.34,33.62,32.37
2024-03-05 22:15:30,36.63,34.38,35.26
2024-03-05 22:16:00,36.16,35.29,35.17
2024-03-05 22:16:30,36.18,34.55,34.24
2024-03-05 22:17:00,35.16,33.84,35.71
2024-03-05 22:17:30,34.47,32.9,36.6
2024-03-05 22:18:00,35.83,35.67,37.0
2024-03-05 22:18:30,37.17,35.2,
2024-03-05 22:19:00,36.87,34.33,37.68
2024-03-05 22:19:30,35.23,34.62,35.33
2024-03-05 22:20:00,34.26,33.9,37.49
2024-03-05 22:20:30,35.7,34.18,33.62
2024-03-05 22:21:00,36.04,32.52,36.54
2024-03-05 22:21:30,37.78,33.74,38.54
2024-03-05 22:22:00,36.48,35.46,37.35
2024-03-05 22:22:30,35.02,35.08,38.1
2024-03-05 22:23:00,36.06,33.52,35.14
2024-03-05 22:23:30,36.38,32.91,34.95
2024-03-05 22:24:00,37.67,34.59,36.31
2024-03-05 22:24:30,35.39,34.48,36.39
2024-03-05 22:25:00,38.18,34.67,37.2
2024-03-05 22:25:30,35.89,33.73,33.94
2024-03-05 22:26:00,34.58,33.45,35.97
2024-03-05 22:26:30,35.89,37.58,35.84
2024-03-05 22:27:00,36.8,34.96,36.52
2024-03-05 22:27:30,36.99,32.18,37.43
2024-03-05 22:28:00,34.86,35.76,
2024-03-05 22:28:30,35.38,34.73,37.5
2024-03-05 22:29:00,36.88,33.77,35.49
2024-03-05 22:29:30,35.35,35.47,
2024-03-05 22:30:00,36.57,36.27,36.26
2024-03-05 22:30:30,37.19,35.11,37.24
2024-03-05 22:31:00,34.25,33.76,38.19
2024-03-05 22:31:30,34.16,34.49,36.85
2024-03-05 22:32:00,38.54,34.97,35.77
2024-03-05 22:32:30,34.81,33.28,36.17
2024-03-05 22:33:00,36.9,35.57,35.96
2024-03-05 22:33:30,34.35,34.7,35.43
2024-03-05 22:34:00,36.16,33.82,38.75
2024-03-05 22:34:30,36.44,33.95,35.26
2024-03-05 22:35:00,37.0,35.16,35.49
2024-03-05 22:35:30,36.36,34.38,37.02
2024-03-05 22:36:00,36.05,35.72,36.05
2024-03-05 22:36:30,36.09,32.68,36.88
2024-03-05 22:37:00,36.02,34.42,38.13
2024-03-05 22:37:30,36.34,33.55,38.83
2024-03-05 22:38:00,36.08,35.61,34.22
2024-03-05 22:38:30,36.54,35.2,35.88
2024-03-05 22:39:00,34.54,33.05,37.59
2024-03-05 22:39:30,37.9,,33.72
2024-03-05 22:40:00,36.29,33.46,38.39
2024-03-05 22:40:30,36.09,36.31,35.37
2024-03-05 22:41:00,35.52,35.24,35.76
2024-03-05 22:41:30,36.65,34.95,38.74
2024-03-05 22:42:00,37.57,36.07,38.79
2024-03-05 22:42:30,35.27,35.92,36.18
2024-03-05 22:43:00,37.38,35.79,33.17
2024-03-05 22:43:30,36.29,34.49,36.44
2024-03-05 22:44:00,35.27,36.03,39.17
2024-03-05 22:44:30,35.17,37.59,36.13
2024-03-05 22:45:00,36.32,35.11,36.42
2024-03-05 22:45:30,33.69,35.69,36.71
2024-03-05 22:46:00,36.09,35.2,38.6
2024-03-05 22:46:30,35.73,34.62,36.69
2024-03-05 22:47:00,,34.04,36.33
2024-03-05 22:47:30,36.18,34.34,36.22
2024-03-05 22:48:00,36.84,34.13,35.83
2024-03-05 22:48:30,36.63,36.02,37.06
2024-03-05 22:49:00,36.38,36.56,38.21
2024-03-05 22:49:30,36.45,33.79,34.38
2024-03-05 22:50:00,34.64,34.64,36.02
2024-03-05 22:50:30,36.08,36.64,37.81
2024-03-05 22:51:00,35.88,34.3,37.84
2024-03-05 22:51:30,36.47,36.51,37.31
2024-03-05 22:52:00,33.86,34.32,36.89
2024-03-05 22:52:30,36.01,34.78,35.36
2024-03-05 22:53:00,36.79,36.03,34.92
2024-03-05 22:53:30,36.94,35.39,36.53
2024-03-05 22:54:00,37.17,34.7,39.65
2024-03-05 22:54:30,36.12,33.63,38.71
2024-03-05 22:55:00,36.11,34.92,37.1
2024-03-05 22:55:30,37.0,35.31,37.78
2024-03-05 22:56:00,36.17,,36.83
2024-03-05 22:56:30,37.21,36.14,36.96
2024-03-05 22:57:00,36.28,35.74,35.93
2024-03-05 22:57:30,36.45,34.91,
2024-03-05 22:58:00,37.32,36.3,37.97
2024-03-05 22:58:30,37.69,33.63,36.0
2024-03-05 22:59:00,37.56,35.9,37.79
2024-03-05 22:59:30,35.12,34.99,38.15
2024-03-05 23:00:00,38.54,38.11,37.81
2024-03-05 23:00:30,38.88,35.02,36.43
2024-03-05 23:01:00,37.61,36.3,36.7
2024-03-05 23:01:30,36.15,37.12,35.91
2024-03-05 23:02:00,33.89,34.93,
2024-03-05 23:02:30,36.12,37.89,34.86
2024-03-05 23:03:00,35.14,33.74,37.71
2024-03-05 23:03:30,35.76,35.49,36.44
2024-03-05 23:04:00,36.73,36.81,39.99
2024-03-05 23:04:30,35.48,35.5,37.4
2024-03-05 23:05:00,38.24,35.32,39.28
2024-03-05 23:05:30,34.94,36.56,38.69
2024-03-05 23:06:00,36.1,35.1,38.85
2024-03-05 23:06:30,36.26,36.67,39.54
2024-03-05 23:07:00,39.24,36.68,39.28
2024-03-05 23:07:30,35.41,35.55,40.48
2024-03-05 23:08:00,35.31,34.49,35.96
2024-03-05 23:08:30,37.05,34.87,38.32
2024-03-05 23:09:00,39.36,36.16,36.19
2024-03-05 23:09:30,37.55,34.64,36.58
2024-03-05 23:10:00,36.21,36.8,37.91
2024-03-05 23:10:30,36.73,37.05,40.65
2024-03-05 23:11:00,37.85,35.75,37.89
2024-03-05 23:11:30,35.85,34.48,37.16
2024-03-05 23:12:00,36.96,36.95,36.25
2024-03-05 23:12:30,37.16,35.99,37.09
2024-03-05 23:13:00,34.6,36.21,38.22
2024-03-05 23:13:30,38.09,36.51,37.84
2024-03-05 23:14:00,37.6,35.37,38.7
2024-03-05 23:14:30,36.82,34.55,35.98
2024-03-05 23:15:00,36.8,37.05,36.65
2024-03-05 23:15:30,38.0,36.4,36.77
2024-03-05 23:16:00,37.59,36.93,39.61
2024-03-05 23:16:30,36.54,35.48,
2024-03-05 23:17:00,35.87,37.8,36.99
2024-03-05 23:17:30,37.6,37.06,38.31
2024-03-05 23:18:00,38.16,35.75,36.5
2024-03-05 23:18:30,40.18,37.52,36.84
2024-03-05 23:19:00,37.32,34.68,36.84
2024-03-05 23:19:30,35.89,34.21,36.75
2024-03-05 23:20:00,38.14,36.68,38.03
2024-03-05 23:20:30,39.32,38.44,39.12
2024-03-05 23:21:00,37.95,36.68,38.29
2024-03-05 23:21:30,36.71,35.6,36.92
2024-03-05 23:22:00,36.66,35.82,37.86
2024-03-05 23:22:30,38.5,35.92,39.18
2024-03-05 23:23:00,37.15,37.37,37.7
2024-03-05 23:23:30,37.98,34.86,39.01
2024-03-05 23:24:00,36.0,39.14,38.76
2024-03-05 23:24:30,39.0,35.36,40.21
2024-03-05 23:25:00,36.34,36.4,
2024-03-05 23:25:30,37.83,35.25,34.5
2024-03-05 23:26:00,38.21,35.72,40.45
2024-03-05 23:26:30,38.51,37.46,40.38
2024-03-05 23:27:00,37.6,35.32,38.24
2024-03-05 23:27:30,37.62,37.13,
2024-03-05 23:28:00,34.99,37.32,38.71
2024-03-05 23:28:30,39.18,36.77,39.12
2024-03-05 23:29:00,38.97,34.59,40.83
2024-03-05 23:29:30,39.04,37.13,38.02
2024-03-05 23:30:00,39.57,36.7,37.38
2024-03-05 23:30:30,37.71,36.54,37.49
2024-03-05 23:31:00,38.08,35.82,42.01
2024-03-05 23:31:30,37.08,34.12,38.9
2024-03-05 23:32:00,36.55,35.26,41.81
2024-03-05 23:32:30,37.81,37.36,40.22
2024-03-05 23:33:00,37.84,35.2,39.92
2024-03-05 23:33:30,38.54,36.99,38.17
2024-03-05 23:34:00,36.97,37.63,38.37
2024-03-05 23:34:30,38.3,36.83,36.29
2024-03-05 23:35:00,37.71,37.13,38.81
2024-03-05 23:35:30,38.76,37.12,38.44
2024-03-05 23:36:00,38.82,37.35,38.64
2024-03-05 23:36:30,39.63,37.66,40.05
2024-03-05 23:37:00,,37.04,39.16
2024-03-05 23:37:30,37.66,37.02,37.78
2024-03-05 23:38:00,38.7,36.09,36.55
2024-03-05 23:38:30,39.27,35.65,38.84
2024-03-05 23:39:00,37.73,37.23,36.61
2024-03-05 23:39:30,36.3,36.84,37.61
2024-03-05 23:40:00,39.31,37.92,40.36
2024-03-05 23:40:30,40.62,37.88,36.87
2024-03-05 23:41:00,38.34,36.78,36.11
2024-03-05 23:41:30,,37.81,39.83
2024-03-05 23:42:00,38.83,37.65,37.62
2024-03-05 23:42:30,38.06,37.21,38.66
2024-03-05 23:43:00,38.94,36.72,
2024-03-05 23:43:30,38.59,40.6,38.28
2024-03-05 23:44:00,,37.7,40.38
2024-03-05 23:44:30,39.73,38.34,39.36
2024-03-05 23:45:00,39.81,38.24,36.87
2024-03-05 23:45:30,38.93,37.58,38.24
2024-03-05 23:46:00,37.57,37.99,40.14
2024-03-05 23:46:30,37.34,35.81,37.97
2024-03-05 23:47:00,39.65,36.2,39.09
2024-03-05 23:47:30,38.48,37.86,37.76
2024-03-05 23:48:00,40.71,38.23,39.8
2024-03-05 23:48:30,39.35,37.04,37.97
2024-03-05 23:49:00,38.58,37.3,39.35
2024-03-05 23:49:30,38.9,37.65,39.37
2024-03-05 23:50:00,38.48,37.87,41.08
2024-03-05 23:50:30,38.83,37.56,39.2
2024-03-05 23:51:00,38.66,36.65,39.18
2024-03-05 23:51:30,39.24,37.89,39.69
2024-03-05 23:52:00,36.45,38.2,39.24
2024-03-05 23:52:30,40.61,38.18,39.5
2024-03-05 23:53:00,39.8,36.94,40.36
2024-03-05 23:53:30,38.68,37.82,40.65
2024-03-05 23:54:00,39.91,38.03,42.71
2024-03-05 23:54:30,38.96,37.15,39.98
2024-03-05 23:55:00,38.26,37.19,39.68
2024-03-05 23:55:30,40.06,37.86,38.95
2024-03-05 23:56:00,38.17,38.31,41.15
2024-03-05 23:56:30,38.55,37.11,41.58
2024-03-05 23:57:00,39.77,37.03,38.54
2024-03-05 23:57:30,40.45,36.78,40.71
2024-03-05 23:58:00,38.71,37.59,41.25
2024-03-05 23:58:30,40.28,36.85,37.64
2024-03-05 23:59:00,38.16,38.45,40.14
2024-03-05 23:59:30,38.88,39.33,37.77
2024-03-06 00:00:00,38.56,38.15,40.37
2024-03-06 00:00:30,38.44,38.39,41.51
2024-03-06 00:01:00,38.26,38.07,42.31
2024-03-06 00:01:30,38.99,39.06,38.99
2024-03-06 00:02:00,38.42,37.09,39.46
2024-03-06 00:02:30,38.92,37.31,41.72
2024-03-06 00:03:00,37.42,,38.66
2024-03-06 00:03:30,38.43,38.46,37.03
2024-03-06 00:04:00,40.86,39.01,41.79
2024-03-06 00:04:30,38.62,38.64,38.93
2024-03-06 00:05:00,39.3,38.78,38.87
2024-03-06 00:05:30,38.53,38.28,42.97
2024-03-06 00:06:00,41.09,37.14,41.94
2024-03-06 00:06:30,40.6,38.76,41.09
2024-03-06 00:07:00,39.27,37.8,42.47
2024-03-06 00:07:30,40.21,37.6,
2024-03-06 00:08:00,37.11,38.69,39.59
2024-03-06 00:08:30,40.33,38.44,
2024-03-06 00:09:00,39.09,38.46,39.42
2024-03-06 00:09:30,42.72,38.52,40.97
2024-03-06 00:10:00,39.82,38.88,40.5
2024-03-06 00:10:30,39.58,39.28,40.4
2024-03-06 00:11:00,37.94,36.91,40.51
2024-03-06 00:11:30,38.43,38.16,38.54
2024-03-06 00:12:00,39.76,38.13,41.33
2024-03-06 00:12:30,40.54,40.67,41.06
2024-03-06 00:13:00,40.56,36.69,41.57
2024-03-06 00:13:30,40.66,38.13,41.23
2024-03-06 00:14:00,38.97,39.72,41.49
2024-03-06 00:14:30,38.77,37.97,40.18
2024-03-06 00:15:00,40.03,36.64,40.58
2024-03-06 00:15:30,41.63,37.39,37.36
2024-03-06 00:16:00,39.75,39.7,43.14
2024-03-06 00:16:30,41.31,38.65,41.75
2024-03-06 00:17:00,40.46,37.58,40.39
2024-03-06 00:17:30,40.91,38.53,40.71
2024-03-06 00:18:00,39.4,38.33,42.61
2024-03-06 00:18:30,42.1,38.34,41.65
2024-03-06 00:19:00,38.75,,38.91
2024-03-06 00:19:30,39.37,40.26,43.07
2024-03-06 00:20:00,39.18,39.71,40.33
2024-03-06 00:20:30,41.4,40.82,41.34
2024-03-06 00:21:00,39.01,38.83,39.58
2024-03-06 00:21:30,37.95,41.62,41.51
2024-03-06 00:22:00,40.22,39.14,40.99
2024-03-06 00:22:30,38.94,38.57,39.63
2024-03-06 00:23:00,40.67,39.85,43.25
2024-03-06 00:23:30,40.04,40.16,38.65
2024-03-06 00:24:00,40.55,39.03,38.7
2024-03-06 00:24:30,41.83,40.13,43.67
2024-03-06 00:25:00,39.16,41.11,41.2
2024-03-06 00:25:30,40.84,41.0,43.48
2024-03-06 00:26:00,39.95,38.47,43.39
2024-03-06 00:26:30,39.29,41.39,41.29
2024-03-06 00:27:00,41.27,37.79,41.45
2024-03-06 00:27:30,39.9,39.71,43.6
2024-03-06 00:28:00,40.83,39.17,
2024-03-06 00:28:30,38.46,38.57,41.52
2024-03-06 00:29:00,40.41,39.34,42.35
2024-03-06 00:29:30,40.76,37.37,39.32
2024-03-06 00:30:00,39.16,39.59,41.37
2024-03-06 00:30:30,40.36,41.69,42.33
2024-03-06 00:31:00,41.08,40.18,40.01
2024-03-06 00:31:30,41.59,39.59,39.27
2024-03-06 00:32:00,39.1,38.43,41.97
2024-03-06 00:32:30,41.62,38.88,42.08
2024-03-06 00:33:00,39.69,39.2,41.38
2024-03-06 00:33:30,39.36,40.47,42.71
2024-03-06 00:34:00,39.93,,45.13
2024-03-06 00:34:30,41.24,39.92,40.55
2024-03-06 00:35:00,40.54,39.07,39.33
2024-03-06 00:35:30,39.01,40.51,41.93
2024-03-06 00:36:00,39.82,39.05,42.16
2024-03-06 00:36:30,40.44,40.08,44.09
2024-03-06 00:37:00,42.92,40.2,41.67
2024-03-06 00:37:30,39.22,39.71,42.97
2024-03-06 00:38:00,40.57,39.46,
2024-03-06 00:38:30,41.38,38.93,41.93
2024-03-06 00:39:00,42.67,40.19,40.89
2024-03-06 00:39:30,39.1,37.24,40.69
2024-03-06 00:40:00,,40.0,42.22
2024-03-06 00:40:30,43.43,39.24,42.08
2024-03-06 00:41:00,43.79,38.17,41.01
2024-03-06 00:41:30,41.64,38.41,40.77
2024-03-06 00:42:00,39.58,40.33,40.07
2024-03-06 00:42:30,40.6,38.07,41.88
2024-03-06 00:43:00,41.35,39.96,41.54
2024-03-06 00:43:30,40.94,41.56,43.38
2024-03-06 00:44:00,39.9,39.18,43.89
2024-03-06 00:44:30,40.87,39.82,42.03
2024-03-06 00:45:00,40.11,40.43,42.09
2024-03-06 00:45:30,43.11,40.36,40.29
2024-03-06 00:46:00,41.78,40.78,42.49
2024-03-06 00:46:30,42.12,39.92,42.19
2024-03-06 00:47:00,43.1,38.67,43.85
2024-03-06 00:47:30,39.96,38.8,41.41
2024-03-06 00:48:00,40.25,41.3,43.4
2024-03-06 00:48:30,42.12,40.09,44.09
2024-03-06 00:49:00,42.4,39.35,39.51
2024-03-06 00:49:30,42.2,41.4,38.28
2024-03-06 00:50:00,41.2,41.54,41.72
2024-03-06 00:50:30,38.82,40.16,43.76
2024-03-06 00:51:00,40.83,40.39,44.43
2024-03-06 00:51:30,42.69,40.43,43.45
2024-03-06 00:52:00,43.67,39.62,42.0
2024-03-06 00:52:30,40.11,41.29,43.03
2024-03-06 00:53:00,41.39,41.01,42.56
2024-03-06 00:53:30,38.87,39.55,42.06
2024-03-06 00:54:00,42.26,42.27,41.64
2024-03-06 00:54:30,42.02,40.9,42.47
2024-03-06 00:55:00,40.37,40.39,41.83
2024-03-06 00:55:30,43.92,40.14,43.55
2024-03-06 00:56:00,38.49,40.98,42.64
2024-03-06 00:56:30,42.22,40.49,43.66
2024-03-06 00:57:00,44.53,41.91,41.78
2024-03-06 00:57:30,43.35,39.14,42.41
2024-03-06 00:58:00,42.13,40.72,40.23
2024-03-06 00:58:30,39.31,42.26,41.78
2024-03-06 00:59:00,42.44,40.53,43.35
2024-03-06 00:59:30,42.93,40.33,44.79
2024-03-06 01:00:00,40.41,39.34,39.67
2024-03-06 01:00:30,41.65,41.96,43.86
2024-03-06 01:01:00,42.45,40.61,44.23
2024-03-06 01:01:30,40.98,39.33,43.87
2024-03-06 01:02:00,43.2,40.81,42.71
2024-03-06 01:02:30,40.32,40.36,44.17
2024-03-06 01:03:00,42.26,41.2,41.98
2024-03-06 01:03:30,41.72,40.65,45.9
2024-03-06 01:04:00,43.36,40.79,40.25
2024-03-06 01:04:30,43.71,41.96,42.06
2024-03-06 01:05:00,42.29,43.37,41.62
2024-03-06 01:05:30,,41.11,42.65
2024-03-06 01:06:00,43.57,40.29,45.65
2024-03-06 01:06:30,40.68,39.57,45.44
2024-03-06 01:07:00,42.21,40.72,44.13
2024-03-06 01:07:30,44.28,42.36,44.74
2024-03-06 01:08:00,42.11,40.98,42.17
2024-03-06 01:08:30,42.23,42.36,43.94
2024-03-06 01:09:00,42.41,40.08,42.65
2024-03-06 01:09:30,41.06,40.75,42.31
2024-03-06 01:10:00,43.4,39.79,43.72
2024-03-06 01:10:30,43.27,40.36,44.27
2024-03-06 01:11:00,41.84,40.66,43.25
2024-03-06 01:11:30,41.73,40.75,43.05
2024-03-06 01:12:00,44.32,41.29,43.79
2024-03-06 01:12:30,43.46,40.72,43.58
2024-03-06 01:13:00,42.89,41.37,44.08
2024-03-06 01:13:30,41.84,42.59,43.63
2024-03-06 01:14:00,43.66,42.1,43.54
2024-03-06 01:14:30,43.91,42.74,44.75
2024-03-06 01:15:00,42.59,41.4,43.5
2024-03-06 01:15:30,44.73,41.96,42.98
2024-03-06 01:16:00,42.02,,43.07
2024-03-06 01:16:30,44.92,41.16,45.21
2024-03-06 01:17:00,42.97,40.91,43.4
2024-03-06 01:17:30,44.38,39.63,44.34
2024-03-06 01:18:00,43.45,41.76,45.57
2024-03-06 01:18:30,42.25,42.4,42.45
2024-03-06 01:19:00,44.79,42.03,43.3
2024-03-06 01:19:30,43.88,42.24,44.21
2024-03-06 01:20:00,44.76,42.56,44.7
2024-03-06 01:20:30,43.97,42.67,44.09
2024-03-06 01:21:00,44.1,43.4,44.32
2024-03-06 01:21:30,40.86,,42.81
2024-03-06 01:22:00,45.02,41.77,44.66
2024-03-06 01:22:30,41.34,42.08,43.6
2024-03-06 01:23:00,44.58,40.74,45.49
2024-03-06 01:23:30,44.36,43.24,45.16
2024-03-06 01:24:00,42.79,40.91,42.51
2024-03-06 01:24:30,45.21,43.58,45.41
2024-03-06 01:25:00,43.05,42.35,45.11
2024-03-06 01:25:30,42.6,,42.28
2024-03-06 01:26:00,42.99,42.08,42.34
2024-03-06 01:26:30,43.19,43.48,41.47
2024-03-06 01:27:00,42.11,42.31,45.96
2024-03-06 01:27:30,42.42,42.43,46.8
2024-03-06 01:28:00,42.22,43.12,44.34
2024-03-06 01:28:30,44.06,42.3,40.13
2024-03-06 01:29:00,42.93,43.46,44.51
2024-03-06 01:29:30,42.5,41.29,
2024-03-06 01:30:00,45.51,43.22,46.97
2024-03-06 01:30:30,45.63,43.35,44.01
2024-03-06 01:31:00,44.45,43.58,44.86
2024-03-06 01:31:30,42.5,41.99,43.51
2024-03-06 01:32:00,43.39,42.64,46.35
2024-03-06 01:32:30,41.15,44.44,45.28
2024-03-06 01:33:00,43.45,41.65,45.1
2024-03-06 01:33:30,42.97,44.0,45.43
2024-03-06 01:34:00,43.57,40.81,43.91
2024-03-06 01:34:30,41.52,42.62,45.52
2024-03-06 01:35:00,45.68,42.17,46.14
2024-03-06 01:35:30,43.88,41.2,47.12
2024-03-06 01:36:00,43.02,42.49,45.02
2024-03-06 01:36:30,44.7,41.12,43.26
2024-03-06 01:37:00,46.23,40.55,44.12
2024-03-06 01:37:30,44.59,41.9,42.87
2024-03-06 01:38:00,41.83,42.88,45.5
2024-03-06 01:38:30,41.9,42.19,44.29
2024-03-06 01:39:00,46.32,45.15,44.69
2024-03-06 01:39:30,44.73,43.03,45.99
2024-03-06 01:40:00,44.91,41.02,46.19
2024-03-06 01:40:30,44.73,41.28,45.34
2024-03-06 01:41:00,43.43,41.81,45.11
2024-03-06 01:41:30,44.05,42.63,44.05
2024-03-06 01:42:00,46.04,42.64,43.45
2024-03-06 01:42:30,46.77,41.13,43.4
2024-03-06 01:43:00,43.96,42.69,43.36
2024-03-06 01:43:30,46.12,44.0,43.51
2024-03-06 01:44:00,43.62,43.47,43.94
2024-03-06 01:44:30,46.58,46.14,44.31
2024-03-06 01:45:00,44.2,42.77,45.76
2024-03-06 01:45:30,46.71,42.55,47.55
2024-03-06 01:46:00,44.92,41.59,45.37
2024-03-06 01:46:30,44.71,42.93,45.87
2024-03-06 01:47:00,46.28,43.08,44.11
2024-03-06 01:47:30,44.26,42.58,47.35
2024-03-06 01:48:00,44.57,42.74,45.79
2024-03-06 01:48:30,46.68,43.05,47.95
2024-03-06 01:49:00,45.29,43.82,45.0
2024-03-06 01:49:30,43.52,42.14,46.11
2024-03-06 01:50:00,45.73,44.3,44.82
2024-03-06 01:50:30,45.19,44.74,43.0
2024-03-06 01:51:00,45.98,42.22,46.06
2024-03-06 01:51:30,45.73,42.36,47.9
2024-03-06 01:52:00,44.7,42.53,45.5
2024-03-06 01:52:30,44.54,44.12,47.4
2024-03-06 01:53:00,43.66,42.24,
2024-03-06 01:53:30,45.22,44.41,45.83
2024-03-06 01:54:00,44.26,43.99,47.9
2024-03-06 01:54:30,43.92,44.04,48.35
2024-03-06 01:55:00,45.34,44.64,48.11
2024-03-06 01:55:30,44.58,43.57,42.93
2024-03-06 01:56:00,46.51,42.66,46.43
2024-03-06 01:56:30,46.75,43.87,46.53
2024-03-06 01:57:00,46.44,42.43,45.61
2024-03-06 01:57:30,45.2,42.94,44.99
2024-03-06 01:58:00,44.7,44.16,44.32
2024-03-06 01:58:30,46.65,43.14,45.08
2024-03-06 01:59:00,45.63,44.58,45.55
2024-03-06 01:59:30,44.33,44.11,45.16
2024-03-06 02:00:00,43.37,43.58,45.87
2024-03-06 02:00:30,44.61,45.55,48.25
2024-03-06 02:01:00,43.03,43.63,45.33
2024-03-06 02:01:30,45.86,43.53,48.46
2024-03-06 02:02:00,44.18,43.97,48.02
2024-03-06 02:02:30,45.31,44.75,45.39
2024-03-06 02:03:00,44.92,43.83,48.29
2024-03-06 02:03:30,47.02,43.91,46.91
2024-03-06 02:04:00,45.94,44.79,44.8
2024-03-06 02:04:30,44.47,45.18,47.68
2024-03-06 02:05:00,44.12,,43.35
2024-03-06 02:05:30,47.99,43.59,45.49
2024-03-06 02:06:00,44.14,44.51,46.11
2024-03-06 02:06:30,46.11,43.8,47.79
2024-03-06 02:07:00,45.68,44.93,47.09
2024-03-06 02:07:30,46.9,,47.65
2024-03-06 02:08:00,46.98,44.87,46.42
2024-03-06 02:08:30,45.39,44.11,46.57
2024-03-06 02:09:00,46.17,45.94,46.25
2024-03-06 02:09:30,44.25,43.11,44.46
2024-03-06 02:10:00,45.88,44.25,44.33
2024-03-06 02:10:30,44.72,44.25,46.42
2024-03-06 02:11:00,47.37,43.5,48.66
2024-03-06 02:11:30,45.0,45.87,49.25
2024-03-06 02:12:00,44.91,44.34,46.97
2024-03-06 02:12:30,44.74,43.78,46.01
2024-03-06 02:13:00,46.97,46.83,47.61
2024-03-06 02:13:30,47.47,45.64,46.31
2024-03-06 02:14:00,45.53,45.82,49.66
2024-03-06 02:14:30,47.49,44.06,46.15
2024-03-06 02:15:00,47.45,43.73,
2024-03-06 02:15:30,47.51,45.57,49.98
2024-03-06 02:16:00,47.33,43.74,47.56
2024-03-06 02:16:30,44.49,45.71,48.75
2024-03-06 02:17:00,45.59,44.09,48.86
2024-03-06 02:17:30,44.26,44.82,46.45
2024-03-06 02:18:00,46.28,46.42,47.42
2024-03-06 02:18:30,,43.71,45.1
2024-03-06 02:19:00,47.13,45.75,46.48
2024-03-06 02:19:30,46.43,45.05,46.8
2024-03-06 02:20:00,44.73,45.6,47.05
2024-03-06 02:20:30,46.11,46.37,47.8
2024-03-06 02:21:00,46.33,46.42,49.31
2024-03-06 02:21:30,47.5,45.8,47.07
2024-03-06 02:22:00,46.71,43.2,48.94
2024-03-06 02:22:30,46.55,43.88,47.24
2024-03-06 02:23:00,44.3,44.82,49.07
2024-03-06 02:23:30,46.88,44.33,47.83
2024-03-06 02:24:00,47.1,43.79,46.56
2024-03-06 02:24:30,46.33,45.33,47.53
2024-03-06 02:25:00,45.61,45.51,47.85
2024-03-06 02:25:30,48.47,44.46,49.05
2024-03-06 02:26:00,47.3,45.34,51.08
2024-03-06 02:26:30,46.74,46.38,45.53
2024-03-06 02:27:00,47.46,44.84,47.46
2024-03-06 02:27:30,46.88,45.49,47.63
2024-03-06 02:28:00,45.31,44.52,46.42
2024-03-06 02:28:30,45.84,45.63,48.35
2024-03-06 02:29:00,45.33,,47.9
2024-03-06 02:29:30,48.66,44.64,46.71
2024-03-06 02:30:00,46.1,44.19,46.2
2024-03-06 02:30:30,46.5,44.72,48.49
2024-03-06 02:31:00,45.63,43.54,51.97
2024-03-06 02:31:30,47.8,45.03,49.9
2024-03-06 02:32:00,46.64,46.68,50.54
2024-03-06 02:32:30,49.5,46.09,48.37
2024-03-06 02:33:00,49.13,42.34,48.92
2024-03-06 02:33:30,49.12,45.9,50.19
2024-03-06 02:34:00,46.96,46.42,47.96
2024-03-06 02:34:30,46.67,45.5,48.93
2024-03-06 02:35:00,47.56,44.2,50.43
2024-03-06 02:35:30,47.24,48.03,47.91
2024-03-06 02:36:00,47.68,43.34,45.47
2024-03-06 02:36:30,46.83,45.39,48.33
2024-03-06 02:37:00,46.86,45.81,48.45
2024-03-06 02:37:30,46.66,44.7,
2024-03-06 02:38:00,46.52,45.87,48.73
2024-03-06 02:38:30,47.82,45.34,48.7
2024-03-06 02:39:00,47.64,45.21,46.38
2024-03-06 02:39:30,47.76,46.16,48.21
2024-03-06 02:40:00,,45.32,49.82
2024-03-06 02:40:30,46.23,46.4,46.49
2024-03-06 02:41:00,45.51,45.42,48.05
2024-03-06 02:41:30,48.63,45.1,46.83
2024-03-06 02:42:00,48.87,45.87,49.38
2024-03-06 02:42:30,49.41,45.81,47.68
2024-03-06 02:43:00,48.84,46.71,49.19
2024-03-06 02:43:30,47.77,45.66,46.98
2024-03-06 02:44:00,49.69,46.85,50.09
2024-03-06 02:44:30,48.06,45.2,46.57
2024-03-06 02:45:00,45.52,47.85,48.27
2024-03-06 02:45:30,47.26,48.19,46.9
2024-03-06 02:46:00,48.36,45.33,50.95
2024-03-06 02:46:30,48.86,,47.25
2024-03-06 02:47:00,46.96,45.96,49.94
2024-03-06 02:47:30,47.08,46.73,45.55
2024-03-06 02:48:00,46.78,45.63,52.25
2024-03-06 02:48:30,46.28,45.42,49.96
2024-03-06 02:49:00,48.1,47.19,47.29
2024-03-06 02:49:30,47.94,45.06,48.16
2024-03-06 02:50:00,46.99,46.94,47.37
2024-03-06 02:50:30,47.57,46.17,
2024-03-06 02:51:00,48.96,46.13,
2024-03-06 02:51:30,48.7,47.77,50.02
2024-03-06 02:52:00,49.28,45.03,50.96
2024-03-06 02:52:30,49.96,46.7,47.86
2024-03-06 02:53:00,48.49,46.29,49.74
2024-03-06 02:53:30,48.19,45.45,48.42
2024-03-06 02:54:00,48.17,47.68,47.59
2024-03-06 02:54:30,45.65,47.2,49.19
2024-03-06 02:55:00,47.76,45.91,48.2
2024-03-06 02:55:30,47.94,46.37,46.3
2024-03-06 02:56:00,47.94,46.1,48.72
2024-03-06 02:56:30,44.91,47.39,48.61
2024-03-06 02:57:00,48.58,45.33,49.05
2024-03-06 02:57:30,47.38,47.8,50.15
2024-03-06 02:58:00,48.44,46.6,49.34
2024-03-06 02:58:30,47.42,47.96,48.79
2024-03-06 02:59:00,48.63,47.97,50.39
2024-03-06 02:59:30,50.28,45.37,50.56
2024-03-06 03:00:00,48.2,45.07,51.66
2024-03-06 03:00:30,50.13,44.93,51.63
2024-03-06 03:01:00,50.06,48.71,47.35
2024-03-06 03:01:30,48.17,46.45,49.88
2024-03-06 03:02:00,,47.46,50.96
2024-03-06 03:02:30,45.32,49.26,51.32
2024-03-06 03:03:00,47.66,48.44,49.85
2024-03-06 03:03:30,47.76,47.13,48.5
2024-03-06 03:04:00,,46.18,45.94
2024-03-06 03:04:30,47.67,45.78,48.68
2024-03-06 03:05:00,49.15,47.2,48.16
2024-03-06 03:05:30,46.74,46.99,51.49
2024-03-06 03:06:00,50.47,47.51,49.87
2024-03-06 03:06:30,50.04,47.85,49.38
2024-03-06 03:07:00,48.17,48.33,47.45
2024-03-06 03:07:30,49.02,47.55,46.82
2024-03-06 03:08:00,46.45,45.94,49.88
2024-03-06 03:08:30,50.5,47.29,49.94
2024-03-06 03:09:00,48.19,46.31,
2024-03-06 03:09:30,50.07,47.48,52.29
2024-03-06 03:10:00,49.18,47.53,50.19
2024-03-06 03:10:30,48.59,47.7,49.61
2024-03-06 03:11:00,46.76,45.38,49.58
2024-03-06 03:11:30,47.3,47.95,48.02
2024-03-06 03:12:00,50.31,47.15,51.89
2024-03-06 03:12:30,48.83,47.58,50.92
2024-03-06 03:13:00,49.15,47.88,50.16
2024-03-06 03:13:30,50.81,47.31,51.57
2024-03-06 03:14:00,51.54,47.94,49.32
2024-03-06 03:14:30,49.78,46.46,49.59
2024-03-06 03:15:00,50.59,47.94,49.45
2024-03-06 03:15:30,48.02,48.02,50.42
2024-03-06 03:16:00,,50.35,49.61
2024-03-06 03:16:30,49.81,47.39,50.92
2024-03-06 03:17:00,47.82,45.97,50.83
2024-03-06 03:17:30,48.42,48.14,49.84
2024-03-06 03:18:00,49.67,48.29,
2024-03-06 03:18:30,50.49,46.96,50.52
2024-03-06 03:19:00,50.01,47.14,52.23
2024-03-06 03:19:30,49.46,46.68,51.73
2024-03-06 03:20:00,50.05,47.42,49.4
2024-03-06 03:20:30,49.81,48.75,52.92
2024-03-06 03:21:00,51.94,48.35,49.19
2024-03-06 03:21:30,48.13,45.66,50.27
2024-03-06 03:22:00,48.85,46.83,49.81
2024-03-06 03:22:30,51.11,48.57,49.46
2024-03-06 03:23:00,50.67,49.33,47.28
2024-03-06 03:23:30,48.95,49.2,51.44
2024-03-06 03:24:00,48.83,49.54,48.48
2024-03-06 03:24:30,49.29,47.99,51.56
2024-03-06 03:25:00,49.67,47.82,50.36
2024-03-06 03:25:30,49.02,47.82,52.63
2024-03-06 03:26:00,48.78,45.5,51.37
2024-03-06 03:26:30,50.36,48.57,
2024-03-06 03:27:00,49.71,48.78,49.26
2024-03-06 03:27:30,51.03,49.24,52.59
2024-03-06 03:28:00,49.59,46.63,52.48
2024-03-06 03:28:30,49.59,47.49,51.16
2024-03-06 03:29:00,48.07,50.4,50.28
2024-03-06 03:29:30,46.93,48.99,
2024-03-06 03:30:00,49.34,48.49,48.66
2024-03-06 03:30:30,48.71,48.48,52.5
2024-03-06 03:31:00,49.09,50.0,52.29
2024-03-06 03:31:30,49.03,50.15,49.0
2024-03-06 03:32:00,48.23,47.74,50.34
2024-03-06 03:32:30,,48.24,52.27
2024-03-06 03:33:00,50.57,49.69,50.6
2024-03-06 03:33:30,51.81,,
2024-03-06 03:34:00,51.36,47.96,51.45
2024-03-06 03:34:30,49.78,47.05,52.08
2024-03-06 03:35:00,48.25,49.78,52.12
2024-03-06 03:35:30,51.22,47.21,49.47
2024-03-06 03:36:00,49.34,48.65,52.92
2024-03-06 03:36:30,49.97,48.5,54.15
2024-03-06 03:37:00,52.4,49.04,49.55
2024-03-06 03:37:30,53.07,50.41,52.43
2024-03-06 03:38:00,51.08,49.16,49.58
2024-03-06 03:38:30,49.98,48.56,51.54
2024-03-06 03:39:00,49.25,49.39,50.86
2024-03-06 03:39:30,51.25,49.73,50.66
2024-03-06 03:40:00,48.78,47.23,
2024-03-06 03:40:30,49.82,47.1,51.82
2024-03-06 03:41:00,52.04,48.19,50.39
2024-03-06 03:41:30,49.31,49.02,51.89
2024-03-06 03:42:00,51.01,48.88,51.38
2024-03-06 03:42:30,50.71,48.15,51.36
2024-03-06 03:43:00,49.23,47.43,51.65
2024-03-06 03:43:30,52.32,49.01,51.57
2024-03-06 03:44:00,48.78,49.18,52.39
2024-03-06 03:44:30,52.56,49.79,50.3
2024-03-06 03:45:00,50.58,51.06,51.48
2024-03-06 03:45:30,51.67,50.16,50.58
2024-03-06 03:46:00,51.6,48.68,50.71
2024-03-06 03:46:30,52.23,50.07,52.15
2024-03-06 03:47:00,50.49,48.05,50.22
2024-03-06 03:47:30,,49.21,53.19
2024-03-06 03:48:00,50.75,48.6,53.51
2024-03-06 03:48:30,50.3,49.55,53.26
2024-03-06 03:49:00,48.99,50.29,53.06
2024-03-06 03:49:30,51.04,51.02,51.18
2024-03-06 03:50:00,51.29,50.83,50.27
2024-03-06 03:50:30,51.86,48.8,50.57
2024-03-06 03:51:00,50.98,49.42,49.78
2024-03-06 03:51:30,,50.23,52.48
2024-03-06 03:52:00,49.99,49.56,53.31
2024-03-06 03:52:30,50.89,48.46,53.03
2024-03-06 03:53:00,51.53,49.07,52.97
2024-03-06 03:53:30,49.91,50.77,54.36
2024-03-06 03:54:00,49.49,49.09,50.26
2024-03-06 03:54:30,51.38,49.7,51.54
2024-03-06 03:55:00,52.3,50.01,50.23
2024-03-06 03:55:30,52.05,50.45,52.53
2024-03-06 03:56:00,52.9,50.5,50.92
2024-03-06 03:56:30,50.62,49.41,51.66
2024-03-06 03:57:00,52.31,48.3,51.81
2024-03-06 03:57:30,50.9,48.88,50.98
2024-03-06 03:58:00,49.91,51.05,51.39
2024-03-06 03:58:30,49.73,49.4,51.71
2024-03-06 03:59:00,49.85,51.25,53.17
2024-03-06 03:59:30,50.33,48.82,52.96
2024-03-06 04:00:00,51.04,50.28,51.57
2024-03-06 04:00:30,52.88,49.51,54.92
2024-03-06 04:01:00,51.69,50.77,51.56
2024-03-06 04:01:30,50.38,50.0,51.16
2024-03-06 04:02:00,53.57,49.63,
2024-03-06 04:02:30,50.35,50.0,56.11
2024-03-06 04:03:00,50.79,50.22,52.87
2024-03-06 04:03:30,51.24,49.26,53.03
2024-03-06 04:04:00,52.52,50.98,52.46
2024-03-06 04:04:30,50.84,50.82,52.93
2024-03-06 04:05:00,50.17,50.13,54.83
2024-03-06 04:05:30,,50.26,52.9
2024-03-06 04:06:00,49.7,49.96,56.15
2024-03-06 04:06:30,50.68,50.29,53.66
2024-03-06 04:07:00,51.65,48.47,51.99
2024-03-06 04:07:30,51.42,50.59,51.75
2024-03-06 04:08:00,51.18,50.09,50.44
2024-03-06 04:08:30,50.26,50.71,52.49
2024-03-06 04:09:00,51.19,50.85,53.92
2024-03-06 04:09:30,50.64,49.51,53.53
2024-03-06 04:10:00,52.28,49.46,52.91
2024-03-06 04:10:30,53.89,49.16,53.2
2024-03-06 04:11:00,52.39,48.4,
2024-03-06 04:11:30,52.69,51.52,51.26
2024-03-06 04:12:00,53.08,50.0,55.36
2024-03-06 04:12:30,52.35,49.32,52.11
2024-03-06 04:13:00,52.17,51.11,53.72
2024-03-06 04:13:30,52.43,49.12,53.85
2024-03-06 04:14:00,50.89,51.46,53.64
2024-03-06 04:14:30,51.23,48.33,55.65
2024-03-06 04:15:00,52.01,49.49,50.85
2024-03-06 04:15:30,51.49,51.25,
2024-03-06 04:16:00,50.36,49.14,52.09
2024-03-06 04:16:30,52.34,50.08,53.23
2024-03-06 04:17:00,53.08,50.4,52.95
2024-03-06 04:17:30,51.28,48.78,53.03
2024-03-06 04:18:00,52.4,49.36,52.21
2024-03-06 04:18:30,52.75,49.76,51.97
2024-03-06 04:19:00,50.95,51.53,53.89
2024-03-06 04:19:30,50.79,50.91,
2024-03-06 04:20:00,54.53,51.72,52.69
2024-03-06 04:20:30,50.49,50.74,52.7
2024-03-06 04:21:00,52.85,51.77,52.06
2024-03-06 04:21:30,48.89,50.63,53.0
2024-03-06 04:22:00,52.4,49.73,
2024-03-06 04:22:30,53.85,51.11,56.76
2024-03-06 04:23:00,52.56,49.02,53.0
2024-03-06 04:23:30,51.37,50.83,54.68
2024-03-06 04:24:00,50.48,51.46,52.76
2024-03-06 04:24:30,49.27,51.7,52.95
2024-03-06 04:25:00,53.43,49.04,53.89
2024-03-06 04:25:30,52.89,50.47,53.25
2024-03-06 04:26:00,51.15,49.98,52.51
2024-03-06 04:26:30,52.15,51.85,53.39
2024-03-06 04:27:00,54.19,52.76,52.57
2024-03-06 04:27:30,51.31,49.93,51.84
2024-03-06 04:28:00,54.38,51.14,55.38
2024-03-06 04:28:30,50.85,51.64,52.56
2024-03-06 04:29:00,52.93,50.48,54.0
2024-03-06 04:29:30,52.96,51.71,52.51
2024-03-06 04:30:00,53.01,50.97,53.97
2024-03-06 04:30:30,51.05,48.5,54.85
2024-03-06 04:31:00,53.62,51.74,51.59
2024-03-06 04:31:30,52.83,50.55,55.19
2024-03-06 04:32:00,51.11,52.51,55.36
2024-03-06 04:32:30,51.4,51.42,52.48
2024-03-06 04:33:00,51.22,51.42,52.67
2024-03-06 04:33:30,53.37,50.5,51.25
2024-03-06 04:34:00,53.99,50.67,52.24
2024-03-06 04:34:30,51.97,51.07,50.9
2024-03-06 04:35:00,52.85,50.27,54.22
2024-03-06 04:35:30,51.97,50.77,53.79
2024-03-06 04:36:00,51.22,50.25,52.41
2024-03-06 04:36:30,52.71,51.07,53.46
2024-03-06 04:37:00,53.07,52.11,50.83
2024-03-06 04:37:30,51.71,50.26,56.54
2024-03-06 04:38:00,52.39,50.92,54.08
2024-03-06 04:38:30,52.55,51.92,52.8
2024-03-06 04:39:00,,50.69,55.29
2024-03-06 04:39:30,51.61,53.53,53.74
2024-03-06 04:40:00,52.66,52.28,56.11
2024-03-06 04:40:30,52.66,53.28,53.7
2024-03-06 04:41:00,52.07,51.37,53.42
2024-03-06 04:41:30,53.72,50.64,53.99
2024-03-06 04:42:00,53.23,52.63,54.93
2024-03-06 04:42:30,54.62,49.77,53.41
2024-03-06 04:43:00,52.07,50.98,53.26
2024-03-06 04:43:30,53.38,50.36,53.4
2024-03-06 04:44:00,53.93,52.12,54.51
2024-03-06 04:44:30,53.31,51.24,53.55
2024-03-06 04:45:00,54.66,52.69,53.02
2024-03-06 04:45:30,52.51,51.29,53.46
2024-03-06 04:46:00,54.41,52.5,56.67
2024-03-06 04:46:30,50.88,53.06,55.03
2024-03-06 04:47:00,52.3,50.87,50.57
2024-03-06 04:47:30,52.95,50.42,53.02
2024-03-06 04:48:00,53.91,51.14,53.01
2024-03-06 04:48:30,53.67,52.29,56.19
2024-03-06 04:49:00,51.19,52.1,53.64
2024-03-06 04:49:30,52.02,52.02,53.3
2024-03-06 04:50:00,52.7,49.71,54.73
2024-03-06 04:50:30,56.87,51.07,56.11
2024-03-06 04:51:00,54.56,51.84,50.4
2024-03-06 04:51:30,52.12,51.68,56.14
2024-03-06 04:52:00,55.18,52.18,56.99
2024-03-06 04:52:30,53.01,51.53,55.23
2024-03-06 04:53:00,52.48,51.23,54.74
2024-03-06 04:53:30,55.42,51.96,55.03
2024-03-06 04:54:00,54.16,50.69,54.07
2024-03-06 04:54:30,54.06,51.4,
2024-03-06 04:55:00,54.35,50.14,56.11
2024-03-06 04:55:30,53.34,53.65,53.62
2024-03-06 04:56:00,55.98,51.08,54.42
2024-03-06 04:56:30,51.14,51.76,55.39
2024-03-06 04:57:00,54.93,53.1,56.12
2024-03-06 04:57:30,54.63,48.51,53.69
2024-03-06 04:58:00,54.53,51.65,55.07
2024-03-06 04:58:30,54.03,52.42,56.67
2024-03-06 04:59:00,53.54,53.82,53.22
2024-03-06 04:59:30,56.45,51.49,54.04
2024-03-06 05:00:00,54.0,53.5,
2024-03-06 05:00:30,51.86,52.82,55.36
2024-03-06 05:01:00,54.0,52.83,55.12
2024-03-06 05:01:30,53.61,53.17,
2024-03-06 05:02:00,55.6,52.57,57.66
2024-03-06 05:02:30,53.78,50.82,
2024-03-06 05:03:00,51.56,51.49,52.89
2024-03-06 05:03:30,54.39,51.86,56.5
2024-03-06 05:04:00,53.45,51.71,54.22
2024-03-06 05:04:30,52.21,52.4,54.76
2024-03-06 05:05:00,,50.8,54.79
2024-03-06 05:05:30,55.6,49.92,53.46
2024-03-06 05:06:00,55.89,51.4,55.24
2024-03-06 05:06:30,52.88,52.83,53.58
2024-03-06 05:07:00,54.8,51.82,55.07
2024-03-06 05:07:30,51.56,51.38,53.71
2024-03-06 05:08:00,53.69,52.72,56.19
2024-03-06 05:08:30,54.19,52.82,54.4
2024-03-06 05:09:00,53.85,52.77,52.06
2024-03-06 05:09:30,54.33,52.21,
2024-03-06 05:10:00,54.4,54.54,54.37
2024-03-06 05:10:30,51.06,54.78,53.45
2024-03-06 05:11:00,54.61,51.76,56.04
2024-03-06 05:11:30,55.16,51.42,55.68
2024-03-06 05:12:00,50.33,52.49,55.8
2024-03-06 05:12:30,54.59,51.47,53.48
2024-03-06 05:13:00,55.79,52.55,56.09
2024-03-06 05:13:30,54.47,53.36,56.45
2024-03-06 05:14:00,51.68,53.09,53.1
2024-03-06 05:14:30,52.19,53.39,54.05
2024-03-06 05:15:00,54.09,51.57,55.78
2024-03-06 05:15:30,56.86,53.69,55.91
2024-03-06 05:16:00,54.89,52.78,56.84
2024-03-06 05:16:30,53.49,53.94,54.02
2024-03-06 05:17:00,52.45,52.88,54.44
2024-03-06 05:17:30,53.76,53.65,54.75
2024-03-06 05:18:00,54.79,53.15,56.38
2024-03-06 05:18:30,54.15,54.17,57.14
2024-03-06 05:19:00,55.5,52.75,55.87
2024-03-06 05:19:30,54.47,52.66,53.87
2024-03-06 05:20:00,,53.29,52.76
2024-03-06 05:20:30,53.18,52.32,54.34
2024-03-06 05:21:00,54.72,51.98,54.23
2024-03-06 05:21:30,54.05,53.23,54.2
2024-03-06 05:22:00,54.76,54.06,54.61
2024-03-06 05:22:30,53.95,53.69,56.12
2024-03-06 05:23:00,54.3,52.78,54.94
2024-03-06 05:23:30,54.53,55.33,54.58
2024-03-06 05:24:00,55.02,54.16,57.32
2024-03-06 05:24:30,54.9,53.39,53.88
2024-03-06 05:25:00,54.97,52.31,54.46
2024-03-06 05:25:30,53.82,51.06,54.39
2024-03-06 05:26:00,52.92,53.82,52.63
2024-03-06 05:26:30,56.4,52.2,54.38
2024-03-06 05:27:00,55.64,52.62,58.28
2024-03-06 05:27:30,54.97,52.47,54.37
2024-03-06 05:28:00,53.88,52.11,55.08
2024-03-06 05:28:30,54.25,51.58,52.72
2024-03-06 05:29:00,54.12,53.53,54.92
2024-03-06 05:29:30,54.73,53.48,54.89
2024-03-06 05:30:00,52.9,53.18,56.25
2024-03-06 05:30:30,57.78,55.61,54.87
2024-03-06 05:31:00,54.11,53.35,53.54
2024-03-06 05:31:30,54.09,51.89,53.26
2024-03-06 05:32:00,54.13,53.09,55.15
2024-03-06 05:32:30,55.35,52.71,56.59
2024-03-06 05:33:00,54.69,53.4,56.87
2024-03-06 05:33:30,54.61,53.36,57.39
2024-03-06 05:34:00,56.82,54.31,57.7
2024-03-06 05:34:30,53.27,52.38,56.65
2024-03-06 05:35:00,53.76,52.27,57.59
2024-03-06 05:35:30,57.72,53.83,56.4
2024-03-06 05:36:00,53.81,55.51,57.99
2024-03-06 05:36:30,54.88,53.78,57.08
2024-03-06 05:37:00,54.86,52.34,54.09
2024-03-06 05:37:30,54.16,55.42,55.23
2024-03-06 05:38:00,55.13,53.29,
2024-03-06 05:38:30,54.48,53.91,55.69
2024-03-06 05:39:00,54.72,52.97,54.18
2024-03-06 05:39:30,55.29,55.11,54.09
2024-03-06 05:40:00,54.99,53.0,55.88
2024-03-06 05:40:30,53.29,52.13,57.13
2024-03-06 05:41:00,54.14,54.76,57.89
2024-03-06 05:41:30,55.2,,55.75
2024-03-06 05:42:00,57.36,52.04,56.06
2024-03-06 05:42:30,55.55,53.19,55.25
2024-03-06 05:43:00,53.3,53.01,55.76
2024-03-06 05:43:30,53.21,52.92,53.76
2024-03-06 05:44:00,55.83,53.38,55.91
2024-03-06 05:44:30,53.81,51.5,58.6
2024-03-06 05:45:00,55.56,53.02,53.68
2024-03-06 05:45:30,55.49,53.11,55.5
2024-03-06 05:46:00,53.84,51.74,57.66
2024-03-06 05:46:30,54.44,53.09,54.79
2024-03-06 05:47:00,54.89,52.46,55.49
2024-03-06 05:47:30,56.78,53.44,55.54
2024-03-06 05:48:00,55.78,55.12,56.2
2024-03-06 05:48:30,56.83,52.99,55.13
2024-03-06 05:49:00,56.92,54.28,56.0
2024-03-06 05:49:30,55.26,53.56,55.56
2024-03-06 05:50:00,54.98,53.17,53.25
2024-03-06 05:50:30,55.57,53.23,56.23
2024-03-06 05:51:00,55.42,51.73,55.31
2024-03-06 05:51:30,55.56,52.58,56.8
2024-03-06 05:52:00,56.34,53.2,58.26
2024-03-06 05:52:30,,54.42,59.52
2024-03-06 05:53:00,54.63,54.53,56.87
2024-03-06 05:53:30,55.01,52.41,55.02
2024-03-06 05:54:00,56.77,52.56,56.28
2024-03-06 05:54:30,54.8,54.14,58.24
2024-03-06 05:55:00,57.24,55.21,55.92
2024-03-06 05:55:30,53.44,52.65,57.26
2024-03-06 05:56:00,55.72,56.74,56.75
2024-03-06 05:56:30,55.96,54.32,58.24
2024-03-06 05:57:00,55.33,52.66,
2024-03-06 05:57:30,57.79,52.75,56.33
2024-03-06 05:58:00,55.44,53.0,55.28
2024-03-06 05:58:30,56.65,51.81,55.82
2024-03-06 05:59:00,55.6,52.6,56.67
2024-03-06 05:59:30,55.49,53.32,58.13
2024-03-06 06:00:00,57.26,53.95,58.26
2024-03-06 06:00:30,55.03,54.96,56.55
2024-03-06 06:01:00,55.84,54.44,55.62
2024-03-06 06:01:30,54.61,54.73,57.75
2024-03-06 06:02:00,55.54,54.98,57.32
2024-03-06 06:02:30,55.48,52.57,55.75
2024-03-06 06:03:00,54.84,53.72,57.27
2024-03-06 06:03:30,54.63,54.07,56.89
2024-03-06 06:04:00,55.04,55.1,56.44
2024-03-06 06:04:30,56.53,53.96,56.76
2024-03-06 06:05:00,55.39,54.47,57.95
2024-03-06 06:05:30,54.94,53.32,57.02
2024-03-06 06:06:00,53.57,53.56,55.42
2024-03-06 06:06:30,55.86,54.68,59.56
2024-03-06 06:07:00,,54.12,57.77
2024-03-06 06:07:30,57.11,54.14,58.5
2024-03-06 06:08:00,54.4,52.7,56.17
2024-03-06 06:08:30,56.07,51.79,55.18
2024-03-06 06:09:00,57.9,54.03,56.59
2024-03-06 06:09:30,56.26,52.59,56.82
2024-03-06 06:10:00,55.86,54.32,57.1
2024-03-06 06:10:30,55.15,54.78,57.11
2024-03-06 06:11:00,54.3,53.89,54.66
2024-03-06 06:11:30,55.23,53.92,57.2
2024-03-06 06:12:00,55.84,54.32,55.06
2024-03-06 06:12:30,55.74,55.85,55.81
2024-03-06 06:13:00,55.13,54.25,57.28
2024-03-06 06:13:30,57.24,55.35,57.99
2024-03-06 06:14:00,57.12,52.72,55.04
2024-03-06 06:14:30,55.3,52.04,60.8
2024-03-06 06:15:00,56.94,53.7,55.96
2024-03-06 06:15:30,55.93,55.69,57.98
2024-03-06 06:16:00,54.11,54.98,56.98
2024-03-06 06:16:30,55.84,53.95,
2024-03-06 06:17:00,56.46,52.89,56.55
2024-03-06 06:17:30,57.85,53.42,54.55
2024-03-06 06:18:00,56.33,54.56,57.33
2024-03-06 06:18:30,57.35,54.69,57.48
2024-03-06 06:19:00,56.62,53.13,55.26
2024-03-06 06:19:30,53.26,54.44,57.7
2024-03-06 06:20:00,56.63,52.61,56.36
2024-03-06 06:20:30,58.19,53.19,57.75
2024-03-06 06:21:00,58.08,55.58,56.54
2024-03-06 06:21:30,55.17,54.28,57.16
2024-03-06 06:22:00,60.19,54.21,58.37
2024-03-06 06:22:30,54.37,55.18,
2024-03-06 06:23:00,55.85,54.5,53.17
2024-03-06 06:23:30,54.45,52.79,60.0
2024-03-06 06:24:00,57.73,55.7,56.87
2024-03-06 06:24:30,56.36,54.0,57.11
2024-03-06 06:25:00,55.82,54.52,56.73
2024-03-06 06:25:30,56.21,54.94,57.91
2024-03-06 06:26:00,56.01,53.45,55.36
2024-03-06 06:26:30,55.23,55.44,58.62
2024-03-06 06:27:00,56.16,53.5,57.27
2024-03-06 06:27:30,56.43,55.3,56.48
2024-03-06 06:28:00,56.32,54.54,55.15
2024-03-06 06:28:30,57.48,53.99,55.49
2024-03-06 06:29:00,56.26,54.91,58.52
2024-03-06 06:29:30,54.41,53.75,59.06
2024-03-06 06:30:00,57.59,53.95,55.65
2024-03-06 06:30:30,56.25,54.5,57.34
2024-03-06 06:31:00,57.85,54.05,57.08
2024-03-06 06:31:30,55.32,53.61,57.68
2024-03-06 06:32:00,57.98,54.48,57.11
2024-03-06 06:32:30,56.7,54.44,61.08
2024-03-06 06:33:00,56.57,53.71,60.18
2024-03-06 06:33:30,57.17,54.31,57.65
2024-03-06 06:34:00,57.84,54.12,56.15
2024-03-06 06:34:30,55.37,52.78,52.02
2024-03-06 06:35:00,55.08,53.71,58.11
2024-03-06 06:35:30,56.09,55.23,57.65
2024-03-06 06:36:00,55.99,54.79,57.33
2024-03-06 06:36:30,56.88,54.9,58.6
2024-03-06 06:37:00,55.91,53.11,57.37
2024-03-06 06:37:30,56.72,54.28,59.77
2024-03-06 06:38:00,57.11,53.69,58.9
2024-03-06 06:38:30,58.16,53.96,57.83
2024-03-06 06:39:00,56.7,56.06,60.23
2024-03-06 06:39:30,55.2,53.92,59.08
2024-03-06 06:40:00,55.76,52.89,59.18
2024-03-06 06:40:30,54.71,54.89,56.03
2024-03-06 06:41:00,57.04,55.56,56.36
2024-03-06 06:41:30,55.24,55.67,57.07
2024-03-06 06:42:00,58.05,53.88,60.21
2024-03-06 06:42:30,56.62,55.07,58.53
2024-03-06 06:43:00,56.86,54.25,57.41
2024-03-06 06:43:30,56.89,53.29,55.09
2024-03-06 06:44:00,57.37,54.69,57.23
2024-03-06 06:44:30,59.45,54.01,56.32
2024-03-06 06:45:00,57.02,53.54,57.4
2024-03-06 06:45:30,58.54,55.06,57.12
2024-03-06 06:46:00,56.32,55.65,57.92
2024-03-06 06:46:30,56.02,54.69,56.55
2024-03-06 06:47:00,58.55,55.43,56.87
2024-03-06 06:47:30,55.09,55.15,56.68
2024-03-06 06:48:00,60.02,55.81,58.5
2024-03-06 06:48:30,56.19,54.44,56.13
2024-03-06 06:49:00,57.25,55.72,57.96
2024-03-06 06:49:30,56.46,55.27,55.92
2024-03-06 06:50:00,56.41,55.15,
2024-03-06 06:50:30,56.51,55.21,59.19
2024-03-06 06:51:00,55.04,55.38,59.03
2024-03-06 06:51:30,57.22,55.48,61.39
2024-03-06 06:52:00,55.9,54.56,57.64
2024-03-06 06:52:30,56.13,55.26,58.8
2024-03-06 06:53:00,55.57,54.37,57.49
2024-03-06 06:53:30,57.37,55.24,57.64
2024-03-06 06:54:00,57.99,57.54,57.26
2024-03-06 06:54:30,55.8,55.95,57.85
2024-03-06 06:55:00,58.18,55.09,59.41
2024-03-06 06:55:30,55.64,55.17,59.65
2024-03-06 06:56:00,57.58,55.53,58.19
2024-03-06 06:56:30,57.27,56.69,59.92
2024-03-06 06:57:00,55.66,55.02,57.79
2024-03-06 06:57:30,57.22,55.64,58.46
2024-03-06 06:58:00,56.59,54.56,56.97
2024-03-06 06:58:30,57.06,55.08,57.66
2024-03-06 06:59:00,57.04,54.5,58.38
2024-03-06 06:59:30,57.56,,58.91
2024-03-06 07:00:00,57.72,54.9,56.45
2024-03-06 07:00:30,54.96,54.2,58.89
2024-03-06 07:01:00,56.86,53.61,55.64
2024-03-06 07:01:30,56.72,56.01,57.48
2024-03-06 07:02:00,58.68,53.92,58.88
2024-03-06 07:02:30,57.33,53.95,58.12
2024-03-06 07:03:00,57.32,54.61,56.38
2024-03-06 07:03:30,58.83,55.51,56.63
2024-03-06 07:04:00,56.26,52.53,57.08
2024-03-06 07:04:30,57.2,53.44,56.17
2024-03-06 07:05:00,56.52,55.42,57.36
2024-03-06 07:05:30,56.71,55.66,59.95
2024-03-06 07:06:00,58.9,54.32,58.15
2024-03-06 07:06:30,55.59,55.0,57.15
2024-03-06 07:07:00,57.85,54.83,56.2
2024-03-06 07:07:30,57.7,55.02,59.15
2024-03-06 07:08:00,55.22,54.8,57.06
2024-03-06 07:08:30,54.89,54.05,59.64
2024-03-06 07:09:00,58.17,54.58,57.91
2024-03-06 07:09:30,58.58,54.99,57.88
2024-03-06 07:10:00,56.85,56.05,58.65
2024-03-06 07:10:30,58.03,55.94,56.16
2024-03-06 07:11:00,55.88,54.81,57.82
2024-03-06 07:11:30,57.11,56.34,56.99
2024-03-06 07:12:00,56.99,52.91,60.6
2024-03-06 07:12:30,57.4,54.52,58.22
2024-03-06 07:13:00,55.26,56.95,57.7
2024-03-06 07:13:30,53.93,55.96,57.46
2024-03-06 07:14:00,55.28,55.3,56.85
2024-03-06 07:14:30,56.65,53.41,55.69
2024-03-06 07:15:00,56.81,56.7,55.45
2024-03-06 07:15:30,56.49,56.47,57.81
2024-03-06 07:16:00,58.54,57.07,58.7
2024-03-06 07:16:30,56.42,54.31,56.64
2024-03-06 07:17:00,,53.63,57.27
2024-03-06 07:17:30,56.76,53.02,56.67
2024-03-06 07:18:00,55.13,54.36,59.42
2024-03-06 07:18:30,56.0,54.72,59.26
2024-03-06 07:19:00,56.9,52.63,57.57
2024-03-06 07:19:30,57.17,55.66,58.54
2024-03-06 07:20:00,57.71,54.28,
2024-03-06 07:20:30,57.58,54.89,56.1
2024-03-06 07:21:00,56.22,54.25,59.5
2024-03-06 07:21:30,56.54,53.98,56.38
2024-03-06 07:22:00,58.25,56.1,59.03
2024-03-06 07:22:30,56.76,55.88,57.43
2024-03-06 07:23:00,55.33,56.2,58.3
2024-03-06 07:23:30,55.24,54.81,59.77
2024-03-06 07:24:00,57.05,56.32,57.17
2024-03-06 07:24:30,58.37,54.1,56.16
2024-03-06 07:25:00,56.13,55.0,57.78
2024-03-06 07:25:30,58.21,55.8,58.63
2024-03-06 07:26:00,58.27,,58.32
2024-03-06 07:26:30,56.13,56.36,59.03
2024-03-06 07:27:00,58.11,54.46,57.6
2024-03-06 07:27:30,57.78,56.11,58.13
2024-03-06 07:28:00,58.03,55.39,58.77
2024-03-06 07:28:30,57.44,56.67,55.96
2024-03-06 07:29:00,55.61,56.44,61.3
2024-03-06 07:29:30,57.47,56.98,55.98
2024-03-06 07:30:00,58.32,55.55,57.07
2024-03-06 07:30:30,55.85,55.72,54.84
2024-03-06 07:31:00,56.11,54.96,58.58
2024-03-06 07:31:30,56.97,55.35,58.56
2024-03-06 07:32:00,55.98,55.7,55.58
2024-03-06 07:32:30,56.57,53.94,58.02
2024-03-06 07:33:00,56.36,54.16,58.95
2024-03-06 07:33:30,57.71,54.67,59.98
2024-03-06 07:34:00,57.11,55.6,58.31
2024-03-06 07:34:30,55.92,53.59,58.95
2024-03-06 07:35:00,56.48,55.36,59.59
2024-03-06 07:35:30,56.69,54.91,59.42
2024-03-06 07:36:00,57.18,55.49,58.62
2024-03-06 07:36:30,54.57,55.94,61.75
2024-03-06 07:37:00,54.7,55.2,57.81
2024-03-06 07:37:30,56.48,56.08,59.77
2024-03-06 07:38:00,57.69,54.37,55.63
2024-03-06 07:38:30,58.14,54.82,59.68
2024-03-06 07:39:00,57.58,56.62,56.62
2024-03-06 07:39:30,55.52,56.51,56.22
2024-03-06 07:40:00,55.3,55.81,59.09
2024-03-06 07:40:30,57.39,55.66,57.88
2024-03-06 07:41:00,56.27,54.7,57.11
2024-03-06 07:41:30,56.39,56.44,58.72
2024-03-06 07:42:00,57.92,56.82,57.47
2024-03-06 07:42:30,55.8,54.96,58.28
2024-03-06 07:43:00,57.79,55.71,59.02
2024-03-06 07:43:30,58.09,55.3,57.45
2024-03-06 07:44:00,55.27,53.99,59.56
2024-03-06 07:44:30,56.48,54.67,59.12
2024-03-06 07:45:00,57.65,53.79,56.96
2024-03-06 07:45:30,56.39,54.13,58.11
2024-03-06 07:46:00,58.1,55.41,61.03
2024-03-06 07:46:30,56.4,53.68,58.68
2024-03-06 07:47:00,57.8,56.06,57.98
2024-03-06 07:47:30,56.25,55.05,
2024-03-06 07:48:00,58.07,54.91,60.71
2024-03-06 07:48:30,58.01,55.5,
2024-03-06 07:49:00,56.43,54.79,56.27
2024-03-06 07:49:30,57.42,55.35,57.22
2024-03-06 07:50:00,57.58,55.02,59.16
2024-03-06 07:50:30,55.23,54.91,56.69
2024-03-06 07:51:00,56.94,54.03,57.81
2024-03-06 07:51:30,55.11,54.26,57.64
2024-03-06 07:52:00,57.15,,57.25
2024-03-06 07:52:30,56.88,55.4,58.49
2024-03-06 07:53:00,57.29,55.08,57.39
2024-03-06 07:53:30,55.45,54.09,59.28
2024-03-06 07:54:00,57.59,54.11,
2024-03-06 07:54:30,58.05,55.99,55.86
2024-03-06 07:55:00,57.22,54.23,59.68
2024-03-06 07:55:30,58.85,56.78,56.75
2024-03-06 07:56:00,55.95,55.9,56.74
2024-03-06 07:56:30,56.29,55.95,57.12
2024-03-06 07:57:00,55.43,54.31,55.45
2024-03-06 07:57:30,58.41,55.27,59.69
2024-03-06 07:58:00,57.32,53.99,59.54
2024-03-06 07:58:30,54.63,,60.16
2024-03-06 07:59:00,58.41,54.72,59.12
2024-03-06 07:59:30,56.97,53.86,59.67
2024-03-06 08:00:00,55.77,53.45,58.65
2024-03-06 08:00:30,57.82,56.66,60.59
2024-03-06 08:01:00,56.84,55.39,55.69
2024-03-06 08:01:30,,55.4,55.88
2024-03-06 08:02:00,56.1,55.21,58.65
2024-03-06 08:02:30,56.38,53.39,57.99
2024-03-06 08:03:00,56.94,53.45,56.8
2024-03-06 08:03:30,56.83,55.0,56.71
2024-03-06 08:04:00,55.27,54.94,55.73
2024-03-06 08:04:30,55.36,55.75,57.31
2024-03-06 08:05:00,54.84,54.97,58.74
2024-03-06 08:05:30,58.92,54.72,58.82
2024-03-06 08:06:00,55.21,53.76,57.17
2024-03-06 08:06:30,55.85,,60.25
2024-03-06 08:07:00,56.3,55.94,56.34
2024-03-06 08:07:30,58.8,54.78,57.38
2024-03-06 08:08:00,56.56,54.74,57.43
2024-03-06 08:08:30,57.59,54.78,55.94
2024-03-06 08:09:00,58.11,53.24,61.27
2024-03-06 08:09:30,58.14,54.64,58.82
2024-03-06 08:10:00,58.38,54.43,59.94
2024-03-06 08:10:30,57.1,55.43,59.05
2024-03-06 08:11:00,59.4,53.97,58.82
2024-03-06 08:11:30,58.42,57.81,
2024-03-06 08:12:00,57.89,55.43,57.7
2024-03-06 08:12:30,56.77,54.32,58.92
2024-03-06 08:13:00,56.09,55.0,59.27
2024-03-06 08:13:30,55.36,55.23,57.82
2024-03-06 08:14:00,58.95,55.65,56.57
2024-03-06 08:14:30,56.03,52.22,57.66
2024-03-06 08:15:00,57.5,56.17,59.27
2024-03-06 08:15:30,56.89,54.19,59.15
2024-03-06 08:16:00,56.01,54.71,58.59
2024-03-06 08:16:30,54.75,55.48,59.18
2024-03-06 08:17:00,58.98,55.83,54.04
2024-03-06 08:17:30,57.36,57.09,60.51
2024-03-06 08:18:00,58.19,55.2,59.53
2024-03-06 08:18:30,56.52,56.06,58.06
2024-03-06 08:19:00,58.51,55.96,58.19
2024-03-06 08:19:30,56.21,56.37,56.47
2024-03-06 08:20:00,57.14,54.6,59.76
2024-03-06 08:20:30,55.36,56.04,58.2
2024-03-06 08:21:00,55.68,54.17,56.91
2024-03-06 08:21:30,57.93,55.59,55.96
2024-03-06 08:22:00,56.84,54.89,59.43
2024-03-06 08:22:30,58.05,55.15,56.0
2024-03-06 08:23:00,56.8,56.31,58.46
2024-03-06 08:23:30,55.76,54.86,55.02
2024-03-06 08:24:00,55.91,54.12,57.28
2024-03-06 08:24:30,58.36,54.38,58.29
2024-03-06 08:25:00,56.21,56.71,58.62
2024-03-06 08:25:30,58.08,54.89,60.63
2024-03-06 08:26:00,55.49,53.75,58.67
2024-03-06 08:26:30,58.04,55.12,57.95
2024-03-06 08:27:00,55.01,54.63,58.74
2024-03-06 08:27:30,56.22,56.16,58.47
2024-03-06 08:28:00,57.25,56.2,54.7
2024-03-06 08:28:30,,56.1,57.37
2024-03-06 08:29:00,55.8,56.4,57.45
2024-03-06 08:29:30,56.71,55.28,56.69
2024-03-06 08:30:00,57.91,54.73,55.69
2024-03-06 08:30:30,57.18,54.18,58.83
2024-03-06 08:31:00,55.43,55.32,57.08
2024-03-06 08:31:30,57.37,55.13,57.18
2024-03-06 08:32:00,58.26,52.7,58.57
2024-03-06 08:32:30,57.01,55.26,60.11
2024-03-06 08:33:00,57.3,55.37,59.82
2024-03-06 08:33:30,57.91,53.96,57.31
2024-03-06 08:34:00,57.05,54.69,58.81
2024-03-06 08:34:30,56.79,52.84,55.82
2024-03-06 08:35:00,56.74,55.0,58.61
2024-03-06 08:35:30,55.67,54.28,58.63
2024-03-06 08:36:00,57.95,56.12,57.16
2024-03-06 08:36:30,57.36,,60.42
2024-03-06 08:37:00,54.75,53.55,58.45
2024-03-06 08:37:30,57.42,54.17,57.22
2024-03-06 08:38:00,55.72,55.55,59.31
2024-03-06 08:38:30,59.04,52.81,57.11
2024-03-06 08:39:00,57.67,54.28,56.35
2024-03-06 08:39:30,56.68,55.29,60.09
2024-03-06 08:40:00,56.05,55.27,54.7
2024-03-06 08:40:30,56.47,55.37,57.73
2024-03-06 08:41:00,54.78,54.76,
2024-03-06 08:41:30,57.76,57.6,60.39
2024-03-06 08:42:00,55.27,53.15,55.44
2024-03-06 08:42:30,54.83,54.68,61.14
2024-03-06 08:43:00,58.08,53.98,59.87
2024-03-06 08:43:30,56.89,54.09,57.35
2024-03-06 08:44:00,56.83,53.68,60.91
2024-03-06 08:44:30,57.75,54.91,55.93
2024-03-06 08:45:00,57.66,53.87,58.92
2024-03-06 08:45:30,57.95,55.46,57.66
2024-03-06 08:46:00,56.47,54.32,55.48
2024-03-06 08:46:30,55.42,55.67,59.94
2024-03-06 08:47:00,55.97,55.09,55.81
2024-03-06 08:47:30,55.55,54.42,58.7
2024-03-06 08:48:00,57.64,53.68,55.58
2024-03-06 08:48:30,57.39,53.57,56.74
2024-03-06 08:49:00,56.21,55.03,56.36
2024-03-06 08:49:30,57.55,55.33,58.42
2024-03-06 08:50:00,55.41,55.44,57.88
2024-03-06 08:50:30,57.28,56.16,57.98
2024-03-06 08:51:00,56.38,54.61,56.61
2024-03-06 08:51:30,56.95,55.32,59.34
2024-03-06 08:52:00,58.89,54.22,57.15
2024-03-06 08:52:30,59.66,55.21,58.4
2024-03-06 08:53:00,56.45,53.91,58.51
2024-03-06 08:53:30,55.75,54.5,60.26
2024-03-06 08:54:00,55.68,54.49,56.75
2024-03-06 08:54:30,57.95,55.26,58.37
2024-03-06 08:55:00,55.91,55.51,58.39
2024-03-06 08:55:30,58.75,54.88,56.81
2024-03-06 08:56:00,53.74,52.9,55.49
2024-03-06 08:56:30,57.07,54.39,56.42
2024-03-06 08:57:00,57.22,54.09,57.15
2024-03-06 08:57:30,55.69,53.79,57.77
2024-03-06 08:58:00,56.48,55.76,57.89
2024-03-06 08:58:30,54.38,55.15,58.65
2024-03-06 08:59:00,56.19,54.91,58.89
2024-03-06 08:59:30,56.13,55.72,58.05
2024-03-06 09:00:00,56.46,53.95,55.9
2024-03-06 09:00:30,54.69,56.26,60.62
2024-03-06 09:01:00,55.61,55.65,55.99
2024-03-06 09:01:30,55.93,54.18,56.54
2024-03-06 09:02:00,54.18,55.19,55.7
2024-03-06 09:02:30,55.94,54.29,57.6
2024-03-06 09:03:00,57.43,57.14,58.56
2024-03-06 09:03:30,56.92,53.55,57.52
2024-03-06 09:04:00,57.69,54.69,52.51
2024-03-06 09:04:30,56.6,54.31,56.82
2024-03-06 09:05:00,58.05,54.25,58.85
2024-03-06 09:05:30,56.57,53.85,58.07
2024-03-06 09:06:00,59.08,54.97,58.31
2024-03-06 09:06:30,58.59,54.4,57.22
2024-03-06 09:07:00,55.87,52.79,57.66
2024-03-06 09:07:30,58.27,53.0,58.27
2024-03-06 09:08:00,55.14,53.84,56.58
2024-03-06 09:08:30,57.1,56.08,60.01
2024-03-06 09:09:00,55.62,53.88,59.6
2024-03-06 09:09:30,54.62,54.1,58.01
2024-03-06 09:10:00,58.11,55.26,55.81
2024-03-06 09:10:30,57.95,55.97,56.22
2024-03-06 09:11:00,55.59,54.73,58.0
2024-03-06 09:11:30,56.18,55.6,57.51
2024-03-06 09:12:00,55.72,55.35,58.41
2024-03-06 09:12:30,55.8,54.37,58.0
2024-03-06 09:13:00,57.94,55.25,56.71
2024-03-06 09:13:30,54.93,55.72,57.73
2024-03-06 09:14:00,55.41,54.77,56.86
2024-03-06 09:14:30,56.49,53.52,55.79
2024-03-06 09:15:00,56.01,56.02,56.42
2024-03-06 09:15:30,57.08,52.03,57.19
2024-03-06 09:16:00,57.64,54.0,55.56
2024-03-06 09:16:30,55.2,56.75,55.35
2024-03-06 09:17:00,57.87,55.98,57.66
2024-03-06 09:17:30,57.28,53.36,55.36
2024-03-06 09:18:00,56.96,56.78,58.06
2024-03-06 09:18:30,56.83,55.05,57.98
2024-03-06 09:19:00,56.09,55.56,58.98
2024-03-06 09:19:30,57.25,53.28,56.39
2024-03-06 09:20:00,54.31,54.02,57.2
2024-03-06 09:20:30,54.46,57.36,56.15
2024-03-06 09:21:00,58.23,53.8,56.49
2024-03-06 09:21:30,57.87,53.95,
2024-03-06 09:22:00,56.1,53.16,58.66
2024-03-06 09:22:30,56.16,56.08,57.06
2024-03-06 09:23:00,55.86,54.26,56.38
2024-03-06 09:23:30,56.3,55.83,57.62
2024-03-06 09:24:00,57.0,53.96,57.32
2024-03-06 09:24:30,,53.83,59.3
2024-03-06 09:25:00,56.82,52.74,58.82
2024-03-06 09:25:30,54.43,55.04,55.35
2024-03-06 09:26:00,56.48,53.43,58.6
2024-03-06 09:26:30,54.5,53.55,56.9
2024-03-06 09:27:00,54.7,54.32,57.54
2024-03-06 09:27:30,55.21,53.77,58.15
2024-03-06 09:28:00,54.1,53.71,59.85
2024-03-06 09:28:30,54.71,54.26,55.62
2024-03-06 09:29:00,57.37,55.26,58.95
2024-03-06 09:29:30,55.41,53.3,57.22
2024-03-06 09:30:00,55.42,54.93,56.35
2024-03-06 09:30:30,55.52,55.47,58.88
2024-03-06 09:31:00,54.17,55.65,57.57
2024-03-06 09:31:30,56.91,55.84,56.0
2024-03-06 09:32:00,56.69,55.38,59.28
2024-03-06 09:32:30,55.19,54.1,57.64
2024-03-06 09:33:00,56.73,52.38,56.01
2024-03-06 09:33:30,55.6,55.22,58.72
2024-03-06 09:34:00,55.32,,58.39
2024-03-06 09:34:30,55.26,55.03,58.81
2024-03-06 09:35:00,55.53,54.2,55.29
2024-03-06 09:35:30,55.75,54.29,58.47
2024-03-06 09:36:00,54.34,55.23,58.15
2024-03-06 09:36:30,55.08,53.95,55.33
2024-03-06 09:37:00,56.18,52.45,59.95
2024-03-06 09:37:30,54.49,53.65,55.47
2024-03-06 09:38:00,55.56,55.24,55.75
2024-03-06 09:38:30,55.13,55.43,57.98
2024-03-06 09:39:00,,54.6,
2024-03-06 09:39:30,55.93,53.81,58.86
2024-03-06 09:40:00,55.84,54.65,57.83
2024-03-06 09:40:30,55.62,55.07,57.24
2024-03-06 09:41:00,56.0,52.66,58.22
2024-03-06 09:41:30,55.16,53.57,56.84
2024-03-06 09:42:00,55.79,53.02,55.93
2024-03-06 09:42:30,54.3,53.6,55.72
2024-03-06 09:43:00,53.14,54.1,56.65
2024-03-06 09:43:30,56.34,54.91,56.72
2024-03-06 09:44:00,54.17,53.55,57.5
2024-03-06 09:44:30,53.65,51.92,56.25
2024-03-06 09:45:00,54.66,53.08,58.39
2024-03-06 09:45:30,54.52,54.3,55.09
2024-03-06 09:46:00,55.0,54.3,
2024-03-06 09:46:30,55.37,53.6,54.49
2024-03-06 09:47:00,54.92,55.56,57.43
2024-03-06 09:47:30,55.98,53.6,56.5
2024-03-06 09:48:00,56.08,53.58,54.48
2024-03-06 09:48:30,55.63,54.73,56.29
2024-03-06 09:49:00,55.63,55.42,56.41
2024-03-06 09:49:30,55.92,55.24,58.08
2024-03-06 09:50:00,57.91,54.66,56.51
2024-03-06 09:50:30,55.51,53.14,56.46
2024-03-06 09:51:00,57.59,53.59,58.85
2024-03-06 09:51:30,55.85,55.44,
2024-03-06 09:52:00,54.75,52.57,58.61
2024-03-06 09:52:30,55.72,52.88,56.57
2024-03-06 09:53:00,55.65,52.27,56.69
2024-03-06 09:53:30,,53.07,58.63
2024-03-06 09:54:00,53.83,54.95,56.23
2024-03-06 09:54:30,53.67,52.7,56.12
2024-03-06 09:55:00,54.77,51.98,52.29
2024-03-06 09:55:30,55.82,54.3,56.32
2024-03-06 09:56:00,53.31,54.46,55.99
2024-03-06 09:56:30,56.45,53.54,55.96
2024-03-06 09:57:00,56.29,55.02,57.05
2024-03-06 09:57:30,55.8,55.35,54.77
2024-03-06 09:58:00,56.91,52.65,56.34
2024-03-06 09:58:30,53.7,54.26,54.8
2024-03-06 09:59:00,53.77,53.42,57.14
2024-03-06 09:59:30,57.16,52.11,53.47
2024-03-06 10:00:00,54.84,52.75,56.82
2024-03-06 10:00:30,54.01,53.92,54.81
2024-03-06 10:01:00,56.34,52.41,55.12
2024-03-06 10:01:30,55.97,54.24,55.02
2024-03-06 10:02:00,57.17,53.55,57.17
2024-03-06 10:02:30,56.3,54.05,56.93
2024-03-06 10:03:00,,52.6,57.99
2024-03-06 10:03:30,55.05,53.11,56.66
2024-03-06 10:04:00,56.91,52.94,58.4
2024-03-06 10:04:30,57.6,53.22,56.5
2024-03-06 10:05:00,54.51,54.24,55.75
2024-03-06 10:05:30,54.44,52.83,56.65
2024-03-06 10:06:00,55.33,53.38,55.6
2024-03-06 10:06:30,54.81,,55.4
2024-03-06 10:07:00,53.79,52.67,55.43
2024-03-06 10:07:30,56.3,53.5,56.4
2024-03-06 10:08:00,56.35,55.49,55.6
2024-03-06 10:08:30,53.55,54.12,56.99
2024-03-06 10:09:00,,54.42,56.72
2024-03-06 10:09:30,54.97,51.84,55.07
2024-03-06 10:10:00,53.35,52.86,55.43
2024-03-06 10:10:30,54.92,55.28,57.16
2024-03-06 10:11:00,53.19,54.26,55.66
2024-03-06 10:11:30,56.05,53.78,57.25
2024-03-06 10:12:00,53.1,,55.12
2024-03-06 10:12:30,54.3,53.4,55.64
2024-03-06 10:13:00,55.29,54.66,55.74
2024-03-06 10:13:30,53.81,55.84,56.23
2024-03-06 10:14:00,55.63,54.55,57.7
2024-03-06 10:14:30,53.88,52.77,54.95
2024-03-06 10:15:00,55.55,52.41,55.65
2024-03-06 10:15:30,55.34,52.23,56.83
2024-03-06 10:16:00,54.54,51.25,55.45
2024-03-06 10:16:30,54.4,52.51,56.39
2024-03-06 10:17:00,53.61,53.57,54.9
2024-03-06 10:17:30,55.44,55.3,57.42
2024-03-06 10:18:00,54.47,54.02,55.14
2024-03-06 10:18:30,54.85,53.08,55.15
2024-03-06 10:19:00,53.08,52.85,56.8
2024-03-06 10:19:30,54.24,52.21,57.11
2024-03-06 10:20:00,52.67,53.17,55.52
2024-03-06 10:20:30,55.39,52.58,56.47
2024-03-06 10:21:00,55.09,52.64,54.38
2024-03-06 10:21:30,54.47,53.24,56.05
2024-03-06 10:22:00,54.13,53.17,54.83
2024-03-06 10:22:30,53.54,51.89,54.44
2024-03-06 10:23:00,55.47,52.29,53.86
2024-03-06 10:23:30,53.76,54.6,56.77
2024-03-06 10:24:00,53.47,51.76,55.83
2024-03-06 10:24:30,54.57,51.15,55.15
2024-03-06 10:25:00,55.78,53.88,53.86
2024-03-06 10:25:30,55.66,53.16,56.31
2024-03-06 10:26:00,53.0,53.86,52.16
2024-03-06 10:26:30,55.91,52.55,53.99
2024-03-06 10:27:00,55.07,51.25,55.16
2024-03-06 10:27:30,56.75,53.78,55.57
2024-03-06 10:28:00,54.42,54.35,56.7
2024-03-06 10:28:30,55.17,52.38,54.5
2024-03-06 10:29:00,54.5,54.0,55.04
2024-03-06 10:29:30,54.41,50.93,
2024-03-06 10:30:00,53.77,52.14,55.14
2024-03-06 10:30:30,54.88,52.02,56.16
2024-03-06 10:31:00,54.59,53.62,55.17
2024-03-06 10:31:30,52.5,53.85,52.68
2024-03-06 10:32:00,53.05,52.5,54.73
2024-03-06 10:32:30,52.56,52.17,54.24
2024-03-06 10:33:00,54.2,51.8,55.56
2024-03-06 10:33:30,54.87,53.09,55.89
2024-03-06 10:34:00,54.55,53.09,57.38
2024-03-06 10:34:30,52.9,52.67,57.42
2024-03-06 10:35:00,53.53,50.6,55.24
2024-03-06 10:35:30,53.31,53.45,54.65
2024-03-06 10:36:00,54.19,51.96,57.58
2024-03-06 10:36:30,54.43,53.91,54.73
2024-03-06 10:37:00,57.17,52.28,55.65
2024-03-06 10:37:30,53.38,52.75,54.25
2024-03-06 10:38:00,55.29,51.41,56.81
2024-03-06 10:38:30,53.21,54.14,55.48
2024-03-06 10:39:00,55.12,52.2,55.61
2024-03-06 10:39:30,53.17,53.01,54.89
2024-03-06 10:40:00,53.74,52.07,54.56
2024-03-06 10:40:30,52.22,51.68,53.15
2024-03-06 10:41:00,55.23,52.37,56.77
2024-03-06 10:41:30,54.01,52.53,53.73
2024-03-06 10:42:00,52.28,51.16,54.46
2024-03-06 10:42:30,53.77,52.01,57.5
2024-03-06 10:43:00,53.95,51.82,53.3
2024-03-06 10:43:30,52.67,52.26,54.89
2024-03-06 10:44:00,54.6,51.71,56.38
2024-03-06 10:44:30,55.41,54.49,53.94
2024-03-06 10:45:00,54.2,53.15,54.45
2024-03-06 10:45:30,53.82,51.45,55.16
2024-03-06 10:46:00,54.68,52.03,56.28
2024-03-06 10:46:30,53.34,51.87,53.24
2024-03-06 10:47:00,54.62,51.42,55.42
2024-03-06 10:47:30,54.05,53.17,54.34
2024-03-06 10:48:00,54.88,54.13,54.85
2024-03-06 10:48:30,55.12,52.0,54.4
2024-03-06 10:49:00,54.25,51.92,57.38
2024-03-06 10:49:30,53.75,54.0,52.19
2024-03-06 10:50:00,51.46,51.43,54.47
2024-03-06 10:50:30,52.53,52.91,52.75
2024-03-06 10:51:00,53.74,52.87,54.77
2024-03-06 10:51:30,53.84,53.51,56.93
2024-03-06 10:52:00,54.0,51.69,
2024-03-06 10:52:30,55.27,51.5,53.97
2024-03-06 10:53:00,54.87,51.4,52.71
2024-03-06 10:53:30,54.02,,54.74
2024-03-06 10:54:00,52.57,51.05,55.55
2024-03-06 10:54:30,54.64,51.78,52.15
2024-03-06 10:55:00,53.38,52.01,57.65
2024-03-06 10:55:30,54.76,51.48,54.56
2024-03-06 10:56:00,53.72,51.76,54.52
2024-03-06 10:56:30,52.47,52.41,51.89
2024-03-06 10:57:00,53.74,50.65,54.64
2024-03-06 10:57:30,54.52,52.27,55.61
2024-03-06 10:58:00,53.76,51.76,52.24
2024-03-06 10:58:30,52.76,52.05,53.8
2024-03-06 10:59:00,53.59,53.47,54.71
2024-03-06 10:59:30,52.19,,55.01
2024-03-06 11:00:00,51.54,52.29,52.41
2024-03-06 11:00:30,53.69,52.8,55.0
2024-03-06 11:01:00,52.51,52.85,54.75
2024-03-06 11:01:30,54.41,50.63,53.26
2024-03-06 11:02:00,52.58,52.16,52.04
2024-03-06 11:02:30,54.0,50.84,56.22
2024-03-06 11:03:00,54.88,52.73,53.14
2024-03-06 11:03:30,50.22,53.16,53.87
2024-03-06 11:04:00,53.52,53.0,55.3
2024-03-06 11:04:30,51.88,50.82,54.95
2024-03-06 11:05:00,54.49,52.77,54.06
2024-03-06 11:05:30,54.42,51.43,54.37
2024-03-06 11:06:00,51.97,52.32,
2024-03-06 11:06:30,52.46,52.09,54.45
2024-03-06 11:07:00,52.22,51.84,51.67
2024-03-06 11:07:30,51.71,52.08,53.19
2024-03-06 11:08:00,53.11,50.49,54.19
2024-03-06 11:08:30,53.55,50.08,53.79
2024-03-06 11:09:00,53.85,49.6,51.86
2024-03-06 11:09:30,51.76,51.5,54.93
2024-03-06 11:10:00,53.6,49.12,55.8
2024-03-06 11:10:30,54.18,52.01,51.88
2024-03-06 11:11:00,52.93,51.94,54.47
2024-03-06 11:11:30,,53.43,52.06
2024-03-06 11:12:00,,51.32,53.8
2024-03-06 11:12:30,53.45,53.4,54.65
2024-03-06 11:13:00,50.47,51.5,54.79
2024-03-06 11:13:30,52.01,50.39,54.02
2024-03-06 11:14:00,52.06,49.56,55.03
2024-03-06 11:14:30,52.16,50.07,55.22
2024-03-06 11:15:00,50.38,53.39,55.68
2024-03-06 11:15:30,52.12,50.5,53.53
2024-03-06 11:16:00,51.61,48.98,53.94
2024-03-06 11:16:30,,49.94,55.2
2024-03-06 11:17:00,53.6,51.86,53.21
2024-03-06 11:17:30,51.86,50.34,56.4
2024-03-06 11:18:00,54.25,51.79,52.57
2024-03-06 11:18:30,50.3,50.78,55.54
2024-03-06 11:19:00,50.93,49.48,53.09
2024-03-06 11:19:30,52.51,50.29,54.46
2024-03-06 11:20:00,51.97,50.94,52.9
2024-03-06 11:20:30,52.55,50.9,52.76
2024-03-06 11:21:00,51.44,51.62,52.27
2024-03-06 11:21:30,52.14,50.33,56.23
2024-03-06 11:22:00,55.56,49.83,54.9
2024-03-06 11:22:30,52.31,50.52,53.38
2024-03-06 11:23:00,52.18,49.16,55.33
2024-03-06 11:23:30,51.11,53.11,56.86
2024-03-06 11:24:00,53.05,51.34,50.33
2024-03-06 11:24:30,54.55,50.22,53.87
2024-03-06 11:25:00,53.76,50.67,53.56
2024-03-06 11:25:30,54.54,50.46,56.39
2024-03-06 11:26:00,53.7,51.18,52.99
2024-03-06 11:26:30,52.9,49.63,53.44
2024-03-06 11:27:00,53.2,48.87,55.56
2024-03-06 11:27:30,52.82,51.07,54.5
2024-03-06 11:28:00,51.59,49.74,52.86
2024-03-06 11:28:30,52.6,51.89,54.52
2024-03-06 11:29:00,53.28,49.23,53.28
2024-03-06 11:29:30,51.18,51.63,54.81
2024-03-06 11:30:00,51.2,50.68,53.86
2024-03-06 11:30:30,52.5,50.7,52.59
2024-03-06 11:31:00,53.5,51.96,53.35
2024-03-06 11:31:30,52.75,48.73,51.29
2024-03-06 11:32:00,53.02,49.59,52.55
2024-03-06 11:32:30,51.69,49.15,54.46
2024-03-06 11:33:00,52.48,50.57,53.5
2024-03-06 11:33:30,50.35,49.06,55.43
2024-03-06 11:34:00,52.2,49.68,52.06
2024-03-06 11:34:30,52.29,51.74,53.41
2024-03-06 11:35:00,52.57,50.23,53.82
2024-03-06 11:35:30,50.55,50.07,52.43
2024-03-06 11:36:00,51.84,50.44,51.25
2024-03-06 11:36:30,51.9,50.76,50.04
2024-03-06 11:37:00,54.58,49.22,55.61
2024-03-06 11:37:30,52.35,49.92,52.4
2024-03-06 11:38:00,51.76,49.32,51.31
2024-03-06 11:38:30,50.38,49.79,51.54
2024-03-06 11:39:00,52.57,51.25,52.32
2024-03-06 11:39:30,50.85,49.66,52.62
2024-03-06 11:40:00,52.87,48.46,53.22
2024-03-06 11:40:30,51.92,52.6,50.62
2024-03-06 11:41:00,51.05,49.65,51.85
2024-03-06 11:41:30,51.55,50.09,50.25
2024-03-06 11:42:00,51.39,48.37,53.61
2024-03-06 11:42:30,51.63,50.84,53.41
2024-03-06 11:43:00,49.77,50.7,52.45
2024-03-06 11:43:30,52.11,49.16,54.26
2024-03-06 11:44:00,52.38,50.05,51.96
2024-03-06 11:44:30,,49.04,51.78
2024-03-06 11:45:00,53.16,51.13,52.82
2024-03-06 11:45:30,51.79,49.74,51.32
2024-03-06 11:46:00,51.1,50.54,52.7
2024-03-06 11:46:30,52.04,49.74,51.31
2024-03-06 11:47:00,52.2,48.19,50.89
2024-03-06 11:47:30,49.85,50.88,
2024-03-06 11:48:00,52.5,48.87,51.96
2024-03-06 11:48:30,52.51,48.36,52.36
2024-03-06 11:49:00,51.07,49.2,54.27
2024-03-06 11:49:30,51.07,49.96,52.68
2024-03-06 11:50:00,50.19,,53.05
2024-03-06 11:50:30,48.71,48.03,52.14
2024-03-06 11:51:00,53.06,51.0,53.94
2024-03-06 11:51:30,51.49,,50.73
2024-03-06 11:52:00,49.64,49.15,51.87
2024-03-06 11:52:30,51.29,51.63,52.22
2024-03-06 11:53:00,51.8,48.87,51.08
2024-03-06 11:53:30,50.99,47.09,52.16
2024-03-06 11:54:00,52.56,50.18,52.86
2024-03-06 11:54:30,51.22,51.41,52.35
2024-03-06 11:55:00,48.31,49.89,51.12
2024-03-06 11:55:30,50.27,49.69,54.49
2024-03-06 11:56:00,51.67,50.38,53.38
2024-03-06 11:56:30,50.42,51.38,51.8
2024-03-06 11:57:00,48.98,51.39,50.15
2024-03-06 11:57:30,51.41,51.25,52.12
2024-03-06 11:58:00,50.28,49.69,52.05
2024-03-06 11:58:30,49.22,48.08,52.13
2024-03-06 11:59:00,51.12,49.98,49.7
2024-03-06 11:59:30,51.8,48.59,51.56
2024-03-06 12:00:00,50.96,48.62,51.72
2024-03-06 12:00:30,51.03,50.31,53.02
2024-03-06 12:01:00,48.09,50.33,51.65
2024-03-06 12:01:30,53.15,48.84,50.25
2024-03-06 12:02:00,51.53,49.66,51.83
2024-03-06 12:02:30,48.28,50.15,52.46
2024-03-06 12:03:00,48.72,47.51,51.88
2024-03-06 12:03:30,50.94,49.91,49.63
2024-03-06 12:04:00,50.0,50.1,52.23
2024-03-06 12:04:30,50.88,49.69,52.22
2024-03-06 12:05:00,49.35,49.39,51.23
2024-03-06 12:05:30,50.79,47.85,49.35
2024-03-06 12:06:00,50.38,49.51,50.37
2024-03-06 12:06:30,51.29,49.48,52.96
2024-03-06 12:07:00,50.58,47.12,50.16
2024-03-06 12:07:30,50.19,,50.49
2024-03-06 12:08:00,50.49,49.25,52.39
2024-03-06 12:08:30,50.35,,49.9
2024-03-06 12:09:00,51.56,46.54,50.82
2024-03-06 12:09:30,52.24,47.98,51.18
2024-03-06 12:10:00,48.14,48.98,
2024-03-06 12:10:30,51.1,49.68,52.89
2024-03-06 12:11:00,50.31,48.87,50.25
2024-03-06 12:11:30,50.61,48.68,51.24
2024-03-06 12:12:00,49.51,49.11,51.18
2024-03-06 12:12:30,51.16,48.06,51.56
2024-03-06 12:13:00,49.62,49.64,
2024-03-06 12:13:30,49.12,48.75,51.79
2024-03-06 12:14:00,47.53,46.5,49.65
2024-03-06 12:14:30,51.95,48.93,48.17
2024-03-06 12:15:00,47.24,47.69,49.8
2024-03-06 12:15:30,50.97,47.79,52.42
2024-03-06 12:16:00,52.1,50.25,53.44
2024-03-06 12:16:30,50.13,49.29,52.01
2024-03-06 12:17:00,48.51,48.51,51.19
2024-03-06 12:17:30,50.29,49.78,51.54
2024-03-06 12:18:00,49.52,49.51,51.63
2024-03-06 12:18:30,51.73,50.16,51.03
2024-03-06 12:19:00,49.6,49.03,48.32
2024-03-06 12:19:30,49.85,48.46,50.82
2024-03-06 12:20:00,49.15,49.02,50.24
2024-03-06 12:20:30,,48.81,49.66
2024-03-06 12:21:00,48.94,47.76,51.26
2024-03-06 12:21:30,47.37,48.04,52.08
2024-03-06 12:22:00,50.89,48.78,48.49
2024-03-06 12:22:30,48.77,46.44,51.16
2024-03-06 12:23:00,49.81,49.55,53.77
2024-03-06 12:23:30,50.97,47.89,51.35
2024-03-06 12:24:00,51.09,49.44,48.22
2024-03-06 12:24:30,48.93,46.98,51.34
2024-03-06 12:25:00,49.99,47.81,47.43
2024-03-06 12:25:30,50.98,47.75,50.93
2024-03-06 12:26:00,48.89,47.9,51.24
2024-03-06 12:26:30,51.08,47.57,50.65
2024-03-06 12:27:00,48.09,47.82,51.88
2024-03-06 12:27:30,48.75,48.57,51.84
2024-03-06 12:28:00,48.63,47.79,50.72
2024-03-06 12:28:30,49.78,49.29,49.73
2024-03-06 12:29:00,49.9,47.0,50.81
2024-03-06 12:29:30,47.24,46.82,49.06
2024-03-06 12:30:00,,,46.67
2024-03-06 12:30:30,50.21,48.69,51.21
2024-03-06 12:31:00,52.19,47.9,48.61
2024-03-06 12:31:30,48.25,46.9,49.72
2024-03-06 12:32:00,48.39,46.1,49.81
2024-03-06 12:32:30,48.71,49.52,49.75
2024-03-06 12:33:00,48.41,48.97,51.19
2024-03-06 12:33:30,49.03,47.04,51.81
2024-03-06 12:34:00,49.35,47.62,49.5
2024-03-06 12:34:30,48.34,45.98,50.63
2024-03-06 12:35:00,48.04,48.0,52.13
2024-03-06 12:35:30,48.79,48.12,49.58
2024-03-06 12:36:00,50.36,46.63,51.03
2024-03-06 12:36:30,47.74,48.01,51.48
2024-03-06 12:37:00,49.98,46.99,50.86
2024-03-06 12:37:30,50.37,49.16,46.94
2024-03-06 12:38:00,48.38,48.95,49.86
2024-03-06 12:38:30,47.82,46.03,49.87
2024-03-06 12:39:00,49.03,48.34,49.26
2024-03-06 12:39:30,46.52,49.66,48.0
2024-03-06 12:40:00,48.79,47.57,48.03
2024-03-06 12:40:30,48.84,46.39,48.62
2024-03-06 12:41:00,48.59,46.85,50.95
2024-03-06 12:41:30,48.9,47.16,50.12
2024-03-06 12:42:00,48.92,45.87,49.88
2024-03-06 12:42:30,49.75,47.89,47.39
2024-03-06 12:43:00,49.79,45.88,49.56
2024-03-06 12:43:30,50.4,48.18,51.83
2024-03-06 12:44:00,47.79,47.54,47.38
2024-03-06 12:44:30,50.61,47.9,49.45
2024-03-06 12:45:00,49.25,48.24,49.72
2024-03-06 12:45:30,49.09,47.27,49.64
2024-03-06 12:46:00,48.42,45.85,50.55
2024-03-06 12:46:30,48.5,46.11,51.46
2024-03-06 12:47:00,47.12,45.69,48.13
2024-03-06 12:47:30,49.37,47.22,50.64
2024-03-06 12:48:00,50.82,,51.04
2024-03-06 12:48:30,45.35,47.26,47.51
2024-03-06 12:49:00,49.53,46.49,48.2
2024-03-06 12:49:30,49.27,44.91,
2024-03-06 12:50:00,47.22,46.56,46.62
2024-03-06 12:50:30,47.35,47.51,48.64
2024-03-06 12:51:00,48.18,45.69,50.32
2024-03-06 12:51:30,47.33,46.93,51.17
2024-03-06 12:52:00,46.88,46.21,52.93
2024-03-06 12:52:30,46.91,47.11,48.36
2024-03-06 12:53:00,49.0,46.07,50.33
2024-03-06 12:53:30,49.62,45.71,48.4
2024-03-06 12:54:00,50.09,48.57,50.24
2024-03-06 12:54:30,49.94,47.09,50.07
2024-03-06 12:55:00,48.1,46.94,45.52
2024-03-06 12:55:30,49.59,47.58,50.39
2024-03-06 12:56:00,49.91,47.02,46.14
2024-03-06 12:56:30,48.65,47.7,50.45
2024-03-06 12:57:00,47.14,45.87,48.61
2024-03-06 12:57:30,48.08,47.55,49.64
2024-03-06 12:58:00,46.94,45.07,47.41
2024-03-06 12:58:30,49.3,46.59,49.68
2024-03-06 12:59:00,45.91,46.67,49.06
2024-03-06 12:59:30,48.62,46.76,50.67
2024-03-06 13:00:00,48.26,47.36,50.41
2024-03-06 13:00:30,49.42,47.16,49.38
2024-03-06 13:01:00,47.78,47.26,46.76
2024-03-06 13:01:30,47.32,46.83,47.81
2024-03-06 13:02:00,48.37,44.96,49.18
2024-03-06 13:02:30,44.86,47.39,47.82
2024-03-06 13:03:00,46.55,45.67,
2024-03-06 13:03:30,47.87,46.34,
2024-03-06 13:04:00,48.31,46.11,47.59
2024-03-06 13:04:30,46.99,45.19,48.7
2024-03-06 13:05:00,46.77,45.55,50.5
2024-03-06 13:05:30,47.83,45.03,48.92
2024-03-06 13:06:00,48.82,47.61,47.5
2024-03-06 13:06:30,46.49,46.45,48.76
2024-03-06 13:07:00,47.2,45.58,51.04
2024-03-06 13:07:30,45.48,45.39,50.06
2024-03-06 13:08:00,46.36,46.32,48.16
2024-03-06 13:08:30,46.62,46.11,47.46
2024-03-06 13:09:00,45.76,45.3,
2024-03-06 13:09:30,45.39,47.6,50.6
2024-03-06 13:10:00,47.03,46.34,49.86
2024-03-06 13:10:30,46.45,47.0,47.54
2024-03-06 13:11:00,47.79,45.57,48.7
2024-03-06 13:11:30,46.6,45.85,48.86
2024-03-06 13:12:00,49.36,48.09,50.31
2024-03-06 13:12:30,45.31,46.54,46.69
2024-03-06 13:13:00,46.28,45.3,48.21
2024-03-06 13:13:30,47.89,45.12,48.87
2024-03-06 13:14:00,46.45,45.15,50.95
2024-03-06 13:14:30,46.7,45.07,47.23
2024-03-06 13:15:00,45.92,45.79,49.63
2024-03-06 13:15:30,46.75,44.07,46.78
2024-03-06 13:16:00,46.72,45.83,46.98
2024-03-06 13:16:30,47.64,43.87,45.91
2024-03-06 13:17:00,46.78,45.74,47.17
2024-03-06 13:17:30,46.57,45.3,47.24
2024-03-06 13:18:00,45.5,44.81,49.44
2024-03-06 13:18:30,46.53,45.62,47.45
2024-03-06 13:19:00,48.19,45.32,48.48
2024-03-06 13:19:30,46.79,45.74,46.15
2024-03-06 13:20:00,44.35,46.6,46.46
2024-03-06 13:20:30,46.87,45.18,47.1
2024-03-06 13:21:00,47.06,45.42,45.15
2024-03-06 13:21:30,46.58,46.49,48.49
2024-03-06 13:22:00,44.68,45.79,46.0
2024-03-06 13:22:30,46.09,44.72,45.41
2024-03-06 13:23:00,46.39,47.3,47.85
2024-03-06 13:23:30,46.48,45.06,49.36
2024-03-06 13:24:00,47.55,45.11,45.51
2024-03-06 13:24:30,47.32,45.66,48.84
2024-03-06 13:25:00,46.63,45.47,45.37
2024-03-06 13:25:30,46.54,45.1,46.08
2024-03-06 13:26:00,45.51,44.14,49.53
2024-03-06 13:26:30,46.31,43.94,45.11
2024-03-06 13:27:00,46.41,45.55,48.76
2024-03-06 13:27:30,44.16,43.84,46.42
2024-03-06 13:28:00,45.93,44.42,47.71
2024-03-06 13:28:30,46.76,45.16,46.71
2024-03-06 13:29:00,45.91,45.2,50.0
2024-03-06 13:29:30,47.53,44.84,45.71
2024-03-06 13:30:00,46.51,45.06,50.17
2024-03-06 13:30:30,45.0,,48.75
2024-03-06 13:31:00,44.74,46.69,49.18
2024-03-06 13:31:30,47.48,44.3,48.76
2024-03-06 13:32:00,43.18,46.33,48.67
2024-03-06 13:32:30,47.55,45.27,48.11
2024-03-06 13:33:00,48.17,44.77,46.02
2024-03-06 13:33:30,47.19,45.25,48.2
2024-03-06 13:34:00,,44.53,44.99
2024-03-06 13:34:30,45.62,46.36,49.32
2024-03-06 13:35:00,43.9,44.06,47.14
2024-03-06 13:35:30,44.64,45.17,45.18
2024-03-06 13:36:00,44.33,43.28,46.75
2024-03-06 13:36:30,44.62,43.39,45.25
2024-03-06 13:37:00,46.2,44.79,46.19
2024-03-06 13:37:30,47.29,45.0,46.02
2024-03-06 13:38:00,47.47,44.62,48.52
2024-03-06 13:38:30,46.37,45.49,48.44
2024-03-06 13:39:00,44.94,43.97,46.7
2024-03-06 13:39:30,44.2,43.37,45.99
2024-03-06 13:40:00,46.67,46.28,48.19
2024-03-06 13:40:30,47.52,,48.62
2024-03-06 13:41:00,45.63,43.31,46.96
2024-03-06 13:41:30,46.76,45.51,46.68
2024-03-06 13:42:00,45.48,44.94,45.3
2024-03-06 13:42:30,45.88,43.02,47.58
2024-03-06 13:43:00,44.26,43.9,45.82
2024-03-06 13:43:30,46.53,44.65,46.35
2024-03-06 13:44:00,44.38,44.52,49.11
2024-03-06 13:44:30,45.0,45.06,48.95
2024-03-06 13:45:00,46.69,42.68,46.94
2024-03-06 13:45:30,44.75,44.04,45.87
2024-03-06 13:46:00,45.32,44.64,45.06
2024-03-06 13:46:30,44.57,45.8,47.18
2024-03-06 13:47:00,46.85,44.4,46.54
2024-03-06 13:47:30,45.69,44.37,48.54
2024-03-06 13:48:00,48.04,43.42,46.84
2024-03-06 13:48:30,44.98,43.57,46.49
2024-03-06 13:49:00,45.84,43.41,44.38
2024-03-06 13:49:30,48.18,44.88,44.85
2024-03-06 13:50:00,44.22,44.37,46.65
2024-03-06 13:50:30,44.4,43.02,48.22
2024-03-06 13:51:00,46.37,,44.38
2024-03-06 13:51:30,45.34,42.52,46.21
2024-03-06 13:52:00,44.55,42.06,45.6
2024-03-06 13:52:30,44.05,43.92,44.17
2024-03-06 13:53:00,43.58,43.97,44.63
2024-03-06 13:53:30,42.92,43.63,48.37
2024-03-06 13:54:00,45.19,42.9,46.73
2024-03-06 13:54:30,44.69,42.28,45.87
2024-03-06 13:55:00,44.65,43.15,45.6
2024-03-06 13:55:30,44.96,42.85,46.18
2024-03-06 13:56:00,44.83,44.3,44.45
2024-03-06 13:56:30,46.02,42.07,47.02
2024-03-06 13:57:00,42.74,42.54,46.67
2024-03-06 13:57:30,42.68,43.5,46.53
2024-03-06 13:58:00,44.66,43.44,48.19
2024-03-06 13:58:30,44.04,42.83,45.14
2024-03-06 13:59:00,45.62,43.36,42.78
2024-03-06 13:59:30,45.11,44.69,48.28
2024-03-06 14:00:00,46.57,43.13,46.09
2024-03-06 14:00:30,42.75,44.39,45.31
2024-03-06 14:01:00,43.29,43.3,47.74
2024-03-06 14:01:30,46.16,41.6,44.11
2024-03-06 14:02:00,45.79,42.84,45.17
2024-03-06 14:02:30,44.92,44.55,45.83
2024-03-06 14:03:00,45.18,43.65,45.47
2024-03-06 14:03:30,46.02,43.38,44.89
2024-03-06 14:04:00,45.2,42.49,45.76
2024-03-06 14:04:30,45.0,43.18,46.24
2024-03-06 14:05:00,44.68,41.51,42.38
2024-03-06 14:05:30,43.88,43.38,47.69
2024-03-06 14:06:00,43.14,41.85,45.51
2024-03-06 14:06:30,43.79,43.47,48.1
2024-03-06 14:07:00,42.63,43.56,43.86
2024-03-06 14:07:30,45.48,43.64,46.87
2024-03-06 14:08:00,44.86,43.75,45.13
2024-03-06 14:08:30,41.89,42.56,42.99
2024-03-06 14:09:00,43.66,42.85,47.49
2024-03-06 14:09:30,43.15,44.61,48.52
2024-03-06 14:10:00,45.48,43.35,43.62
2024-03-06 14:10:30,45.04,43.03,43.61
2024-03-06 14:11:00,45.59,42.99,47.15
2024-03-06 14:11:30,46.47,42.73,46.93
2024-03-06 14:12:00,45.51,43.74,44.98
2024-03-06 14:12:30,45.02,42.75,43.11
2024-03-06 14:13:00,42.4,43.72,45.47
2024-03-06 14:13:30,43.71,43.46,46.53
2024-03-06 14:14:00,43.69,40.02,44.04
2024-03-06 14:14:30,47.26,43.04,46.06
2024-03-06 14:15:00,43.61,43.94,44.26
2024-03-06 14:15:30,45.11,42.59,48.46
2024-03-06 14:16:00,43.75,42.17,45.26
2024-03-06 14:16:30,41.96,43.16,43.7
2024-03-06 14:17:00,43.92,44.25,42.96
2024-03-06 14:17:30,43.77,41.02,43.47
2024-03-06 14:18:00,43.51,42.67,43.49
2024-03-06 14:18:30,43.98,41.98,46.46
2024-03-06 14:19:00,44.8,42.93,42.64
2024-03-06 14:19:30,42.24,43.62,47.71
2024-03-06 14:20:00,44.62,42.01,44.74
2024-03-06 14:20:30,42.89,43.94,42.47
2024-03-06 14:21:00,44.63,42.98,44.46
2024-03-06 14:21:30,42.9,43.56,45.01
2024-03-06 14:22:00,43.21,42.77,42.82
2024-03-06 14:22:30,42.98,41.63,45.59
2024-03-06 14:23:00,42.1,42.29,44.16
2024-03-06 14:23:30,43.09,41.91,47.54
2024-03-06 14:24:00,44.14,41.86,43.88
2024-03-06 14:24:30,42.01,42.28,41.58
2024-03-06 14:25:00,44.9,42.43,45.06
2024-03-06 14:25:30,42.59,42.37,45.53
2024-03-06 14:26:00,43.72,43.53,43.18
2024-03-06 14:26:30,41.61,43.22,43.23
2024-03-06 14:27:00,43.37,41.8,42.76
2024-03-06 14:27:30,43.95,41.97,43.03
2024-03-06 14:28:00,43.06,41.05,44.51
2024-03-06 14:28:30,41.6,,46.34
2024-03-06 14:29:00,44.28,43.78,43.94
2024-03-06 14:29:30,42.65,42.38,46.25
2024-03-06 14:30:00,43.61,42.21,44.85
2024-03-06 14:30:30,43.55,41.03,43.39
2024-03-06 14:31:00,42.46,41.55,45.07
2024-03-06 14:31:30,40.38,42.41,45.12
2024-03-06 14:32:00,42.26,41.6,46.52
2024-03-06 14:32:30,42.33,42.58,43.57
2024-03-06 14:33:00,41.75,41.55,44.5
2024-03-06 14:33:30,43.08,42.06,43.35
2024-03-06 14:34:00,42.62,40.92,45.59
2024-03-06 14:34:30,43.39,42.21,44.35
2024-03-06 14:35:00,43.06,39.76,43.5
2024-03-06 14:35:30,,41.01,44.31
2024-03-06 14:36:00,42.8,40.72,42.51
2024-03-06 14:36:30,45.22,39.14,43.24
2024-03-06 14:37:00,40.88,41.87,44.2
2024-03-06 14:37:30,43.77,42.72,
2024-03-06 14:38:00,45.38,40.56,42.68
2024-03-06 14:38:30,44.8,40.68,42.62
2024-03-06 14:39:00,43.52,40.52,40.96
2024-03-06 14:39:30,42.36,42.33,42.82
2024-03-06 14:40:00,41.04,40.84,41.78
2024-03-06 14:40:30,42.08,42.35,43.48
2024-03-06 14:41:00,42.95,41.29,43.77
2024-03-06 14:41:30,43.41,44.33,45.94
2024-03-06 14:42:00,41.87,42.11,40.89
2024-03-06 14:42:30,41.75,41.04,41.54
2024-03-06 14:43:00,42.05,41.19,41.78
2024-03-06 14:43:30,44.9,40.38,43.53
2024-03-06 14:44:00,43.73,41.24,45.74
2024-03-06 14:44:30,42.34,40.79,41.66
2024-03-06 14:45:00,42.32,41.85,43.59
2024-03-06 14:45:30,42.01,41.12,44.24
2024-03-06 14:46:00,41.56,39.91,42.57
2024-03-06 14:46:30,42.79,38.91,
2024-03-06 14:47:00,42.42,41.17,43.8
2024-03-06 14:47:30,42.16,42.66,40.8
2024-03-06 14:48:00,42.52,40.55,44.29
2024-03-06 14:48:30,43.92,41.35,43.89
2024-03-06 14:49:00,43.35,39.46,40.62
2024-03-06 14:49:30,41.25,40.85,40.07
2024-03-06 14:50:00,43.52,42.37,44.31
2024-03-06 14:50:30,40.28,41.01,44.34
2024-03-06 14:51:00,42.91,42.33,43.41
2024-03-06 14:51:30,41.18,40.15,42.78
2024-03-06 14:52:00,41.64,41.68,43.31
2024-03-06 14:52:30,43.19,39.07,42.08
2024-03-06 14:53:00,39.62,40.66,40.86
2024-03-06 14:53:30,41.45,41.29,45.2
2024-03-06 14:54:00,43.42,39.15,42.6
2024-03-06 14:54:30,40.79,39.89,41.71
2024-03-06 14:55:00,42.41,41.23,43.46
2024-03-06 14:55:30,41.5,41.49,
2024-03-06 14:56:00,41.19,40.71,44.62
2024-03-06 14:56:30,40.58,40.12,43.33
2024-03-06 14:57:00,42.71,40.01,41.69
2024-03-06 14:57:30,41.43,39.15,41.01
2024-03-06 14:58:00,39.67,39.78,41.36
2024-03-06 14:58:30,40.74,39.84,41.68
2024-03-06 14:59:00,41.87,40.77,42.16
2024-03-06 14:59:30,41.58,39.46,41.67
2024-03-06 15:00:00,39.8,40.3,41.43
2024-03-06 15:00:30,42.46,,41.78
2024-03-06 15:01:00,40.6,39.49,42.81
2024-03-06 15:01:30,40.22,39.83,43.19
2024-03-06 15:02:00,40.63,40.94,38.63
2024-03-06 15:02:30,40.26,41.53,44.39
2024-03-06 15:03:00,43.74,39.44,42.7
2024-03-06 15:03:30,42.27,40.0,42.06
2024-03-06 15:04:00,41.64,41.12,44.13
2024-03-06 15:04:30,41.61,39.92,43.76
2024-03-06 15:05:00,40.6,41.18,42.98
2024-03-06 15:05:30,40.35,,43.56
2024-03-06 15:06:00,39.52,39.23,41.71
2024-03-06 15:06:30,40.58,40.24,43.2
2024-03-06 15:07:00,40.07,39.87,43.26
2024-03-06 15:07:30,40.55,40.97,43.89
2024-03-06 15:08:00,40.39,38.84,42.96
2024-03-06 15:08:30,38.43,38.87,42.02
2024-03-06 15:09:00,42.25,40.31,41.1
2024-03-06 15:09:30,38.72,39.95,40.94
2024-03-06 15:10:00,39.17,39.27,41.09
2024-03-06 15:10:30,41.15,40.25,41.13
2024-03-06 15:11:00,42.53,39.25,44.71
2024-03-06 15:11:30,39.68,39.92,42.61
2024-03-06 15:12:00,38.74,38.85,41.95
2024-03-06 15:12:30,40.83,39.93,42.31
2024-03-06 15:13:00,41.47,40.34,
2024-03-06 15:13:30,41.86,40.2,43.43
2024-03-06 15:14:00,40.66,41.44,41.04
2024-03-06 15:14:30,40.23,40.48,40.34
2024-03-06 15:15:00,41.6,40.09,39.37
2024-03-06 15:15:30,39.27,38.92,43.03
2024-03-06 15:16:00,38.11,38.82,39.79
2024-03-06 15:16:30,40.36,39.32,42.63
2024-03-06 15:17:00,40.31,41.06,42.75
2024-03-06 15:17:30,40.8,38.08,40.45
2024-03-06 15:18:00,42.26,38.13,42.39
2024-03-06 15:18:30,39.98,40.96,42.54
2024-03-06 15:19:00,40.85,39.3,40.83
2024-03-06 15:19:30,41.21,39.41,41.79
2024-03-06 15:20:00,40.71,38.97,41.72
2024-03-06 15:20:30,40.03,39.74,41.27
2024-03-06 15:21:00,40.75,37.95,41.56
2024-03-06 15:21:30,40.0,38.71,40.69
2024-03-06 15:22:00,41.26,37.36,42.05
2024-03-06 15:22:30,38.44,39.06,42.29
2024-03-06 15:23:00,39.57,39.24,40.89
2024-03-06 15:23:30,39.0,39.01,39.64
2024-03-06 15:24:00,42.31,39.15,
2024-03-06 15:24:30,39.06,39.86,38.8
2024-03-06 15:25:00,41.91,39.69,40.6
2024-03-06 15:25:30,42.46,37.68,40.08
2024-03-06 15:26:00,40.83,37.54,42.52
2024-03-06 15:26:30,40.25,40.18,42.68
2024-03-06 15:27:00,41.4,39.08,38.75
2024-03-06 15:27:30,39.32,38.28,41.52
2024-03-06 15:28:00,40.16,39.41,40.81
2024-03-06 15:28:30,39.72,38.57,41.94
2024-03-06 15:29:00,38.67,39.03,41.82
2024-03-06 15:29:30,40.16,38.76,39.44
2024-03-06 15:30:00,37.99,38.46,42.55
2024-03-06 15:30:30,38.43,39.27,39.47
2024-03-06 15:31:00,40.94,38.44,40.07
2024-03-06 15:31:30,37.26,39.51,41.18
2024-03-06 15:32:00,39.6,37.18,39.67
2024-03-06 15:32:30,40.24,39.34,40.6
2024-03-06 15:33:00,41.28,37.41,40.54
2024-03-06 15:33:30,40.68,38.76,37.94
2024-03-06 15:34:00,39.19,39.61,38.74
2024-03-06 15:34:30,40.51,39.98,38.5
2024-03-06 15:35:00,40.05,38.87,42.53
2024-03-06 15:35:30,41.1,39.11,37.11
2024-03-06 15:36:00,40.8,38.33,39.01
2024-03-06 15:36:30,39.61,39.9,41.75
2024-03-06 15:37:00,40.72,39.35,40.18
2024-03-06 15:37:30,40.95,40.16,
2024-03-06 15:38:00,40.42,,40.49
2024-03-06 15:38:30,41.06,35.94,42.03
2024-03-06 15:39:00,41.15,38.69,38.58
2024-03-06 15:39:30,37.3,39.62,40.1
2024-03-06 15:40:00,40.37,38.07,
2024-03-06 15:40:30,38.76,37.5,39.83
2024-03-06 15:41:00,41.38,40.25,41.9
2024-03-06 15:41:30,38.45,39.41,42.07
2024-03-06 15:42:00,38.73,37.82,40.22
2024-03-06 15:42:30,38.86,37.48,39.63
2024-03-06 15:43:00,39.41,37.96,41.15
2024-03-06 15:43:30,39.82,41.29,41.97
2024-03-06 15:44:00,38.0,39.52,41.55
2024-03-06 15:44:30,36.41,38.07,40.4
2024-03-06 15:45:00,40.23,37.13,39.2
2024-03-06 15:45:30,41.5,,41.36
2024-03-06 15:46:00,40.04,37.24,37.61
2024-03-06 15:46:30,38.07,38.4,40.74
2024-03-06 15:47:00,42.8,37.77,36.41
2024-03-06 15:47:30,38.4,36.93,43.5
2024-03-06 15:48:00,38.69,39.11,41.14
2024-03-06 15:48:30,39.76,37.49,37.75
2024-03-06 15:49:00,38.72,37.18,41.91
2024-03-06 15:49:30,40.06,40.36,39.66
2024-03-06 15:50:00,39.36,37.91,38.25
2024-03-06 15:50:30,39.66,37.39,39.32
2024-03-06 15:51:00,38.96,37.36,40.79
2024-03-06 15:51:30,38.7,39.87,39.13
2024-03-06 15:52:00,41.52,38.89,37.89
2024-03-06 15:52:30,38.7,38.83,41.31
2024-03-06 15:53:00,38.07,37.77,41.85
2024-03-06 15:53:30,38.56,37.66,39.87
2024-03-06 15:54:00,38.4,37.17,37.91
2024-03-06 15:54:30,39.29,38.33,41.26
2024-03-06 15:55:00,,39.17,39.33
2024-03-06 15:55:30,38.98,37.91,39.05
2024-03-06 15:56:00,38.97,39.0,39.4
2024-03-06 15:56:30,36.95,38.4,41.54
2024-03-06 15:57:00,38.94,36.28,40.43
2024-03-06 15:57:30,37.14,37.35,41.47
2024-03-06 15:58:00,38.95,37.46,39.21
2024-03-06 15:58:30,40.5,38.48,39.04
2024-03-06 15:59:00,38.93,39.82,39.21
2024-03-06 15:59:30,39.15,38.14,38.57
2024-03-06 16:00:00,38.57,38.0,42.38
2024-03-06 16:00:30,39.61,36.96,39.86
2024-03-06 16:01:00,40.32,38.58,40.76
2024-03-06 16:01:30,39.02,37.63,42.76
2024-03-06 16:02:00,36.75,39.09,39.48
2024-03-06 16:02:30,37.92,37.07,39.0
2024-03-06 16:03:00,39.93,36.74,39.66
2024-03-06 16:03:30,36.92,36.09,40.04
2024-03-06 16:04:00,38.93,39.02,40.49
2024-03-06 16:04:30,38.06,36.02,39.04
2024-03-06 16:05:00,39.6,37.22,42.22
2024-03-06 16:05:30,36.99,37.64,41.0
2024-03-06 16:06:00,40.04,39.4,39.12
2024-03-06 16:06:30,36.99,37.59,40.69
2024-03-06 16:07:00,39.53,37.27,38.55
2024-03-06 16:07:30,37.65,36.14,36.78
2024-03-06 16:08:00,37.08,36.79,38.53
2024-03-06 16:08:30,38.21,36.63,37.18
2024-03-06 16:09:00,37.47,38.7,39.51
2024-03-06 16:09:30,36.66,36.24,39.72
2024-03-06 16:10:00,36.12,,39.42
2024-03-06 16:10:30,37.59,37.04,38.96
2024-03-06 16:11:00,35.81,36.89,39.22
2024-03-06 16:11:30,37.41,34.72,40.28
2024-03-06 16:12:00,37.73,37.57,37.95
2024-03-06 16:12:30,37.89,36.77,39.48
2024-03-06 16:13:00,36.59,35.25,39.35
2024-03-06 16:13:30,40.37,37.74,36.02
2024-03-06 16:14:00,38.69,38.08,39.56
2024-03-06 16:14:30,39.8,37.22,39.26
2024-03-06 16:15:00,38.84,35.53,
2024-03-06 16:15:30,36.31,37.97,
2024-03-06 16:16:00,37.07,36.97,39.17
2024-03-06 16:16:30,38.44,38.08,37.98
2024-03-06 16:17:00,37.18,35.86,38.32
2024-03-06 16:17:30,37.34,37.81,38.21
2024-03-06 16:18:00,35.76,37.38,39.64
2024-03-06 16:18:30,38.59,36.24,36.06
2024-03-06 16:19:00,37.98,36.59,39.82
2024-03-06 16:19:30,40.47,35.13,40.18
2024-03-06 16:20:00,39.02,36.35,35.98
2024-03-06 16:20:30,36.7,36.4,
2024-03-06 16:21:00,36.95,37.23,39.74
2024-03-06 16:21:30,37.27,37.78,40.37
2024-03-06 16:22:00,35.81,35.72,37.68
2024-03-06 16:22:30,40.56,35.87,36.58
2024-03-06 16:23:00,37.79,35.26,38.46
2024-03-06 16:23:30,38.82,36.77,39.5
2024-03-06 16:24:00,39.07,36.71,35.44
2024-03-06 16:24:30,37.2,35.97,36.15
2024-03-06 16:25:00,36.9,35.99,37.57
2024-03-06 16:25:30,36.86,36.54,39.02
2024-03-06 16:26:00,35.29,35.69,37.26
2024-03-06 16:26:30,39.64,38.73,36.46
2024-03-06 16:27:00,35.83,36.86,40.04
2024-03-06 16:27:30,37.21,35.54,37.31
2024-03-06 16:28:00,35.83,35.14,37.45
2024-03-06 16:28:30,37.63,36.54,38.77
2024-03-06 16:29:00,36.7,37.02,37.78
2024-03-06 16:29:30,37.55,37.49,39.33
2024-03-06 16:30:00,38.59,35.94,37.9
2024-03-06 16:30:30,38.62,36.2,40.03
2024-03-06 16:31:00,39.3,37.26,39.98
2024-03-06 16:31:30,38.13,35.72,37.16
2024-03-06 16:32:00,39.12,35.74,36.13
2024-03-06 16:32:30,34.02,37.03,38.4
2024-03-06 16:33:00,39.14,35.63,35.27
2024-03-06 16:33:30,37.18,36.78,38.94
2024-03-06 16:34:00,37.18,34.61,38.32
2024-03-06 16:34:30,37.63,37.08,34.67
2024-03-06 16:35:00,38.02,36.16,37.37
2024-03-06 16:35:30,36.46,35.22,35.87
2024-03-06 16:36:00,36.97,37.42,36.82
2024-03-06 16:36:30,37.08,37.4,39.05
2024-03-06 16:37:00,36.66,35.71,37.47
2024-03-06 16:37:30,37.87,35.97,37.73
2024-03-06 16:38:00,37.85,36.68,37.71
2024-03-06 16:38:30,37.47,35.82,39.7
2024-03-06 16:39:00,37.51,37.9,35.2
2024-03-06 16:39:30,36.21,36.72,37.67
2024-03-06 16:40:00,38.64,34.9,40.0
2024-03-06 16:40:30,39.43,35.65,35.56
2024-03-06 16:41:00,39.13,37.54,38.4
2024-03-06 16:41:30,37.08,35.48,36.44
2024-03-06 16:42:00,38.4,35.33,40.09
2024-03-06 16:42:30,37.54,36.89,40.85
2024-03-06 16:43:00,38.59,35.64,36.79
2024-03-06 16:43:30,37.82,35.06,36.05
2024-03-06 16:44:00,36.06,36.81,36.11
2024-03-06 16:44:30,36.82,34.73,
2024-03-06 16:45:00,35.07,37.32,37.96
2024-03-06 16:45:30,37.51,34.64,35.6
2024-03-06 16:46:00,38.2,35.9,37.06
2024-03-06 16:46:30,37.73,36.01,37.18
2024-03-06 16:47:00,38.42,35.39,33.99
2024-03-06 16:47:30,38.78,36.36,36.68
2024-03-06 16:48:00,33.78,35.55,38.78
2024-03-06 16:48:30,39.06,35.32,37.9
2024-03-06 16:49:00,36.31,35.76,36.6
2024-03-06 16:49:30,37.98,33.98,35.07
2024-03-06 16:50:00,36.08,35.0,36.48
2024-03-06 16:50:30,36.51,36.0,37.33
2024-03-06 16:51:00,35.82,35.25,39.98
2024-03-06 16:51:30,38.02,33.27,38.19
2024-03-06 16:52:00,37.95,35.4,36.99
2024-03-06 16:52:30,36.5,36.19,38.48
2024-03-06 16:53:00,36.46,33.75,36.44
2024-03-06 16:53:30,36.6,35.08,38.71
2024-03-06 16:54:00,36.49,35.38,39.33
2024-03-06 16:54:30,37.72,35.6,38.31
2024-03-06 16:55:00,37.27,,38.85
2024-03-06 16:55:30,38.13,34.72,35.58
2024-03-06 16:56:00,36.55,35.63,35.83
2024-03-06 16:56:30,36.76,35.3,35.75
2024-03-06 16:57:00,36.73,35.83,
2024-03-06 16:57:30,35.25,35.37,36.13
2024-03-06 16:58:00,36.52,35.05,37.57
2024-03-06 16:58:30,38.09,35.45,37.74
2024-03-06 16:59:00,35.97,35.61,37.66
2024-03-06 16:59:30,36.84,36.99,37.13
2024-03-06 17:00:00,37.05,33.33,35.98
2024-03-06 17:00:30,38.01,34.33,35.66
2024-03-06 17:01:00,32.08,35.7,35.11
2024-03-06 17:01:30,36.01,35.36,37.05
2024-03-06 17:02:00,36.56,34.92,37.38
2024-03-06 17:02:30,36.69,35.43,34.72
2024-03-06 17:03:00,35.8,,39.22
2024-03-06 17:03:30,38.79,34.92,34.71
2024-03-06 17:04:00,36.58,34.8,35.82
2024-03-06 17:04:30,37.54,33.69,38.2
2024-03-06 17:05:00,35.36,34.04,36.43
2024-03-06 17:05:30,37.08,35.54,39.05
2024-03-06 17:06:00,37.19,34.54,37.73
2024-03-06 17:06:30,35.72,37.3,37.49
2024-03-06 17:07:00,35.06,35.21,37.03
2024-03-06 17:07:30,36.25,34.22,36.85
2024-03-06 17:08:00,38.8,35.06,33.25
2024-03-06 17:08:30,35.18,34.33,36.27
2024-03-06 17:09:00,35.14,35.37,35.91
2024-03-06 17:09:30,35.22,37.27,35.64
2024-03-06 17:10:00,36.36,34.48,38.93
2024-03-06 17:10:30,34.73,34.7,37.51
2024-03-06 17:11:00,35.25,35.29,38.08
2024-03-06 17:11:30,37.6,34.75,35.64
2024-03-06 17:12:00,38.54,33.65,36.79
2024-03-06 17:12:30,36.2,33.85,38.24
2024-03-06 17:13:00,33.08,34.89,37.88
2024-03-06 17:13:30,33.54,33.96,34.77
2024-03-06 17:14:00,35.25,34.51,36.8
2024-03-06 17:14:30,35.72,34.25,35.88
2024-03-06 17:15:00,35.51,34.3,34.19
2024-03-06 17:15:30,36.08,34.62,37.6
2024-03-06 17:16:00,,34.98,36.77
2024-03-06 17:16:30,35.24,34.3,37.68
2024-03-06 17:17:00,35.53,36.44,35.93
2024-03-06 17:17:30,37.67,33.03,35.33
2024-03-06 17:18:00,34.77,34.7,36.18
2024-03-06 17:18:30,35.58,34.33,36.33
2024-03-06 17:19:00,,34.51,41.38
2024-03-06 17:19:30,34.13,33.56,34.5
2024-03-06 17:20:00,36.39,33.55,34.94
2024-03-06 17:20:30,35.2,34.4,38.09
2024-03-06 17:21:00,33.87,34.44,36.63
2024-03-06 17:21:30,35.3,33.5,32.39
2024-03-06 17:22:00,33.14,35.91,35.9
2024-03-06 17:22:30,32.62,34.17,35.49
2024-03-06 17:23:00,33.47,33.8,37.38
2024-03-06 17:23:30,34.45,33.79,33.8
2024-03-06 17:24:00,35.37,34.56,39.2
2024-03-06 17:24:30,33.49,35.03,35.63
2024-03-06 17:25:00,36.22,34.63,38.29
2024-03-06 17:25:30,35.18,35.66,35.25
2024-03-06 17:26:00,33.89,34.51,35.9
2024-03-06 17:26:30,36.73,34.64,36.49
2024-03-06 17:27:00,35.84,34.36,35.11
2024-03-06 17:27:30,35.65,35.67,36.36
2024-03-06 17:28:00,36.55,33.86,37.92
2024-03-06 17:28:30,35.59,33.89,35.49
2024-03-06 17:29:00,35.39,34.97,34.9
2024-03-06 17:29:30,34.01,33.7,38.26
2024-03-06 17:30:00,37.25,33.72,36.34
2024-03-06 17:30:30,35.35,33.53,35.14
2024-03-06 17:31:00,34.85,33.41,38.64
2024-03-06 17:31:30,32.83,33.8,35.44
2024-03-06 17:32:00,33.71,34.59,35.73
2024-03-06 17:32:30,34.45,33.84,34.85
2024-03-06 17:33:00,36.28,34.34,34.98
2024-03-06 17:33:30,35.27,34.02,35.16
2024-03-06 17:34:00,36.33,35.81,34.64
2024-03-06 17:34:30,34.96,32.86,36.04
2024-03-06 17:35:00,34.85,34.25,36.86
2024-03-06 17:35:30,35.36,32.79,34.33
2024-03-06 17:36:00,36.06,33.54,35.02
2024-03-06 17:36:30,35.19,33.79,34.9
2024-03-06 17:37:00,34.0,35.21,34.46
2024-03-06 17:37:30,34.65,,32.8
2024-03-06 17:38:00,34.07,32.8,35.83
2024-03-06 17:38:30,33.72,34.37,39.96
2024-03-06 17:39:00,34.66,33.76,34.95
2024-03-06 17:39:30,34.34,34.15,34.79
2024-03-06 17:40:00,36.4,34.69,35.55
2024-03-06 17:40:30,35.15,34.4,33.44
2024-03-06 17:41:00,35.22,34.08,34.27
2024-03-06 17:41:30,35.42,34.78,33.47
2024-03-06 17:42:00,35.43,35.55,36.96
2024-03-06 17:42:30,34.13,34.16,37.0
2024-03-06 17:43:00,34.83,35.19,34.66
2024-03-06 17:43:30,35.17,34.2,38.32
2024-03-06 17:44:00,34.75,33.89,32.81
2024-03-06 17:44:30,32.64,,37.36
2024-03-06 17:45:00,36.15,32.62,34.97
2024-03-06 17:45:30,34.73,33.32,36.1
2024-03-06 17:46:00,36.1,31.72,36.52
2024-03-06 17:46:30,35.59,32.44,36.72
2024-03-06 17:47:00,33.62,33.85,37.35
2024-03-06 17:47:30,33.83,33.92,33.96
2024-03-06 17:48:00,33.73,32.25,35.05
2024-03-06 17:48:30,34.94,32.69,34.1
2024-03-06 17:49:00,35.42,31.86,35.03
2024-03-06 17:49:30,34.32,33.85,36.59
2024-03-06 17:50:00,35.29,32.84,35.95
2024-03-06 17:50:30,36.06,32.2,35.18
2024-03-06 17:51:00,35.45,34.12,35.48
2024-03-06 17:51:30,35.53,33.92,35.06
2024-03-06 17:52:00,35.74,33.53,35.36
2024-03-06 17:52:30,36.42,31.99,33.98
2024-03-06 17:53:00,33.64,34.61,36.47
2024-03-06 17:53:30,36.81,35.09,34.96
2024-03-06 17:54:00,,31.41,35.95
2024-03-06 17:54:30,35.92,32.79,36.19
2024-03-06 17:55:00,34.32,35.86,37.08
2024-03-06 17:55:30,33.09,33.22,36.06
2024-03-06 17:56:00,35.04,32.91,36.42
2024-03-06 17:56:30,35.5,33.71,37.22
2024-03-06 17:57:00,33.68,34.12,35.8
2024-03-06 17:57:30,35.03,34.03,
2024-03-06 17:58:00,34.49,34.38,34.21
2024-03-06 17:58:30,33.95,34.38,37.36
2024-03-06 17:59:00,33.87,,35.26
2024-03-06 17:59:30,37.51,30.56,34.63
2024-03-06 18:00:00,34.21,33.32,33.94
2024-03-06 18:00:30,35.29,30.88,33.24
2024-03-06 18:01:00,35.07,34.73,36.04
2024-03-06 18:01:30,33.75,33.1,33.61
2024-03-06 18:02:00,33.04,32.95,35.61
2024-03-06 18:02:30,32.87,32.85,
2024-03-06 18:03:00,35.29,33.82,
2024-03-06 18:03:30,36.4,32.9,36.18
2024-03-06 18:04:00,33.25,30.65,37.06
2024-03-06 18:04:30,35.29,31.68,34.97
2024-03-06 18:05:00,34.45,32.24,34.83
2024-03-06 18:05:30,36.39,32.93,35.19
2024-03-06 18:06:00,33.64,33.39,33.73
2024-03-06 18:06:30,35.2,33.63,34.43
2024-03-06 18:07:00,34.59,35.55,36.0
2024-03-06 18:07:30,32.94,33.25,33.77
2024-03-06 18:08:00,35.25,33.25,35.97
2024-03-06 18:08:30,35.06,32.15,34.93
2024-03-06 18:09:00,36.96,32.23,32.95
2024-03-06 18:09:30,,31.94,36.56
2024-03-06 18:10:00,34.61,34.64,34.75
2024-03-06 18:10:30,35.87,33.53,35.13
2024-03-06 18:11:00,32.73,33.48,36.1
2024-03-06 18:11:30,34.94,32.43,33.14
2024-03-06 18:12:00,35.29,32.13,36.21
2024-03-06 18:12:30,34.86,34.42,35.49
2024-03-06 18:13:00,33.84,31.62,33.79
2024-03-06 18:13:30,33.16,32.73,34.61
2024-03-06 18:14:00,35.63,34.3,35.34
2024-03-06 18:14:30,34.85,33.92,34.57
2024-03-06 18:15:00,32.53,31.82,35.12
2024-03-06 18:15:30,33.99,31.9,34.1
2024-03-06 18:16:00,33.22,32.36,34.7
2024-03-06 18:16:30,33.67,34.0,34.56
2024-03-06 18:17:00,33.07,32.4,34.27
2024-03-06 18:17:30,32.9,33.53,36.27
2024-03-06 18:18:00,33.17,32.32,33.54
2024-03-06 18:18:30,33.9,31.1,35.07
2024-03-06 18:19:00,33.1,33.31,36.19
2024-03-06 18:19:30,33.15,32.46,33.96
2024-03-06 18:20:00,33.41,33.86,33.63
2024-03-06 18:20:30,32.67,32.54,35.69
2024-03-06 18:21:00,33.32,36.26,35.12
2024-03-06 18:21:30,34.11,35.45,
2024-03-06 18:22:00,35.93,31.87,35.68
2024-03-06 18:22:30,34.32,31.38,
2024-03-06 18:23:00,33.8,31.96,35.17
2024-03-06 18:23:30,34.04,33.92,33.95
2024-03-06 18:24:00,34.02,33.26,33.41
2024-03-06 18:24:30,33.72,33.47,32.27
2024-03-06 18:25:00,36.79,33.05,30.07
2024-03-06 18:25:30,32.36,30.98,34.26
2024-03-06 18:26:00,35.24,34.23,33.26
2024-03-06 18:26:30,34.37,33.62,35.08
2024-03-06 18:27:00,32.99,33.08,36.16
2024-03-06 18:27:30,33.69,33.16,33.24
2024-03-06 18:28:00,33.59,33.42,
2024-03-06 18:28:30,35.36,32.47,33.91
2024-03-06 18:29:00,33.66,32.96,
2024-03-06 18:29:30,31.72,31.81,33.24
2024-03-06 18:30:00,31.49,32.45,35.08
2024-03-06 18:30:30,35.68,31.21,35.16
2024-03-06 18:31:00,34.84,31.22,31.6
2024-03-06 18:31:30,31.96,33.71,35.27
2024-03-06 18:32:00,32.96,32.77,34.8
2024-03-06 18:32:30,34.81,32.22,34.62
2024-03-06 18:33:00,32.67,33.98,34.34
2024-03-06 18:33:30,35.71,31.41,34.03
2024-03-06 18:34:00,35.09,32.37,34.05
2024-03-06 18:34:30,35.73,33.62,34.66
2024-03-06 18:35:00,35.28,33.78,33.4
2024-03-06 18:35:30,33.92,33.68,33.78
2024-03-06 18:36:00,36.23,31.3,34.67
2024-03-06 18:36:30,34.27,32.56,
2024-03-06 18:37:00,33.87,33.49,37.07
2024-03-06 18:37:30,33.69,31.28,34.04
2024-03-06 18:38:00,33.23,32.8,32.84
2024-03-06 18:38:30,32.24,33.19,34.97
2024-03-06 18:39:00,35.28,30.56,32.03
2024-03-06 18:39:30,35.31,31.83,36.41
2024-03-06 18:40:00,32.23,33.62,35.97
2024-03-06 18:40:30,32.66,34.0,33.73
2024-03-06 18:41:00,32.93,33.3,32.46
2024-03-06 18:41:30,33.04,35.17,33.89
2024-03-06 18:42:00,35.13,33.33,37.07
2024-03-06 18:42:30,35.45,30.87,32.69
2024-03-06 18:43:00,35.37,30.63,34.37
2024-03-06 18:43:30,34.54,31.89,35.62
2024-03-06 18:44:00,32.06,31.79,34.68
2024-03-06 18:44:30,33.31,32.31,32.85
2024-03-06 18:45:00,34.74,31.33,35.14
2024-03-06 18:45:30,34.11,32.82,37.06
2024-03-06 18:46:00,32.59,32.23,35.79
2024-03-06 18:46:30,35.09,33.71,34.58
2024-03-06 18:47:00,34.37,33.37,34.46
2024-03-06 18:47:30,33.95,32.71,32.26
2024-03-06 18:48:00,32.9,33.81,35.71
2024-03-06 18:48:30,32.86,,34.17
2024-03-06 18:49:00,33.4,32.76,33.94
2024-03-06 18:49:30,33.67,31.88,32.06
2024-03-06 18:50:00,34.42,32.55,35.18
2024-03-06 18:50:30,33.22,32.46,35.33
2024-03-06 18:51:00,31.38,31.37,33.65
2024-03-06 18:51:30,33.88,33.45,32.1
2024-03-06 18:52:00,35.22,32.34,35.25
2024-03-06 18:52:30,34.29,,34.6
2024-03-06 18:53:00,33.94,32.0,33.28
2024-03-06 18:53:30,32.25,33.04,31.85
2024-03-06 18:54:00,33.25,32.68,33.24
2024-03-06 18:54:30,33.27,32.23,34.23
2024-03-06 18:55:00,35.68,31.0,32.97
2024-03-06 18:55:30,34.93,32.6,34.81
2024-03-06 18:56:00,33.38,32.22,35.56
2024-03-06 18:56:30,32.52,32.02,33.79
2024-03-06 18:57:00,32.48,32.87,35.34
2024-03-06 18:57:30,34.0,33.68,31.48
2024-03-06 18:58:00,34.5,32.63,35.04
2024-03-06 18:58:30,33.94,32.21,32.46
2024-03-06 18:59:00,32.68,33.15,35.24
2024-03-06 18:59:30,33.56,31.52,33.34
2024-03-06 19:00:00,33.6,33.76,34.32
2024-03-06 19:00:30,33.39,33.75,34.69
2024-03-06 19:01:00,32.44,33.56,34.66
2024-03-06 19:01:30,33.59,32.87,32.43
2024-03-06 19:02:00,31.69,34.51,33.68
2024-03-06 19:02:30,33.95,30.62,34.77
2024-03-06 19:03:00,34.26,31.04,33.12
2024-03-06 19:03:30,32.52,32.07,35.17
2024-03-06 19:04:00,30.91,33.06,34.49
2024-03-06 19:04:30,34.65,30.32,34.69
2024-03-06 19:05:00,35.17,32.13,33.89
2024-03-06 19:05:30,34.27,33.74,32.01
2024-03-06 19:06:00,32.13,31.92,35.11
2024-03-06 19:06:30,33.44,32.52,34.67
2024-03-06 19:07:00,31.3,33.44,33.46
2024-03-06 19:07:30,35.23,32.27,35.1
2024-03-06 19:08:00,34.64,32.5,32.58
2024-03-06 19:08:30,33.77,32.39,31.76
2024-03-06 19:09:00,33.41,33.17,35.7
2024-03-06 19:09:30,32.68,33.86,34.49
2024-03-06 19:10:00,30.62,32.29,33.54
2024-03-06 19:10:30,33.95,32.69,32.15
2024-03-06 19:11:00,31.87,32.02,33.38
2024-03-06 19:11:30,32.8,32.23,35.6
2024-03-06 19:12:00,33.27,32.98,33.0
2024-03-06 19:12:30,33.3,33.99,31.65
2024-03-06 19:13:00,32.76,32.5,32.37
2024-03-06 19:13:30,33.02,31.45,31.94
2024-03-06 19:14:00,31.82,30.79,32.12
2024-03-06 19:14:30,34.77,33.83,32.62
2024-03-06 19:15:00,32.44,33.63,33.56
2024-03-06 19:15:30,32.49,32.03,34.07
2024-03-06 19:16:00,32.85,32.66,32.63
2024-03-06 19:16:30,33.65,31.71,32.64
2024-03-06 19:17:00,31.57,31.24,35.84
2024-03-06 19:17:30,32.46,32.8,31.93
2024-03-06 19:18:00,34.23,33.86,34.73
2024-03-06 19:18:30,32.23,33.25,35.58
2024-03-06 19:19:00,32.5,30.8,34.58
2024-03-06 19:19:30,33.93,31.13,33.41
2024-03-06 19:20:00,32.28,32.71,34.59
2024-03-06 19:20:30,33.35,30.66,33.88
2024-03-06 19:21:00,32.73,32.26,35.08
2024-03-06 19:21:30,32.43,31.29,32.29
2024-03-06 19:22:00,33.92,33.08,34.78
2024-03-06 19:22:30,33.14,32.89,33.0
2024-03-06 19:23:00,31.81,32.36,35.03
2024-03-06 19:23:30,30.39,32.24,
2024-03-06 19:24:00,32.45,31.93,35.06
2024-03-06 19:24:30,33.2,32.7,31.79
2024-03-06 19:25:00,32.11,32.13,33.64
2024-03-06 19:25:30,33.64,31.99,34.21
2024-03-06 19:26:00,33.17,31.44,
2024-03-06 19:26:30,33.23,31.93,33.4
2024-03-06 19:27:00,30.85,,35.85
2024-03-06 19:27:30,33.56,31.0,32.75
2024-03-06 19:28:00,31.74,30.56,33.02
2024-03-06 19:28:30,34.17,32.85,32.03
2024-03-06 19:29:00,31.0,31.68,33.75
2024-03-06 19:29:30,34.3,32.9,35.12
2024-03-06 19:30:00,31.08,33.06,34.05
2024-03-06 19:30:30,33.21,33.61,35.71
2024-03-06 19:31:00,33.95,29.62,32.7
2024-03-06 19:31:30,32.58,32.57,31.89
2024-03-06 19:32:00,32.94,33.31,
2024-03-06 19:32:30,34.78,31.59,35.3
2024-03-06 19:33:00,33.97,31.26,33.11
2024-03-06 19:33:30,32.58,,35.21
2024-03-06 19:34:00,33.74,31.96,33.09
2024-03-06 19:34:30,32.45,32.11,30.99
2024-03-06 19:35:00,32.59,33.61,33.17
2024-03-06 19:35:30,32.79,32.56,35.52
2024-03-06 19:36:00,32.87,32.42,33.75
2024-03-06 19:36:30,32.95,33.4,32.94
2024-03-06 19:37:00,34.36,33.16,33.96
2024-03-06 19:37:30,32.62,32.63,34.54
2024-03-06 19:38:00,32.42,31.51,32.56
2024-03-06 19:38:30,31.44,32.38,34.96
2024-03-06 19:39:00,34.28,32.05,34.32
2024-03-06 19:39:30,32.25,30.93,30.92
2024-03-06 19:40:00,30.26,31.89,33.61
2024-03-06 19:40:30,34.55,33.24,34.98
2024-03-06 19:41:00,32.95,32.86,31.67
2024-03-06 19:41:30,,32.5,34.72
2024-03-06 19:42:00,32.11,30.86,32.26
2024-03-06 19:42:30,31.93,33.34,33.17
2024-03-06 19:43:00,31.72,31.72,36.04
2024-03-06 19:43:30,34.73,32.6,34.43
2024-03-06 19:44:00,31.22,32.27,32.89
2024-03-06 19:44:30,32.48,33.06,36.68
2024-03-06 19:45:00,33.85,33.24,34.3
2024-03-06 19:45:30,34.37,30.88,35.4
2024-03-06 19:46:00,31.37,30.91,33.05
2024-03-06 19:46:30,33.73,33.17,31.87
2024-03-06 19:47:00,34.41,33.05,33.78
2024-03-06 19:47:30,30.57,32.82,33.44
2024-03-06 19:48:00,31.69,32.64,36.24
2024-03-06 19:48:30,32.0,31.58,33.16
2024-03-06 19:49:00,31.85,32.48,32.62
2024-03-06 19:49:30,33.03,30.72,35.22
2024-03-06 19:50:00,34.6,30.74,33.68
2024-03-06 19:50:30,31.74,32.61,33.44
2024-03-06 19:51:00,33.56,31.73,35.49
2024-03-06 19:51:30,32.51,30.71,32.56
2024-03-06 19:52:00,31.11,31.47,32.5
2024-03-06 19:52:30,31.65,,35.05
2024-03-06 19:53:00,33.22,32.13,34.09
2024-03-06 19:53:30,31.97,32.46,32.86
2024-03-06 19:54:00,32.21,32.14,33.54
2024-03-06 19:54:30,31.63,31.1,32.28
2024-03-06 19:55:00,32.52,30.73,34.12
2024-03-06 19:55:30,,32.98,33.73
2024-03-06 19:56:00,34.84,32.98,33.31
2024-03-06 19:56:30,31.49,32.26,36.21
2024-03-06 19:57:00,32.67,31.86,34.6
2024-03-06 19:57:30,31.37,33.3,34.53
2024-03-06 19:58:00,33.39,31.35,32.9
2024-03-06 19:58:30,35.3,32.92,32.54
2024-03-06 19:59:00,32.3,30.31,32.74
2024-03-06 19:59:30,32.86,30.45,34.45
2024-03-06 20:00:00,31.28,32.57,32.82
2024-03-06 20:00:30,32.11,31.13,30.99
2024-03-06 20:01:00,33.86,31.64,35.22
2024-03-06 20:01:30,33.39,31.31,35.45
2024-03-06 20:02:00,33.8,31.33,33.96
2024-03-06 20:02:30,33.32,30.22,35.55
2024-03-06 20:03:00,33.02,32.6,34.75
2024-03-06 20:03:30,30.77,,
2024-03-06 20:04:00,33.41,32.47,31.56
2024-03-06 20:04:30,31.86,31.38,33.59
2024-03-06 20:05:00,32.2,31.77,34.26
2024-03-06 20:05:30,33.25,32.93,31.53
2024-03-06 20:06:00,31.01,34.48,34.97
2024-03-06 20:06:30,32.75,32.74,37.46
2024-03-06 20:07:00,33.01,32.25,
2024-03-06 20:07:30,32.0,33.83,34.29
2024-03-06 20:08:00,33.25,34.33,32.01
2024-03-06 20:08:30,32.72,31.21,37.23
2024-03-06 20:09:00,34.32,33.83,33.13
2024-03-06 20:09:30,35.22,31.96,33.88
2024-03-06 20:10:00,31.65,31.74,34.8
2024-03-06 20:10:30,34.48,30.58,35.65
2024-03-06 20:11:00,33.9,32.36,33.16
2024-03-06 20:11:30,31.9,33.67,34.49
2024-03-06 20:12:00,35.58,31.15,35.21
2024-03-06 20:12:30,,31.25,35.14
2024-03-06 20:13:00,35.14,34.18,37.66
2024-03-06 20:13:30,32.57,30.76,35.84
2024-03-06 20:14:00,32.44,32.77,33.73
2024-03-06 20:14:30,33.54,31.58,35.56
2024-03-06 20:15:00,34.17,32.35,32.7
2024-03-06 20:15:30,32.06,29.15,33.2
2024-03-06 20:16:00,32.78,32.43,
2024-03-06 20:16:30,33.01,31.75,32.34
2024-03-06 20:17:00,33.87,30.33,33.81
2024-03-06 20:17:30,32.32,32.56,33.48
2024-03-06 20:18:00,35.29,32.49,33.54
2024-03-06 20:18:30,33.76,32.43,33.59
2024-03-06 20:19:00,33.98,33.65,33.99
2024-03-06 20:19:30,33.1,32.14,34.15
2024-03-06 20:20:00,32.02,32.85,32.88
2024-03-06 20:20:30,32.18,33.29,34.47
2024-03-06 20:21:00,31.4,30.53,33.82
2024-03-06 20:21:30,33.29,30.98,33.86
2024-03-06 20:22:00,35.11,31.77,34.49
2024-03-06 20:22:30,34.13,33.95,31.65
2024-03-06 20:23:00,33.96,30.5,32.98
2024-03-06 20:23:30,33.32,30.1,35.06
2024-03-06 20:24:00,33.31,32.85,35.29
2024-03-06 20:24:30,32.77,33.75,32.64
2024-03-06 20:25:00,33.25,31.84,36.68
2024-03-06 20:25:30,33.53,32.94,32.95
2024-03-06 20:26:00,33.69,32.56,
2024-03-06 20:26:30,31.68,33.0,34.32
2024-03-06 20:27:00,32.66,31.14,35.47
2024-03-06 20:27:30,32.64,33.41,34.88
2024-03-06 20:28:00,33.68,32.62,32.89
2024-03-06 20:28:30,34.39,31.18,35.11
2024-03-06 20:29:00,33.41,31.05,34.1
2024-03-06 20:29:30,32.74,32.3,31.98
2024-03-06 20:30:00,33.58,32.82,35.66
2024-03-06 20:30:30,35.48,30.01,33.72
2024-03-06 20:31:00,33.29,33.39,34.53
2024-03-06 20:31:30,32.02,31.44,32.71
2024-03-06 20:32:00,33.09,30.68,34.09
2024-03-06 20:32:30,34.32,31.14,35.48
2024-03-06 20:33:00,32.25,31.67,33.18
2024-03-06 20:33:30,32.7,32.8,34.18
2024-03-06 20:34:00,30.92,33.25,32.96
2024-03-06 20:34:30,33.37,32.1,34.04
2024-03-06 20:35:00,30.96,30.51,
2024-03-06 20:35:30,32.22,32.17,33.91
2024-03-06 20:36:00,33.77,31.98,32.01
2024-03-06 20:36:30,35.46,32.66,32.22
2024-03-06 20:37:00,32.73,31.33,34.51
2024-03-06 20:37:30,32.64,32.26,34.09
2024-03-06 20:38:00,34.32,31.67,32.97
2024-03-06 20:38:30,32.5,31.8,32.3
2024-03-06 20:39:00,32.65,32.05,34.12
2024-03-06 20:39:30,33.53,32.72,33.93
2024-03-06 20:40:00,34.18,33.39,31.98
2024-03-06 20:40:30,32.94,31.47,33.05
2024-03-06 20:41:00,33.67,31.37,33.02
2024-03-06 20:41:30,33.84,31.84,33.84
2024-03-06 20:42:00,33.55,31.46,34.72
2024-03-06 20:42:30,32.97,31.58,35.6
2024-03-06 20:43:00,32.7,32.0,33.2
2024-03-06 20:43:30,33.73,35.33,33.51
2024-03-06 20:44:00,31.9,32.87,35.29
2024-03-06 20:44:30,34.06,31.35,34.85
2024-03-06 20:45:00,33.05,29.74,33.04
2024-03-06 20:45:30,33.33,34.14,31.97
2024-03-06 20:46:00,32.64,33.61,34.98
2024-03-06 20:46:30,34.36,31.67,35.1
2024-03-06 20:47:00,33.18,32.56,33.93
2024-03-06 20:47:30,31.52,33.09,
2024-03-06 20:48:00,32.17,32.33,32.67
2024-03-06 20:48:30,33.45,32.78,34.88
2024-03-06 20:49:00,33.03,34.1,33.67
2024-03-06 20:49:30,31.04,32.9,34.89
2024-03-06 20:50:00,34.37,31.66,37.17
2024-03-06 20:50:30,32.97,32.15,35.45
2024-03-06 20:51:00,34.58,32.92,34.15
2024-03-06 20:51:30,32.04,33.32,32.77
2024-03-06 20:52:00,31.32,32.06,37.94
2024-03-06 20:52:30,33.52,31.06,33.12
2024-03-06 20:53:00,34.16,33.61,35.75
2024-03-06 20:53:30,34.15,33.51,
2024-03-06 20:54:00,32.7,31.78,30.93
2024-03-06 20:54:30,35.15,31.97,33.74
2024-03-06 20:55:00,32.29,32.22,33.14
2024-03-06 20:55:30,34.1,31.86,34.1
2024-03-06 20:56:00,33.84,32.21,37.24
2024-03-06 20:56:30,32.04,33.22,
2024-03-06 20:57:00,32.3,31.8,34.12
2024-03-06 20:57:30,36.2,32.6,36.28
2024-03-06 20:58:00,33.67,34.21,34.96
2024-03-06 20:58:30,32.85,32.66,36.83
2024-03-06 20:59:00,34.48,31.91,33.98
2024-03-06 20:59:30,35.25,32.34,33.78
2024-03-06 21:00:00,34.09,33.34,34.42
2024-03-06 21:00:30,33.36,33.97,35.31
2024-03-06 21:01:00,33.37,34.13,32.67
2024-03-06 21:01:30,32.52,33.97,34.1
2024-03-06 21:02:00,34.23,30.49,33.61
2024-03-06 21:02:30,34.04,32.8,33.44
2024-03-06 21:03:00,36.13,32.47,33.98
2024-03-06 21:03:30,34.55,32.7,33.82
2024-03-06 21:04:00,33.28,31.69,33.1
2024-03-06 21:04:30,34.08,33.17,32.66
2024-03-06 21:05:00,36.17,31.69,34.59
2024-03-06 21:05:30,31.76,32.35,32.67
2024-03-06 21:06:00,34.57,33.61,33.6
2024-03-06 21:06:30,33.06,32.45,
2024-03-06 21:07:00,33.76,31.94,33.85
2024-03-06 21:07:30,35.66,32.57,37.37
2024-03-06 21:08:00,34.97,31.61,35.27
2024-03-06 21:08:30,31.93,32.35,33.39
2024-03-06 21:09:00,33.0,33.67,35.77
2024-03-06 21:09:30,31.5,32.8,37.07
2024-03-06 21:10:00,34.66,31.14,37.24
2024-03-06 21:10:30,34.11,33.78,35.37
2024-03-06 21:11:00,31.11,32.02,34.11
2024-03-06 21:11:30,32.28,31.72,32.03
2024-03-06 21:12:00,32.37,33.92,35.07
2024-03-06 21:12:30,31.18,29.24,35.29
2024-03-06 21:13:00,30.31,32.87,36.67
2024-03-06 21:13:30,,33.86,36.51
2024-03-06 21:14:00,33.08,33.27,33.87
2024-03-06 21:14:30,34.32,32.36,34.9
2024-03-06 21:15:00,34.3,,34.84
2024-03-06 21:15:30,34.82,33.18,34.78
2024-03-06 21:16:00,32.83,32.0,32.37
2024-03-06 21:16:30,32.36,33.59,33.76
2024-03-06 21:17:00,33.73,32.18,36.04
2024-03-06 21:17:30,33.69,30.74,37.2
2024-03-06 21:18:00,35.49,32.59,34.08
2024-03-06 21:18:30,33.32,34.23,33.64
2024-03-06 21:19:00,34.88,31.75,36.29
2024-03-06 21:19:30,36.4,32.85,31.82
2024-03-06 21:20:00,34.64,33.48,34.01
2024-03-06 21:20:30,34.09,31.02,37.25
2024-03-06 21:21:00,34.18,33.04,35.45
2024-03-06 21:21:30,33.56,32.35,34.66
2024-03-06 21:22:00,33.34,32.87,35.04
2024-03-06 21:22:30,34.52,31.83,35.33
2024-03-06 21:23:00,32.15,32.42,33.96
2024-03-06 21:23:30,33.58,32.62,33.38
2024-03-06 21:24:00,34.81,31.18,34.06
2024-03-06 21:24:30,34.98,31.61,33.85
2024-03-06 21:25:00,34.35,32.58,34.8
2024-03-06 21:25:30,32.99,33.21,32.83
2024-03-06 21:26:00,35.06,30.78,33.59
2024-03-06 21:26:30,35.09,31.66,35.39
2024-03-06 21:27:00,33.11,32.4,34.79
2024-03-06 21:27:30,31.43,33.53,33.03
2024-03-06 21:28:00,32.74,33.21,34.21
2024-03-06 21:28:30,31.9,32.51,32.49
2024-03-06 21:29:00,33.78,31.23,
2024-03-06 21:29:30,34.91,33.39,37.68
2024-03-06 21:30:00,35.13,31.94,34.32
2024-03-06 21:30:30,34.76,33.55,33.7
2024-03-06 21:31:00,34.38,34.26,34.97
2024-03-06 21:31:30,35.02,33.93,34.8
2024-03-06 21:32:00,31.97,32.23,34.75
2024-03-06 21:32:30,34.45,35.04,33.75
2024-03-06 21:33:00,35.15,30.98,32.41
2024-03-06 21:33:30,32.53,32.99,36.61
2024-03-06 21:34:00,32.49,32.61,35.93
2024-03-06 21:34:30,32.43,33.64,38.65
2024-03-06 21:35:00,33.49,33.61,35.25
2024-03-06 21:35:30,31.88,33.25,35.5
2024-03-06 21:36:00,35.48,31.99,35.8
2024-03-06 21:36:30,34.23,33.83,34.63
2024-03-06 21:37:00,33.03,33.53,36.42
2024-03-06 21:37:30,34.62,31.38,
2024-03-06 21:38:00,34.07,32.45,31.87
2024-03-06 21:38:30,32.69,32.67,35.07
2024-03-06 21:39:00,33.87,33.06,
2024-03-06 21:39:30,33.15,32.19,34.56
2024-03-06 21:40:00,34.71,34.81,36.59
2024-03-06 21:40:30,34.33,33.53,34.88
2024-03-06 21:41:00,32.93,33.03,35.35
2024-03-06 21:41:30,33.42,32.17,33.55
2024-03-06 21:42:00,34.06,32.6,30.96
2024-03-06 21:42:30,33.29,31.01,37.31
2024-03-06 21:43:00,35.73,33.5,33.15
2024-03-06 21:43:30,35.74,33.57,34.17
2024-03-06 21:44:00,35.91,35.07,35.51
2024-03-06 21:44:30,33.56,32.88,35.58
2024-03-06 21:45:00,34.84,33.11,34.45
2024-03-06 21:45:30,33.57,32.35,35.83
2024-03-06 21:46:00,35.91,33.58,33.94
2024-03-06 21:46:30,33.71,33.71,34.49
2024-03-06 21:47:00,33.53,34.24,36.42
2024-03-06 21:47:30,33.9,33.42,35.27
2024-03-06 21:48:00,34.84,31.1,35.89
2024-03-06 21:48:30,33.97,35.31,35.85
2024-03-06 21:49:00,33.28,33.57,38.65
2024-03-06 21:49:30,32.93,32.77,34.3
2024-03-06 21:50:00,36.11,33.01,35.38
2024-03-06 21:50:30,33.95,32.4,36.4
2024-03-06 21:51:00,,33.41,33.95
2024-03-06 21:51:30,34.64,33.9,35.96
2024-03-06 21:52:00,33.52,31.42,35.66
2024-03-06 21:52:30,35.95,34.83,33.22
2024-03-06 21:53:00,34.57,31.56,34.75
2024-03-06 21:53:30,34.7,34.02,34.01
2024-03-06 21:54:00,32.05,31.64,34.33
2024-03-06 21:54:30,33.51,33.85,35.19
2024-03-06 21:55:00,33.54,31.99,37.92
2024-03-06 21:55:30,36.8,32.57,36.17
2024-03-06 21:56:00,35.22,34.01,33.64
2024-03-06 21:56:30,36.13,34.61,36.32
2024-03-06 21:57:00,34.44,35.04,35.23
2024-03-06 21:57:30,35.62,34.42,33.37
2024-03-06 21:58:00,34.75,33.79,37.08
2024-03-06 21:58:30,34.26,32.89,36.91
2024-03-06 21:59:00,35.11,34.11,36.8
2024-03-06 21:59:30,35.4,33.88,33.48
2024-03-06 22:00:00,34.59,32.86,34.02
2024-03-06 22:00:30,36.76,34.83,35.83
2024-03-06 22:01:00,32.37,33.68,31.34
2024-03-06 22:01:30,35.66,32.82,33.68
2024-03-06 22:02:00,35.83,33.81,38.01
2024-03-06 22:02:30,35.23,33.21,38.06
2024-03-06 22:03:00,36.48,34.48,36.46
2024-03-06 22:03:30,35.14,36.45,34.2
2024-03-06 22:04:00,36.08,33.03,36.13
2024-03-06 22:04:30,35.71,32.09,37.19
2024-03-06 22:05:00,33.48,34.14,39.35
2024-03-06 22:05:30,33.74,35.45,34.69
2024-03-06 22:06:00,34.46,33.86,33.43
2024-03-06 22:06:30,35.95,34.3,33.21
2024-03-06 22:07:00,34.6,33.71,36.04
2024-03-06 22:07:30,35.2,33.17,33.74
2024-03-06 22:08:00,36.21,34.12,38.2
2024-03-06 22:08:30,35.58,34.37,36.23
2024-03-06 22:09:00,35.6,35.1,33.08
2024-03-06 22:09:30,33.89,34.49,39.04
2024-03-06 22:10:00,35.16,35.36,37.03
2024-03-06 22:10:30,35.84,36.37,35.39
2024-03-06 22:11:00,35.44,34.25,34.48
2024-03-06 22:11:30,36.34,34.25,36.31
2024-03-06 22:12:00,36.31,34.39,35.79
2024-03-06 22:12:30,35.42,33.19,34.94
2024-03-06 22:13:00,36.53,33.76,37.03
2024-03-06 22:13:30,36.43,36.94,33.64
2024-03-06 22:14:00,35.6,34.3,37.67
2024-03-06 22:14:30,33.52,35.37,35.18
2024-03-06 22:15:00,34.25,33.46,36.48
2024-03-06 22:15:30,32.58,35.86,34.9
2024-03-06 22:16:00,34.23,34.2,35.45
2024-03-06 22:16:30,36.75,32.85,33.51
2024-03-06 22:17:00,36.05,33.89,35.13
2024-03-06 22:17:30,34.76,34.73,36.17
2024-03-06 22:18:00,34.25,32.49,36.27
2024-03-06 22:18:30,35.45,33.86,37.15
2024-03-06 22:19:00,35.31,33.44,38.24
2024-03-06 22:19:30,36.11,34.17,38.23
2024-03-06 22:20:00,34.21,34.48,38.73
2024-03-06 22:20:30,,34.85,34.3
2024-03-06 22:21:00,36.94,32.45,38.92
2024-03-06 22:21:30,36.24,34.6,35.89
2024-03-06 22:22:00,34.48,32.12,33.05
2024-03-06 22:22:30,34.48,36.09,36.46
2024-03-06 22:23:00,,32.47,35.08
2024-03-06 22:23:30,34.69,35.88,34.89
2024-03-06 22:24:00,34.89,33.19,35.89
2024-03-06 22:24:30,35.42,34.49,33.98
2024-03-06 22:25:00,33.94,33.38,36.83
2024-03-06 22:25:30,33.23,33.46,38.19
2024-03-06 22:26:00,34.76,34.71,38.8
2024-03-06 22:26:30,35.34,35.41,38.14
2024-03-06 22:27:00,37.2,34.0,35.06
2024-03-06 22:27:30,33.93,33.02,37.7
2024-03-06 22:28:00,34.26,36.22,36.67
2024-03-06 22:28:30,36.64,33.97,36.39
2024-03-06 22:29:00,34.76,33.57,35.92
2024-03-06 22:29:30,34.36,35.77,37.78
2024-03-06 22:30:00,34.7,34.0,34.81
2024-03-06 22:30:30,37.62,33.38,35.88
2024-03-06 22:31:00,36.11,34.8,33.91
2024-03-06 22:31:30,36.68,35.11,35.82
2024-03-06 22:32:00,33.98,35.94,34.83
2024-03-06 22:32:30,36.52,35.55,37.64
2024-03-06 22:33:00,35.34,34.82,36.25
2024-03-06 22:33:30,33.88,34.92,36.64
2024-03-06 22:34:00,35.12,34.45,35.63
2024-03-06 22:34:30,35.41,34.72,
2024-03-06 22:35:00,35.73,35.34,37.99
2024-03-06 22:35:30,36.6,35.77,35.34
2024-03-06 22:36:00,37.68,36.23,36.47
2024-03-06 22:36:30,38.02,33.92,36.75
2024-03-06 22:37:00,35.05,34.23,38.55
2024-03-06 22:37:30,35.31,32.99,35.12
2024-03-06 22:38:00,38.56,33.23,39.01
2024-03-06 22:38:30,35.32,33.99,35.26
2024-03-06 22:39:00,34.84,34.56,37.51
2024-03-06 22:39:30,33.69,35.15,36.16
2024-03-06 22:40:00,33.36,35.97,36.95
2024-03-06 22:40:30,36.13,35.59,33.26
2024-03-06 22:41:00,35.2,,38.08
2024-03-06 22:41:30,36.62,34.87,37.67
2024-03-06 22:42:00,35.65,35.75,36.51
2024-03-06 22:42:30,36.36,33.33,36.72
2024-03-06 22:43:00,37.59,33.3,36.52
2024-03-06 22:43:30,36.64,34.09,36.55
2024-03-06 22:44:00,37.59,35.97,35.72
2024-03-06 22:44:30,35.84,34.58,37.25
2024-03-06 22:45:00,36.2,35.64,35.06
2024-03-06 22:45:30,35.77,33.5,35.61
2024-03-06 22:46:00,36.55,34.07,36.59
2024-03-06 22:46:30,37.01,34.2,39.0
2024-03-06 22:47:00,35.73,35.16,36.09
2024-03-06 22:47:30,36.75,34.89,37.67
2024-03-06 22:48:00,36.39,35.49,37.23
2024-03-06 22:48:30,35.9,36.24,37.15
2024-03-06 22:49:00,33.68,34.49,37.62
2024-03-06 22:49:30,,34.88,37.42
2024-03-06 22:50:00,36.81,35.21,37.67
2024-03-06 22:50:30,35.65,37.15,34.05
2024-03-06 22:51:00,36.02,34.57,
2024-03-06 22:51:30,36.81,35.59,37.32
2024-03-06 22:52:00,36.06,34.85,38.19
2024-03-06 22:52:30,36.8,35.61,37.0
2024-03-06 22:53:00,37.08,37.34,37.78
2024-03-06 22:53:30,35.25,35.7,39.17
2024-03-06 22:54:00,36.22,35.25,37.94
2024-03-06 22:54:30,35.31,34.52,39.52
2024-03-06 22:55:00,38.34,35.12,39.79
2024-03-06 22:55:30,37.0,35.46,36.04
2024-03-06 22:56:00,36.26,34.8,38.73
2024-03-06 22:56:30,39.27,35.58,
2024-03-06 22:57:00,35.88,35.83,35.98
2024-03-06 22:57:30,37.22,35.59,38.8
2024-03-06 22:58:00,35.93,35.84,38.98
2024-03-06 22:58:30,35.03,35.62,38.25
2024-03-06 22:59:00,37.77,35.16,37.15
2024-03-06 22:59:30,35.44,34.76,36.5
2024-03-06 23:00:00,35.4,35.66,36.25
2024-03-06 23:00:30,38.8,33.47,36.74
2024-03-06 23:01:00,35.29,35.59,37.83
2024-03-06 23:01:30,36.47,35.33,36.59
2024-03-06 23:02:00,34.54,34.95,39.28
2024-03-06 23:02:30,37.77,36.32,37.62
2024-03-06 23:03:00,37.04,34.81,37.88
2024-03-06 23:03:30,34.55,36.1,37.97
2024-03-06 23:04:00,36.09,35.88,37.15
2024-03-06 23:04:30,37.56,36.59,34.94
2024-03-06 23:05:00,38.99,35.96,
2024-03-06 23:05:30,34.11,34.41,36.66
2024-03-06 23:06:00,37.9,35.37,37.4
2024-03-06 23:06:30,36.97,35.75,37.2
2024-03-06 23:07:00,36.62,35.95,38.13
2024-03-06 23:07:30,36.56,35.33,
2024-03-06 23:08:00,37.5,37.01,32.36
2024-03-06 23:08:30,36.92,34.78,36.04
2024-03-06 23:09:00,37.89,35.35,38.66
2024-03-06 23:09:30,35.65,36.06,37.89
2024-03-06 23:10:00,36.81,37.99,36.89
2024-03-06 23:10:30,35.63,36.63,36.55
2024-03-06 23:11:00,36.72,36.78,39.76
2024-03-06 23:11:30,37.3,34.71,37.22
2024-03-06 23:12:00,37.64,34.53,38.24
2024-03-06 23:12:30,39.66,35.66,38.9
2024-03-06 23:13:00,37.99,36.76,38.89
2024-03-06 23:13:30,38.27,36.14,36.62
2024-03-06 23:14:00,37.01,35.07,39.38
2024-03-06 23:14:30,38.46,37.48,39.07
2024-03-06 23:15:00,37.3,37.19,36.81
2024-03-06 23:15:30,35.33,37.98,40.12
2024-03-06 23:16:00,37.18,34.75,36.88
2024-03-06 23:16:30,36.9,36.9,38.96
2024-03-06 23:17:00,35.95,34.81,41.41
2024-03-06 23:17:30,38.73,34.08,39.05
2024-03-06 23:18:00,38.19,36.25,37.17
2024-03-06 23:18:30,37.78,35.2,37.42
2024-03-06 23:19:00,35.95,36.75,39.24
2024-03-06 23:19:30,,36.68,39.14
2024-03-06 23:20:00,37.47,35.25,39.17
2024-03-06 23:20:30,37.81,36.81,36.92
2024-03-06 23:21:00,,37.82,37.93
2024-03-06 23:21:30,36.43,35.77,40.96
2024-03-06 23:22:00,36.84,36.93,36.85
2024-03-06 23:22:30,36.42,36.24,37.35
2024-03-06 23:23:00,35.48,36.34,38.65
2024-03-06 23:23:30,35.12,36.07,34.63
2024-03-06 23:24:00,37.14,37.12,40.23
2024-03-06 23:24:30,37.79,35.85,39.71
2024-03-06 23:25:00,38.86,36.16,36.73
2024-03-06 23:25:30,35.44,36.66,38.56
2024-03-06 23:26:00,37.06,35.55,38.41
2024-03-06 23:26:30,37.38,36.45,39.47
2024-03-06 23:27:00,37.39,38.18,39.86
2024-03-06 23:27:30,37.0,37.17,40.97
2024-03-06 23:28:00,35.61,36.2,37.01
2024-03-06 23:28:30,39.26,37.42,39.86
2024-03-06 23:29:00,37.97,36.29,37.55
2024-03-06 23:29:30,37.96,36.32,38.93
2024-03-06 23:30:00,39.72,35.96,40.43
2024-03-06 23:30:30,37.2,35.68,38.47
2024-03-06 23:31:00,39.34,37.11,38.64
2024-03-06 23:31:30,35.54,38.67,37.08
2024-03-06 23:32:00,39.29,36.53,41.16
2024-03-06 23:32:30,38.32,38.75,41.48
2024-03-06 23:33:00,39.01,36.77,37.06
2024-03-06 23:33:30,38.75,36.13,41.15
2024-03-06 23:34:00,40.19,36.84,39.91
2024-03-06 23:34:30,39.19,35.47,38.5
2024-03-06 23:35:00,38.15,36.3,40.6
2024-03-06 23:35:30,37.18,37.73,39.14
2024-03-06 23:36:00,38.3,36.87,37.45
2024-03-06 23:36:30,36.56,36.02,41.04
2024-03-06 23:37:00,38.05,36.49,36.77
2024-03-06 23:37:30,40.14,38.2,40.93
2024-03-06 23:38:00,38.64,39.03,37.55
2024-03-06 23:38:30,37.55,37.66,41.17
2024-03-06 23:39:00,38.27,37.54,40.81
2024-03-06 23:39:30,38.79,35.54,38.5
2024-03-06 23:40:00,38.48,38.33,38.92
2024-03-06 23:40:30,,38.32,36.24
2024-03-06 23:41:00,38.45,36.53,38.26
2024-03-06 23:41:30,39.38,37.85,39.98
2024-03-06 23:42:00,38.58,37.27,
2024-03-06 23:42:30,37.74,38.24,39.56
2024-03-06 23:43:00,38.81,37.6,38.97
2024-03-06 23:43:30,38.7,38.22,39.51
2024-03-06 23:44:00,37.96,37.4,36.2
2024-03-06 23:44:30,39.83,38.09,38.93
2024-03-06 23:45:00,37.86,37.92,40.54
2024-03-06 23:45:30,36.87,38.23,42.18
2024-03-06 23:46:00,36.48,37.86,40.27
2024-03-06 23:46:30,36.62,36.75,35.53
2024-03-06 23:47:00,40.43,36.27,39.52
2024-03-06 23:47:30,38.31,37.51,40.87
2024-03-06 23:48:00,39.5,37.54,39.01
2024-03-06 23:48:30,39.49,37.37,39.53
2024-03-06 23:49:00,39.94,37.29,40.84
2024-03-06 23:49:30,39.39,39.35,37.75
2024-03-06 23:50:00,38.71,38.97,40.29
2024-03-06 23:50:30,40.29,37.12,39.47
2024-03-06 23:51:00,38.65,37.11,42.66
2024-03-06 23:51:30,39.61,36.94,40.82
2024-03-06 23:52:00,38.21,36.29,38.67
2024-03-06 23:52:30,38.84,38.48,39.75
2024-03-06 23:53:00,38.87,37.83,39.24
2024-03-06 23:53:30,38.27,37.87,41.27
2024-03-06 23:54:00,36.4,38.61,38.42
2024-03-06 23:54:30,38.91,37.37,40.36
2024-03-06 23:55:00,38.59,39.61,40.78
2024-03-06 23:55:30,38.27,36.08,41.4
2024-03-06 23:56:00,38.9,36.05,40.82
2024-03-06 23:56:30,39.19,38.75,39.28
2024-03-06 23:57:00,39.06,36.88,41.01
2024-03-06 23:57:30,37.28,38.88,40.13
2024-03-06 23:58:00,37.65,39.14,39.5
2024-03-06 23:58:30,39.33,37.79,39.03
2024-03-06 23:59:00,37.48,38.97,42.26
2024-03-06 23:59:30,39.28,,43.23
2024-03-07 00:00:00,37.2,37.87,38.77
2024-03-07 00:00:30,40.15,36.48,41.15
2024-03-07 00:01:00,42.82,37.92,39.44
2024-03-07 00:01:30,41.07,38.41,40.1
2024-03-07 00:02:00,38.41,37.52,38.23
2024-03-07 00:02:30,39.4,40.17,
2024-03-07 00:03:00,39.8,39.23,39.44
2024-03-07 00:03:30,40.59,38.27,
2024-03-07 00:04:00,40.68,39.03,42.12
2024-03-07 00:04:30,40.31,38.55,39.51
2024-03-07 00:05:00,41.71,37.54,40.18
2024-03-07 00:05:30,38.49,38.34,42.03
2024-03-07 00:06:00,39.77,37.18,39.52
2024-03-07 00:06:30,38.5,36.69,38.61
2024-03-07 00:07:00,38.79,39.47,42.18
2024-03-07 00:07:30,39.39,38.47,42.87
2024-03-07 00:08:00,39.75,36.2,41.17
2024-03-07 00:08:30,38.54,38.86,41.82
2024-03-07 00:09:00,40.55,39.48,39.02
2024-03-07 00:09:30,39.04,39.62,40.59
2024-03-07 00:10:00,39.29,38.04,39.72
2024-03-07 00:10:30,41.41,38.28,40.01
2024-03-07 00:11:00,40.13,39.03,38.11
2024-03-07 00:11:30,41.18,39.21,40.77
2024-03-07 00:12:00,40.57,37.71,37.79
2024-03-07 00:12:30,40.94,38.04,40.7
2024-03-07 00:13:00,,38.3,41.39
2024-03-07 00:13:30,40.22,38.03,41.76
2024-03-07 00:14:00,38.16,37.57,39.55
2024-03-07 00:14:30,38.48,36.17,42.97
2024-03-07 00:15:00,37.87,38.88,
2024-03-07 00:15:30,40.18,39.29,40.14
2024-03-07 00:16:00,39.0,38.39,40.3
2024-03-07 00:16:30,41.09,36.84,41.37
2024-03-07 00:17:00,39.62,39.06,42.69
2024-03-07 00:17:30,40.45,40.28,41.07
2024-03-07 00:18:00,39.01,38.37,40.51
2024-03-07 00:18:30,40.32,39.79,42.85
2024-03-07 00:19:00,38.62,39.7,43.3
2024-03-07 00:19:30,39.16,37.08,39.72
2024-03-07 00:20:00,39.02,41.04,42.41
2024-03-07 00:20:30,41.57,38.92,41.89
2024-03-07 00:21:00,39.57,38.13,40.74
2024-03-07 00:21:30,41.21,40.37,40.84
2024-03-07 00:22:00,42.16,37.03,39.34
2024-03-07 00:22:30,39.69,40.05,40.91
2024-03-07 00:23:00,40.36,39.06,40.4
2024-03-07 00:23:30,39.15,37.5,42.3
2024-03-07 00:24:00,39.28,40.08,42.01
2024-03-07 00:24:30,40.63,38.05,41.04
2024-03-07 00:25:00,40.33,40.31,42.99
2024-03-07 00:25:30,39.9,39.2,40.47
2024-03-07 00:26:00,41.97,40.23,40.26
2024-03-07 00:26:30,40.52,40.5,41.86
2024-03-07 00:27:00,40.27,39.14,
2024-03-07 00:27:30,41.66,38.91,41.96
2024-03-07 00:28:00,43.03,38.67,41.23
2024-03-07 00:28:30,39.82,40.72,39.85
2024-03-07 00:29:00,42.94,39.61,42.08
2024-03-07 00:29:30,40.19,40.81,40.26
2024-03-07 00:30:00,40.62,39.82,42.1
2024-03-07 00:30:30,40.21,38.75,43.49
2024-03-07 00:31:00,40.0,38.72,44.1
2024-03-07 00:31:30,40.78,,39.83
2024-03-07 00:32:00,38.73,39.82,42.31
2024-03-07 00:32:30,39.25,39.87,43.95
2024-03-07 00:33:00,42.43,38.69,42.02
2024-03-07 00:33:30,43.01,37.74,43.64
2024-03-07 00:34:00,40.42,41.11,42.57
2024-03-07 00:34:30,42.17,37.11,43.12
2024-03-07 00:35:00,42.06,39.21,41.22
2024-03-07 00:35:30,40.67,37.47,40.1
2024-03-07 00:36:00,,38.95,40.79
2024-03-07 00:36:30,38.04,38.8,
2024-03-07 00:37:00,41.1,39.63,42.76
2024-03-07 00:37:30,40.74,40.32,41.2
2024-03-07 00:38:00,42.02,40.9,42.15
2024-03-07 00:38:30,41.64,39.39,39.35
2024-03-07 00:39:00,42.16,40.18,41.95
2024-03-07 00:39:30,41.0,41.26,44.69
2024-03-07 00:40:00,41.24,40.78,42.75
2024-03-07 00:40:30,39.89,40.26,43.62
2024-03-07 00:41:00,40.26,40.25,44.0
2024-03-07 00:41:30,40.54,38.96,40.75
2024-03-07 00:42:00,41.17,40.62,42.29
2024-03-07 00:42:30,42.11,39.59,44.45
2024-03-07 00:43:00,43.06,39.81,41.93
2024-03-07 00:43:30,41.2,39.08,40.51
2024-03-07 00:44:00,40.04,40.06,41.56
2024-03-07 00:44:30,40.59,40.08,44.91
2024-03-07 00:45:00,40.93,41.36,41.39
2024-03-07 00:45:30,41.46,40.32,44.68
2024-03-07 00:46:00,43.35,41.39,41.56
2024-03-07 00:46:30,43.26,40.59,42.11
2024-03-07 00:47:00,42.76,41.3,42.65
2024-03-07 00:47:30,40.75,41.23,41.04
2024-03-07 00:48:00,42.79,41.9,43.58
2024-03-07 00:48:30,41.21,41.46,44.08
2024-03-07 00:49:00,40.82,41.68,42.87
2024-03-07 00:49:30,41.4,38.15,41.83
2024-03-07 00:50:00,43.03,41.09,43.18
2024-03-07 00:50:30,40.72,39.84,42.41
2024-03-07 00:51:00,41.65,39.96,43.92
2024-03-07 00:51:30,41.57,41.04,42.76
2024-03-07 00:52:00,39.21,41.08,45.62
2024-03-07 00:52:30,42.64,39.65,41.27
2024-03-07 00:53:00,40.11,40.91,42.82
2024-03-07 00:53:30,,41.12,43.17
2024-03-07 00:54:00,41.64,41.1,42.9
2024-03-07 00:54:30,40.99,38.62,40.5
2024-03-07 00:55:00,43.6,38.52,41.62
2024-03-07 00:55:30,42.37,41.58,42.36
2024-03-07 00:56:00,40.9,41.71,41.66
2024-03-07 00:56:30,41.36,40.96,41.65
2024-03-07 00:57:00,41.36,41.74,41.91
2024-03-07 00:57:30,39.99,39.36,42.91
2024-03-07 00:58:00,40.84,41.0,44.7
2024-03-07 00:58:30,40.1,41.74,43.83
2024-03-07 00:59:00,43.69,40.59,42.68
2024-03-07 00:59:30,42.02,40.52,44.19
2024-03-07 01:00:00,39.87,40.12,41.43
2024-03-07 01:00:30,40.83,40.64,44.78
2024-03-07 01:01:00,42.94,41.22,43.15
2024-03-07 01:01:30,42.41,40.96,43.72
2024-03-07 01:02:00,42.84,41.86,41.92
2024-03-07 01:02:30,41.58,40.81,44.62
2024-03-07 01:03:00,44.05,,41.73
2024-03-07 01:03:30,43.29,43.15,42.01
2024-03-07 01:04:00,41.14,41.5,42.1
2024-03-07 01:04:30,41.17,41.14,42.17
2024-03-07 01:05:00,43.07,40.22,43.26
2024-03-07 01:05:30,41.84,41.62,43.09
2024-03-07 01:06:00,41.83,40.31,41.7
2024-03-07 01:06:30,41.89,39.06,44.74
2024-03-07 01:07:00,41.93,40.68,44.11
2024-03-07 01:07:30,43.06,43.32,45.68
2024-03-07 01:08:00,41.84,43.52,43.29
2024-03-07 01:08:30,39.67,40.25,43.48
2024-03-07 01:09:00,42.12,40.71,44.64
2024-03-07 01:09:30,42.82,42.98,44.3
2024-03-07 01:10:00,42.99,40.24,
2024-03-07 01:10:30,40.53,42.0,43.5
2024-03-07 01:11:00,42.24,41.53,43.51
2024-03-07 01:11:30,43.45,42.27,46.85
2024-03-07 01:12:00,42.54,42.72,42.44
2024-03-07 01:12:30,43.72,41.55,41.7
2024-03-07 01:13:00,42.55,40.5,44.43
2024-03-07 01:13:30,40.51,40.2,43.98
2024-03-07 01:14:00,42.72,41.77,42.61
2024-03-07 01:14:30,41.4,41.12,43.59
2024-03-07 01:15:00,41.79,41.4,42.27
2024-03-07 01:15:30,44.81,42.06,42.68
2024-03-07 01:16:00,43.27,42.4,43.22
2024-03-07 01:16:30,44.8,42.1,42.3
2024-03-07 01:17:00,43.46,42.67,41.68
2024-03-07 01:17:30,42.19,40.26,42.68
2024-03-07 01:18:00,41.74,41.21,44.62
2024-03-07 01:18:30,41.92,41.4,45.87
2024-03-07 01:19:00,42.87,42.77,43.94
2024-03-07 01:19:30,43.41,42.57,45.73
2024-03-07 01:20:00,44.26,41.86,42.32
2024-03-07 01:20:30,41.97,40.87,45.13
2024-03-07 01:21:00,41.66,42.31,44.04
2024-03-07 01:21:30,43.69,41.49,45.54
2024-03-07 01:22:00,42.8,42.12,44.46
2024-03-07 01:22:30,43.25,41.24,43.52
2024-03-07 01:23:00,44.4,41.63,44.28
2024-03-07 01:23:30,42.49,42.96,43.71
2024-03-07 01:24:00,44.13,42.04,46.36
2024-03-07 01:24:30,42.82,42.82,44.64
2024-03-07 01:25:00,44.37,43.24,43.48
2024-03-07 01:25:30,43.09,41.56,43.97
2024-03-07 01:26:00,41.73,41.42,45.62
2024-03-07 01:26:30,41.92,41.78,43.41
2024-03-07 01:27:00,43.36,43.16,46.68
2024-03-07 01:27:30,44.18,42.83,42.53
2024-03-07 01:28:00,44.58,41.53,44.64
2024-03-07 01:28:30,42.19,41.57,41.42
2024-03-07 01:29:00,43.16,42.85,43.47
2024-03-07 01:29:30,44.85,42.03,45.2
2024-03-07 01:30:00,46.24,42.42,45.97
2024-03-07 01:30:30,43.87,42.54,43.9
2024-03-07 01:31:00,44.12,42.01,45.99
2024-03-07 01:31:30,43.91,41.88,41.45
2024-03-07 01:32:00,43.66,41.63,45.07
2024-03-07 01:32:30,42.22,42.86,44.9
2024-03-07 01:33:00,42.66,42.44,43.11
2024-03-07 01:33:30,46.28,42.0,44.11
2024-03-07 01:34:00,43.58,40.86,43.43
2024-03-07 01:34:30,42.71,42.94,44.23
2024-03-07 01:35:00,42.54,43.6,44.65
2024-03-07 01:35:30,45.06,41.16,45.52
2024-03-07 01:36:00,43.34,43.03,45.75
2024-03-07 01:36:30,42.81,42.75,44.67
2024-03-07 01:37:00,43.63,43.92,
2024-03-07 01:37:30,42.79,43.62,44.23
2024-03-07 01:38:00,44.3,43.67,45.04
2024-03-07 01:38:30,44.56,43.45,43.25
2024-03-07 01:39:00,44.65,41.8,46.25
2024-03-07 01:39:30,43.6,43.58,46.21
2024-03-07 01:40:00,43.92,42.88,46.61
2024-03-07 01:40:30,44.78,43.4,45.89
2024-03-07 01:41:00,44.68,41.24,46.2
2024-03-07 01:41:30,42.9,43.19,48.18
2024-03-07 01:42:00,44.05,44.22,43.81
2024-03-07 01:42:30,44.19,43.51,45.22
2024-03-07 01:43:00,44.41,43.13,46.5
2024-03-07 01:43:30,44.41,42.35,47.66
2024-03-07 01:44:00,40.89,43.32,43.93
2024-03-07 01:44:30,46.16,43.04,46.03
2024-03-07 01:45:00,44.42,42.35,45.1
2024-03-07 01:45:30,44.28,44.85,45.58
2024-03-07 01:46:00,46.35,,44.59
2024-03-07 01:46:30,46.48,42.9,45.35
2024-03-07 01:47:00,45.83,43.99,42.4
2024-03-07 01:47:30,42.71,43.04,43.66
2024-03-07 01:48:00,46.04,44.53,45.67
2024-03-07 01:48:30,43.75,43.09,44.84
2024-03-07 01:49:00,47.19,43.01,43.44
2024-03-07 01:49:30,43.56,43.76,47.24
2024-03-07 01:50:00,47.36,44.05,45.16
2024-03-07 01:50:30,45.19,43.83,46.73
2024-03-07 01:51:00,43.35,43.51,47.66
2024-03-07 01:51:30,43.54,43.5,43.75
2024-03-07 01:52:00,45.79,44.86,46.87
2024-03-07 01:52:30,44.96,44.21,44.3
2024-03-07 01:53:00,43.62,42.62,45.94
2024-03-07 01:53:30,46.02,43.54,48.96
2024-03-07 01:54:00,46.34,43.04,43.92
2024-03-07 01:54:30,45.98,46.27,47.15
2024-03-07 01:55:00,44.67,42.75,46.87
2024-03-07 01:55:30,44.32,40.87,43.04
2024-03-07 01:56:00,46.49,44.2,45.79
2024-03-07 01:56:30,45.08,44.48,45.78
2024-03-07 01:57:00,43.01,43.45,46.47
2024-03-07 01:57:30,44.66,42.87,47.58
2024-03-07 01:58:00,44.15,43.12,47.33
2024-03-07 01:58:30,46.01,43.21,45.96
2024-03-07 01:59:00,45.21,43.81,49.81
2024-03-07 01:59:30,45.56,44.38,47.03
2024-03-07 02:00:00,45.6,43.75,46.79
2024-03-07 02:00:30,44.1,43.6,46.14
2024-03-07 02:01:00,45.98,45.04,46.2
2024-03-07 02:01:30,46.0,44.75,48.7
2024-03-07 02:02:00,45.05,42.89,44.51
2024-03-07 02:02:30,46.53,42.53,46.76
2024-03-07 02:03:00,,42.87,47.06
2024-03-07 02:03:30,46.88,44.65,46.95
2024-03-07 02:04:00,46.88,42.21,45.79
2024-03-07 02:04:30,46.74,43.28,45.8
2024-03-07 02:05:00,45.26,42.94,45.5
2024-03-07 02:05:30,46.86,45.77,46.58
2024-03-07 02:06:00,44.88,44.47,46.13
2024-03-07 02:06:30,46.69,44.2,44.6
2024-03-07 02:07:00,45.49,43.86,46.19
2024-03-07 02:07:30,43.66,45.32,46.35
2024-03-07 02:08:00,44.82,45.11,48.18
2024-03-07 02:08:30,43.99,44.55,47.36
2024-03-07 02:09:00,45.73,45.87,44.88
2024-03-07 02:09:30,45.31,43.98,47.41
2024-03-07 02:10:00,46.56,44.26,45.84
2024-03-07 02:10:30,45.91,45.79,48.41
2024-03-07 02:11:00,45.48,45.72,48.53
2024-03-07 02:11:30,46.16,43.09,48.14
2024-03-07 02:12:00,45.54,45.54,47.93
2024-03-07 02:12:30,46.1,44.53,47.44
2024-03-07 02:13:00,46.25,43.32,44.93
2024-03-07 02:13:30,45.61,42.69,47.36
2024-03-07 02:14:00,44.81,45.01,46.62
2024-03-07 02:14:30,45.58,45.25,46.05
2024-03-07 02:15:00,48.93,44.27,46.04
2024-03-07 02:15:30,46.7,44.84,
2024-03-07 02:16:00,47.98,46.27,46.72
2024-03-07 02:16:30,43.64,43.32,46.18
2024-03-07 02:17:00,47.68,44.56,47.73
2024-03-07 02:17:30,46.59,44.86,46.13
2024-03-07 02:18:00,45.41,44.27,47.96
2024-03-07 02:18:30,47.12,43.75,48.15
2024-03-07 02:19:00,46.87,44.79,48.14
2024-03-07 02:19:30,45.4,44.38,48.01
2024-03-07 02:20:00,46.29,47.53,45.42
2024-03-07 02:20:30,45.06,44.23,45.2
2024-03-07 02:21:00,44.6,45.89,50.43
2024-03-07 02:21:30,46.57,45.37,45.21
2024-03-07 02:22:00,44.43,46.49,47.66
2024-03-07 02:22:30,46.03,47.39,46.57
2024-03-07 02:23:00,46.33,45.04,47.05
2024-03-07 02:23:30,45.84,43.72,45.84
2024-03-07 02:24:00,47.11,44.87,47.28
2024-03-07 02:24:30,46.5,45.92,46.5
2024-03-07 02:25:00,46.03,44.04,48.04
2024-03-07 02:25:30,45.16,45.55,49.01
2024-03-07 02:26:00,47.46,45.76,48.92
2024-03-07 02:26:30,48.39,45.14,47.52
2024-03-07 02:27:00,46.3,45.99,47.74
2024-03-07 02:27:30,47.78,45.63,50.38
2024-03-07 02:28:00,48.77,45.55,46.72
2024-03-07 02:28:30,46.53,45.07,48.44
2024-03-07 02:29:00,47.98,45.35,
2024-03-07 02:29:30,45.89,46.08,47.45
2024-03-07 02:30:00,45.1,44.25,46.43
2024-03-07 02:30:30,47.0,46.38,45.03
2024-03-07 02:31:00,47.41,45.71,48.7
2024-03-07 02:31:30,48.31,45.93,48.34
2024-03-07 02:32:00,45.07,45.19,48.57
2024-03-07 02:32:30,46.48,44.65,48.46
2024-03-07 02:33:00,48.7,46.3,48.34
2024-03-07 02:33:30,46.97,46.26,48.65
2024-03-07 02:34:00,48.94,46.76,45.94
2024-03-07 02:34:30,46.39,46.05,48.27
2024-03-07 02:35:00,48.05,45.39,48.6
2024-03-07 02:35:30,47.46,46.15,48.69
2024-03-07 02:36:00,47.15,48.25,50.12
2024-03-07 02:36:30,46.52,46.01,47.65
2024-03-07 02:37:00,50.3,46.15,46.89
2024-03-07 02:37:30,48.36,45.6,
2024-03-07 02:38:00,48.01,45.3,47.61
2024-03-07 02:38:30,,44.28,46.0
2024-03-07 02:39:00,46.16,44.55,49.28
2024-03-07 02:39:30,48.08,43.44,46.77
2024-03-07 02:40:00,46.19,46.53,48.66
2024-03-07 02:40:30,46.32,46.68,47.87
2024-03-07 02:41:00,47.48,45.74,47.39
2024-03-07 02:41:30,45.75,45.53,49.6
2024-03-07 02:42:00,48.32,46.99,48.4
2024-03-07 02:42:30,48.1,46.62,51.87
2024-03-07 02:43:00,47.73,46.77,49.76
2024-03-07 02:43:30,47.09,47.83,50.29
2024-03-07 02:44:00,47.13,46.73,49.85
2024-03-07 02:44:30,48.09,45.77,47.35
2024-03-07 02:45:00,49.05,46.27,
2024-03-07 02:45:30,47.44,45.83,48.45
2024-03-07 02:46:00,45.8,47.96,48.0
2024-03-07 02:46:30,49.93,46.16,52.38
2024-03-07 02:47:00,47.8,45.9,47.46
2024-03-07 02:47:30,47.9,46.69,47.0
2024-03-07 02:48:00,47.13,48.36,48.33
2024-03-07 02:48:30,,45.72,46.31
2024-03-07 02:49:00,48.43,46.33,47.84
2024-03-07 02:49:30,48.15,46.54,49.03
2024-03-07 02:50:00,49.87,46.66,49.13
2024-03-07 02:50:30,47.93,46.17,49.92
2024-03-07 02:51:00,48.56,45.56,51.02
2024-03-07 02:51:30,47.15,44.77,
2024-03-07 02:52:00,47.66,46.44,48.31
2024-03-07 02:52:30,48.87,44.57,51.01
2024-03-07 02:53:00,48.26,45.23,48.89
2024-03-07 02:53:30,45.95,47.16,49.7
2024-03-07 02:54:00,48.81,44.63,47.48
2024-03-07 02:54:30,46.57,47.09,50.96
2024-03-07 02:55:00,50.75,47.04,52.02
2024-03-07 02:55:30,48.29,46.89,48.54
2024-03-07 02:56:00,49.55,47.72,49.2
2024-03-07 02:56:30,47.36,46.84,
2024-03-07 02:57:00,49.5,44.54,49.88
2024-03-07 02:57:30,49.27,47.79,51.91
2024-03-07 02:58:00,49.33,45.5,47.77
2024-03-07 02:58:30,48.0,47.94,51.63
2024-03-07 02:59:00,46.36,45.73,49.48
2024-03-07 02:59:30,47.55,48.41,45.56
2024-03-07 03:00:00,47.37,47.06,48.33
2024-03-07 03:00:30,48.35,47.72,49.21
2024-03-07 03:01:00,49.33,48.45,49.4
2024-03-07 03:01:30,49.02,46.97,49.96
2024-03-07 03:02:00,47.86,45.87,48.92
2024-03-07 03:02:30,47.62,48.1,49.18
2024-03-07 03:03:00,47.66,48.01,47.42
2024-03-07 03:03:30,49.56,46.21,46.46
2024-03-07 03:04:00,47.51,46.48,51.65
2024-03-07 03:04:30,50.68,47.49,52.88
2024-03-07 03:05:00,50.85,46.9,48.39
2024-03-07 03:05:30,48.59,48.74,48.82
2024-03-07 03:06:00,48.5,46.85,50.61
2024-03-07 03:06:30,51.2,48.21,52.11
2024-03-07 03:07:00,47.53,46.45,47.06
2024-03-07 03:07:30,47.75,47.89,50.31
2024-03-07 03:08:00,47.79,47.09,49.9
2024-03-07 03:08:30,48.83,45.92,48.49
2024-03-07 03:09:00,46.42,48.66,49.71
2024-03-07 03:09:30,48.41,47.5,49.66
2024-03-07 03:10:00,47.85,47.27,47.19
2024-03-07 03:10:30,45.91,47.14,49.42
2024-03-07 03:11:00,47.37,47.43,49.75
2024-03-07 03:11:30,46.97,47.39,49.99
2024-03-07 03:12:00,49.23,47.58,50.47
2024-03-07 03:12:30,49.37,47.56,49.37
2024-03-07 03:13:00,48.75,49.36,50.37
2024-03-07 03:13:30,48.23,47.02,51.77
2024-03-07 03:14:00,49.67,49.46,50.96
2024-03-07 03:14:30,48.66,47.46,47.25
2024-03-07 03:15:00,47.72,46.83,49.45
2024-03-07 03:15:30,46.9,46.87,49.66
2024-03-07 03:16:00,50.51,46.94,48.37
2024-03-07 03:16:30,49.05,47.87,48.83
2024-03-07 03:17:00,48.13,46.11,52.05
2024-03-07 03:17:30,49.79,47.14,49.63
2024-03-07 03:18:00,49.02,48.53,49.43
2024-03-07 03:18:30,,47.36,52.29
2024-03-07 03:19:00,49.63,47.96,52.72
2024-03-07 03:19:30,48.8,47.77,49.28
2024-03-07 03:20:00,49.86,47.53,51.62
2024-03-07 03:20:30,50.29,46.7,50.92
2024-03-07 03:21:00,50.3,47.62,51.77
2024-03-07 03:21:30,51.5,48.61,48.26
2024-03-07 03:22:00,49.66,47.54,51.66
2024-03-07 03:22:30,48.2,48.24,50.17
2024-03-07 03:23:00,50.22,49.39,48.4
2024-03-07 03:23:30,49.11,46.95,49.72
2024-03-07 03:24:00,47.1,48.35,49.35
2024-03-07 03:24:30,51.29,48.86,49.31
2024-03-07 03:25:00,50.27,47.38,51.18
2024-03-07 03:25:30,49.63,49.17,50.89
2024-03-07 03:26:00,49.36,47.88,52.4
2024-03-07 03:26:30,50.31,49.61,50.73
2024-03-07 03:27:00,48.53,47.23,50.04
2024-03-07 03:27:30,49.13,46.91,50.2
2024-03-07 03:28:00,49.63,49.71,51.18
2024-03-07 03:28:30,49.81,47.92,50.97
2024-03-07 03:29:00,49.41,48.38,51.69
2024-03-07 03:29:30,49.21,48.87,51.07
2024-03-07 03:30:00,52.23,48.73,50.23
2024-03-07 03:30:30,50.47,49.2,50.96
2024-03-07 03:31:00,51.09,48.46,51.26
2024-03-07 03:31:30,49.22,48.58,50.49
2024-03-07 03:32:00,50.4,47.93,49.07
2024-03-07 03:32:30,51.1,48.22,50.53
2024-03-07 03:33:00,49.11,48.53,49.5
2024-03-07 03:33:30,51.27,48.52,50.94
2024-03-07 03:34:00,49.13,48.94,53.83
2024-03-07 03:34:30,51.0,48.58,47.74
2024-03-07 03:35:00,51.19,49.99,51.0
2024-03-07 03:35:30,50.51,48.96,52.51
2024-03-07 03:36:00,50.12,51.01,49.13
2024-03-07 03:36:30,49.95,48.58,47.45
2024-03-07 03:37:00,50.19,47.9,50.82
2024-03-07 03:37:30,49.16,48.79,50.75
2024-03-07 03:38:00,51.46,47.84,50.16
2024-03-07 03:38:30,51.03,50.32,51.53
2024-03-07 03:39:00,49.57,49.05,50.2
2024-03-07 03:39:30,49.0,48.65,54.34
2024-03-07 03:40:00,51.62,48.27,51.4
2024-03-07 03:40:30,49.89,48.29,49.57
2024-03-07 03:41:00,50.91,48.72,48.57
2024-03-07 03:41:30,51.97,50.2,49.79
2024-03-07 03:42:00,50.02,50.41,50.99
2024-03-07 03:42:30,,46.81,53.42
2024-03-07 03:43:00,49.79,49.67,53.61
2024-03-07 03:43:30,51.3,48.76,50.51
2024-03-07 03:44:00,49.67,47.65,50.53
2024-03-07 03:44:30,51.27,47.37,52.66
2024-03-07 03:45:00,50.48,50.68,51.31
2024-03-07 03:45:30,51.35,49.11,
2024-03-07 03:46:00,49.51,49.62,53.33
2024-03-07 03:46:30,48.14,50.84,51.91
2024-03-07 03:47:00,51.66,50.04,53.14
2024-03-07 03:47:30,49.72,49.69,
2024-03-07 03:48:00,49.95,48.79,51.73
2024-03-07 03:48:30,50.92,47.85,52.03
2024-03-07 03:49:00,49.32,49.94,52.68
2024-03-07 03:49:30,49.53,51.75,54.22
2024-03-07 03:50:00,50.09,51.61,51.28
2024-03-07 03:50:30,50.62,48.87,50.53
2024-03-07 03:51:00,50.43,48.71,51.09
2024-03-07 03:51:30,51.79,49.59,53.74
2024-03-07 03:52:00,49.6,47.95,50.29
2024-03-07 03:52:30,50.85,50.82,51.61
2024-03-07 03:53:00,50.64,49.76,52.82
2024-03-07 03:53:30,51.81,47.64,51.21
2024-03-07 03:54:00,51.41,48.8,51.42
2024-03-07 03:54:30,51.41,50.1,51.16
2024-03-07 03:55:00,50.23,49.11,53.03
2024-03-07 03:55:30,50.19,47.58,50.88
2024-03-07 03:56:00,49.38,49.11,51.22
2024-03-07 03:56:30,51.6,50.22,50.97
2024-03-07 03:57:00,51.52,50.3,51.83
2024-03-07 03:57:30,52.15,50.98,54.04
2024-03-07 03:58:00,51.88,50.74,54.14
2024-03-07 03:58:30,53.6,49.04,51.82
2024-03-07 03:59:00,51.4,52.17,51.51
2024-03-07 03:59:30,51.51,,51.46
2024-03-07 04:00:00,52.42,49.58,51.29
2024-03-07 04:00:30,51.08,47.51,50.45
2024-03-07 04:01:00,51.02,50.47,51.1
2024-03-07 04:01:30,50.49,49.77,50.63
2024-03-07 04:02:00,54.18,50.03,53.58
2024-03-07 04:02:30,50.28,50.58,52.51
2024-03-07 04:03:00,52.38,48.65,53.53
2024-03-07 04:03:30,49.82,49.58,49.89
2024-03-07 04:04:00,50.67,50.87,51.81
2024-03-07 04:04:30,49.22,50.43,53.46
2024-03-07 04:05:00,50.29,49.64,53.92
2024-03-07 04:05:30,49.81,51.13,48.08
2024-03-07 04:06:00,51.83,51.34,53.24
2024-03-07 04:06:30,52.32,47.62,53.42
2024-03-07 04:07:00,51.65,49.62,51.79
2024-03-07 04:07:30,49.45,50.31,53.16
2024-03-07 04:08:00,50.22,49.94,53.08
2024-03-07 04:08:30,48.83,50.34,50.08
2024-03-07 04:09:00,50.75,50.14,53.62
2024-03-07 04:09:30,53.51,49.84,50.85
2024-03-07 04:10:00,53.17,52.13,55.28
2024-03-07 04:10:30,51.14,49.13,52.79
2024-03-07 04:11:00,52.8,51.23,54.72
2024-03-07 04:11:30,52.11,50.9,53.14
2024-03-07 04:12:00,52.68,50.47,52.26
2024-03-07 04:12:30,51.2,49.43,52.86
2024-03-07 04:13:00,53.05,49.86,53.06
2024-03-07 04:13:30,50.75,,51.97
2024-03-07 04:14:00,51.66,51.37,53.17
2024-03-07 04:14:30,52.95,52.74,51.76
2024-03-07 04:15:00,51.41,48.16,54.21
2024-03-07 04:15:30,52.68,49.04,52.49
2024-03-07 04:16:00,53.34,51.53,53.17
2024-03-07 04:16:30,50.54,49.9,50.97
2024-03-07 04:17:00,53.78,50.99,53.71
2024-03-07 04:17:30,51.9,51.57,54.67
2024-03-07 04:18:00,50.49,51.94,53.87
2024-03-07 04:18:30,52.56,50.4,51.2
2024-03-07 04:19:00,55.03,50.57,53.94
2024-03-07 04:19:30,53.75,51.56,54.54
2024-03-07 04:20:00,53.3,49.2,54.62
2024-03-07 04:20:30,51.92,49.93,53.51
2024-03-07 04:21:00,52.83,52.72,51.66
2024-03-07 04:21:30,51.52,48.93,52.28
2024-03-07 04:22:00,52.05,52.66,51.9
2024-03-07 04:22:30,53.1,49.87,52.31
2024-03-07 04:23:00,52.06,49.77,50.28
2024-03-07 04:23:30,52.45,49.35,49.86
2024-03-07 04:24:00,51.3,50.96,55.99
2024-03-07 04:24:30,51.67,50.97,53.63
2024-03-07 04:25:00,50.93,50.59,55.3
2024-03-07 04:25:30,52.52,51.19,54.43
2024-03-07 04:26:00,54.14,51.69,54.08
2024-03-07 04:26:30,51.76,50.56,54.3
2024-03-07 04:27:00,52.91,50.49,54.66
2024-03-07 04:27:30,51.33,49.11,51.26
2024-03-07 04:28:00,51.84,50.76,53.83
2024-03-07 04:28:30,51.64,52.45,52.68
2024-03-07 04:29:00,52.8,51.38,54.61
2024-03-07 04:29:30,52.97,50.71,53.63
2024-03-07 04:30:00,50.5,50.74,53.35
2024-03-07 04:30:30,53.97,51.13,55.07
2024-03-07 04:31:00,50.58,50.18,
2024-03-07 04:31:30,53.57,49.91,51.7
2024-03-07 04:32:00,53.67,49.89,55.48
2024-03-07 04:32:30,55.1,50.32,54.25
2024-03-07 04:33:00,53.8,49.5,51.91
2024-03-07 04:33:30,51.73,52.42,54.33
2024-03-07 04:34:00,53.52,49.58,53.97
2024-03-07 04:34:30,54.67,52.8,54.02
2024-03-07 04:35:00,51.96,51.43,51.97
2024-03-07 04:35:30,51.92,51.78,52.96
2024-03-07 04:36:00,52.41,51.33,53.72
2024-03-07 04:36:30,51.23,50.66,53.14
2024-03-07 04:37:00,51.8,52.06,51.61
2024-03-07 04:37:30,51.61,51.44,53.5
2024-03-07 04:38:00,52.42,51.81,55.4
2024-03-07 04:38:30,53.12,51.78,54.11
2024-03-07 04:39:00,53.92,51.22,53.08
2024-03-07 04:39:30,52.67,51.37,53.64
2024-03-07 04:40:00,53.72,49.32,53.29
2024-03-07 04:40:30,54.08,51.42,55.75
2024-03-07 04:41:00,52.41,50.92,54.73
2024-03-07 04:41:30,53.45,51.03,53.2
2024-03-07 04:42:00,52.63,50.06,53.29
2024-03-07 04:42:30,52.93,51.11,54.39
2024-03-07 04:43:00,53.4,51.92,52.54
2024-03-07 04:43:30,52.94,49.79,53.38
2024-03-07 04:44:00,54.18,51.23,54.48
2024-03-07 04:44:30,53.77,51.84,53.14
2024-03-07 04:45:00,,51.21,53.8
2024-03-07 04:45:30,52.76,52.85,51.19
2024-03-07 04:46:00,55.52,50.81,55.07
2024-03-07 04:46:30,52.97,51.34,54.59
2024-03-07 04:47:00,54.36,52.38,55.14
2024-03-07 04:47:30,51.4,51.22,55.44
2024-03-07 04:48:00,53.6,52.67,
2024-03-07 04:48:30,54.4,50.29,55.04
2024-03-07 04:49:00,54.46,,54.4
2024-03-07 04:49:30,52.73,52.67,52.72
2024-03-07 04:50:00,52.73,53.23,57.46
2024-03-07 04:50:30,51.94,51.13,55.93
2024-03-07 04:51:00,52.78,51.51,55.55
2024-03-07 04:51:30,52.76,51.09,55.45
2024-03-07 04:52:00,53.49,50.06,54.2
2024-03-07 04:52:30,54.81,52.57,56.03
2024-03-07 04:53:00,53.59,49.87,56.24
2024-03-07 04:53:30,54.36,53.18,53.98
2024-03-07 04:54:00,54.07,52.55,53.52
2024-03-07 04:54:30,54.42,52.14,
2024-03-07 04:55:00,52.27,50.92,55.73
2024-03-07 04:55:30,53.83,50.39,55.26
2024-03-07 04:56:00,52.06,51.84,53.96
2024-03-07 04:56:30,50.61,52.6,53.6
2024-03-07 04:57:00,54.46,50.27,53.41
2024-03-07 04:57:30,53.38,50.63,56.94
2024-03-07 04:58:00,55.35,52.77,56.29
2024-03-07 04:58:30,52.79,50.28,54.75
2024-03-07 04:59:00,52.98,51.09,56.49
2024-03-07 04:59:30,53.34,51.93,54.23
2024-03-07 05:00:00,54.01,52.04,55.74
2024-03-07 05:00:30,53.1,52.59,56.34
2024-03-07 05:01:00,51.45,52.16,56.25
2024-03-07 05:01:30,52.83,51.99,54.47
2024-03-07 05:02:00,52.08,51.82,51.48
2024-03-07 05:02:30,53.29,51.19,53.58
2024-03-07 05:03:00,53.86,51.01,53.55
2024-03-07 05:03:30,54.68,53.53,56.0
2024-03-07 05:04:00,53.05,52.92,60.4
2024-03-07 05:04:30,53.96,53.89,54.31
2024-03-07 05:05:00,53.91,52.75,55.58
2024-03-07 05:05:30,54.85,52.94,53.6
2024-03-07 05:06:00,55.2,50.21,55.06
2024-03-07 05:06:30,55.71,52.35,54.25
2024-03-07 05:07:00,52.35,53.72,54.03
2024-03-07 05:07:30,54.73,51.67,51.16
2024-03-07 05:08:00,53.33,50.71,56.08
2024-03-07 05:08:30,55.07,51.29,54.88
2024-03-07 05:09:00,56.03,52.44,55.27
2024-03-07 05:09:30,56.26,52.22,51.82
2024-03-07 05:10:00,51.36,53.07,56.64
2024-03-07 05:10:30,53.42,53.33,56.64
2024-03-07 05:11:00,54.95,51.15,56.31
2024-03-07 05:11:30,52.75,51.87,55.78
2024-03-07 05:12:00,55.04,54.5,56.67
2024-03-07 05:12:30,53.25,51.56,54.77
2024-03-07 05:13:00,53.65,52.84,55.62
2024-03-07 05:13:30,53.38,52.44,57.88
2024-03-07 05:14:00,52.51,53.33,54.67
2024-03-07 05:14:30,52.89,52.96,55.07
2024-03-07 05:15:00,53.14,51.5,57.0
2024-03-07 05:15:30,54.66,52.82,54.91
2024-03-07 05:16:00,53.72,51.87,55.09
2024-03-07 05:16:30,55.3,53.01,54.52
2024-03-07 05:17:00,53.7,53.01,58.14
2024-03-07 05:17:30,53.34,52.24,55.17
2024-03-07 05:18:00,51.44,52.96,56.22
2024-03-07 05:18:30,51.69,53.97,57.17
2024-03-07 05:19:00,53.86,52.83,54.59
2024-03-07 05:19:30,54.13,51.28,51.69
2024-03-07 05:20:00,53.57,53.44,55.62
2024-03-07 05:20:30,52.73,52.15,54.37
2024-03-07 05:21:00,55.94,52.05,52.89
2024-03-07 05:21:30,54.34,54.4,55.76
2024-03-07 05:22:00,56.2,53.01,55.89
2024-03-07 05:22:30,54.58,52.92,55.89
2024-03-07 05:23:00,54.96,53.82,55.26
2024-03-07 05:23:30,52.64,52.64,53.99
2024-03-07 05:24:00,57.32,52.45,56.46
2024-03-07 05:24:30,56.44,53.92,56.12
2024-03-07 05:25:00,53.66,52.9,54.84
2024-03-07 05:25:30,56.06,53.17,55.58
2024-03-07 05:26:00,55.18,53.36,56.01
2024-03-07 05:26:30,54.5,53.79,54.88
2024-03-07 05:27:00,53.63,51.98,57.48
2024-03-07 05:27:30,56.27,53.3,56.14
2024-03-07 05:28:00,54.42,53.32,55.78
2024-03-07 05:28:30,53.78,51.9,53.43
2024-03-07 05:29:00,52.35,52.69,54.69
2024-03-07 05:29:30,53.62,53.53,57.39
2024-03-07 05:30:00,53.58,54.12,53.43
2024-03-07 05:30:30,56.08,53.64,54.59
2024-03-07 05:31:00,55.88,53.38,56.08
2024-03-07 05:31:30,56.05,53.25,56.55
2024-03-07 05:32:00,55.56,53.14,53.36
2024-03-07 05:32:30,53.97,53.53,56.56
2024-03-07 05:33:00,54.19,51.84,56.81
2024-03-07 05:33:30,54.69,51.51,54.7
2024-03-07 05:34:00,54.5,54.38,52.87
2024-03-07 05:34:30,54.1,53.52,53.57
2024-03-07 05:35:00,55.82,52.92,56.77
2024-03-07 05:35:30,56.8,53.25,57.56
2024-03-07 05:36:00,55.45,53.85,53.24
2024-03-07 05:36:30,54.86,54.07,56.58
2024-03-07 05:37:00,55.58,53.78,56.41
2024-03-07 05:37:30,54.83,53.54,57.68
2024-03-07 05:38:00,55.82,53.72,54.39
2024-03-07 05:38:30,55.02,52.85,54.25
2024-03-07 05:39:00,56.08,53.16,55.26
2024-03-07 05:39:30,54.02,51.93,57.03
2024-03-07 05:40:00,54.64,56.35,57.29
2024-03-07 05:40:30,53.76,53.71,55.6
2024-03-07 05:41:00,53.12,53.32,56.27
2024-03-07 05:41:30,53.86,53.16,57.96
2024-03-07 05:42:00,56.94,52.14,55.0
2024-03-07 05:42:30,55.46,52.27,56.5
2024-03-07 05:43:00,54.94,52.42,54.88
2024-03-07 05:43:30,54.05,53.82,57.34
2024-03-07 05:44:00,55.6,52.65,57.89
2024-03-07 05:44:30,55.68,52.88,55.56
2024-03-07 05:45:00,55.3,52.13,56.12
2024-03-07 05:45:30,53.85,55.02,58.29
2024-03-07 05:46:00,54.85,54.97,55.48
2024-03-07 05:46:30,56.46,54.02,
2024-03-07 05:47:00,53.61,54.43,55.7
2024-03-07 05:47:30,55.72,53.24,55.42
2024-03-07 05:48:00,55.42,54.67,55.55
2024-03-07 05:48:30,55.84,53.64,56.86
2024-03-07 05:49:00,55.72,53.3,58.95
2024-03-07 05:49:30,55.58,53.07,57.09
2024-03-07 05:50:00,54.78,52.41,55.79
2024-03-07 05:50:30,55.04,53.79,57.59
2024-03-07 05:51:00,55.9,51.51,57.71
2024-03-07 05:51:30,55.83,52.7,57.66
2024-03-07 05:52:00,54.11,53.56,55.84
2024-03-07 05:52:30,54.95,54.07,58.61
2024-03-07 05:53:00,55.06,54.26,56.08
2024-03-07 05:53:30,55.88,54.94,54.22
2024-03-07 05:54:00,53.01,54.14,56.16
2024-03-07 05:54:30,55.05,52.2,57.41
2024-03-07 05:55:00,54.06,54.62,58.0
2024-03-07 05:55:30,55.14,53.14,56.35
2024-03-07 05:56:00,54.99,54.61,55.73
2024-03-07 05:56:30,53.76,55.14,57.0
2024-03-07 05:57:00,55.94,53.89,55.92
2024-03-07 05:57:30,55.03,53.41,56.3
2024-03-07 05:58:00,54.65,51.83,56.55
2024-03-07 05:58:30,56.44,53.85,57.81
2024-03-07 05:59:00,56.26,53.66,55.79
2024-03-07 05:59:30,57.44,53.72,56.61
2024-03-07 06:00:00,54.49,54.72,54.76
2024-03-07 06:00:30,58.66,54.38,56.77
2024-03-07 06:01:00,54.63,54.14,56.47
2024-03-07 06:01:30,53.72,53.3,58.63
2024-03-07 06:02:00,54.78,55.29,56.41
2024-03-07 06:02:30,54.97,53.78,55.37
2024-03-07 06:03:00,54.84,55.02,54.11
2024-03-07 06:03:30,56.76,53.45,59.06
2024-03-07 06:04:00,56.61,53.72,58.72
2024-03-07 06:04:30,56.2,55.09,56.99
2024-03-07 06:05:00,55.07,54.52,56.62
2024-03-07 06:05:30,54.04,53.85,57.23
2024-03-07 06:06:00,55.93,55.15,55.98
2024-03-07 06:06:30,55.84,52.61,59.79
2024-03-07 06:07:00,56.23,53.86,57.13
2024-03-07 06:07:30,53.77,54.71,58.81
2024-03-07 06:08:00,56.77,53.2,53.88
2024-03-07 06:08:30,54.35,54.07,54.09
2024-03-07 06:09:00,52.97,55.43,56.49
2024-03-07 06:09:30,55.84,53.48,57.03
2024-03-07 06:10:00,55.59,,55.74
2024-03-07 06:10:30,54.78,55.3,57.24
2024-03-07 06:11:00,55.37,52.91,56.77
2024-03-07 06:11:30,55.39,55.01,58.71
2024-03-07 06:12:00,52.97,53.59,57.38
2024-03-07 06:12:30,58.1,,56.06
2024-03-07 06:13:00,56.16,54.06,56.9
2024-03-07 06:13:30,53.27,53.53,55.87
2024-03-07 06:14:00,53.81,53.61,57.95
2024-03-07 06:14:30,57.23,52.1,58.25
2024-03-07 06:15:00,56.84,52.66,55.41
2024-03-07 06:15:30,55.08,54.55,58.4
2024-03-07 06:16:00,56.62,54.1,56.11
2024-03-07 06:16:30,56.21,53.17,58.13
2024-03-07 06:17:00,58.25,53.87,55.59
2024-03-07 06:17:30,53.42,,57.82
2024-03-07 06:18:00,56.24,53.88,56.64
2024-03-07 06:18:30,56.54,52.89,57.49
2024-03-07 06:19:00,54.0,53.45,56.44
2024-03-07 06:19:30,55.97,56.49,57.51
2024-03-07 06:20:00,53.9,54.01,59.75
2024-03-07 06:20:30,53.75,54.33,59.13
2024-03-07 06:21:00,56.77,52.49,58.94
2024-03-07 06:21:30,55.79,53.63,58.56
2024-03-07 06:22:00,57.67,55.44,58.78
2024-03-07 06:22:30,54.98,54.75,56.73
2024-03-07 06:23:00,57.92,55.21,57.27
2024-03-07 06:23:30,56.6,55.03,59.28
2024-03-07 06:24:00,54.73,54.69,56.52
2024-03-07 06:24:30,57.99,56.21,56.08
2024-03-07 06:25:00,56.16,54.08,60.17
2024-03-07 06:25:30,56.34,54.47,54.67
2024-03-07 06:26:00,56.35,53.78,
2024-03-07 06:26:30,56.13,54.32,59.19
2024-03-07 06:27:00,57.32,52.67,58.06
2024-03-07 06:27:30,55.04,53.64,57.09
2024-03-07 06:28:00,56.83,54.49,55.31
2024-03-07 06:28:30,56.76,53.78,59.35
2024-03-07 06:29:00,55.61,54.21,
2024-03-07 06:29:30,55.3,54.48,55.39
2024-03-07 06:30:00,54.52,52.47,56.34
2024-03-07 06:30:30,58.01,54.97,
2024-03-07 06:31:00,54.0,54.76,58.78
2024-03-07 06:31:30,56.74,55.08,56.33
2024-03-07 06:32:00,56.03,54.41,57.37
2024-03-07 06:32:30,56.53,55.22,55.25
2024-03-07 06:33:00,56.94,53.44,57.51
2024-03-07 06:33:30,56.51,55.49,
2024-03-07 06:34:00,54.3,54.65,54.59
2024-03-07 06:34:30,56.96,,56.17
2024-03-07 06:35:00,57.62,55.07,58.94
2024-03-07 06:35:30,56.46,54.3,55.45
2024-03-07 06:36:00,57.79,55.09,56.91
2024-03-07 06:36:30,55.81,53.99,56.93
2024-03-07 06:37:00,56.88,54.73,58.71
2024-03-07 06:37:30,53.26,55.16,57.69
2024-03-07 06:38:00,57.61,55.58,56.36
2024-03-07 06:38:30,54.09,54.61,57.13
2024-03-07 06:39:00,56.19,54.5,59.97
2024-03-07 06:39:30,53.39,54.78,56.7
2024-03-07 06:40:00,55.96,54.31,
2024-03-07 06:40:30,56.08,56.0,59.65
2024-03-07 06:41:00,56.95,53.89,59.14
2024-03-07 06:41:30,58.2,54.67,57.54
2024-03-07 06:42:00,56.01,54.82,54.6
2024-03-07 06:42:30,58.28,53.99,56.91
2024-03-07 06:43:00,56.81,53.86,58.83
2024-03-07 06:43:30,54.66,54.21,59.86
2024-03-07 06:44:00,58.46,56.45,59.04
2024-03-07 06:44:30,54.89,55.29,58.82
2024-03-07 06:45:00,56.52,53.73,56.16
2024-03-07 06:45:30,56.4,52.98,57.17
2024-03-07 06:46:00,56.89,55.37,57.07
2024-03-07 06:46:30,55.11,54.32,59.49
2024-03-07 06:47:00,54.87,56.5,56.42
2024-03-07 06:47:30,54.23,54.95,59.73
2024-03-07 06:48:00,58.09,54.91,57.43
2024-03-07 06:48:30,58.02,54.84,57.22
2024-03-07 06:49:00,58.49,56.16,60.16
2024-03-07 06:49:30,56.65,54.89,58.89
2024-03-07 06:50:00,56.4,57.44,57.7
2024-03-07 06:50:30,57.1,54.25,58.95
2024-03-07 06:51:00,55.69,52.04,57.77
2024-03-07 06:51:30,57.12,57.29,56.77
2024-03-07 06:52:00,56.03,56.99,58.78
2024-03-07 06:52:30,57.32,52.15,58.64
2024-03-07 06:53:00,57.43,54.08,58.09
2024-03-07 06:53:30,57.35,54.75,57.7
2024-03-07 06:54:00,58.61,54.04,58.09
2024-03-07 06:54:30,55.76,54.0,56.73
2024-03-07 06:55:00,58.01,55.21,57.27
2024-03-07 06:55:30,56.51,54.47,58.84
2024-03-07 06:56:00,56.08,55.13,57.85
2024-03-07 06:56:30,58.48,54.64,58.29
2024-03-07 06:57:00,58.01,54.26,55.91
2024-03-07 06:57:30,55.78,56.84,58.79
2024-03-07 06:58:00,57.23,55.59,
2024-03-07 06:58:30,56.68,53.6,56.97
2024-03-07 06:59:00,56.13,55.81,58.18
2024-03-07 06:59:30,55.92,56.04,57.92
2024-03-07 07:00:00,54.36,55.22,56.14
2024-03-07 07:00:30,57.38,53.38,59.75
2024-03-07 07:01:00,56.47,55.97,54.75
2024-03-07 07:01:30,55.9,54.22,57.32
2024-03-07 07:02:00,56.18,53.74,58.28
2024-03-07 07:02:30,55.52,54.94,57.1
2024-03-07 07:03:00,56.37,54.09,57.24
2024-03-07 07:03:30,57.21,53.86,56.73
2024-03-07 07:04:00,55.18,55.17,58.1
2024-03-07 07:04:30,55.67,52.85,56.41
2024-03-07 07:05:00,56.1,56.28,56.62
2024-03-07 07:05:30,55.52,53.9,57.77
2024-03-07 07:06:00,52.94,54.7,57.82
2024-03-07 07:06:30,56.5,56.06,58.67
2024-03-07 07:07:00,55.81,57.2,55.84
2024-03-07 07:07:30,57.38,55.86,56.82
2024-03-07 07:08:00,56.42,55.75,59.18
2024-03-07 07:08:30,57.68,54.1,60.05
2024-03-07 07:09:00,59.09,54.39,56.72
2024-03-07 07:09:30,58.18,54.63,56.96
2024-03-07 07:10:00,56.93,54.26,58.34
2024-03-07 07:10:30,57.88,53.48,58.28
2024-03-07 07:11:00,54.22,55.12,57.0
2024-03-07 07:11:30,56.82,54.5,58.41
2024-03-07 07:12:00,56.1,55.49,59.06
2024-03-07 07:12:30,57.23,54.51,58.26
2024-03-07 07:13:00,57.53,54.62,56.5
2024-03-07 07:13:30,57.07,53.66,58.4
2024-03-07 07:14:00,52.3,53.85,58.48
2024-03-07 07:14:30,57.58,54.05,57.44
2024-03-07 07:15:00,57.38,54.35,60.31
2024-03-07 07:15:30,54.56,56.07,58.31
2024-03-07 07:16:00,58.6,55.43,55.8
2024-03-07 07:16:30,56.29,56.21,57.96
2024-03-07 07:17:00,56.21,55.43,55.84
2024-03-07 07:17:30,56.89,55.21,58.68
2024-03-07 07:18:00,55.83,55.82,57.68
2024-03-07 07:18:30,58.86,55.79,58.63
2024-03-07 07:19:00,55.11,54.67,58.9
2024-03-07 07:19:30,58.38,54.98,59.4
2024-03-07 07:20:00,57.53,54.15,57.58
2024-03-07 07:20:30,57.67,54.85,59.18
2024-03-07 07:21:00,56.43,56.29,56.97
2024-03-07 07:21:30,57.54,56.77,56.36
2024-03-07 07:22:00,56.08,55.07,57.93
2024-03-07 07:22:30,55.26,55.53,56.27
2024-03-07 07:23:00,57.09,55.32,57.23
2024-03-07 07:23:30,54.41,54.79,59.18
2024-03-07 07:24:00,55.84,55.31,56.43
2024-03-07 07:24:30,56.77,53.89,58.39
2024-03-07 07:25:00,57.76,54.88,
2024-03-07 07:25:30,57.77,55.8,59.04
2024-03-07 07:26:00,54.69,52.68,58.37
2024-03-07 07:26:30,55.01,56.89,57.72
2024-03-07 07:27:00,56.01,53.85,59.28
2024-03-07 07:27:30,56.69,56.46,
2024-03-07 07:28:00,55.02,55.03,57.39
2024-03-07 07:28:30,56.85,52.93,59.28
2024-03-07 07:29:00,58.4,55.36,57.76
2024-03-07 07:29:30,58.31,55.83,59.24
2024-03-07 07:30:00,57.05,55.03,56.18
2024-03-07 07:30:30,55.74,54.42,56.83
2024-03-07 07:31:00,57.86,55.09,58.76
2024-03-07 07:31:30,57.51,57.15,58.43
2024-03-07 07:32:00,56.4,55.29,56.9
2024-03-07 07:32:30,57.5,54.52,57.9
2024-03-07 07:33:00,,55.61,56.33
2024-03-07 07:33:30,57.0,54.98,59.17
2024-03-07 07:34:00,57.56,54.08,58.57
2024-03-07 07:34:30,57.19,55.81,60.95
2024-03-07 07:35:00,58.12,53.59,60.69
2024-03-07 07:35:30,55.78,55.64,57.88
2024-03-07 07:36:00,55.05,57.19,57.9
2024-03-07 07:36:30,57.16,53.52,58.02
2024-03-07 07:37:00,58.5,54.49,56.99
2024-03-07 07:37:30,,54.85,57.33
2024-03-07 07:38:00,56.78,53.4,58.21
2024-03-07 07:38:30,55.99,53.79,58.22
2024-03-07 07:39:00,54.46,55.66,58.01
2024-03-07 07:39:30,55.75,56.18,58.14
2024-03-07 07:40:00,56.72,54.89,57.55
2024-03-07 07:40:30,57.59,,59.91
2024-03-07 07:41:00,55.85,54.45,58.54
2024-03-07 07:41:30,54.94,55.79,57.88
2024-03-07 07:42:00,58.91,53.54,60.42
2024-03-07 07:42:30,57.94,56.13,57.09
2024-03-07 07:43:00,57.47,56.42,
2024-03-07 07:43:30,55.82,54.04,59.26
2024-03-07 07:44:00,56.16,56.02,56.61
2024-03-07 07:44:30,57.65,55.21,56.89
2024-03-07 07:45:00,58.17,56.33,58.29
2024-03-07 07:45:30,56.34,53.36,58.9
2024-03-07 07:46:00,56.88,54.0,57.76
2024-03-07 07:46:30,59.97,55.58,61.24
2024-03-07 07:47:00,56.5,55.23,60.84
2024-03-07 07:47:30,56.36,56.78,59.32
2024-03-07 07:48:00,56.84,55.74,57.63
2024-03-07 07:48:30,55.01,54.79,57.42
2024-03-07 07:49:00,56.77,56.96,59.24
2024-03-07 07:49:30,56.38,55.63,57.06
2024-03-07 07:50:00,55.8,54.86,58.66
2024-03-07 07:50:30,56.37,55.47,57.19
2024-03-07 07:51:00,55.26,54.49,59.05
2024-03-07 07:51:30,60.01,56.88,56.21
2024-03-07 07:52:00,56.39,53.97,60.01
2024-03-07 07:52:30,56.36,54.48,57.31
2024-03-07 07:53:00,57.34,54.84,58.66
2024-03-07 07:53:30,56.24,54.24,56.12
2024-03-07 07:54:00,57.02,55.37,57.35
2024-03-07 07:54:30,58.36,55.49,59.77
2024-03-07 07:55:00,55.48,54.24,57.73
2024-03-07 07:55:30,57.33,55.49,59.86
2024-03-07 07:56:00,58.63,55.68,59.25
2024-03-07 07:56:30,57.62,56.13,61.15
2024-03-07 07:57:00,57.63,55.3,58.7
2024-03-07 07:57:30,60.25,54.65,56.5
2024-03-07 07:58:00,60.34,54.91,57.26
2024-03-07 07:58:30,54.89,54.95,58.55
2024-03-07 07:59:00,56.14,56.19,
2024-03-07 07:59:30,57.57,54.23,55.38
2024-03-07 08:00:00,56.46,55.42,58.35
2024-03-07 08:00:30,56.8,55.28,59.03
2024-03-07 08:01:00,57.06,54.71,58.95
2024-03-07 08:01:30,58.83,56.81,59.11
2024-03-07 08:02:00,56.7,55.35,55.42
2024-03-07 08:02:30,56.0,54.97,58.62
2024-03-07 08:03:00,57.13,56.29,56.84
2024-03-07 08:03:30,57.33,54.66,57.89
2024-03-07 08:04:00,60.38,55.36,58.77
2024-03-07 08:04:30,57.49,56.15,60.76
2024-03-07 08:05:00,56.44,54.78,58.74
2024-03-07 08:05:30,56.54,56.62,58.02
2024-03-07 08:06:00,55.74,53.04,59.27
2024-03-07 08:06:30,56.4,54.7,58.77
2024-03-07 08:07:00,55.73,55.29,59.45
2024-03-07 08:07:30,57.4,55.14,57.47
2024-03-07 08:08:00,58.36,55.17,56.68
2024-03-07 08:08:30,56.05,54.91,57.62
2024-03-07 08:09:00,57.86,53.96,58.0
2024-03-07 08:09:30,57.0,55.91,56.8
2024-03-07 08:10:00,56.45,56.4,57.17
2024-03-07 08:10:30,55.16,54.64,59.8
2024-03-07 08:11:00,57.16,55.7,58.66
2024-03-07 08:11:30,57.03,53.27,58.16
2024-03-07 08:12:00,56.98,54.81,57.67
2024-03-07 08:12:30,58.6,55.19,56.3
2024-03-07 08:13:00,56.42,55.57,55.19
2024-03-07 08:13:30,57.72,56.54,57.17
2024-03-07 08:14:00,57.08,56.55,61.94
2024-03-07 08:14:30,56.18,55.61,56.24
2024-03-07 08:15:00,57.49,55.93,58.25
2024-03-07 08:15:30,54.03,56.05,57.47
2024-03-07 08:16:00,57.76,54.68,57.4
2024-03-07 08:16:30,54.62,54.79,56.08
2024-03-07 08:17:00,56.48,55.49,58.71
2024-03-07 08:17:30,57.21,55.6,59.16
2024-03-07 08:18:00,56.67,55.26,60.93
2024-03-07 08:18:30,56.43,54.88,58.8
2024-03-07 08:19:00,58.4,54.52,58.58
2024-03-07 08:19:30,54.66,55.0,56.22
2024-03-07 08:20:00,56.55,54.45,59.03
2024-03-07 08:20:30,57.73,55.81,55.25
2024-03-07 08:21:00,57.08,55.06,59.04
2024-03-07 08:21:30,55.02,54.89,59.2
2024-03-07 08:22:00,55.81,56.12,60.93
2024-03-07 08:22:30,59.49,53.08,57.64
2024-03-07 08:23:00,57.13,56.23,59.14
2024-03-07 08:23:30,57.77,54.48,60.3
2024-03-07 08:24:00,59.48,55.87,58.52
2024-03-07 08:24:30,55.44,54.15,54.15
2024-03-07 08:25:00,55.38,56.65,60.64
2024-03-07 08:25:30,57.85,55.36,59.31
2024-03-07 08:26:00,58.09,56.24,56.79
2024-03-07 08:26:30,57.43,54.76,57.06
2024-03-07 08:27:00,55.62,54.86,58.82
2024-03-07 08:27:30,56.24,54.71,56.66
2024-03-07 08:28:00,56.44,54.83,56.44
2024-03-07 08:28:30,54.34,56.21,57.82
2024-03-07 08:29:00,57.12,54.82,56.29
2024-03-07 08:29:30,57.78,54.87,56.99
2024-03-07 08:30:00,58.18,56.39,57.6
2024-03-07 08:30:30,57.46,54.37,59.69
2024-03-07 08:31:00,58.61,54.87,55.54
2024-03-07 08:31:30,56.72,54.26,58.14
2024-03-07 08:32:00,57.06,55.81,57.41
2024-03-07 08:32:30,56.91,54.83,59.46
2024-03-07 08:33:00,56.78,54.53,59.23
2024-03-07 08:33:30,56.02,55.44,57.28
2024-03-07 08:34:00,55.47,54.53,57.31
2024-03-07 08:34:30,58.16,53.59,56.62
2024-03-07 08:35:00,,57.31,59.75
2024-03-07 08:35:30,57.08,54.44,58.26
2024-03-07 08:36:00,55.79,53.7,57.38
2024-03-07 08:36:30,56.35,54.61,60.46
2024-03-07 08:37:00,57.58,55.5,57.02
2024-03-07 08:37:30,55.7,54.45,58.07
2024-03-07 08:38:00,56.34,53.01,55.54
2024-03-07 08:38:30,56.58,56.03,57.87
2024-03-07 08:39:00,55.53,53.81,60.8
2024-03-07 08:39:30,58.41,54.3,58.83
2024-03-07 08:40:00,57.4,56.04,60.53
2024-03-07 08:40:30,56.63,55.84,57.81
2024-03-07 08:41:00,57.99,55.6,58.76
2024-03-07 08:41:30,56.02,56.08,60.28
2024-03-07 08:42:00,56.14,53.84,57.87
2024-03-07 08:42:30,57.25,56.83,58.43
2024-03-07 08:43:00,58.68,53.95,59.55
2024-03-07 08:43:30,57.29,56.2,59.16
2024-03-07 08:44:00,58.29,55.12,58.89
2024-03-07 08:44:30,57.32,55.86,59.53
2024-03-07 08:45:00,57.9,54.47,
2024-03-07 08:45:30,55.39,54.19,57.96
2024-03-07 08:46:00,56.74,54.77,57.48
2024-03-07 08:46:30,58.6,53.11,59.88
2024-03-07 08:47:00,57.0,56.38,57.97
2024-03-07 08:47:30,57.09,54.96,57.95
2024-03-07 08:48:00,57.35,57.46,58.33
2024-03-07 08:48:30,56.72,54.64,54.99
2024-03-07 08:49:00,57.57,54.32,60.77
2024-03-07 08:49:30,55.02,54.81,55.58
2024-03-07 08:50:00,58.06,53.09,56.78
2024-03-07 08:50:30,56.41,53.98,56.06
2024-03-07 08:51:00,56.56,54.48,60.02
2024-03-07 08:51:30,56.24,53.41,57.46
2024-03-07 08:52:00,57.64,55.77,58.26
2024-03-07 08:52:30,56.55,54.09,58.61
2024-03-07 08:53:00,57.01,55.16,60.71
2024-03-07 08:53:30,55.45,54.45,58.15
2024-03-07 08:54:00,56.98,56.12,58.37
2024-03-07 08:54:30,56.53,56.19,59.06
2024-03-07 08:55:00,58.62,54.24,56.45
2024-03-07 08:55:30,56.32,56.29,
2024-03-07 08:56:00,57.09,53.72,57.31
2024-03-07 08:56:30,55.88,55.23,56.45
2024-03-07 08:57:00,55.64,54.44,
2024-03-07 08:57:30,58.17,54.05,57.31
2024-03-07 08:58:00,,54.77,55.86
2024-03-07 08:58:30,56.17,54.75,60.15
2024-03-07 08:59:00,57.3,56.11,55.97
2024-03-07 08:59:30,56.96,55.77,59.33
2024-03-07 09:00:00,58.41,54.73,
2024-03-07 09:00:30,57.35,54.74,58.77
2024-03-07 09:01:00,57.24,55.68,58.28
2024-03-07 09:01:30,55.14,55.03,58.34
2024-03-07 09:02:00,57.09,54.67,57.98
2024-03-07 09:02:30,55.94,54.63,57.9
2024-03-07 09:03:00,56.13,55.41,57.58
2024-03-07 09:03:30,57.19,53.61,
2024-03-07 09:04:00,57.45,51.54,55.71
2024-03-07 09:04:30,55.64,54.44,57.63
2024-03-07 09:05:00,57.1,54.77,57.95
2024-03-07 09:05:30,55.55,55.35,58.74
2024-03-07 09:06:00,55.85,57.33,55.09
2024-03-07 09:06:30,54.64,54.2,58.2
2024-03-07 09:07:00,56.86,54.72,60.5
2024-03-07 09:07:30,57.03,54.86,59.52
2024-03-07 09:08:00,55.78,52.86,58.53
2024-03-07 09:08:30,55.27,53.75,58.99
2024-03-07 09:09:00,56.09,55.77,58.71
2024-03-07 09:09:30,56.54,55.11,
2024-03-07 09:10:00,57.82,55.51,56.48
2024-03-07 09:10:30,59.09,52.86,
2024-03-07 09:11:00,57.45,54.31,58.09
2024-03-07 09:11:30,55.22,54.47,55.41
2024-03-07 09:12:00,55.0,54.06,
2024-03-07 09:12:30,55.95,55.97,53.82
2024-03-07 09:13:00,56.03,54.07,55.79
2024-03-07 09:13:30,57.79,55.37,57.83
2024-03-07 09:14:00,56.14,54.77,57.14
2024-03-07 09:14:30,56.12,53.31,58.1
2024-03-07 09:15:00,54.1,55.98,58.79
2024-03-07 09:15:30,55.29,53.75,56.08
2024-03-07 09:16:00,57.15,53.1,57.7
2024-03-07 09:16:30,56.68,53.4,54.89
2024-03-07 09:17:00,54.86,54.93,58.45
2024-03-07 09:17:30,57.63,56.35,56.3
2024-03-07 09:18:00,56.64,55.39,57.9
2024-03-07 09:18:30,55.6,53.7,59.33
2024-03-07 09:19:00,55.34,53.4,56.46
2024-03-07 09:19:30,56.46,55.28,56.63
2024-03-07 09:20:00,56.56,52.95,54.29
2024-03-07 09:20:30,56.29,56.75,56.5
2024-03-07 09:21:00,55.26,54.39,56.09
2024-03-07 09:21:30,57.82,54.8,59.03
2024-03-07 09:22:00,58.0,53.76,59.58
2024-03-07 09:22:30,58.52,54.62,57.27
2024-03-07 09:23:00,58.59,54.68,56.62
2024-03-07 09:23:30,55.9,55.67,56.54
2024-03-07 09:24:00,57.94,54.13,55.61
2024-03-07 09:24:30,56.9,55.29,58.49
2024-03-07 09:25:00,55.97,56.01,59.05
2024-03-07 09:25:30,59.97,55.07,56.99
2024-03-07 09:26:00,54.52,53.87,56.72
2024-03-07 09:26:30,54.08,55.56,54.14
2024-03-07 09:27:00,55.87,55.46,58.12
2024-03-07 09:27:30,56.04,53.51,55.7
2024-03-07 09:28:00,56.15,53.85,57.14
2024-03-07 09:28:30,57.89,,56.54
2024-03-07 09:29:00,55.43,55.33,57.92
2024-03-07 09:29:30,55.76,51.98,57.28
2024-03-07 09:30:00,56.43,54.41,56.91
2024-03-07 09:30:30,56.59,53.02,58.56
2024-03-07 09:31:00,57.13,55.41,57.88
2024-03-07 09:31:30,56.92,53.5,57.23
2024-03-07 09:32:00,56.23,53.04,
2024-03-07 09:32:30,53.25,53.04,57.24
2024-03-07 09:33:00,55.76,55.56,56.63
2024-03-07 09:33:30,56.88,53.95,57.15
2024-03-07 09:34:00,57.0,54.72,55.16
2024-03-07 09:34:30,59.37,54.23,55.2
2024-03-07 09:35:00,57.93,54.79,56.76
2024-03-07 09:35:30,57.09,54.1,58.14
2024-03-07 09:36:00,54.67,52.63,55.88
2024-03-07 09:36:30,56.13,52.59,
2024-03-07 09:37:00,56.15,52.9,53.93
2024-03-07 09:37:30,58.42,53.69,59.33
2024-03-07 09:38:00,55.11,53.94,56.61
2024-03-07 09:38:30,55.18,54.46,56.64
2024-03-07 09:39:00,54.52,54.45,55.31
2024-03-07 09:39:30,56.09,54.79,57.84
2024-03-07 09:40:00,55.21,53.89,58.31
2024-03-07 09:40:30,56.45,55.66,58.14
2024-03-07 09:41:00,55.96,53.43,58.74
2024-03-07 09:41:30,55.52,52.67,58.17
2024-03-07 09:42:00,54.88,54.25,56.28
2024-03-07 09:42:30,56.94,54.82,56.46
2024-03-07 09:43:00,55.01,53.7,58.42
2024-03-07 09:43:30,57.13,53.3,56.31
2024-03-07 09:44:00,55.28,56.09,56.93
2024-03-07 09:44:30,55.69,55.66,57.72
2024-03-07 09:45:00,55.13,55.3,54.03
2024-03-07 09:45:30,54.61,53.56,
2024-03-07 09:46:00,54.83,53.34,58.99
2024-03-07 09:46:30,56.65,52.99,58.85
2024-03-07 09:47:00,56.66,52.48,54.81
2024-03-07 09:47:30,53.76,53.27,56.9
2024-03-07 09:48:00,57.52,54.7,56.04
2024-03-07 09:48:30,54.42,52.93,56.38
2024-03-07 09:49:00,56.63,53.87,55.4
2024-03-07 09:49:30,55.41,53.62,58.56
2024-03-07 09:50:00,55.93,52.49,55.86
2024-03-07 09:50:30,55.31,54.33,58.14
2024-03-07 09:51:00,51.88,54.71,58.68
2024-03-07 09:51:30,56.79,55.03,57.39
2024-03-07 09:52:00,55.83,53.75,56.67
2024-03-07 09:52:30,55.11,53.74,56.02
2024-03-07 09:53:00,55.16,52.55,55.66
2024-03-07 09:53:30,55.27,53.2,56.95
2024-03-07 09:54:00,55.25,55.57,55.61
2024-03-07 09:54:30,57.04,52.61,59.18
2024-03-07 09:55:00,55.27,51.3,56.76
2024-03-07 09:55:30,55.52,53.5,57.59
2024-03-07 09:56:00,56.78,53.43,
2024-03-07 09:56:30,56.09,53.78,54.22
2024-03-07 09:57:00,56.05,54.96,54.05
2024-03-07 09:57:30,55.51,52.16,56.47
2024-03-07 09:58:00,55.43,55.21,55.79
2024-03-07 09:58:30,,53.9,56.72
2024-03-07 09:59:00,56.34,52.83,56.73
2024-03-07 09:59:30,,52.94,56.33
2024-03-07 10:00:00,57.35,54.75,56.51
2024-03-07 10:00:30,54.88,54.34,57.01
2024-03-07 10:01:00,56.72,54.31,57.62
2024-03-07 10:01:30,54.99,53.71,55.38
2024-03-07 10:02:00,53.63,54.84,55.69
2024-03-07 10:02:30,55.54,54.38,57.52
2024-03-07 10:03:00,54.51,54.48,55.78
2024-03-07 10:03:30,55.61,53.14,55.49
2024-03-07 10:04:00,54.52,53.23,56.27
2024-03-07 10:04:30,56.31,52.92,55.42
2024-03-07 10:05:00,55.61,53.43,56.11
2024-03-07 10:05:30,56.32,53.12,56.74
2024-03-07 10:06:00,55.96,51.9,55.63
2024-03-07 10:06:30,53.01,54.37,55.65
2024-03-07 10:07:00,56.79,53.98,54.83
2024-03-07 10:07:30,55.89,52.24,54.49
2024-03-07 10:08:00,54.78,53.42,55.17
2024-03-07 10:08:30,54.9,52.96,57.33
2024-03-07 10:09:00,52.56,53.75,56.82
2024-03-07 10:09:30,55.66,51.68,56.93
2024-03-07 10:10:00,54.76,52.32,
2024-03-07 10:10:30,54.68,52.53,56.46
2024-03-07 10:11:00,55.18,54.39,56.31
2024-03-07 10:11:30,54.05,53.7,57.54
2024-03-07 10:12:00,55.46,51.29,56.64
2024-03-07 10:12:30,55.6,53.05,57.15
2024-03-07 10:13:00,54.15,53.47,55.63
2024-03-07 10:13:30,56.29,53.74,52.6
2024-03-07 10:14:00,56.14,51.49,57.06
2024-03-07 10:14:30,54.52,52.54,57.12
2024-03-07 10:15:00,54.9,52.54,53.57
2024-03-07 10:15:30,55.4,53.28,58.66
2024-03-07 10:16:00,55.06,52.68,56.6
2024-03-07 10:16:30,53.63,51.66,56.57
2024-03-07 10:17:00,55.33,54.15,53.79
2024-03-07 10:17:30,53.2,53.38,56.9
2024-03-07 10:18:00,53.77,54.65,53.92
2024-03-07 10:18:30,54.95,56.08,55.22
2024-03-07 10:19:00,55.05,54.19,
2024-03-07 10:19:30,53.89,53.11,53.76
2024-03-07 10:20:00,55.66,52.33,54.89
2024-03-07 10:20:30,55.34,53.6,
2024-03-07 10:21:00,54.31,52.71,58.32
2024-03-07 10:21:30,53.81,52.54,56.41
2024-03-07 10:22:00,55.78,53.63,55.38
2024-03-07 10:22:30,53.57,53.18,55.26
2024-03-07 10:23:00,56.92,52.5,55.12
2024-03-07 10:23:30,54.63,54.28,54.27
2024-03-07 10:24:00,53.73,53.14,53.86
2024-03-07 10:24:30,54.21,51.41,54.88
2024-03-07 10:25:00,55.78,54.17,54.77
2024-03-07 10:25:30,56.65,52.14,56.18
2024-03-07 10:26:00,55.55,52.94,
2024-03-07 10:26:30,52.91,52.56,55.77
2024-03-07 10:27:00,53.99,51.8,53.67
2024-03-07 10:27:30,53.13,52.63,54.88
2024-03-07 10:28:00,53.01,53.73,57.16
2024-03-07 10:28:30,55.28,52.65,53.51
2024-03-07 10:29:00,54.32,50.66,56.36
2024-03-07 10:29:30,55.32,51.82,
2024-03-07 10:30:00,56.12,52.72,55.59
2024-03-07 10:30:30,56.62,52.91,55.32
2024-03-07 10:31:00,52.75,54.28,55.9
2024-03-07 10:31:30,52.47,53.53,53.52
2024-03-07 10:32:00,55.53,52.4,53.87
2024-03-07 10:32:30,53.42,50.71,53.72
2024-03-07 10:33:00,53.01,52.45,51.89
2024-03-07 10:33:30,55.15,54.25,56.18
2024-03-07 10:34:00,52.05,50.81,55.07
2024-03-07 10:34:30,56.15,51.54,58.08
2024-03-07 10:35:00,51.98,52.73,54.67
2024-03-07 10:35:30,53.71,53.45,54.04
2024-03-07 10:36:00,54.68,54.17,52.7
2024-03-07 10:36:30,53.52,51.69,54.34
2024-03-07 10:37:00,53.56,52.06,55.09
2024-03-07 10:37:30,54.71,54.16,55.53
2024-03-07 10:38:00,54.52,52.88,55.24
2024-03-07 10:38:30,54.54,53.41,55.69
2024-03-07 10:39:00,53.54,51.63,56.81
2024-03-07 10:39:30,51.72,52.06,54.66
2024-03-07 10:40:00,53.86,50.59,57.22
2024-03-07 10:40:30,54.96,51.95,56.08
2024-03-07 10:41:00,56.03,53.32,56.12
2024-03-07 10:41:30,53.96,52.03,53.76
2024-03-07 10:42:00,54.17,52.76,56.15
2024-03-07 10:42:30,53.2,51.57,54.37
2024-03-07 10:43:00,52.12,50.38,55.79
2024-03-07 10:43:30,54.5,51.37,55.23
2024-03-07 10:44:00,53.81,51.88,55.16
2024-03-07 10:44:30,57.19,51.45,54.33
2024-03-07 10:45:00,51.64,52.27,55.19
2024-03-07 10:45:30,53.48,51.3,54.39
2024-03-07 10:46:00,53.56,52.43,53.87
2024-03-07 10:46:30,50.84,50.85,55.22
2024-03-07 10:47:00,53.71,54.67,53.5
2024-03-07 10:47:30,54.23,52.59,57.91
2024-03-07 10:48:00,52.8,53.4,54.56
2024-03-07 10:48:30,56.32,52.72,54.71
2024-03-07 10:49:00,52.97,52.36,55.35
2024-03-07 10:49:30,52.94,52.64,53.27
2024-03-07 10:50:00,55.06,53.75,54.42
2024-03-07 10:50:30,52.89,52.27,55.02
2024-03-07 10:51:00,53.69,51.44,55.01
2024-03-07 10:51:30,53.5,52.89,
2024-03-07 10:52:00,51.7,54.48,56.34
2024-03-07 10:52:30,52.05,52.12,54.19
2024-03-07 10:53:00,52.26,52.26,54.9
2024-03-07 10:53:30,53.93,51.58,54.17
2024-03-07 10:54:00,51.64,51.62,52.73
2024-03-07 10:54:30,53.72,53.11,54.36
2024-03-07 10:55:00,53.37,52.1,53.21
2024-03-07 10:55:30,53.73,51.71,54.26
2024-03-07 10:56:00,53.68,51.75,53.64
2024-03-07 10:56:30,56.64,54.67,52.7
2024-03-07 10:57:00,54.9,50.57,53.11
2024-03-07 10:57:30,56.05,51.74,55.25
2024-03-07 10:58:00,55.01,50.51,54.1
2024-03-07 10:58:30,51.83,52.94,53.6
2024-03-07 10:59:00,54.26,51.4,55.84
2024-03-07 10:59:30,53.81,51.83,54.41
2024-03-07 11:00:00,53.39,52.88,56.6
2024-03-07 11:00:30,53.87,51.12,52.54
2024-03-07 11:01:00,54.54,51.82,52.47
2024-03-07 11:01:30,53.57,51.4,52.27
2024-03-07 11:02:00,52.46,50.09,54.24
2024-03-07 11:02:30,52.72,53.1,55.66
2024-03-07 11:03:00,54.06,50.29,52.66
2024-03-07 11:03:30,54.54,52.01,54.08
2024-03-07 11:04:00,54.48,50.57,55.54
2024-03-07 11:04:30,53.0,52.29,53.86
2024-03-07 11:05:00,52.76,49.5,53.51
2024-03-07 11:05:30,54.91,51.04,54.35
2024-03-07 11:06:00,50.67,52.64,54.39
2024-03-07 11:06:30,53.33,52.8,54.01
2024-03-07 11:07:00,53.36,51.61,56.68
2024-03-07 11:07:30,54.04,51.77,53.5
2024-03-07 11:08:00,50.78,51.2,51.11
2024-03-07 11:08:30,52.66,50.5,52.66
2024-03-07 11:09:00,55.85,51.6,53.88
2024-03-07 11:09:30,50.9,50.34,53.51
2024-03-07 11:10:00,52.66,51.21,55.45
2024-03-07 11:10:30,52.75,50.11,56.5
2024-03-07 11:11:00,52.97,51.26,54.04
2024-03-07 11:11:30,54.24,52.04,54.25
2024-03-07 11:12:00,53.14,50.72,54.48
2024-03-07 11:12:30,53.3,51.98,54.41
2024-03-07 11:13:00,53.47,49.13,54.31
2024-03-07 11:13:30,53.0,51.1,52.48
2024-03-07 11:14:00,53.38,52.81,54.06
2024-03-07 11:14:30,52.1,51.64,54.21
2024-03-07 11:15:00,52.33,49.74,51.8
2024-03-07 11:15:30,54.14,52.92,54.77
2024-03-07 11:16:00,53.19,50.96,54.8
2024-03-07 11:16:30,53.68,51.68,54.68
2024-03-07 11:17:00,52.3,52.21,52.8
2024-03-07 11:17:30,51.75,50.73,
2024-03-07 11:18:00,53.49,53.02,52.44
2024-03-07 11:18:30,52.36,52.36,53.45
2024-03-07 11:19:00,52.27,49.1,52.98
2024-03-07 11:19:30,50.36,52.19,53.53
2024-03-07 11:20:00,52.45,52.58,54.27
2024-03-07 11:20:30,53.04,51.42,50.22
2024-03-07 11:21:00,52.11,50.89,51.32
2024-03-07 11:21:30,53.83,50.97,53.52
2024-03-07 11:22:00,52.17,51.1,52.41
2024-03-07 11:22:30,53.58,50.29,53.29
2024-03-07 11:23:00,55.29,50.39,53.44
2024-03-07 11:23:30,52.17,49.47,52.61
2024-03-07 11:24:00,50.4,51.95,54.54
2024-03-07 11:24:30,51.93,50.1,54.5
2024-03-07 11:25:00,50.82,51.46,54.4
2024-03-07 11:25:30,51.3,50.0,55.88
2024-03-07 11:26:00,52.97,50.11,53.38
2024-03-07 11:26:30,50.85,49.98,51.93
2024-03-07 11:27:00,51.76,50.91,54.53
2024-03-07 11:27:30,50.07,50.8,53.21
2024-03-07 11:28:00,,48.46,56.15
2024-03-07 11:28:30,51.69,50.86,54.85
2024-03-07 11:29:00,52.54,50.89,55.11
2024-03-07 11:29:30,49.48,49.87,53.31
2024-03-07 11:30:00,53.02,50.83,54.06
2024-03-07 11:30:30,51.8,52.64,52.07
2024-03-07 11:31:00,53.16,49.44,
2024-03-07 11:31:30,49.92,52.55,53.16
2024-03-07 11:32:00,51.9,48.6,54.16
2024-03-07 11:32:30,50.36,50.29,50.97
2024-03-07 11:33:00,51.07,50.25,53.23
2024-03-07 11:33:30,53.06,50.49,53.92
2024-03-07 11:34:00,54.61,50.26,54.01
2024-03-07 11:34:30,53.72,50.97,51.23
2024-03-07 11:35:00,51.52,50.37,51.26
2024-03-07 11:35:30,52.78,50.35,52.13
2024-03-07 11:36:00,51.64,51.81,53.8
2024-03-07 11:36:30,51.72,50.41,53.47
2024-03-07 11:37:00,49.25,49.21,52.22
2024-03-07 11:37:30,49.49,49.66,51.53
2024-03-07 11:38:00,52.6,51.45,52.85
2024-03-07 11:38:30,50.96,50.14,52.63
2024-03-07 11:39:00,52.67,48.52,52.2
2024-03-07 11:39:30,51.83,49.28,50.85
2024-03-07 11:40:00,49.39,50.95,51.35
2024-03-07 11:40:30,51.85,50.6,52.05
2024-03-07 11:41:00,50.59,50.05,53.63
2024-03-07 11:41:30,52.45,50.16,52.49
2024-03-07 11:42:00,51.33,50.83,52.63
2024-03-07 11:42:30,52.23,52.26,52.99
2024-03-07 11:43:00,49.66,50.11,53.1
2024-03-07 11:43:30,50.03,51.72,54.14
2024-03-07 11:44:00,53.03,50.17,52.55
2024-03-07 11:44:30,52.0,49.29,51.67
2024-03-07 11:45:00,50.97,50.55,54.07
2024-03-07 11:45:30,51.09,49.73,52.89
2024-03-07 11:46:00,51.64,48.68,49.76
2024-03-07 11:46:30,50.68,51.09,53.11
2024-03-07 11:47:00,49.03,50.17,53.29
2024-03-07 11:47:30,52.27,48.93,51.22
2024-03-07 11:48:00,51.28,50.25,52.86
2024-03-07 11:48:30,50.61,50.41,52.99
2024-03-07 11:49:00,50.75,50.27,51.35
2024-03-07 11:49:30,49.52,50.61,50.93
2024-03-07 11:50:00,49.83,50.49,50.06
2024-03-07 11:50:30,49.89,50.36,50.74
2024-03-07 11:51:00,51.54,50.05,51.17
2024-03-07 11:51:30,51.72,49.26,53.49
2024-03-07 11:52:00,50.21,49.05,52.37
2024-03-07 11:52:30,50.75,49.84,51.96
2024-03-07 11:53:00,49.75,51.32,53.07
2024-03-07 11:53:30,53.74,50.05,53.78
2024-03-07 11:54:00,50.93,50.13,50.68
2024-03-07 11:54:30,50.4,48.77,52.64
2024-03-07 11:55:00,52.16,47.92,51.15
2024-03-07 11:55:30,49.97,51.23,51.6
2024-03-07 11:56:00,,48.91,51.02
2024-03-07 11:56:30,51.7,50.52,51.01
2024-03-07 11:57:00,51.25,49.09,51.29
2024-03-07 11:57:30,50.38,50.71,52.25
2024-03-07 11:58:00,48.85,49.43,51.49
2024-03-07 11:58:30,51.64,49.88,50.61
2024-03-07 11:59:00,53.17,49.39,53.98
2024-03-07 11:59:30,51.59,49.21,52.35
2024-03-07 12:00:00,49.99,47.89,53.36
2024-03-07 12:00:30,49.66,48.86,52.08
2024-03-07 12:01:00,48.51,48.63,52.15
2024-03-07 12:01:30,51.45,47.5,53.35
2024-03-07 12:02:00,50.94,49.04,52.59
2024-03-07 12:02:30,52.33,49.3,51.29
2024-03-07 12:03:00,49.23,50.19,51.38
2024-03-07 12:03:30,51.64,48.26,51.84
2024-03-07 12:04:00,51.09,48.35,52.9
2024-03-07 12:04:30,50.66,50.51,50.99
2024-03-07 12:05:00,51.46,49.64,51.26
2024-03-07 12:05:30,49.55,49.28,
2024-03-07 12:06:00,50.86,48.02,51.1
2024-03-07 12:06:30,49.66,50.09,50.54
2024-03-07 12:07:00,51.14,48.78,49.7
2024-03-07 12:07:30,50.08,47.46,49.67
2024-03-07 12:08:00,49.42,48.72,52.54
2024-03-07 12:08:30,49.98,47.58,51.19
2024-03-07 12:09:00,52.6,,49.05
2024-03-07 12:09:30,48.45,49.13,52.29
2024-03-07 12:10:00,48.23,,53.18
2024-03-07 12:10:30,49.94,48.43,51.86
2024-03-07 12:11:00,50.42,48.46,52.32
2024-03-07 12:11:30,49.61,47.88,50.72
2024-03-07 12:12:00,49.89,48.83,50.33
2024-03-07 12:12:30,49.49,48.82,49.79
2024-03-07 12:13:00,49.3,47.66,51.12
2024-03-07 12:13:30,51.29,48.3,49.66
2024-03-07 12:14:00,48.95,48.09,50.56
2024-03-07 12:14:30,48.61,50.55,47.87
2024-03-07 12:15:00,49.33,47.81,49.81
2024-03-07 12:15:30,51.02,48.62,
2024-03-07 12:16:00,50.35,49.61,50.35
2024-03-07 12:16:30,48.03,47.7,52.32
2024-03-07 12:17:00,50.22,47.25,48.91
2024-03-07 12:17:30,51.81,49.48,50.22
2024-03-07 12:18:00,50.06,46.76,51.62
2024-03-07 12:18:30,47.81,49.15,51.42
2024-03-07 12:19:00,49.63,49.09,48.47
2024-03-07 12:19:30,49.93,46.89,50.42
2024-03-07 12:20:00,51.78,,51.45
2024-03-07 12:20:30,50.58,,51.05
2024-03-07 12:21:00,50.22,50.29,49.78
2024-03-07 12:21:30,50.96,48.88,50.29
2024-03-07 12:22:00,49.16,48.36,52.14
2024-03-07 12:22:30,48.0,48.05,50.31
2024-03-07 12:23:00,49.62,48.13,50.03
2024-03-07 12:23:30,49.57,47.94,49.71
2024-03-07 12:24:00,50.01,47.96,50.4
2024-03-07 12:24:30,48.97,50.7,50.46
2024-03-07 12:25:00,48.87,46.97,52.18
2024-03-07 12:25:30,50.14,47.73,51.19
2024-03-07 12:26:00,47.77,47.84,51.4
2024-03-07 12:26:30,49.46,47.86,52.06
2024-03-07 12:27:00,50.12,49.4,48.09
2024-03-07 12:27:30,49.73,46.87,51.0
2024-03-07 12:28:00,48.76,47.58,50.01
2024-03-07 12:28:30,49.34,48.39,50.88
2024-03-07 12:29:00,47.25,,48.89
2024-03-07 12:29:30,47.28,48.47,48.67
2024-03-07 12:30:00,49.22,48.41,52.4
2024-03-07 12:30:30,48.18,46.28,52.47
2024-03-07 12:31:00,46.79,48.31,51.74
2024-03-07 12:31:30,49.09,47.97,49.61
2024-03-07 12:32:00,49.56,47.22,51.8
2024-03-07 12:32:30,51.54,47.47,51.63
2024-03-07 12:33:00,47.66,,51.09
2024-03-07 12:33:30,49.3,46.04,50.13
2024-03-07 12:34:00,46.7,46.39,51.24
2024-03-07 12:34:30,48.36,48.87,50.02
2024-03-07 12:35:00,48.19,47.24,47.41
2024-03-07 12:35:30,46.29,48.82,49.88
2024-03-07 12:36:00,49.15,48.13,51.13
2024-03-07 12:36:30,48.66,47.2,49.65
2024-03-07 12:37:00,45.82,48.63,50.87
2024-03-07 12:37:30,48.47,47.16,49.3
2024-03-07 12:38:00,47.12,48.87,51.36
2024-03-07 12:38:30,45.79,48.86,51.24
2024-03-07 12:39:00,51.12,49.01,
2024-03-07 12:39:30,48.32,46.43,50.18
2024-03-07 12:40:00,47.24,47.27,48.6
2024-03-07 12:40:30,47.61,47.06,46.55
2024-03-07 12:41:00,48.09,47.0,49.48
2024-03-07 12:41:30,49.41,47.87,48.47
2024-03-07 12:42:00,47.12,45.54,50.21
2024-03-07 12:42:30,48.63,47.23,51.27
2024-03-07 12:43:00,46.3,46.81,50.33
2024-03-07 12:43:30,49.8,46.91,51.7
2024-03-07 12:44:00,49.52,48.32,49.06
2024-03-07 12:44:30,49.29,47.56,48.89
2024-03-07 12:45:00,48.09,48.08,51.16
2024-03-07 12:45:30,47.4,,46.62
2024-03-07 12:46:00,48.84,45.32,50.35
2024-03-07 12:46:30,49.74,48.51,48.62
2024-03-07 12:47:00,48.27,48.16,50.14
2024-03-07 12:47:30,49.4,46.7,50.27
2024-03-07 12:48:00,48.07,46.68,52.13
2024-03-07 12:48:30,51.65,45.44,48.4
2024-03-07 12:49:00,50.26,44.85,49.96
2024-03-07 12:49:30,48.28,46.58,48.86
2024-03-07 12:50:00,48.25,47.09,51.09
2024-03-07 12:50:30,46.46,45.47,51.58
2024-03-07 12:51:00,49.55,46.52,49.76
2024-03-07 12:51:30,48.78,48.63,49.07
2024-03-07 12:52:00,47.51,48.14,48.92
2024-03-07 12:52:30,46.67,47.27,47.64
2024-03-07 12:53:00,48.46,47.82,47.5
2024-03-07 12:53:30,48.19,47.4,50.95
2024-03-07 12:54:00,,46.16,48.44
2024-03-07 12:54:30,49.53,46.67,48.11
2024-03-07 12:55:00,47.77,45.9,48.2
2024-03-07 12:55:30,49.29,47.81,49.47
2024-03-07 12:56:00,46.43,44.34,49.8
2024-03-07 12:56:30,46.56,46.59,45.25
2024-03-07 12:57:00,49.58,46.24,47.82
2024-03-07 12:57:30,48.91,46.29,48.64
2024-03-07 12:58:00,46.52,45.85,
2024-03-07 12:58:30,48.56,44.93,51.0
2024-03-07 12:59:00,47.25,47.22,49.47
2024-03-07 12:59:30,45.24,46.7,49.34
2024-03-07 13:00:00,47.59,44.91,47.41
2024-03-07 13:00:30,48.34,,49.34
2024-03-07 13:01:00,48.36,,49.39
2024-03-07 13:01:30,48.25,46.95,49.55
2024-03-07 13:02:00,46.37,46.75,48.01
2024-03-07 13:02:30,46.02,46.43,47.85
2024-03-07 13:03:00,46.29,45.36,52.26
2024-03-07 13:03:30,44.07,46.01,47.35
2024-03-07 13:04:00,47.91,47.52,48.16
2024-03-07 13:04:30,46.41,46.05,49.43
2024-03-07 13:05:00,46.89,47.73,47.69
2024-03-07 13:05:30,48.23,46.94,45.92
2024-03-07 13:06:00,47.55,45.44,49.92
2024-03-07 13:06:30,45.51,46.95,47.41
2024-03-07 13:07:00,45.32,45.83,49.48
2024-03-07 13:07:30,44.19,45.54,48.72
2024-03-07 13:08:00,47.81,43.14,49.37
2024-03-07 13:08:30,48.21,46.72,50.19
2024-03-07 13:09:00,46.99,46.61,48.5
2024-03-07 13:09:30,48.2,44.86,49.58
2024-03-07 13:10:00,46.02,46.67,49.28
2024-03-07 13:10:30,46.75,46.74,49.46
2024-03-07 13:11:00,,44.49,48.31
2024-03-07 13:11:30,46.26,46.33,48.41
2024-03-07 13:12:00,46.31,45.05,47.8
2024-03-07 13:12:30,46.83,45.39,44.84
2024-03-07 13:13:00,47.74,45.93,46.01
2024-03-07 13:13:30,49.62,45.89,47.01
2024-03-07 13:14:00,45.96,45.65,47.41
2024-03-07 13:14:30,47.71,45.64,48.38
2024-03-07 13:15:00,47.39,44.39,47.25
2024-03-07 13:15:30,46.72,44.85,46.14
2024-03-07 13:16:00,45.32,46.11,47.41
2024-03-07 13:16:30,47.28,44.84,51.94
2024-03-07 13:17:00,46.39,44.06,46.62
2024-03-07 13:17:30,44.22,44.24,46.81
2024-03-07 13:18:00,44.87,45.7,48.95
2024-03-07 13:18:30,,46.67,48.18
2024-03-07 13:19:00,46.99,46.09,47.71
2024-03-07 13:19:30,47.84,45.31,48.08
2024-03-07 13:20:00,44.82,44.32,46.75
2024-03-07 13:20:30,47.13,45.81,47.16
2024-03-07 13:21:00,46.2,45.89,47.92
2024-03-07 13:21:30,47.14,44.01,47.32
2024-03-07 13:22:00,45.25,45.36,48.04
2024-03-07 13:22:30,46.46,45.24,46.65
2024-03-07 13:23:00,47.64,43.49,45.6
2024-03-07 13:23:30,46.66,45.56,47.58
2024-03-07 13:24:00,46.4,44.87,48.19
2024-03-07 13:24:30,46.05,46.55,50.58
2024-03-07 13:25:00,45.53,45.77,46.64
2024-03-07 13:25:30,47.09,,45.8
2024-03-07 13:26:00,45.44,42.88,49.01
2024-03-07 13:26:30,45.9,44.67,46.78
2024-03-07 13:27:00,45.7,45.24,49.02
2024-03-07 13:27:30,47.74,45.8,
2024-03-07 13:28:00,45.84,45.29,49.75
2024-03-07 13:28:30,48.24,44.93,48.41
2024-03-07 13:29:00,46.34,44.11,49.91
2024-03-07 13:29:30,,46.02,47.52
2024-03-07 13:30:00,46.32,45.2,
2024-03-07 13:30:30,47.72,44.77,47.57
2024-03-07 13:31:00,44.36,45.85,47.73
2024-03-07 13:31:30,48.67,45.72,48.48
2024-03-07 13:32:00,47.93,44.7,47.1
2024-03-07 13:32:30,45.64,43.38,47.35
2024-03-07 13:33:00,45.89,44.74,46.98
2024-03-07 13:33:30,46.87,45.07,47.04
2024-03-07 13:34:00,46.4,44.33,47.26
2024-03-07 13:34:30,46.2,44.94,45.93
2024-03-07 13:35:00,45.2,45.33,45.57
2024-03-07 13:35:30,48.88,46.09,46.37
2024-03-07 13:36:00,46.25,,48.15
2024-03-07 13:36:30,45.37,44.7,44.63
2024-03-07 13:37:00,44.59,45.16,47.8
2024-03-07 13:37:30,45.36,45.51,46.67
2024-03-07 13:38:00,47.22,44.08,46.24
2024-03-07 13:38:30,45.16,44.72,45.71
2024-03-07 13:39:00,46.2,45.19,47.1
2024-03-07 13:39:30,43.59,45.09,46.58
2024-03-07 13:40:00,44.43,44.62,45.18
2024-03-07 13:40:30,45.91,43.99,46.52
2024-03-07 13:41:00,47.95,44.33,45.02
2024-03-07 13:41:30,46.67,45.3,47.6
2024-03-07 13:42:00,44.46,44.1,49.37
2024-03-07 13:42:30,45.48,45.98,45.15
2024-03-07 13:43:00,46.12,44.41,47.04
2024-03-07 13:43:30,46.57,44.43,48.83
2024-03-07 13:44:00,45.37,43.65,47.53
2024-03-07 13:44:30,46.67,45.9,46.81
2024-03-07 13:45:00,46.11,43.88,48.33
2024-03-07 13:45:30,44.69,44.16,46.71
2024-03-07 13:46:00,43.68,42.71,44.8
2024-03-07 13:46:30,45.38,43.6,47.46
2024-03-07 13:47:00,43.83,43.79,45.82
2024-03-07 13:47:30,46.42,45.07,47.48
2024-03-07 13:48:00,45.85,43.62,46.91
2024-03-07 13:48:30,47.39,45.23,47.01
2024-03-07 13:49:00,44.27,42.8,46.93
2024-03-07 13:49:30,46.64,43.15,47.18
2024-03-07 13:50:00,45.11,44.54,46.43
2024-03-07 13:50:30,44.49,43.92,47.93
2024-03-07 13:51:00,44.95,44.78,44.49
2024-03-07 13:51:30,43.65,43.45,47.28
2024-03-07 13:52:00,44.25,45.02,46.85
2024-03-07 13:52:30,44.41,43.28,46.89
2024-03-07 13:53:00,46.42,44.21,47.16
2024-03-07 13:53:30,43.88,45.31,47.18
2024-03-07 13:54:00,45.0,44.28,48.47
2024-03-07 13:54:30,44.77,42.39,46.76
2024-03-07 13:55:00,44.06,43.92,45.07
2024-03-07 13:55:30,44.92,44.16,44.16
2024-03-07 13:56:00,46.64,42.98,47.93
2024-03-07 13:56:30,43.55,43.48,43.44
2024-03-07 13:57:00,45.8,44.11,46.45
2024-03-07 13:57:30,43.34,45.02,45.18
2024-03-07 13:58:00,46.12,43.22,46.09
2024-03-07 13:58:30,44.67,43.73,45.14
2024-03-07 13:59:00,42.2,42.13,44.82
2024-03-07 13:59:30,45.98,44.39,43.1
2024-03-07 14:00:00,43.7,43.8,48.36
2024-03-07 14:00:30,43.57,43.57,44.73
2024-03-07 14:01:00,46.77,41.87,46.76
2024-03-07 14:01:30,44.66,42.99,45.36
2024-03-07 14:02:00,44.36,43.66,45.41
2024-03-07 14:02:30,43.3,44.64,45.8
2024-03-07 14:03:00,44.15,42.75,45.11
2024-03-07 14:03:30,43.45,43.22,46.23
2024-03-07 14:04:00,45.32,43.9,45.27
2024-03-07 14:04:30,45.3,43.92,47.44
2024-03-07 14:05:00,46.07,,45.55
2024-03-07 14:05:30,45.9,42.86,43.99
2024-03-07 14:06:00,44.91,42.39,
2024-03-07 14:06:30,44.56,43.19,48.93
2024-03-07 14:07:00,43.81,42.93,48.22
2024-03-07 14:07:30,43.83,44.66,42.98
2024-03-07 14:08:00,44.79,43.37,43.37
2024-03-07 14:08:30,44.51,43.6,
2024-03-07 14:09:00,45.65,42.31,45.58
2024-03-07 14:09:30,46.55,42.51,44.94
2024-03-07 14:10:00,43.0,42.95,47.09
2024-03-07 14:10:30,40.01,44.56,44.52
2024-03-07 14:11:00,45.83,43.2,45.89
2024-03-07 14:11:30,44.92,42.67,45.39
2024-03-07 14:12:00,43.92,41.67,44.68
2024-03-07 14:12:30,45.73,42.74,46.8
2024-03-07 14:13:00,43.12,43.26,44.57
2024-03-07 14:13:30,44.84,41.71,46.5
2024-03-07 14:14:00,42.31,43.68,43.56
2024-03-07 14:14:30,41.79,41.55,44.22
2024-03-07 14:15:00,45.65,42.33,45.42
2024-03-07 14:15:30,44.48,42.52,45.9
2024-03-07 14:16:00,45.17,44.84,45.24
2024-03-07 14:16:30,45.14,42.82,45.69
2024-03-07 14:17:00,42.92,41.86,43.98
2024-03-07 14:17:30,42.58,40.88,42.8
2024-03-07 14:18:00,43.82,42.56,45.21
2024-03-07 14:18:30,41.54,44.91,43.87
2024-03-07 14:19:00,40.78,43.38,44.54
2024-03-07 14:19:30,40.67,43.5,45.35
2024-03-07 14:20:00,43.88,40.16,42.73
2024-03-07 14:20:30,44.22,42.36,44.45
2024-03-07 14:21:00,44.45,42.74,43.06
2024-03-07 14:21:30,,43.08,44.5
2024-03-07 14:22:00,42.95,43.63,44.4
2024-03-07 14:22:30,44.82,41.64,43.09
2024-03-07 14:23:00,43.47,40.45,43.44
2024-03-07 14:23:30,43.62,41.41,45.24
2024-03-07 14:24:00,41.83,41.14,44.05
2024-03-07 14:24:30,43.98,40.92,45.96
2024-03-07 14:25:00,43.74,42.4,42.71
2024-03-07 14:25:30,44.05,42.12,44.97
2024-03-07 14:26:00,42.52,40.86,45.65
2024-03-07 14:26:30,43.51,41.45,44.19
2024-03-07 14:27:00,42.17,40.63,44.04
2024-03-07 14:27:30,44.09,40.86,45.48
2024-03-07 14:28:00,43.76,42.18,44.11
2024-03-07 14:28:30,42.34,41.99,42.88
2024-03-07 14:29:00,42.63,42.34,45.74
2024-03-07 14:29:30,45.01,42.0,45.8
2024-03-07 14:30:00,42.16,,43.24
2024-03-07 14:30:30,40.6,42.96,45.57
2024-03-07 14:31:00,44.25,41.89,44.51
2024-03-07 14:31:30,43.79,42.35,44.78
2024-03-07 14:32:00,43.54,42.67,44.98
2024-03-07 14:32:30,42.75,41.06,44.46
2024-03-07 14:33:00,42.21,41.0,43.47
2024-03-07 14:33:30,44.96,42.05,43.89
2024-03-07 14:34:00,41.93,41.96,42.3
2024-03-07 14:34:30,41.8,41.66,45.76
2024-03-07 14:35:00,41.25,,43.56
2024-03-07 14:35:30,,42.5,43.39
2024-03-07 14:36:00,39.49,41.67,42.64
2024-03-07 14:36:30,41.3,41.06,44.57
2024-03-07 14:37:00,40.87,41.8,43.96
2024-03-07 14:37:30,42.33,40.3,41.35
2024-03-07 14:38:00,43.33,40.86,43.45
2024-03-07 14:38:30,43.99,41.42,40.55
2024-03-07 14:39:00,41.94,42.55,45.42
2024-03-07 14:39:30,41.93,40.17,43.6
2024-03-07 14:40:00,41.69,40.11,40.9
2024-03-07 14:40:30,43.04,40.59,48.01
2024-03-07 14:41:00,41.7,42.06,43.0
2024-03-07 14:41:30,42.74,42.95,46.54
2024-03-07 14:42:00,42.98,41.71,43.44
2024-03-07 14:42:30,42.3,42.02,43.97
2024-03-07 14:43:00,42.58,41.55,44.13
2024-03-07 14:43:30,43.18,40.95,42.8
2024-03-07 14:44:00,41.3,41.14,44.42
2024-03-07 14:44:30,42.5,40.35,42.1
2024-03-07 14:45:00,42.8,40.41,42.66
2024-03-07 14:45:30,41.63,41.52,42.95
2024-03-07 14:46:00,40.16,40.56,42.84
2024-03-07 14:46:30,43.1,39.54,42.3
2024-03-07 14:47:00,42.61,40.82,45.25
2024-03-07 14:47:30,41.24,41.0,45.05
2024-03-07 14:48:00,42.35,42.15,42.08
2024-03-07 14:48:30,40.85,42.17,42.36
2024-03-07 14:49:00,43.39,,45.48
2024-03-07 14:49:30,44.57,41.67,42.37
2024-03-07 14:50:00,39.4,41.77,42.03
2024-03-07 14:50:30,42.56,41.25,43.07
2024-03-07 14:51:00,40.38,40.58,
2024-03-07 14:51:30,39.33,40.4,42.06
2024-03-07 14:52:00,40.43,40.61,45.46
2024-03-07 14:52:30,40.72,40.17,44.14
2024-03-07 14:53:00,42.26,40.45,42.79
2024-03-07 14:53:30,43.06,39.47,44.92
2024-03-07 14:54:00,40.75,41.25,44.0
2024-03-07 14:54:30,43.66,41.05,42.32
2024-03-07 14:55:00,41.85,41.5,45.6
2024-03-07 14:55:30,44.31,40.12,42.25
2024-03-07 14:56:00,41.49,38.51,42.01
2024-03-07 14:56:30,41.5,40.24,42.67
2024-03-07 14:57:00,42.01,40.98,43.74
2024-03-07 14:57:30,41.57,39.89,43.42
2024-03-07 14:58:00,43.19,41.48,
2024-03-07 14:58:30,41.33,40.09,42.59
2024-03-07 14:59:00,42.0,40.78,41.66
2024-03-07 14:59:30,,40.51,43.33
2024-03-07 15:00:00,42.76,40.99,43.98
2024-03-07 15:00:30,42.19,40.21,42.9
2024-03-07 15:01:00,40.35,40.35,43.78
2024-03-07 15:01:30,41.5,39.75,43.43
2024-03-07 15:02:00,41.83,41.27,41.44
2024-03-07 15:02:30,42.19,41.01,40.53
2024-03-07 15:03:00,40.31,40.54,43.27
2024-03-07 15:03:30,41.38,40.68,42.29
2024-03-07 15:04:00,41.2,38.16,42.86
2024-03-07 15:04:30,42.38,40.5,42.58
2024-03-07 15:05:00,40.83,39.84,43.96
2024-03-07 15:05:30,40.6,41.09,42.96
2024-03-07 15:06:00,40.34,41.35,42.8
2024-03-07 15:06:30,42.4,40.24,41.25
2024-03-07 15:07:00,41.95,39.04,
2024-03-07 15:07:30,41.95,40.62,40.41
2024-03-07 15:08:00,39.9,39.19,43.07
2024-03-07 15:08:30,41.38,41.25,42.05
2024-03-07 15:09:00,40.11,39.61,42.82
2024-03-07 15:09:30,40.57,39.89,40.25
2024-03-07 15:10:00,39.37,39.58,39.08
2024-03-07 15:10:30,42.38,36.8,42.75
2024-03-07 15:11:00,41.38,39.33,44.92
2024-03-07 15:11:30,42.0,39.1,42.21
2024-03-07 15:12:00,40.58,41.06,41.32
2024-03-07 15:12:30,43.31,39.98,41.3
2024-03-07 15:13:00,41.88,37.73,41.8
2024-03-07 15:13:30,39.7,,45.25
2024-03-07 15:14:00,39.26,39.7,38.82
2024-03-07 15:14:30,41.22,38.27,42.86
2024-03-07 15:15:00,39.65,39.61,40.45
2024-03-07 15:15:30,40.08,37.77,41.91
2024-03-07 15:16:00,40.43,39.48,42.12
2024-03-07 15:16:30,40.5,40.49,42.47
2024-03-07 15:17:00,40.91,41.71,42.27
2024-03-07 15:17:30,40.58,38.76,41.99
2024-03-07 15:18:00,39.9,40.73,41.97
2024-03-07 15:18:30,41.19,40.07,42.84
2024-03-07 15:19:00,38.96,39.47,41.4
2024-03-07 15:19:30,38.76,39.64,43.08
2024-03-07 15:20:00,42.13,38.49,41.41
2024-03-07 15:20:30,40.59,39.62,42.56
2024-03-07 15:21:00,39.22,38.06,42.06
2024-03-07 15:21:30,41.47,38.37,40.33
2024-03-07 15:22:00,40.15,40.07,41.88
2024-03-07 15:22:30,37.9,39.63,37.92
2024-03-07 15:23:00,42.14,38.9,39.21
2024-03-07 15:23:30,40.09,37.87,43.95
2024-03-07 15:24:00,39.72,38.11,38.58
2024-03-07 15:24:30,41.99,39.32,41.89
2024-03-07 15:25:00,41.8,40.78,41.43
2024-03-07 15:25:30,39.26,39.5,41.84
2024-03-07 15:26:00,40.34,37.81,41.89
2024-03-07 15:26:30,41.97,38.7,40.4
2024-03-07 15:27:00,40.02,41.34,42.09
2024-03-07 15:27:30,39.16,38.89,41.78
2024-03-07 15:28:00,36.98,38.74,40.28
2024-03-07 15:28:30,40.09,39.18,43.02
2024-03-07 15:29:00,41.18,39.93,43.41
2024-03-07 15:29:30,42.32,38.29,40.12
2024-03-07 15:30:00,41.58,37.79,40.74
2024-03-07 15:30:30,41.98,40.49,41.63
2024-03-07 15:31:00,39.95,39.79,40.43
2024-03-07 15:31:30,37.83,38.53,40.58
2024-03-07 15:32:00,39.88,39.07,41.45
2024-03-07 15:32:30,39.51,39.04,37.13
2024-03-07 15:33:00,39.5,37.64,40.07
2024-03-07 15:33:30,40.0,38.56,41.32
2024-03-07 15:34:00,38.93,39.44,39.97
2024-03-07 15:34:30,38.5,37.4,43.24
2024-03-07 15:35:00,42.51,38.49,41.31
2024-03-07 15:35:30,38.85,39.89,
2024-03-07 15:36:00,39.97,38.2,39.88
2024-03-07 15:36:30,38.33,39.04,37.63
2024-03-07 15:37:00,39.47,40.41,40.33
2024-03-07 15:37:30,37.11,,38.31
2024-03-07 15:38:00,37.81,37.59,41.49
2024-03-07 15:38:30,39.05,38.33,43.36
2024-03-07 15:39:00,39.27,39.33,39.9
2024-03-07 15:39:30,41.73,38.93,37.47
2024-03-07 15:40:00,40.61,38.78,39.17
2024-03-07 15:40:30,40.63,37.26,42.7
2024-03-07 15:41:00,39.91,37.83,42.83
2024-03-07 15:41:30,38.87,38.4,38.56
2024-03-07 15:42:00,39.81,38.89,40.06
2024-03-07 15:42:30,40.4,39.25,37.56
2024-03-07 15:43:00,39.04,37.25,40.16
2024-03-07 15:43:30,40.03,38.79,38.45
2024-03-07 15:44:00,37.31,40.25,40.45
2024-03-07 15:44:30,38.31,36.72,42.55
2024-03-07 15:45:00,38.17,38.81,41.21
2024-03-07 15:45:30,38.05,38.69,40.93
2024-03-07 15:46:00,38.24,41.04,42.26
2024-03-07 15:46:30,40.38,36.79,40.83
2024-03-07 15:47:00,39.99,39.39,39.87
2024-03-07 15:47:30,,38.56,39.9
2024-03-07 15:48:00,39.42,37.71,41.94
2024-03-07 15:48:30,39.34,37.77,40.96
2024-03-07 15:49:00,38.61,38.05,40.23
2024-03-07 15:49:30,39.5,37.72,39.07
2024-03-07 15:50:00,39.54,37.04,39.06
2024-03-07 15:50:30,36.3,38.86,37.37
2024-03-07 15:51:00,38.31,38.36,43.13
2024-03-07 15:51:30,40.27,38.31,39.45
2024-03-07 15:52:00,40.43,38.47,40.04
2024-03-07 15:52:30,,37.93,36.77
2024-03-07 15:53:00,40.57,38.65,38.85
2024-03-07 15:53:30,37.77,39.66,38.85
2024-03-07 15:54:00,,,41.14
2024-03-07 15:54:30,37.83,37.21,40.09
2024-03-07 15:55:00,39.18,35.68,38.48
2024-03-07 15:55:30,39.14,39.01,41.97
2024-03-07 15:56:00,37.11,39.22,41.17
2024-03-07 15:56:30,38.28,36.83,40.04
2024-03-07 15:57:00,40.47,37.75,40.12
2024-03-07 15:57:30,38.22,38.44,39.16
2024-03-07 15:58:00,39.29,37.47,38.81
2024-03-07 15:58:30,38.26,37.13,38.57
2024-03-07 15:59:00,38.24,39.05,39.96
2024-03-07 15:59:30,40.1,,39.84
2024-03-07 16:00:00,38.51,38.44,40.98
2024-03-07 16:00:30,39.15,39.3,
2024-03-07 16:01:00,36.94,35.53,38.01
2024-03-07 16:01:30,39.59,38.42,39.99
2024-03-07 16:02:00,39.01,38.34,38.61
2024-03-07 16:02:30,39.52,36.7,40.05
2024-03-07 16:03:00,38.8,37.74,40.1
2024-03-07 16:03:30,39.06,39.02,37.52
2024-03-07 16:04:00,36.85,37.28,38.9
2024-03-07 16:04:30,38.99,37.57,40.66
2024-03-07 16:05:00,38.13,37.03,38.72
2024-03-07 16:05:30,39.85,35.07,37.72
2024-03-07 16:06:00,37.42,36.77,38.19
2024-03-07 16:06:30,36.96,37.15,40.23
2024-03-07 16:07:00,36.02,36.3,39.2
2024-03-07 16:07:30,42.25,37.92,40.81
2024-03-07 16:08:00,38.75,37.94,36.59
2024-03-07 16:08:30,36.67,36.76,40.62
2024-03-07 16:09:00,36.72,37.73,38.01
2024-03-07 16:09:30,38.6,37.85,39.42
2024-03-07 16:10:00,37.33,36.88,38.72
2024-03-07 16:10:30,38.18,36.26,41.76
2024-03-07 16:11:00,38.57,35.76,39.18
2024-03-07 16:11:30,37.84,36.98,39.41
2024-03-07 16:12:00,39.21,36.64,38.49
2024-03-07 16:12:30,37.65,36.9,39.27
2024-03-07 16:13:00,38.79,36.1,40.51
2024-03-07 16:13:30,36.78,37.23,37.78
2024-03-07 16:14:00,38.29,36.78,38.51
2024-03-07 16:14:30,39.19,39.5,37.59
2024-03-07 16:15:00,38.92,37.57,33.58
2024-03-07 16:15:30,37.36,37.43,38.06
2024-03-07 16:16:00,36.11,36.36,36.98
2024-03-07 16:16:30,38.7,35.42,39.81
2024-03-07 16:17:00,39.71,36.71,39.24
2024-03-07 16:17:30,38.55,36.89,36.87
2024-03-07 16:18:00,37.91,35.88,37.68
2024-03-07 16:18:30,36.86,37.51,39.45
2024-03-07 16:19:00,37.25,34.28,38.43
2024-03-07 16:19:30,38.92,35.42,39.16
2024-03-07 16:20:00,36.64,35.85,41.34
2024-03-07 16:20:30,39.88,37.93,36.18
2024-03-07 16:21:00,38.93,36.57,40.91
2024-03-07 16:21:30,38.37,37.29,38.13
2024-03-07 16:22:00,35.45,35.9,38.4
2024-03-07 16:22:30,39.38,35.98,39.85
2024-03-07 16:23:00,,34.85,38.88
2024-03-07 16:23:30,36.0,35.05,39.28
2024-03-07 16:24:00,39.11,36.53,39.5
2024-03-07 16:24:30,37.72,36.87,41.12
2024-03-07 16:25:00,40.65,,
2024-03-07 16:25:30,38.07,37.06,37.35
2024-03-07 16:26:00,37.58,36.77,38.76
2024-03-07 16:26:30,40.17,35.18,38.98
2024-03-07 16:27:00,36.65,38.41,35.93
2024-03-07 16:27:30,34.75,38.34,37.26
2024-03-07 16:28:00,38.23,36.99,42.03
2024-03-07 16:28:30,37.43,34.87,38.14
2024-03-07 16:29:00,39.08,36.57,37.94
2024-03-07 16:29:30,37.92,35.89,37.18
2024-03-07 16:30:00,37.49,36.93,38.55
2024-03-07 16:30:30,37.19,35.04,37.56
2024-03-07 16:31:00,37.7,37.17,36.97
2024-03-07 16:31:30,36.89,36.52,38.03
2024-03-07 16:32:00,40.04,37.51,38.42
2024-03-07 16:32:30,39.33,35.16,36.78
2024-03-07 16:33:00,33.41,36.31,37.72
2024-03-07 16:33:30,37.94,37.76,37.77
2024-03-07 16:34:00,36.45,36.08,36.52
2024-03-07 16:34:30,37.6,37.33,38.22
2024-03-07 16:35:00,36.56,,
2024-03-07 16:35:30,38.7,36.92,37.36
2024-03-07 16:36:00,38.25,35.6,37.89
2024-03-07 16:36:30,35.95,36.8,
2024-03-07 16:37:00,37.18,35.16,39.54
2024-03-07 16:37:30,37.75,36.79,38.14
2024-03-07 16:38:00,37.41,35.99,34.99
2024-03-07 16:38:30,35.64,36.29,36.85
2024-03-07 16:39:00,38.5,35.54,36.58
2024-03-07 16:39:30,38.16,37.52,36.35
2024-03-07 16:40:00,36.96,35.48,36.87
2024-03-07 16:40:30,39.5,35.8,36.72
2024-03-07 16:41:00,37.3,35.03,38.28
2024-03-07 16:41:30,37.06,36.84,39.52
2024-03-07 16:42:00,36.61,36.73,38.41
2024-03-07 16:42:30,35.49,35.69,39.87
2024-03-07 16:43:00,37.75,36.34,39.17
2024-03-07 16:43:30,34.43,36.33,34.67
2024-03-07 16:44:00,35.85,35.1,34.24
2024-03-07 16:44:30,36.31,35.46,38.6
2024-03-07 16:45:00,37.64,35.92,36.11
2024-03-07 16:45:30,36.42,36.26,38.38
2024-03-07 16:46:00,38.2,37.83,38.94
2024-03-07 16:46:30,36.86,37.54,36.6
2024-03-07 16:47:00,34.66,35.53,38.26
2024-03-07 16:47:30,36.89,35.75,34.79
2024-03-07 16:48:00,38.29,35.12,36.76
2024-03-07 16:48:30,37.12,37.03,38.18
2024-03-07 16:49:00,36.11,34.15,38.92
2024-03-07 16:49:30,34.44,37.41,36.0
2024-03-07 16:50:00,36.24,34.18,38.14
2024-03-07 16:50:30,37.01,36.59,36.66
2024-03-07 16:51:00,37.63,33.46,37.31
2024-03-07 16:51:30,37.64,35.68,35.7
2024-03-07 16:52:00,34.47,37.08,39.69
2024-03-07 16:52:30,38.32,38.39,35.65
2024-03-07 16:53:00,38.02,34.77,36.68
2024-03-07 16:53:30,37.82,37.08,38.26
2024-03-07 16:54:00,36.49,35.55,36.65
2024-03-07 16:54:30,35.75,36.65,36.37
2024-03-07 16:55:00,38.7,33.36,37.31
2024-03-07 16:55:30,37.0,37.2,39.28
2024-03-07 16:56:00,34.63,34.78,35.89
2024-03-07 16:56:30,37.52,35.26,37.0
2024-03-07 16:57:00,35.87,35.82,37.2
2024-03-07 16:57:30,34.71,,36.23
2024-03-07 16:58:00,36.06,35.32,
2024-03-07 16:58:30,35.34,35.02,36.85
2024-03-07 16:59:00,35.39,35.01,35.77
2024-03-07 16:59:30,38.33,36.69,38.02
2024-03-07 17:00:00,34.68,34.11,36.35
2024-03-07 17:00:30,34.81,36.37,37.27
2024-03-07 17:01:00,34.67,34.76,33.18
2024-03-07 17:01:30,37.0,36.48,37.57
2024-03-07 17:02:00,38.4,33.42,36.84
2024-03-07 17:02:30,36.48,37.42,37.3
2024-03-07 17:03:00,35.48,35.61,35.71
2024-03-07 17:03:30,37.78,34.09,34.99
2024-03-07 17:04:00,34.82,36.25,37.0
2024-03-07 17:04:30,37.39,35.55,37.36
2024-03-07 17:05:00,37.2,35.0,38.58
2024-03-07 17:05:30,36.86,35.6,38.81
2024-03-07 17:06:00,37.78,35.8,
2024-03-07 17:06:30,35.05,33.26,33.83
2024-03-07 17:07:00,36.97,35.03,35.26
2024-03-07 17:07:30,36.66,34.86,37.04
2024-03-07 17:08:00,35.46,,36.07
2024-03-07 17:08:30,35.95,35.37,34.87
2024-03-07 17:09:00,34.42,35.03,34.8
2024-03-07 17:09:30,37.15,35.3,35.05
2024-03-07 17:10:00,34.87,34.02,35.48
2024-03-07 17:10:30,36.09,35.9,37.27
2024-03-07 17:11:00,37.22,34.94,37.1
2024-03-07 17:11:30,36.8,34.63,38.51
2024-03-07 17:12:00,37.84,35.08,33.98
2024-03-07 17:12:30,35.79,36.22,34.33
2024-03-07 17:13:00,35.98,33.63,38.54
2024-03-07 17:13:30,36.74,35.16,36.76
2024-03-07 17:14:00,34.36,34.95,36.78
2024-03-07 17:14:30,36.86,36.07,36.28
2024-03-07 17:15:00,38.73,34.88,37.41
2024-03-07 17:15:30,35.9,35.93,35.96
2024-03-07 17:16:00,34.47,33.59,38.89
2024-03-07 17:16:30,35.59,33.25,38.88
2024-03-07 17:17:00,35.23,33.91,38.86
2024-03-07 17:17:30,34.96,,36.6
2024-03-07 17:18:00,35.71,33.88,38.46
2024-03-07 17:18:30,35.83,35.22,35.2
2024-03-07 17:19:00,35.17,35.54,35.95
2024-03-07 17:19:30,35.12,33.31,35.66
2024-03-07 17:20:00,35.67,33.87,34.73
2024-03-07 17:20:30,33.95,35.12,36.3
2024-03-07 17:21:00,35.83,37.03,34.8
2024-03-07 17:21:30,37.7,34.44,36.95
2024-03-07 17:22:00,33.42,35.1,38.33
2024-03-07 17:22:30,36.58,34.25,33.51
2024-03-07 17:23:00,34.68,36.15,37.52
2024-03-07 17:23:30,37.5,36.95,36.43
2024-03-07 17:24:00,33.68,34.62,36.04
2024-03-07 17:24:30,37.65,33.74,35.81
2024-03-07 17:25:00,36.46,,36.22
2024-03-07 17:25:30,34.83,33.68,36.44
2024-03-07 17:26:00,33.43,33.73,34.52
2024-03-07 17:26:30,34.45,34.4,34.1
2024-03-07 17:27:00,34.21,34.3,36.52
2024-03-07 17:27:30,34.97,35.44,37.12
2024-03-07 17:28:00,33.84,35.91,36.56
2024-03-07 17:28:30,32.3,31.74,36.46
2024-03-07 17:29:00,35.88,35.34,35.97
2024-03-07 17:29:30,36.35,32.15,36.0
2024-03-07 17:30:00,36.13,34.5,
2024-03-07 17:30:30,,34.83,32.68
2024-03-07 17:31:00,34.79,33.91,34.55
2024-03-07 17:31:30,33.24,34.18,35.86
2024-03-07 17:32:00,35.25,35.14,38.54
2024-03-07 17:32:30,32.28,34.95,35.07
2024-03-07 17:33:00,35.49,33.4,34.97
2024-03-07 17:33:30,33.64,32.19,
2024-03-07 17:34:00,35.53,33.52,36.69
2024-03-07 17:34:30,37.4,35.4,36.14
2024-03-07 17:35:00,35.04,33.2,35.44
2024-03-07 17:35:30,36.74,33.23,33.73
2024-03-07 17:36:00,37.04,35.26,35.93
2024-03-07 17:36:30,36.39,35.18,37.28
2024-03-07 17:37:00,32.84,34.87,35.67
2024-03-07 17:37:30,36.39,33.71,38.09
2024-03-07 17:38:00,33.14,35.05,36.69
2024-03-07 17:38:30,34.23,36.06,35.9
2024-03-07 17:39:00,33.99,33.78,36.36
2024-03-07 17:39:30,32.64,34.81,35.42
2024-03-07 17:40:00,35.31,32.8,38.0
2024-03-07 17:40:30,34.95,33.54,36.03
2024-03-07 17:41:00,36.68,33.47,35.67
2024-03-07 17:41:30,37.26,32.69,35.18
2024-03-07 17:42:00,36.55,34.18,34.42
2024-03-07 17:42:30,34.65,34.18,33.07
2024-03-07 17:43:00,33.97,33.05,35.48
2024-03-07 17:43:30,34.88,34.08,35.18
2024-03-07 17:44:00,35.64,32.37,35.13
2024-03-07 17:44:30,34.67,34.75,36.1
2024-03-07 17:45:00,33.85,34.74,36.34
2024-03-07 17:45:30,35.31,32.59,35.95
2024-03-07 17:46:00,35.57,33.16,34.64
2024-03-07 17:46:30,33.27,32.42,35.25
2024-03-07 17:47:00,34.18,34.12,32.32
2024-03-07 17:47:30,35.42,33.31,36.17
2024-03-07 17:48:00,34.94,35.19,35.88
2024-03-07 17:48:30,33.33,,33.8
2024-03-07 17:49:00,33.4,33.58,37.51
2024-03-07 17:49:30,33.68,33.55,35.12
2024-03-07 17:50:00,33.64,33.24,36.8
2024-03-07 17:50:30,36.46,34.83,38.21
2024-03-07 17:51:00,35.12,33.57,32.85
2024-03-07 17:51:30,35.02,33.77,34.61
2024-03-07 17:52:00,34.89,33.78,35.82
2024-03-07 17:52:30,34.76,33.79,36.59
2024-03-07 17:53:00,34.45,31.11,35.08
2024-03-07 17:53:30,34.89,32.89,37.3
2024-03-07 17:54:00,35.79,34.14,36.3
2024-03-07 17:54:30,36.4,32.96,33.95
2024-03-07 17:55:00,35.52,32.77,36.86
2024-03-07 17:55:30,35.21,32.4,34.07
2024-03-07 17:56:00,36.37,32.29,37.18
2024-03-07 17:56:30,35.26,33.37,35.48
2024-03-07 17:57:00,33.78,33.03,36.13
2024-03-07 17:57:30,32.75,33.71,35.64
2024-03-07 17:58:00,35.72,32.83,36.33
2024-03-07 17:58:30,33.15,33.76,35.9
2024-03-07 17:59:00,34.06,34.12,33.93
2024-03-07 17:59:30,35.16,34.4,34.07
2024-03-07 18:00:00,34.14,33.55,35.61
2024-03-07 18:00:30,36.36,33.9,36.64
2024-03-07 18:01:00,34.4,35.1,36.56
2024-03-07 18:01:30,33.21,33.44,36.4
2024-03-07 18:02:00,35.15,34.09,33.06
2024-03-07 18:02:30,34.3,32.12,33.1
2024-03-07 18:03:00,34.98,33.93,35.34
2024-03-07 18:03:30,34.19,33.15,35.8
2024-03-07 18:04:00,33.62,33.29,36.27
2024-03-07 18:04:30,35.23,33.73,37.18
2024-03-07 18:05:00,33.42,33.74,34.61
2024-03-07 18:05:30,35.02,32.37,34.15
2024-03-07 18:06:00,35.42,33.92,34.93
2024-03-07 18:06:30,35.85,33.09,36.43
2024-03-07 18:07:00,36.04,33.75,37.26
2024-03-07 18:07:30,34.26,34.44,34.51
2024-03-07 18:08:00,33.49,,35.29
2024-03-07 18:08:30,33.77,32.15,34.71
2024-03-07 18:09:00,33.76,33.75,35.29
2024-03-07 18:09:30,33.52,31.74,34.14
2024-03-07 18:10:00,34.82,31.91,33.68
2024-03-07 18:10:30,32.56,32.89,36.06
2024-03-07 18:11:00,34.67,34.29,33.18
2024-03-07 18:11:30,34.65,32.1,34.3
2024-03-07 18:12:00,35.53,33.75,35.39
2024-03-07 18:12:30,34.65,31.71,34.85
2024-03-07 18:13:00,32.63,,35.02
2024-03-07 18:13:30,35.4,33.36,36.49
2024-03-07 18:14:00,33.23,34.45,34.38
2024-03-07 18:14:30,35.71,32.45,33.6
2024-03-07 18:15:00,33.44,33.44,33.9
2024-03-07 18:15:30,34.65,32.59,34.06
2024-03-07 18:16:00,34.7,32.3,34.12
2024-03-07 18:16:30,32.24,34.64,34.71
2024-03-07 18:17:00,33.54,32.97,33.73
2024-03-07 18:17:30,33.06,34.08,34.43
2024-03-07 18:18:00,35.3,33.96,34.63
2024-03-07 18:18:30,32.98,33.96,35.48
2024-03-07 18:19:00,33.66,31.34,34.08
2024-03-07 18:19:30,33.93,32.37,35.89
2024-03-07 18:20:00,34.26,32.55,33.7
2024-03-07 18:20:30,32.04,34.17,32.79
2024-03-07 18:21:00,34.9,32.5,
2024-03-07 18:21:30,34.88,32.51,33.8
2024-03-07 18:22:00,31.79,32.48,35.14
2024-03-07 18:22:30,35.15,32.13,36.34
2024-03-07 18:23:00,34.13,32.49,32.13
2024-03-07 18:23:30,33.99,32.44,36.73
2024-03-07 18:24:00,33.04,34.51,36.47
2024-03-07 18:24:30,32.02,34.18,30.94
2024-03-07 18:25:00,32.57,32.95,33.82
2024-03-07 18:25:30,34.55,33.49,32.96
2024-03-07 18:26:00,32.58,32.93,35.08
2024-03-07 18:26:30,33.06,32.27,35.24
2024-03-07 18:27:00,36.63,33.12,33.86
2024-03-07 18:27:30,35.88,31.2,34.94
2024-03-07 18:28:00,34.79,34.29,34.32
2024-03-07 18:28:30,34.77,33.0,34.96
2024-03-07 18:29:00,32.39,33.34,33.53
2024-03-07 18:29:30,34.55,31.6,35.6
2024-03-07 18:30:00,34.64,31.72,37.55
2024-03-07 18:30:30,33.69,33.65,33.08
2024-03-07 18:31:00,34.87,35.49,34.05
2024-03-07 18:31:30,34.08,33.91,33.08
2024-03-07 18:32:00,34.58,31.14,34.49
2024-03-07 18:32:30,35.89,30.31,34.81
2024-03-07 18:33:00,33.69,33.28,
2024-03-07 18:33:30,32.96,31.02,35.0
2024-03-07 18:34:00,32.95,33.92,34.44
2024-03-07 18:34:30,33.88,32.61,32.48
2024-03-07 18:35:00,34.15,32.91,33.25
2024-03-07 18:35:30,33.71,33.29,34.93
2024-03-07 18:36:00,34.79,33.49,33.66
2024-03-07 18:36:30,33.59,31.3,36.04
2024-03-07 18:37:00,32.47,31.56,33.58
2024-03-07 18:37:30,31.98,33.05,33.26
2024-03-07 18:38:00,33.16,33.55,34.1
2024-03-07 18:38:30,32.17,31.32,35.37
2024-03-07 18:39:00,35.89,32.45,34.79
2024-03-07 18:39:30,32.32,33.4,35.16
2024-03-07 18:40:00,31.7,31.15,33.65
2024-03-07 18:40:30,34.01,32.32,32.69
2024-03-07 18:41:00,32.43,33.27,32.62
2024-03-07 18:41:30,32.21,32.89,36.23
2024-03-07 18:42:00,34.06,32.54,
2024-03-07 18:42:30,33.38,31.43,34.56
2024-03-07 18:43:00,33.46,31.95,34.5
2024-03-07 18:43:30,35.05,32.42,35.18
2024-03-07 18:44:00,33.8,33.44,36.17
2024-03-07 18:44:30,35.91,32.73,34.86
2024-03-07 18:45:00,33.64,33.06,34.04
2024-03-07 18:45:30,33.28,33.0,36.07
2024-03-07 18:46:00,36.98,33.48,34.35
2024-03-07 18:46:30,35.33,31.32,33.46
2024-03-07 18:47:00,32.39,32.06,36.66
2024-03-07 18:47:30,34.51,32.7,34.25
2024-03-07 18:48:00,36.34,33.24,32.15
2024-03-07 18:48:30,33.91,31.69,32.95
2024-03-07 18:49:00,32.83,33.87,33.99
2024-03-07 18:49:30,35.61,30.47,33.43
2024-03-07 18:50:00,31.63,32.92,33.95
2024-03-07 18:50:30,33.33,32.8,34.38
2024-03-07 18:51:00,32.78,31.94,34.44
2024-03-07 18:51:30,33.52,32.76,32.28
2024-03-07 18:52:00,33.28,34.17,33.41
2024-03-07 18:52:30,33.28,31.64,32.94
2024-03-07 18:53:00,34.08,32.45,36.08
2024-03-07 18:53:30,33.13,32.12,32.61
2024-03-07 18:54:00,32.84,32.2,34.52
2024-03-07 18:54:30,32.82,32.64,33.14
2024-03-07 18:55:00,31.0,31.09,36.54
2024-03-07 18:55:30,32.74,32.61,36.39
2024-03-07 18:56:00,33.27,32.61,31.47
2024-03-07 18:56:30,34.71,31.53,36.74
2024-03-07 18:57:00,32.98,31.7,35.68
2024-03-07 18:57:30,,30.03,34.38
2024-03-07 18:58:00,34.26,31.52,34.04
2024-03-07 18:58:30,33.77,32.87,34.85
2024-03-07 18:59:00,33.18,33.86,33.79
2024-03-07 18:59:30,33.64,32.39,35.33
2024-03-07 19:00:00,33.67,31.41,32.27
2024-03-07 19:00:30,35.78,30.99,34.51
2024-03-07 19:01:00,33.88,30.55,34.38
2024-03-07 19:01:30,33.07,32.25,34.69
2024-03-07 19:02:00,34.02,,34.05
2024-03-07 19:02:30,34.42,32.24,31.93
2024-03-07 19:03:00,34.49,32.01,34.48
2024-03-07 19:03:30,33.97,31.46,33.58
2024-03-07 19:04:00,34.93,31.3,35.13
2024-03-07 19:04:30,32.6,31.84,33.86
2024-03-07 19:05:00,34.93,32.1,34.85
2024-03-07 19:05:30,32.34,33.73,35.79
2024-03-07 19:06:00,30.96,33.6,33.17
2024-03-07 19:06:30,33.55,34.0,32.12
2024-03-07 19:07:00,32.48,31.86,32.87
2024-03-07 19:07:30,36.17,33.84,35.39
2024-03-07 19:08:00,33.87,32.52,33.42
2024-03-07 19:08:30,33.78,31.49,33.68
2024-03-07 19:09:00,33.11,31.51,33.15
2024-03-07 19:09:30,33.07,33.01,34.36
2024-03-07 19:10:00,34.7,32.6,35.22
2024-03-07 19:10:30,33.4,32.95,35.52
2024-03-07 19:11:00,30.88,31.58,33.35
2024-03-07 19:11:30,32.04,32.75,34.14
2024-03-07 19:12:00,35.34,31.34,35.1
2024-03-07 19:12:30,34.16,32.04,
2024-03-07 19:13:00,34.16,31.9,34.86
2024-03-07 19:13:30,33.32,30.23,34.66
2024-03-07 19:14:00,32.1,32.89,34.55
2024-03-07 19:14:30,33.05,31.32,
2024-03-07 19:15:00,32.39,33.79,34.53
2024-03-07 19:15:30,31.33,32.93,30.49
2024-03-07 19:16:00,32.62,31.75,35.02
2024-03-07 19:16:30,33.55,32.13,33.87
2024-03-07 19:17:00,34.09,32.65,37.72
2024-03-07 19:17:30,32.16,33.06,34.27
2024-03-07 19:18:00,33.45,33.2,34.37
2024-03-07 19:18:30,32.86,34.16,33.66
2024-03-07 19:19:00,33.82,33.48,33.1
2024-03-07 19:19:30,33.39,32.25,32.56
2024-03-07 19:20:00,31.54,33.34,33.73
2024-03-07 19:20:30,35.29,31.06,33.83
2024-03-07 19:21:00,31.19,32.51,34.42
2024-03-07 19:21:30,33.49,34.46,34.53
2024-03-07 19:22:00,34.89,32.26,33.61
2024-03-07 19:22:30,33.94,33.1,35.73
2024-03-07 19:23:00,33.48,31.44,32.21
2024-03-07 19:23:30,32.09,30.95,32.84
2024-03-07 19:24:00,34.15,30.8,31.53
2024-03-07 19:24:30,31.57,31.8,32.87
2024-03-07 19:25:00,33.48,34.11,31.69
2024-03-07 19:25:30,33.34,31.2,33.57
2024-03-07 19:26:00,33.48,31.84,36.29
2024-03-07 19:26:30,32.27,31.93,32.9
2024-03-07 19:27:00,30.15,32.52,34.04
2024-03-07 19:27:30,30.72,28.74,34.57
2024-03-07 19:28:00,30.48,31.72,34.3
2024-03-07 19:28:30,33.32,31.95,34.16
2024-03-07 19:29:00,32.17,32.33,34.15
2024-03-07 19:29:30,35.85,31.6,32.91
2024-03-07 19:30:00,,31.71,32.92
2024-03-07 19:30:30,33.73,31.22,33.97
2024-03-07 19:31:00,32.33,31.86,32.84
2024-03-07 19:31:30,33.2,31.33,32.49
2024-03-07 19:32:00,33.17,29.49,34.39
2024-03-07 19:32:30,33.92,33.09,36.02
2024-03-07 19:33:00,30.9,32.12,33.59
2024-03-07 19:33:30,33.54,33.51,34.05
2024-03-07 19:34:00,33.06,32.6,36.06
2024-03-07 19:34:30,32.1,32.97,33.96
2024-03-07 19:35:00,33.28,33.11,35.7
2024-03-07 19:35:30,32.96,31.44,32.07
2024-03-07 19:36:00,31.5,32.47,33.86
2024-03-07 19:36:30,31.68,31.76,34.61
2024-03-07 19:37:00,31.59,33.27,31.5
2024-03-07 19:37:30,32.71,33.32,34.49
2024-03-07 19:38:00,33.7,30.61,34.29
2024-03-07 19:38:30,31.8,31.17,36.04
2024-03-07 19:39:00,32.39,31.96,32.93
2024-03-07 19:39:30,33.03,31.53,30.2
2024-03-07 19:40:00,30.3,31.37,34.19
2024-03-07 19:40:30,30.85,31.64,33.42
2024-03-07 19:41:00,32.45,31.48,33.16
2024-03-07 19:41:30,34.65,32.32,35.96
2024-03-07 19:42:00,32.33,32.45,34.05
2024-03-07 19:42:30,33.1,33.66,32.38
2024-03-07 19:43:00,33.44,32.67,34.81
2024-03-07 19:43:30,33.3,31.59,
2024-03-07 19:44:00,33.89,32.65,32.97
2024-03-07 19:44:30,32.8,32.81,32.05
2024-03-07 19:45:00,34.36,31.31,36.66
2024-03-07 19:45:30,33.67,31.8,
2024-03-07 19:46:00,32.32,32.07,33.15
2024-03-07 19:46:30,31.37,31.87,33.83
2024-03-07 19:47:00,33.57,32.01,34.0
2024-03-07 19:47:30,33.4,32.72,32.87
2024-03-07 19:48:00,32.9,31.06,32.25
2024-03-07 19:48:30,34.58,31.95,35.26
2024-03-07 19:49:00,32.17,31.53,33.06
2024-03-07 19:49:30,35.1,34.34,32.55
2024-03-07 19:50:00,31.61,32.54,36.6
2024-03-07 19:50:30,33.59,33.05,34.93
2024-03-07 19:51:00,33.53,34.09,34.38
2024-03-07 19:51:30,33.11,32.2,32.74
2024-03-07 19:52:00,33.11,31.09,33.74
2024-03-07 19:52:30,32.13,31.93,36.29
2024-03-07 19:53:00,33.23,32.6,32.38
2024-03-07 19:53:30,34.23,32.29,33.45
2024-03-07 19:54:00,33.8,31.56,34.13
2024-03-07 19:54:30,32.71,31.83,33.55
2024-03-07 19:55:00,31.65,30.54,34.02
2024-03-07 19:55:30,34.75,30.49,33.13
2024-03-07 19:56:00,30.86,32.01,34.32
2024-03-07 19:56:30,32.29,33.45,35.11
2024-03-07 19:57:00,33.12,32.51,34.93
2024-03-07 19:57:30,31.28,34.18,33.05
2024-03-07 19:58:00,32.76,31.54,33.12
2024-03-07 19:58:30,33.17,30.54,35.17
2024-03-07 19:59:00,33.82,31.41,31.25
2024-03-07 19:59:30,33.32,32.11,33.65
2024-03-07 20:00:00,33.49,32.8,34.29
2024-03-07 20:00:30,32.91,32.18,33.89
2024-03-07 20:01:00,31.82,29.69,36.39
2024-03-07 20:01:30,34.49,33.56,34.06
2024-03-07 20:02:00,32.8,32.4,33.02
2024-03-07 20:02:30,33.5,31.42,33.06
2024-03-07 20:03:00,34.3,30.68,30.77
2024-03-07 20:03:30,32.92,31.33,34.45
2024-03-07 20:04:00,32.43,32.28,33.55
2024-03-07 20:04:30,33.28,31.55,32.09
2024-03-07 20:05:00,34.42,31.17,32.76
2024-03-07 20:05:30,31.24,32.44,35.16
2024-03-07 20:06:00,31.39,32.21,31.22
2024-03-07 20:06:30,31.91,32.53,35.35
2024-03-07 20:07:00,33.96,,33.6
2024-03-07 20:07:30,31.02,30.88,31.74
2024-03-07 20:08:00,33.85,31.61,34.5
2024-03-07 20:08:30,33.02,32.28,35.35
2024-03-07 20:09:00,32.25,34.08,33.84
2024-03-07 20:09:30,33.12,29.52,34.81
2024-03-07 20:10:00,32.81,31.79,32.88
2024-03-07 20:10:30,33.68,33.26,33.1
2024-03-07 20:11:00,33.59,32.94,
2024-03-07 20:11:30,31.83,30.69,33.25
2024-03-07 20:12:00,33.54,32.67,
2024-03-07 20:12:30,31.93,31.94,33.06
2024-03-07 20:13:00,34.1,29.93,34.67
2024-03-07 20:13:30,34.0,33.39,32.91
2024-03-07 20:14:00,34.58,31.84,37.09
2024-03-07 20:14:30,34.76,31.66,37.21
2024-03-07 20:15:00,32.19,31.23,29.77
2024-03-07 20:15:30,30.95,31.87,33.23
2024-03-07 20:16:00,32.75,31.84,33.1
2024-03-07 20:16:30,33.98,32.53,31.92
2024-03-07 20:17:00,33.39,31.79,31.97
2024-03-07 20:17:30,32.19,30.57,34.82
2024-03-07 20:18:00,35.51,32.24,34.66
2024-03-07 20:18:30,32.39,31.87,33.64
2024-03-07 20:19:00,35.69,32.23,34.6
2024-03-07 20:19:30,30.52,32.24,32.13
2024-03-07 20:20:00,29.89,31.64,
2024-03-07 20:20:30,34.46,31.56,32.25
2024-03-07 20:21:00,31.95,32.97,33.33
2024-03-07 20:21:30,34.18,31.44,36.16
2024-03-07 20:22:00,31.14,34.84,31.36
2024-03-07 20:22:30,33.53,30.94,32.48
2024-03-07 20:23:00,32.25,31.63,32.04
2024-03-07 20:23:30,33.74,31.23,35.88
2024-03-07 20:24:00,33.48,32.14,32.67
2024-03-07 20:24:30,31.26,,33.07
2024-03-07 20:25:00,32.66,30.23,36.9
2024-03-07 20:25:30,34.83,32.29,35.3
2024-03-07 20:26:00,33.69,31.83,33.32
2024-03-07 20:26:30,32.87,32.08,
2024-03-07 20:27:00,32.62,32.1,34.9
2024-03-07 20:27:30,35.19,32.73,31.11
2024-03-07 20:28:00,31.44,30.09,
2024-03-07 20:28:30,32.43,30.23,32.1
2024-03-07 20:29:00,32.46,31.43,32.61
2024-03-07 20:29:30,32.97,32.82,33.02
2024-03-07 20:30:00,29.38,32.08,33.57
2024-03-07 20:30:30,33.16,31.91,34.04
2024-03-07 20:31:00,34.2,31.91,35.15
2024-03-07 20:31:30,32.9,32.52,33.25
2024-03-07 20:32:00,32.89,30.76,32.88
2024-03-07 20:32:30,33.26,32.98,33.79
2024-03-07 20:33:00,,32.26,31.32
2024-03-07 20:33:30,36.36,33.3,34.49
2024-03-07 20:34:00,32.76,32.53,35.75
2024-03-07 20:34:30,33.74,33.38,34.83
2024-03-07 20:35:00,31.99,32.91,31.42
2024-03-07 20:35:30,36.42,33.56,35.81
2024-03-07 20:36:00,32.72,33.87,34.97
2024-03-07 20:36:30,34.81,34.59,34.78
2024-03-07 20:37:00,33.17,30.44,33.45
2024-03-07 20:37:30,33.22,31.41,33.43
2024-03-07 20:38:00,34.33,32.72,35.38
2024-03-07 20:38:30,,32.07,34.08
2024-03-07 20:39:00,,30.8,33.41
2024-03-07 20:39:30,33.22,33.77,
2024-03-07 20:40:00,32.11,33.84,35.21
2024-03-07 20:40:30,34.94,33.92,33.8
2024-03-07 20:41:00,34.25,31.7,32.15
2024-03-07 20:41:30,,32.27,34.61
2024-03-07 20:42:00,34.5,33.06,33.77
2024-03-07 20:42:30,32.54,31.43,31.69
2024-03-07 20:43:00,33.4,31.88,33.98
2024-03-07 20:43:30,32.58,32.33,34.79
2024-03-07 20:44:00,31.82,32.13,33.02
2024-03-07 20:44:30,33.39,31.58,31.46
2024-03-07 20:45:00,34.16,33.22,35.42
2024-03-07 20:45:30,33.47,,33.55
2024-03-07 20:46:00,33.27,32.4,35.35
2024-03-07 20:46:30,32.94,32.3,33.4
2024-03-07 20:47:00,32.62,31.78,33.26
2024-03-07 20:47:30,33.47,32.56,33.09
2024-03-07 20:48:00,31.13,33.37,36.35
2024-03-07 20:48:30,34.07,32.8,36.53
2024-03-07 20:49:00,32.64,32.06,35.46
2024-03-07 20:49:30,32.37,31.12,32.45
2024-03-07 20:50:00,31.13,32.32,36.03
2024-03-07 20:50:30,33.49,31.81,
2024-03-07 20:51:00,34.03,30.76,33.74
2024-03-07 20:51:30,33.01,33.89,36.47
2024-03-07 20:52:00,33.62,32.66,32.61
2024-03-07 20:52:30,33.1,31.28,35.42
2024-03-07 20:53:00,31.8,31.88,35.24
2024-03-07 20:53:30,34.66,34.72,33.31
2024-03-07 20:54:00,31.72,33.68,32.63
2024-03-07 20:54:30,30.89,31.34,33.01
2024-03-07 20:55:00,32.88,32.92,35.74
2024-03-07 20:55:30,32.23,33.2,34.72
2024-03-07 20:56:00,31.36,33.47,31.71
2024-03-07 20:56:30,33.2,32.04,32.41
2024-03-07 20:57:00,31.37,32.29,35.8
2024-03-07 20:57:30,35.35,31.43,33.2
2024-03-07 20:58:00,33.85,32.8,31.47
2024-03-07 20:58:30,33.56,34.46,35.68
2024-03-07 20:59:00,32.64,33.23,32.24
2024-03-07 20:59:30,33.08,32.25,31.63
2024-03-07 21:00:00,33.38,32.14,34.0
2024-03-07 21:00:30,33.73,31.76,35.06
2024-03-07 21:01:00,33.0,33.08,36.1
2024-03-07 21:01:30,33.83,33.51,35.22
2024-03-07 21:02:00,32.41,33.43,34.66
2024-03-07 21:02:30,36.24,31.79,33.87
2024-03-07 21:03:00,33.58,30.83,34.42
2024-03-07 21:03:30,33.4,30.02,32.11
2024-03-07 21:04:00,32.92,31.05,33.26
2024-03-07 21:04:30,32.06,32.0,35.51
2024-03-07 21:05:00,32.72,32.06,33.28
2024-03-07 21:05:30,33.26,32.06,31.77
2024-03-07 21:06:00,34.28,32.52,
2024-03-07 21:06:30,34.24,33.32,33.22
2024-03-07 21:07:00,33.7,33.98,35.55
2024-03-07 21:07:30,31.97,33.23,34.55
2024-03-07 21:08:00,33.41,32.64,34.16
2024-03-07 21:08:30,32.52,31.72,31.13
2024-03-07 21:09:00,36.0,34.32,
2024-03-07 21:09:30,32.4,32.33,34.85
2024-03-07 21:10:00,33.71,31.33,35.51
2024-03-07 21:10:30,33.73,34.62,36.35
2024-03-07 21:11:00,34.22,33.59,33.49
2024-03-07 21:11:30,33.86,32.39,33.96
2024-03-07 21:12:00,34.04,31.84,35.91
2024-03-07 21:12:30,34.03,33.08,34.92
2024-03-07 21:13:00,34.32,32.51,35.3
2024-03-07 21:13:30,34.11,33.22,32.88
2024-03-07 21:14:00,33.56,32.67,35.1
2024-03-07 21:14:30,31.89,31.89,33.17
2024-03-07 21:15:00,33.53,32.33,33.81
2024-03-07 21:15:30,33.51,32.13,34.18
2024-03-07 21:16:00,36.23,32.91,33.57
2024-03-07 21:16:30,34.02,32.56,33.29
2024-03-07 21:17:00,32.69,33.49,37.41
2024-03-07 21:17:30,34.11,33.1,33.26
2024-03-07 21:18:00,35.0,32.01,34.55
2024-03-07 21:18:30,32.6,31.79,32.78
2024-03-07 21:19:00,32.83,32.67,34.52
2024-03-07 21:19:30,35.73,32.21,36.08
2024-03-07 21:20:00,35.02,34.42,33.84
2024-03-07 21:20:30,35.35,34.9,
2024-03-07 21:21:00,34.68,33.47,34.11
2024-03-07 21:21:30,34.7,32.61,33.05
2024-03-07 21:22:00,34.53,33.45,33.56
2024-03-07 21:22:30,33.27,33.02,33.52
2024-03-07 21:23:00,33.83,31.29,36.95
2024-03-07 21:23:30,33.14,34.32,34.5
2024-03-07 21:24:00,33.91,31.67,36.12
2024-03-07 21:24:30,33.1,33.79,35.88
2024-03-07 21:25:00,33.22,32.39,33.89
2024-03-07 21:25:30,35.73,33.03,35.66
2024-03-07 21:26:00,33.16,33.96,34.53
2024-03-07 21:26:30,33.24,33.4,34.76
2024-03-07 21:27:00,34.88,34.05,36.35
2024-03-07 21:27:30,34.04,31.31,35.11
2024-03-07 21:28:00,33.47,31.98,31.65
2024-03-07 21:28:30,33.18,31.9,35.63
2024-03-07 21:29:00,34.27,33.45,35.66
2024-03-07 21:29:30,36.41,33.36,33.44
2024-03-07 21:30:00,34.64,32.18,34.49
2024-03-07 21:30:30,33.65,30.35,33.97
2024-03-07 21:31:00,36.92,33.42,35.01
2024-03-07 21:31:30,34.97,33.33,34.11
2024-03-07 21:32:00,35.35,34.67,33.99
2024-03-07 21:32:30,35.15,32.15,33.61
2024-03-07 21:33:00,35.54,35.1,34.85
2024-03-07 21:33:30,32.31,33.92,30.57
2024-03-07 21:34:00,33.62,32.19,35.53
2024-03-07 21:34:30,33.6,33.87,36.52
2024-03-07 21:35:00,34.97,33.11,34.65
2024-03-07 21:35:30,33.64,34.49,33.42
2024-03-07 21:36:00,35.18,34.33,33.02
2024-03-07 21:36:30,34.57,32.89,34.42
2024-03-07 21:37:00,34.69,33.92,33.08
2024-03-07 21:37:30,33.97,33.99,36.1
2024-03-07 21:38:00,33.68,32.91,35.66
2024-03-07 21:38:30,33.63,32.72,36.11
2024-03-07 21:39:00,33.35,32.7,35.86
2024-03-07 21:39:30,35.03,33.65,36.43
2024-03-07 21:40:00,35.06,33.2,35.18
2024-03-07 21:40:30,35.48,33.41,34.49
2024-03-07 21:41:00,35.26,33.93,35.3
2024-03-07 21:41:30,34.17,33.99,33.41
2024-03-07 21:42:00,33.97,34.11,35.94
2024-03-07 21:42:30,32.85,32.46,35.57
2024-03-07 21:43:00,33.55,33.22,36.32
2024-03-07 21:43:30,34.23,33.76,36.95
2024-03-07 21:44:00,35.39,32.81,33.94
2024-03-07 21:44:30,34.66,32.05,36.06
2024-03-07 21:45:00,32.82,31.94,33.2
2024-03-07 21:45:30,36.08,33.08,35.65
2024-03-07 21:46:00,34.6,32.64,34.92
2024-03-07 21:46:30,33.67,34.07,35.02
2024-03-07 21:47:00,35.58,33.34,33.26
2024-03-07 21:47:30,33.08,35.52,34.93
2024-03-07 21:48:00,35.41,33.28,36.38
2024-03-07 21:48:30,34.2,32.24,34.91
2024-03-07 21:49:00,34.44,33.89,34.95
2024-03-07 21:49:30,,32.44,34.17
2024-03-07 21:50:00,33.79,31.36,35.2
2024-03-07 21:50:30,35.74,32.23,34.05
2024-03-07 21:51:00,35.16,31.99,35.44
2024-03-07 21:51:30,34.01,31.8,36.26
2024-03-07 21:52:00,34.45,34.0,
2024-03-07 21:52:30,32.61,34.13,35.66
2024-03-07 21:53:00,35.23,33.11,37.01
2024-03-07 21:53:30,,34.1,34.39
2024-03-07 21:54:00,33.93,32.84,38.32
2024-03-07 21:54:30,34.95,34.19,34.8
2024-03-07 21:55:00,34.15,32.16,36.11
2024-03-07 21:55:30,34.69,34.8,33.92
2024-03-07 21:56:00,34.41,33.85,36.06
2024-03-07 21:56:30,33.92,33.86,35.74
2024-03-07 21:57:00,33.67,,37.33
2024-03-07 21:57:30,37.46,33.69,36.82
2024-03-07 21:58:00,34.11,32.59,34.13
2024-03-07 21:58:30,35.21,32.8,34.83
2024-03-07 21:59:00,34.69,34.29,35.1
2024-03-07 21:59:30,34.38,32.67,35.68
2024-03-07 22:00:00,34.39,34.82,36.13
2024-03-07 22:00:30,32.79,32.16,33.67
2024-03-07 22:01:00,33.93,33.53,34.52
2024-03-07 22:01:30,33.77,33.2,35.79
2024-03-07 22:02:00,35.7,34.08,34.73
2024-03-07 22:02:30,36.28,33.24,37.19
2024-03-07 22:03:00,35.74,32.77,36.53
2024-03-07 22:03:30,33.5,33.17,36.72
2024-03-07 22:04:00,34.92,33.75,33.58
2024-03-07 22:04:30,36.68,33.1,36.56
2024-03-07 22:05:00,33.42,35.67,36.31
2024-03-07 22:05:30,35.97,35.1,35.73
2024-03-07 22:06:00,33.32,34.49,36.72
2024-03-07 22:06:30,36.56,33.68,37.07
2024-03-07 22:07:00,34.11,33.33,36.08
2024-03-07 22:07:30,36.83,33.64,41.12
2024-03-07 22:08:00,35.45,33.78,35.05
2024-03-07 22:08:30,33.72,33.73,35.62
2024-03-07 22:09:00,34.18,34.87,36.15
2024-03-07 22:09:30,34.32,33.33,35.27
2024-03-07 22:10:00,36.69,34.24,36.07
2024-03-07 22:10:30,35.87,34.72,35.09
2024-03-07 22:11:00,34.53,32.18,34.69
2024-03-07 22:11:30,35.69,34.87,36.35
2024-03-07 22:12:00,33.27,33.52,37.23
2024-03-07 22:12:30,35.75,34.25,35.62
2024-03-07 22:13:00,36.93,33.7,36.62
2024-03-07 22:13:30,35.55,34.59,37.73
2024-03-07 22:14:00,34.79,36.44,37.42
2024-03-07 22:14:30,37.92,33.81,36.78
2024-03-07 22:15:00,35.46,33.26,35.37
2024-03-07 22:15:30,36.31,36.35,36.82
2024-03-07 22:16:00,35.13,33.44,36.39
2024-03-07 22:16:30,35.31,33.05,36.92
2024-03-07 22:17:00,34.57,31.53,36.08
2024-03-07 22:17:30,34.81,34.43,37.42
2024-03-07 22:18:00,37.37,34.81,35.08
2024-03-07 22:18:30,34.54,34.56,33.79
2024-03-07 22:19:00,35.63,32.93,37.82
2024-03-07 22:19:30,36.04,34.16,36.46
2024-03-07 22:20:00,35.31,32.86,37.86
2024-03-07 22:20:30,36.63,36.59,34.93
2024-03-07 22:21:00,35.52,32.65,37.56
2024-03-07 22:21:30,35.07,31.32,34.81
2024-03-07 22:22:00,35.87,33.91,37.88
2024-03-07 22:22:30,34.87,34.66,35.67
2024-03-07 22:23:00,34.32,34.29,36.3
2024-03-07 22:23:30,35.15,34.49,36.57
2024-03-07 22:24:00,33.69,32.76,36.33
2024-03-07 22:24:30,37.9,34.23,34.7
2024-03-07 22:25:00,,34.51,36.53
2024-03-07 22:25:30,34.62,33.76,35.71
2024-03-07 22:26:00,36.47,35.6,35.26
2024-03-07 22:26:30,34.34,34.33,36.79
2024-03-07 22:27:00,39.51,33.82,36.72
2024-03-07 22:27:30,36.06,34.76,35.52
2024-03-07 22:28:00,,34.07,35.92
2024-03-07 22:28:30,34.6,33.85,36.19
2024-03-07 22:29:00,36.02,,36.65
2024-03-07 22:29:30,36.53,32.93,34.88
2024-03-07 22:30:00,36.19,34.72,36.66
2024-03-07 22:30:30,35.84,34.79,36.44
2024-03-07 22:31:00,35.8,34.64,36.27
2024-03-07 22:31:30,33.18,35.15,37.29
2024-03-07 22:32:00,36.38,33.22,36.82
2024-03-07 22:32:30,35.17,34.4,37.68
2024-03-07 22:33:00,36.5,33.56,36.24
2024-03-07 22:33:30,36.29,34.66,35.74
2024-03-07 22:34:00,34.17,33.78,35.52
2024-03-07 22:34:30,35.87,35.51,37.05
2024-03-07 22:35:00,34.72,34.8,36.12
2024-03-07 22:35:30,34.4,35.64,34.65
2024-03-07 22:36:00,35.49,34.96,37.48
2024-03-07 22:36:30,35.16,35.88,35.5
2024-03-07 22:37:00,35.45,36.47,37.23
2024-03-07 22:37:30,36.06,34.34,35.24
2024-03-07 22:38:00,38.77,36.27,36.64
2024-03-07 22:38:30,34.95,36.3,37.86
2024-03-07 22:39:00,37.08,35.37,36.98
2024-03-07 22:39:30,38.97,34.32,36.32
2024-03-07 22:40:00,34.75,35.47,35.76
2024-03-07 22:40:30,36.46,35.56,39.04
2024-03-07 22:41:00,34.42,36.15,37.19
2024-03-07 22:41:30,36.02,34.4,36.37
2024-03-07 22:42:00,36.51,35.56,38.25
2024-03-07 22:42:30,37.1,34.27,37.08
2024-03-07 22:43:00,35.86,34.02,36.82
2024-03-07 22:43:30,35.67,36.18,34.98
2024-03-07 22:44:00,38.36,34.78,37.87
2024-03-07 22:44:30,36.33,35.84,36.32
2024-03-07 22:45:00,35.42,35.1,37.89
2024-03-07 22:45:30,37.76,34.51,35.24
2024-03-07 22:46:00,36.88,34.77,38.16
2024-03-07 22:46:30,35.88,36.46,40.45
2024-03-07 22:47:00,37.41,35.95,38.67
2024-03-07 22:47:30,35.34,,34.32
2024-03-07 22:48:00,36.86,36.22,37.85
2024-03-07 22:48:30,34.73,35.87,36.32
2024-03-07 22:49:00,33.05,35.67,34.45
2024-03-07 22:49:30,36.98,35.37,35.98
2024-03-07 22:50:00,37.9,35.5,37.8
2024-03-07 22:50:30,37.2,34.88,38.0
2024-03-07 22:51:00,35.88,35.29,38.45
2024-03-07 22:51:30,37.52,35.27,37.22
2024-03-07 22:52:00,38.01,33.33,38.26
2024-03-07 22:52:30,34.64,34.66,35.45
2024-03-07 22:53:00,36.51,36.21,41.32
2024-03-07 22:53:30,,35.65,35.51
2024-03-07 22:54:00,38.57,36.52,35.9
2024-03-07 22:54:30,35.93,34.32,38.6
2024-03-07 22:55:00,37.19,37.59,37.49
2024-03-07 22:55:30,37.05,34.93,37.35
2024-03-07 22:56:00,36.42,35.86,37.12
2024-03-07 22:56:30,36.88,35.82,36.67
2024-03-07 22:57:00,36.64,34.93,35.23
2024-03-07 22:57:30,36.06,34.38,
2024-03-07 22:58:00,36.94,34.56,35.1
2024-03-07 22:58:30,35.23,34.91,37.21
2024-03-07 22:59:00,38.69,37.62,37.9
2024-03-07 22:59:30,37.33,36.61,34.78
2024-03-07 23:00:00,37.53,35.83,36.56
2024-03-07 23:00:30,34.05,37.34,41.47
2024-03-07 23:01:00,36.74,35.63,35.17
2024-03-07 23:01:30,35.99,37.98,36.59
2024-03-07 23:02:00,37.26,33.2,36.1
2024-03-07 23:02:30,38.0,36.38,38.23
2024-03-07 23:03:00,38.03,35.11,36.43
2024-03-07 23:03:30,37.42,34.93,35.68
2024-03-07 23:04:00,36.3,36.06,38.76
2024-03-07 23:04:30,36.59,34.57,37.16
2024-03-07 23:05:00,39.09,36.14,37.69
2024-03-07 23:05:30,40.67,35.6,37.32
2024-03-07 23:06:00,36.93,35.45,38.12
2024-03-07 23:06:30,35.38,38.09,38.46
2024-03-07 23:07:00,36.84,36.53,38.44
2024-03-07 23:07:30,37.05,36.07,39.06
2024-03-07 23:08:00,37.11,35.56,37.59
2024-03-07 23:08:30,35.63,35.78,36.47
2024-03-07 23:09:00,35.6,35.68,38.31
2024-03-07 23:09:30,38.38,35.04,38.66
2024-03-07 23:10:00,37.77,37.38,38.0
2024-03-07 23:10:30,37.1,36.48,37.06
2024-03-07 23:11:00,38.02,36.19,40.83
2024-03-07 23:11:30,35.5,35.22,36.78
2024-03-07 23:12:00,38.18,35.48,37.69
2024-03-07 23:12:30,35.25,35.89,37.93
2024-03-07 23:13:00,36.67,37.63,38.9
2024-03-07 23:13:30,37.47,36.81,38.07
2024-03-07 23:14:00,37.28,36.94,39.27
2024-03-07 23:14:30,36.24,36.37,37.58
2024-03-07 23:15:00,37.28,37.37,36.33
2024-03-07 23:15:30,36.82,37.14,38.69
2024-03-07 23:16:00,35.46,36.04,38.4
2024-03-07 23:16:30,36.64,37.04,36.16
2024-03-07 23:17:00,38.18,37.31,35.99
2024-03-07 23:17:30,34.89,35.49,35.98
2024-03-07 23:18:00,38.05,36.22,38.97
2024-03-07 23:18:30,37.34,35.66,41.23
2024-03-07 23:19:00,37.51,34.4,38.65
2024-03-07 23:19:30,38.37,36.28,37.61
2024-03-07 23:20:00,37.9,38.05,
2024-03-07 23:20:30,35.8,35.92,36.43
2024-03-07 23:21:00,35.17,36.41,41.13
2024-03-07 23:21:30,38.81,36.43,36.63
2024-03-07 23:22:00,35.54,35.93,35.64
2024-03-07 23:22:30,36.4,34.27,38.97
2024-03-07 23:23:00,36.23,38.28,37.0
2024-03-07 23:23:30,38.24,36.6,40.89
2024-03-07 23:24:00,37.35,34.27,40.82
2024-03-07 23:24:30,38.15,35.85,39.39
2024-03-07 23:25:00,36.39,35.19,36.67
2024-03-07 23:25:30,39.94,37.24,39.31
2024-03-07 23:26:00,38.88,35.87,39.53
2024-03-07 23:26:30,38.99,36.34,39.03
2024-03-07 23:27:00,37.49,35.45,39.58
2024-03-07 23:27:30,37.21,36.75,37.56
2024-03-07 23:28:00,34.33,35.36,36.94
2024-03-07 23:28:30,36.37,36.98,37.8
2024-03-07 23:29:00,40.11,36.65,38.07
2024-03-07 23:29:30,38.18,37.34,38.63
2024-03-07 23:30:00,35.54,37.65,40.61
2024-03-07 23:30:30,40.16,36.32,36.52
2024-03-07 23:31:00,35.58,37.29,38.72
2024-03-07 23:31:30,37.65,35.26,39.21
2024-03-07 23:32:00,37.58,37.75,40.36
2024-03-07 23:32:30,35.85,37.31,38.72
2024-03-07 23:33:00,38.49,38.06,37.25
2024-03-07 23:33:30,37.89,37.79,40.18
2024-03-07 23:34:00,37.81,37.43,40.12
2024-03-07 23:34:30,38.93,36.89,
2024-03-07 23:35:00,38.32,35.47,39.93
2024-03-07 23:35:30,39.59,37.71,39.79
2024-03-07 23:36:00,36.16,37.02,37.83
2024-03-07 23:36:30,38.33,38.38,42.14
2024-03-07 23:37:00,37.19,36.79,36.07
2024-03-07 23:37:30,37.93,37.86,39.05
2024-03-07 23:38:00,38.61,36.74,37.61
2024-03-07 23:38:30,38.16,38.93,38.31
2024-03-07 23:39:00,37.72,37.17,38.07
2024-03-07 23:39:30,37.01,37.28,41.27
2024-03-07 23:40:00,37.18,36.71,40.06
2024-03-07 23:40:30,36.71,36.69,38.41
2024-03-07 23:41:00,37.96,38.08,38.12
2024-03-07 23:41:30,36.48,35.38,38.77
2024-03-07 23:42:00,38.86,37.3,38.11
2024-03-07 23:42:30,40.17,39.3,36.68
2024-03-07 23:43:00,38.5,36.85,37.05
2024-03-07 23:43:30,35.64,37.39,36.46
2024-03-07 23:44:00,38.68,37.32,40.36
2024-03-07 23:44:30,37.8,37.38,39.2
2024-03-07 23:45:00,39.45,36.82,41.16
2024-03-07 23:45:30,37.57,35.9,38.1
2024-03-07 23:46:00,39.26,37.52,38.49
2024-03-07 23:46:30,39.74,36.62,40.4
2024-03-07 23:47:00,39.66,37.06,37.41
2024-03-07 23:47:30,40.77,39.29,36.25
2024-03-07 23:48:00,39.33,36.22,39.96
2024-03-07 23:48:30,38.37,37.24,40.43
2024-03-07 23:49:00,37.11,37.38,38.75
2024-03-07 23:49:30,37.74,35.43,36.71
2024-03-07 23:50:00,39.23,36.59,40.28
2024-03-07 23:50:30,37.68,38.27,38.35
2024-03-07 23:51:00,39.76,37.97,39.97
2024-03-07 23:51:30,38.48,37.65,39.9
2024-03-07 23:52:00,40.45,35.77,43.9
2024-03-07 23:52:30,38.61,39.53,40.65
2024-03-07 23:53:00,37.25,37.8,40.03
2024-03-07 23:53:30,38.66,34.72,37.66
2024-03-07 23:54:00,40.44,36.21,40.11
2024-03-07 23:54:30,41.89,37.13,38.35
2024-03-07 23:55:00,41.18,37.46,39.97
2024-03-07 23:55:30,39.39,36.81,40.47
2024-03-07 23:56:00,37.59,37.27,38.21
2024-03-07 23:56:30,38.03,41.03,40.52
2024-03-07 23:57:00,40.06,38.1,
2024-03-07 23:57:30,39.54,37.51,39.32
2024-03-07 23:58:00,39.07,38.77,40.52
2024-03-07 23:58:30,37.79,37.49,41.93
2024-03-07 23:59:00,39.49,39.17,40.04
2024-03-07 23:59:30,36.65,38.55,38.07
